LOC,LOC_TOUCHED,AVC,ALA,ACSS,AGE,AOC,NFIX,FIX,WMC,DIT,CBO,RFC,LCOM,NF,ENTROPY,NSMELLS,NR,NAUTH,CHURN,MAX_CHURN,Bugginess
27,98,37.0,43.0,762.5,15,1,2,2,10,2,7,6,0,1516,0.5364,0,2,1,98,86,0
17,46,46.0,46.0,1516.0,15,15,1,1,4,2,1,0,2,1516,0.0,0,1,1,46,46,0
62,167,82.5,83.0,759.5,15,2,2,2,2,3,16,4,0,1516,0.0936,0,2,2,167,165,0
70,150,40.67,45.33,506.33,15,13,2,2,22,1,10,22,0,1516,0.7486,0,3,2,150,123,0
108,287,141.5,142.5,763.5,15,2,2,2,20,2,31,28,0,1516,0.6094,0,2,2,287,244,0
107,338,60.0,86.33,507.0,15,1,3,3,22,1,9,34,31,1516,1.3222,0,3,2,338,200,0
23,69,31.5,33.0,762.5,15,13,2,2,6,3,6,2,2,1516,0.597,0,2,2,69,59,0
228,461,461.0,461.0,1516.0,15,15,1,1,43,2,35,44,0,1516,0.0,0,1,1,461,461,0
2,28,28.0,28.0,1516.0,15,15,1,1,0,3,3,0,0,1516,0.0,0,1,1,28,28,0
58,135,135.0,135.0,1516.0,15,15,1,1,25,2,15,31,0,1516,0.0,0,1,1,135,135,0
302,637,143.25,151.25,385.0,15,6,3,3,97,3,31,66,1259,1516,0.7943,0,4,3,637,544,0
12,50,50.0,50.0,1516.0,15,15,1,1,3,3,7,0,1,1516,0.0,0,1,1,50,50,0
149,341,147.5,159.0,761.5,15,12,2,2,1,2,24,15,0,1516,0.6646,0,2,2,341,282,0
77,133,133.0,133.0,1516.0,15,15,1,1,22,2,2,2,170,1516,0.0,0,1,1,133,133,0
85,175,175.0,175.0,1516.0,15,15,1,1,24,3,2,0,170,1516,0.0,0,1,1,175,175,0
60,152,53.0,64.5,761.5,15,13,2,2,19,1,2,6,57,1516,0.8504,0,2,2,152,110,0
401,757,235.0,243.67,514.67,15,4,3,3,3,6,35,18,0,1516,0.3764,0,3,2,757,711,0
79,145,145.0,145.0,1516.0,15,15,1,1,27,2,10,17,47,1516,0.0,0,1,1,145,145,0
9,47,22.5,23.0,771.0,15,6,2,2,1,2,5,2,0,1516,0.2539,0,2,2,47,45,0
21,65,65.0,65.0,1516.0,15,15,1,1,7,2,8,2,6,1516,0.0,0,1,1,65,65,0
80,189,189.0,189.0,1516.0,15,15,1,1,19,2,13,13,105,1516,0.0,0,1,1,189,189,0
54,144,144.0,144.0,1516.0,15,15,1,1,9,2,15,15,0,1516,0.0,0,1,1,144,144,0
17,52,52.0,52.0,1516.0,15,15,1,1,4,2,4,0,2,1516,0.0,0,1,1,52,52,0
43,96,47.0,47.5,760.0,15,13,1,1,5,4,6,7,3,1516,0.1461,0,2,2,96,94,0
401,697,328.5,338.5,761.0,15,10,2,2,81,2,36,111,190,1516,0.3563,0,2,2,697,650,0
276,506,506.0,506.0,1516.0,15,15,1,1,3,5,24,14,0,1516,0.0,0,1,1,506,506,0
130,213,213.0,213.0,1516.0,15,15,1,1,37,4,6,17,344,1516,0.0,0,1,1,213,213,0
268,483,483.0,483.0,1516.0,15,15,1,1,3,6,25,14,0,1516,0.0,0,1,1,483,483,0
26,59,59.0,59.0,1516.0,15,15,1,1,7,1,1,0,15,1516,0.0,0,1,1,59,59,0
34,92,92.0,92.0,1516.0,15,15,1,1,12,1,10,9,0,1516,0.0,0,1,1,92,92,0
3,31,31.0,31.0,1516.0,15,15,1,1,0,3,3,0,0,1516,0.0,0,1,1,31,31,0
33,72,72.0,72.0,1516.0,15,15,1,1,13,1,1,2,2,1516,0.0,0,1,1,72,72,0
130,295,131.5,139.5,758.5,15,14,2,2,4,2,18,14,1,1516,0.4953,0,2,2,295,263,0
105,235,73.67,76.0,515.67,15,1,3,3,12,2,24,21,24,1516,0.361,0,3,2,235,221,0
25,99,99.0,99.0,1516.0,15,15,1,1,7,1,1,3,2,1516,0.0,0,1,1,99,99,0
111,211,211.0,211.0,1516.0,15,15,1,1,1,3,15,4,0,1516,0.0,0,1,1,211,211,0
128,271,125.5,130.5,758.5,15,13,1,1,36,2,2,6,402,1516,0.7627,0,2,2,271,211,0
52,114,114.0,114.0,1516.0,15,15,1,1,14,2,12,5,43,1516,0.0,0,1,1,114,114,0
117,273,83.0,87.0,511.67,15,1,3,3,1,2,21,12,0,1516,0.6706,0,3,3,273,234,0
126,232,232.0,232.0,1516.0,15,15,1,1,29,2,17,45,1,1516,0.0,0,1,1,232,232,0
68,119,119.0,119.0,1516.0,15,15,1,1,17,1,7,21,4,1516,0.0,0,1,1,119,119,0
89,194,194.0,194.0,1516.0,15,15,1,1,1,3,17,12,0,1516,0.0,0,1,1,194,194,0
37,100,100.0,100.0,1516.0,15,15,1,1,1,2,16,6,0,1516,0.0,0,1,1,100,100,0
10,40,40.0,40.0,1516.0,15,15,1,1,3,3,2,0,1,1516,0.0,0,1,1,40,40,0
10,40,40.0,40.0,1516.0,15,15,1,1,3,3,2,0,1,1516,0.0,0,1,1,40,40,0
95,229,111.5,113.0,767.5,15,13,1,1,15,2,20,33,0,1516,0.175,0,2,2,229,223,0
23,69,31.5,33.0,762.5,15,13,2,2,6,3,6,2,2,1516,0.597,0,2,2,69,59,0
228,436,135.33,140.33,512.33,15,4,2,2,72,1,29,71,26,1516,0.4184,0,3,2,436,404,0
135,292,137.0,141.5,761.5,15,12,2,2,1,2,24,15,0,1516,0.4776,0,2,2,292,262,0
8,31,31.0,31.0,1516.0,15,15,1,1,2,3,0,0,1,1516,0.0,0,1,1,31,31,0
3,32,32.0,32.0,1516.0,15,15,1,1,0,3,4,0,0,1516,0.0,0,1,1,32,32,0
17,51,51.0,51.0,1516.0,15,15,1,1,4,3,4,0,2,1516,0.0,0,1,1,51,51,0
55,111,111.0,111.0,1516.0,15,15,1,1,7,5,7,10,6,1516,0.0,0,1,1,111,111,0
110,256,100.0,114.0,760.0,15,14,2,2,26,2,14,33,89,1516,0.8464,0,2,1,256,186,0
62,135,135.0,135.0,1516.0,15,15,1,1,17,1,2,22,21,1516,0.0,0,1,1,135,135,0
59,131,131.0,131.0,1516.0,15,15,1,1,18,1,5,7,48,1516,0.0,0,1,1,131,131,0
62,209,83.5,94.0,771.0,15,6,2,2,21,2,10,16,78,1516,0.8094,0,2,2,209,157,1
101,253,117.5,122.0,759.5,15,2,2,2,5,3,22,26,1,1516,0.5693,0,2,2,253,219,0
37,98,47.0,48.0,760.0,15,1,2,2,1,1,0,0,0,1516,0.1437,0,2,1,98,96,0
27,78,36.0,37.5,762.5,15,13,2,2,7,4,9,2,6,1516,0.5159,0,2,2,78,69,0
52,144,144.0,144.0,1516.0,15,15,1,1,9,2,15,15,0,1516,0.0,0,1,1,144,144,0
20,85,24.5,33.5,761.5,15,13,2,2,7,1,3,7,3,1516,0.9465,0,2,2,85,54,0
49,96,96.0,96.0,1516.0,15,15,1,1,15,2,5,15,8,1516,0.0,0,1,1,96,96,0
66,144,36.0,36.0,384.0,15,1,4,4,18,3,12,6,100,1516,0.7686,0,4,2,144,122,0
89,153,153.0,153.0,1516.0,15,15,1,1,27,2,4,3,260,1516,0.0,0,1,1,153,153,0
99,213,213.0,213.0,1516.0,15,15,1,1,33,1,11,30,0,1516,0.0,0,1,1,213,213,0
138,235,235.0,235.0,1516.0,15,15,1,1,37,2,5,2,586,1516,0.0,0,1,1,235,235,0
10,40,40.0,40.0,1516.0,15,15,1,1,3,3,2,0,1,1516,0.0,0,1,1,40,40,0
30,244,244.0,244.0,1516.0,15,15,1,1,1,1,0,0,0,1516,0.0,0,1,1,244,244,0
56,119,119.0,119.0,1516.0,15,15,1,1,4,4,14,7,1,1516,0.0,0,1,1,119,119,0
63,107,53.5,53.5,761.5,15,9,2,2,17,2,2,1,91,1516,0.4479,0,2,2,107,97,0
53,114,114.0,114.0,1516.0,15,15,1,1,4,4,14,7,1,1516,0.0,0,1,1,114,114,0
3,31,31.0,31.0,1516.0,15,15,1,1,0,3,3,0,0,1516,0.0,0,1,1,31,31,0
46,112,112.0,112.0,1516.0,15,15,1,1,2,5,14,9,0,1516,0.0,0,1,1,112,112,0
124,205,205.0,205.0,1516.0,15,15,1,1,36,1,12,16,192,1516,0.0,0,1,1,205,205,0
89,195,195.0,195.0,1516.0,15,15,1,1,1,3,16,9,0,1516,0.0,0,1,1,195,195,0
226,446,140.67,144.67,507.67,15,3,2,2,52,2,25,72,45,1516,0.437,0,3,3,446,411,0
10,33,33.0,33.0,1516.0,15,15,1,1,2,3,0,0,0,1516,0.0,0,1,1,33,33,0
3,31,31.0,31.0,1516.0,15,15,1,1,0,1,2,1,0,1516,0.0,0,1,1,31,31,0
82,253,64.33,74.33,517.0,15,6,3,3,23,2,12,10,120,1516,1.0828,0,3,2,253,178,0
98,169,84.5,84.5,764.0,15,1,2,2,33,2,3,5,244,1516,0.6477,0,2,2,169,141,0
108,264,264.0,264.0,1516.0,15,15,1,1,22,2,23,18,0,1516,0.0,0,1,1,264,264,0
25,75,75.0,75.0,1516.0,15,15,1,1,6,2,10,2,11,1516,0.0,0,1,1,75,75,0
57,132,132.0,132.0,1516.0,15,15,1,1,16,2,15,4,72,1516,0.0,0,1,1,132,132,0
34,110,110.0,110.0,1516.0,15,15,1,1,12,1,10,11,46,1516,0.0,0,1,1,110,110,0
258,629,141.25,149.25,386.25,15,3,3,3,76,1,28,67,0,1516,0.6133,0,4,3,629,566,0
34,79,79.0,79.0,1516.0,15,15,1,1,6,4,9,11,10,1516,0.0,0,1,1,79,79,0
83,176,176.0,176.0,1516.0,15,15,1,1,1,2,14,4,0,1516,0.0,0,1,1,176,176,0
36,65,65.0,65.0,1516.0,15,15,1,1,10,1,2,1,0,1516,0.0,0,1,1,65,65,0
11,69,69.0,69.0,1516.0,15,15,1,1,4,1,0,1,0,1516,0.0,0,1,1,69,69,0
128,378,153.0,171.0,771.0,15,6,2,2,30,2,7,12,153,1516,0.7344,0,2,2,378,300,0
122,282,282.0,282.0,1516.0,15,15,1,1,30,1,2,12,0,1516,0.0,0,1,1,282,282,1
70,214,58.0,64.67,515.67,15,1,3,3,16,2,32,19,15,1516,0.7978,0,3,2,214,175,0
288,401,401.0,401.0,1516.0,15,15,1,1,76,1,28,1,0,1516,0.0,0,1,1,401,401,0
38,79,79.0,79.0,1516.0,15,15,1,1,8,2,12,12,1,1516,0.0,0,1,1,79,79,0
41,107,107.0,107.0,1516.0,15,15,1,1,4,2,10,12,0,1516,0.0,0,1,1,107,107,0
79,178,178.0,178.0,1516.0,15,15,1,1,20,1,3,25,5,1516,0.0,0,1,1,178,178,0
298,548,262.0,268.0,760.0,15,13,1,1,62,2,30,83,114,1516,0.1903,0,2,2,548,532,0
37,111,111.0,111.0,1516.0,15,15,1,1,14,2,2,3,8,1516,0.0,0,1,1,111,111,0
32,104,104.0,104.0,1516.0,15,15,1,1,10,2,6,8,28,1516,0.0,0,1,1,104,104,0
3,29,29.0,29.0,1516.0,15,15,1,1,0,3,2,0,0,1516,0.0,0,1,1,29,29,0
2,28,28.0,28.0,1516.0,15,15,1,1,0,3,3,0,0,1516,0.0,0,1,1,28,28,0
32,72,72.0,72.0,1516.0,15,15,1,1,9,2,5,2,32,1516,0.0,0,1,1,72,72,0
94,168,84.0,84.0,760.0,15,13,1,1,6,3,7,5,2,1516,0.1292,0,2,2,168,165,0
76,134,67.0,67.0,762.5,15,15,2,2,22,2,2,1,186,1516,0.383,0,2,2,134,124,0
65,154,76.0,76.5,762.5,15,13,2,2,19,4,13,6,137,1516,0.1,0,2,2,154,152,0
243,318,318.0,318.0,6.0,3,3,1,1,67,2,15,57,0,6,0.0,0,1,1,318,318,0
29,83,83.0,83.0,1516.0,15,15,1,1,8,2,16,7,0,1516,0.0,0,1,1,83,83,0
23,57,57.0,57.0,1516.0,15,15,1,1,8,2,1,0,3,1516,0.0,0,1,1,57,57,0
42,85,85.0,85.0,1516.0,15,15,1,1,14,2,1,1,35,1516,0.0,0,1,1,85,85,0
30,72,72.0,72.0,1516.0,15,15,1,1,7,2,10,14,1,1516,0.0,0,1,1,72,72,1
3,32,32.0,32.0,1516.0,15,15,1,1,0,3,4,0,0,1516,0.0,0,1,1,32,32,0
23,72,32.0,34.0,762.5,15,9,2,2,7,2,7,11,1,1516,0.6167,0,2,2,72,61,0
32,90,90.0,90.0,1516.0,15,15,1,1,7,4,15,10,4,1516,0.0,0,1,1,90,90,0
27,79,34.5,37.0,760.0,15,13,1,1,2,4,7,5,0,1516,0.6146,0,2,2,79,67,0
33,77,23.67,24.67,514.67,15,13,2,2,8,2,8,10,1,1516,0.4664,0,3,3,77,71,0
14,53,53.0,53.0,1516.0,15,15,1,1,12,1,5,0,66,1516,0.0,0,1,1,53,53,0
137,312,90.67,97.33,518.33,15,6,3,3,8,3,28,27,0,1516,0.683,0,3,2,312,271,0
38,84,84.0,84.0,1516.0,15,15,1,1,13,2,4,0,17,1516,0.0,0,1,1,84,84,0
361,995,94.78,102.67,173.78,15,3,7,7,96,1,41,130,139,1516,1.1321,0,9,3,995,818,1
44,78,78.0,78.0,1516.0,15,15,1,1,10,2,4,19,0,1516,0.0,0,1,1,78,78,0
81,184,184.0,184.0,1516.0,15,15,1,1,34,1,14,30,10,1516,0.0,0,1,1,184,184,0
103,177,177.0,177.0,1516.0,15,15,1,1,32,4,3,11,287,1516,0.0,0,1,1,177,177,0
51,115,115.0,115.0,1516.0,15,15,1,1,14,2,2,0,77,1516,0.0,0,1,1,115,115,0
8,42,42.0,42.0,1516.0,15,15,1,1,2,2,5,1,1,1516,0.0,0,1,1,42,42,0
437,856,856.0,856.0,1516.0,15,15,1,1,5,6,27,16,4,1516,0.0,0,1,1,856,856,0
43,93,93.0,93.0,1516.0,15,15,1,1,11,2,7,12,0,1516,0.0,0,1,1,93,93,0
105,214,63.33,67.33,511.33,15,1,3,3,23,2,14,26,78,1516,0.9619,0,3,2,214,164,0
164,334,334.0,334.0,1516.0,15,15,1,1,9,3,26,14,1,1516,0.0,0,1,1,334,334,0
258,627,105.4,115.4,305.6,15,2,3,3,36,2,25,34,15,1516,0.7407,0,5,3,627,553,0
42,155,47.0,49.33,509.33,15,0,3,3,7,1,10,19,4,1516,0.4676,0,3,1,155,142,1
41,96,96.0,96.0,1516.0,15,15,1,1,1,3,7,8,0,1516,0.0,0,1,1,96,96,0
68,140,140.0,140.0,1516.0,15,15,1,1,10,2,13,10,0,1516,0.0,0,1,1,140,140,0
191,357,357.0,357.0,1516.0,15,15,1,1,19,2,23,31,6,1516,0.0,0,1,1,357,357,0
28,78,78.0,78.0,1516.0,15,15,1,1,8,1,9,12,0,1516,0.0,0,1,1,78,78,0
17,49,49.0,49.0,1516.0,15,15,1,1,5,3,2,0,4,1516,0.0,0,1,1,49,49,0
52,143,69.5,70.5,762.5,15,13,2,2,14,3,12,2,77,1516,0.1841,0,2,2,143,139,0
84,141,69.5,70.0,4.0,13,13,1,1,5,4,5,3,0,5,0.0608,0,2,2,141,140,0
66,173,78.5,82.5,759.5,15,13,2,2,20,3,14,8,40,1516,0.5655,0,2,2,173,150,0
93,187,187.0,187.0,1516.0,15,15,1,1,2,2,12,9,1,1516,0.0,0,1,1,187,187,0
52,101,50.5,50.5,764.0,15,1,2,2,17,2,2,3,50,1516,0.865,0,2,2,101,72,0
27,78,36.0,37.5,762.5,15,13,2,2,7,4,9,2,6,1516,0.5159,0,2,2,78,69,0
145,345,45.83,51.67,258.83,15,1,6,6,43,1,26,67,19,1516,1.5927,0,6,4,345,236,1
69,155,69.5,73.5,759.5,15,13,2,2,20,3,14,9,40,1516,0.6058,0,2,2,155,132,0
24,74,74.0,74.0,1516.0,15,15,1,1,8,3,9,4,11,1516,0.0,0,1,1,74,74,0
83,164,164.0,164.0,1516.0,15,15,1,1,31,2,11,19,90,1516,0.0,0,1,1,164,164,0
122,202,202.0,202.0,1516.0,15,15,1,1,32,2,7,32,25,1516,0.0,0,1,1,202,202,0
70,138,138.0,138.0,1516.0,15,15,1,1,16,4,16,22,8,1516,0.0,0,1,1,138,138,0
14,69,30.5,32.5,762.5,15,4,1,1,2,1,9,4,1,1516,0.5176,0,2,1,69,61,0
24,64,64.0,64.0,1516.0,15,15,1,1,4,4,6,7,1,1516,0.0,0,1,1,64,64,0
86,185,55.0,58.33,512.33,15,1,3,3,21,1,14,37,11,1516,0.7438,0,3,2,185,157,0
9,32,32.0,32.0,1516.0,15,15,1,1,2,3,0,0,1,1516,0.0,0,1,1,32,32,0
4,44,17.0,19.5,771.0,15,6,2,2,0,1,3,1,0,1516,0.5108,0,2,2,44,39,0
4,36,36.0,36.0,1516.0,15,15,1,1,1,1,5,1,0,1516,0.0,0,1,1,36,36,0
174,345,100.33,107.67,509.0,15,13,3,3,14,4,26,29,6,1516,1.0086,0,3,3,345,239,0
168,341,103.67,108.67,507.33,15,1,3,3,7,3,16,8,0,1516,0.594,0,3,1,341,304,0
45,102,102.0,102.0,1516.0,15,15,1,1,8,1,6,22,0,1516,0.0,0,1,1,102,102,0
52,101,101.0,101.0,1516.0,15,15,1,1,9,1,7,17,0,1516,0.0,0,1,1,101,101,0
31,125,125.0,125.0,1516.0,15,15,1,1,8,2,3,0,20,1516,0.0,0,1,1,125,125,0
29,78,36.0,37.5,762.5,15,13,2,2,8,3,6,2,6,1516,0.5159,0,2,2,78,69,0
93,227,103.5,108.5,762.5,15,4,1,1,11,1,17,46,0,1516,0.4301,0,2,1,227,207,0
4,38,16.0,17.5,761.5,15,13,2,2,0,1,0,0,0,1516,0.8315,0,2,2,38,28,0
62,131,131.0,131.0,1516.0,15,15,1,1,17,1,17,36,1,1516,0.0,0,1,1,131,131,0
111,257,38.83,40.83,258.83,15,1,5,5,28,1,15,53,0,1516,0.6105,0,6,2,257,234,1
10,51,51.0,51.0,1516.0,15,15,1,1,2,3,0,0,0,1516,0.0,0,1,1,51,51,0
12,45,45.0,45.0,1516.0,15,15,1,1,1,4,4,3,0,1516,0.0,0,1,1,45,45,0
9,37,37.0,37.0,1516.0,15,15,1,1,2,1,0,0,0,1516,0.0,0,1,1,37,37,0
54,115,54.5,56.0,759.0,15,13,1,1,12,2,12,24,0,1516,0.2956,0,2,2,115,109,0
87,151,151.0,151.0,1516.0,15,15,1,1,26,1,7,12,120,1516,0.0,0,1,1,151,151,0
24,58,58.0,58.0,1516.0,15,15,1,1,7,2,4,2,19,1516,0.0,0,1,1,58,58,0
14,57,26.5,27.5,760.0,15,14,2,2,12,1,5,0,66,1516,0.4288,0,2,1,57,52,0
62,157,157.0,157.0,1516.0,15,15,1,1,16,2,14,3,94,1516,0.0,0,1,1,157,157,0
24,75,75.0,75.0,1516.0,15,15,1,1,12,2,6,11,1,1516,0.0,0,1,1,75,75,0
3,32,32.0,32.0,1516.0,15,15,1,1,1,1,1,0,0,1516,0.0,0,1,1,32,32,0
126,216,216.0,216.0,1516.0,15,15,1,1,58,2,7,40,66,1516,0.0,0,1,1,216,216,0
115,215,215.0,215.0,1516.0,15,15,1,1,30,2,12,17,205,1516,0.0,0,1,1,215,215,0
28,77,77.0,77.0,1516.0,15,15,1,1,5,1,8,8,0,1516,0.0,0,1,1,77,77,0
112,214,103.0,105.0,758.5,15,13,2,2,27,4,24,19,3,1516,0.3835,0,2,2,214,198,0
82,143,143.0,143.0,1516.0,15,15,1,1,32,3,3,6,153,1516,0.0,0,1,1,143,143,1
3,26,26.0,26.0,1516.0,15,15,1,1,1,1,1,0,0,1516,0.0,0,1,1,26,26,0
57,116,37.33,38.0,514.67,15,6,2,2,15,2,6,10,54,1516,0.7683,0,3,3,116,96,0
11,49,49.0,49.0,1516.0,15,15,1,1,2,1,0,0,0,1516,0.0,0,1,1,49,49,0
134,267,129.5,131.5,762.5,15,9,2,2,11,3,27,34,1,1516,0.7551,0,2,2,267,209,0
116,258,258.0,258.0,1516.0,15,15,1,1,18,1,23,48,0,1516,0.0,0,1,1,258,258,0
88,221,90.5,100.5,761.5,15,9,2,2,22,1,12,42,1,1516,0.6723,0,2,2,221,182,0
52,98,98.0,98.0,1516.0,15,15,1,1,14,3,3,0,77,1516,0.0,0,1,1,98,98,0
3,31,31.0,31.0,1516.0,15,15,1,1,0,3,3,0,0,1516,0.0,0,1,1,31,31,0
126,258,56.0,60.25,387.0,15,4,1,1,30,1,24,50,77,1516,0.6723,0,4,2,258,224,0
17,46,46.0,46.0,1516.0,15,15,1,1,4,2,1,0,2,1516,0.0,0,1,1,46,46,0
54,221,51.67,62.67,512.0,15,2,2,2,12,1,14,29,26,1516,0.8709,0,3,2,221,170,0
13,40,40.0,40.0,1516.0,15,15,1,1,3,3,0,1,1,1516,0.0,0,1,1,40,40,0
183,353,353.0,353.0,1516.0,15,15,1,1,52,3,2,0,1080,1516,0.0,0,1,1,353,353,0
66,152,68.0,72.0,759.5,15,13,2,2,20,3,14,8,40,1516,0.6131,0,2,2,152,129,0
24,94,35.0,41.0,758.5,15,13,2,2,1,3,10,2,0,1516,0.9035,0,2,2,94,64,0
98,220,99.0,104.5,762.5,15,9,2,2,31,2,17,9,230,1516,0.3238,0,2,2,220,207,0
35,85,85.0,85.0,1516.0,15,15,1,1,14,2,2,0,12,1516,0.0,0,1,1,85,85,0
25,63,63.0,63.0,1516.0,15,15,1,1,4,1,4,6,0,1516,0.0,0,1,1,63,63,0
31,110,110.0,110.0,1516.0,15,15,1,1,2,2,17,5,0,1516,0.0,0,1,1,110,110,0
27,76,38.0,38.0,762.5,15,13,2,2,7,4,9,2,6,1516,0.4435,0,2,2,76,69,0
16,51,51.0,51.0,1516.0,15,15,1,1,2,4,5,4,0,1516,0.0,0,1,1,51,51,0
109,247,247.0,247.0,1516.0,15,15,1,1,27,2,20,24,0,1516,0.0,0,1,1,247,247,0
49,116,116.0,116.0,1516.0,15,15,1,1,2,3,15,6,0,1516,0.0,0,1,1,116,116,0
74,170,170.0,170.0,1516.0,15,15,1,1,19,2,19,26,28,1516,0.0,0,1,1,170,170,0
26,75,34.5,36.0,762.5,15,13,2,2,7,3,6,2,6,1516,0.5294,0,2,2,75,66,0
89,183,183.0,183.0,1516.0,15,15,1,1,20,2,12,18,4,1516,0.0,0,1,1,183,183,0
241,479,221.5,230.5,761.5,15,9,2,2,16,3,31,37,2,1516,0.4357,0,2,2,479,436,0
19,215,215.0,215.0,1516.0,15,15,1,1,17,1,6,0,136,1516,0.0,0,1,1,215,215,0
158,254,254.0,254.0,1516.0,15,15,1,1,25,2,10,6,13,1516,0.0,0,1,1,254,254,0
81,191,55.0,59.33,514.67,15,4,3,3,17,2,21,33,16,1516,0.9649,0,3,2,191,150,0
90,174,174.0,174.0,1516.0,15,15,1,1,4,2,12,13,1,1516,0.0,0,1,1,174,174,0
126,227,95.5,104.5,771.0,15,6,2,2,32,2,10,11,10,1516,0.7272,0,2,2,227,181,1
232,504,149.33,158.67,512.33,15,3,2,2,41,2,32,58,0,1516,0.6252,0,3,2,504,434,0
44,90,43.0,44.0,767.5,15,13,1,1,10,2,8,12,1,1516,0.2623,0,2,2,90,86,0
52,146,72.0,72.5,759.0,15,13,1,1,9,2,15,16,0,1516,0.1044,0,2,2,146,144,0
105,235,235.0,235.0,1516.0,15,15,1,1,5,4,23,14,0,1516,0.0,0,1,1,235,235,1
17,49,49.0,49.0,1516.0,15,15,1,1,5,3,2,0,4,1516,0.0,0,1,1,49,49,0
228,425,199.5,206.0,764.0,15,10,2,2,53,1,15,118,55,1516,0.5558,0,2,2,425,370,0
82,179,179.0,179.0,1516.0,15,15,1,1,19,2,19,25,4,1516,0.0,0,1,1,179,179,0
132,244,121.0,121.5,762.5,15,15,2,2,34,2,15,21,213,1516,0.3002,0,2,2,244,231,0
15,56,56.0,56.0,1516.0,15,15,1,1,13,1,4,0,78,1516,0.0,0,1,1,56,56,0
83,207,91.5,97.5,762.0,15,3,2,2,25,2,12,14,140,1516,0.4424,0,2,1,207,188,0
12,45,45.0,45.0,1516.0,15,15,1,1,3,1,0,3,3,1516,0.0,0,1,1,45,45,0
91,236,69.33,74.0,510.67,15,12,3,3,3,5,13,6,3,1516,1.0234,0,3,2,236,179,0
71,149,73.5,74.0,759.0,15,13,1,1,18,1,12,25,0,1516,0.1027,0,2,2,149,147,0
41,95,95.0,95.0,1516.0,15,15,1,1,9,2,7,7,0,1516,0.0,0,1,1,95,95,0
44,100,100.0,100.0,1516.0,15,15,1,1,6,2,8,22,1,1516,0.0,0,1,1,100,100,0
196,523,111.25,121.0,388.25,15,2,3,3,35,2,33,64,0,1516,0.8738,0,4,3,523,438,0
38,302,29.33,65.0,507.67,15,13,3,3,5,5,7,12,3,1516,1.0631,0,3,3,302,190,0
119,214,214.0,214.0,1516.0,15,15,1,1,22,3,9,22,20,1516,0.0,0,1,1,214,214,0
27,108,48.0,51.0,758.5,15,13,2,2,1,3,13,4,0,1516,0.3095,0,2,1,108,102,0
31,93,93.0,93.0,1516.0,15,15,1,1,12,2,5,1,20,1516,0.0,0,1,1,93,93,0
47,107,107.0,107.0,1516.0,15,15,1,1,4,2,15,10,0,1516,0.0,0,1,1,107,107,0
44,104,49.0,50.5,758.5,15,4,2,2,14,2,8,16,0,1516,0.3182,0,2,1,104,98,0
71,224,52.0,63.33,510.33,15,6,3,3,14,1,14,24,10,1516,1.0247,0,3,2,224,157,0
116,443,71.67,109.67,507.67,15,13,3,3,12,6,10,14,4,1516,0.9032,0,3,3,443,322,0
24,69,69.0,69.0,1516.0,15,15,1,1,6,2,7,0,9,1516,0.0,0,1,1,69,69,0
35,74,74.0,74.0,1516.0,15,15,1,1,12,3,1,1,20,1516,0.0,0,1,1,74,74,0
268,495,247.5,247.5,764.0,15,1,2,2,4,5,31,17,1,1516,0.0379,0,2,2,495,493,0
59,104,104.0,104.0,1516.0,15,15,1,1,16,4,2,0,104,1516,0.0,0,1,1,104,104,0
16,44,44.0,44.0,1516.0,15,15,1,1,4,2,1,0,2,1516,0.0,0,1,1,44,44,0
66,112,112.0,112.0,1516.0,15,15,1,1,14,1,4,13,0,1516,0.0,0,1,1,112,112,0
49,121,121.0,121.0,1516.0,15,15,1,1,5,3,16,7,0,1516,0.0,0,1,1,121,121,0
87,151,151.0,151.0,1516.0,15,15,1,1,25,2,4,12,139,1516,0.0,0,1,1,151,151,0
47,92,92.0,92.0,1516.0,15,15,1,1,11,2,3,21,0,1516,0.0,0,1,1,92,92,0
58,178,86.0,87.5,758.5,15,13,1,1,17,1,5,15,0,1516,0.507,0,2,2,178,158,0
132,242,32.0,36.17,258.17,15,13,2,2,21,1,7,26,0,1516,1.4314,0,6,3,242,176,0
116,331,39.29,43.29,221.14,15,1,7,7,25,1,30,63,11,1516,1.1448,0,7,3,331,270,1
51,98,48.0,48.5,767.5,15,13,1,1,16,1,4,19,15,1516,0.3712,0,2,2,98,91,0
3,31,31.0,31.0,1516.0,15,15,1,1,0,3,3,0,0,1516,0.0,0,1,1,31,31,0
392,649,304.5,314.5,758.5,15,6,2,2,33,3,28,63,22,1516,0.3861,0,2,2,649,600,0
125,210,210.0,210.0,1516.0,15,15,1,1,48,2,7,8,60,1516,0.0,0,1,1,210,210,0
13,46,46.0,46.0,1516.0,15,15,1,1,2,3,4,2,0,1516,0.0,0,1,1,46,46,0
358,555,183.0,184.0,512.33,15,7,2,2,88,2,21,74,118,1516,0.1477,0,3,3,555,545,0
66,149,149.0,149.0,1516.0,15,15,1,1,3,2,13,4,0,1516,0.0,0,1,1,149,149,0
16,62,62.0,62.0,1516.0,15,15,1,1,4,4,9,6,1,1516,0.0,0,1,1,62,62,0
50,113,113.0,113.0,1516.0,15,15,1,1,13,1,3,1,66,1516,0.0,0,1,1,113,113,0
42,93,93.0,93.0,1516.0,15,15,1,1,10,2,8,18,0,1516,0.0,0,1,1,93,93,0
30,66,66.0,66.0,1516.0,15,15,1,1,8,2,3,2,15,1516,0.0,0,1,1,66,66,0
141,324,89.33,98.67,510.0,15,13,3,3,27,2,24,38,8,1516,0.946,0,3,2,324,221,0
89,219,47.67,60.33,506.0,15,13,2,2,31,1,13,10,1,1516,1.3201,0,3,2,219,138,1
106,214,214.0,214.0,1516.0,15,15,1,1,21,2,21,31,39,1516,0.0,0,1,1,214,214,0
45,90,90.0,90.0,1516.0,15,15,1,1,11,2,10,21,1,1516,0.0,0,1,1,90,90,0
272,653,138.75,151.0,382.25,15,1,4,4,22,2,35,39,3,1516,0.9494,0,4,2,653,537,1
116,253,118.5,122.5,761.5,15,12,2,2,1,2,20,12,0,1516,0.5137,0,2,2,253,224,0
303,805,235.0,251.67,507.67,15,8,2,2,46,1,34,76,0,1516,0.9242,0,3,2,805,643,0
8,30,30.0,30.0,1516.0,15,15,1,1,2,3,0,0,1,1516,0.0,0,1,1,30,30,0
17,49,49.0,49.0,1516.0,15,15,1,1,5,3,2,0,4,1516,0.0,0,1,1,49,49,0
47,91,91.0,91.0,1516.0,15,15,1,1,13,2,2,2,50,1516,0.0,0,1,1,91,91,0
32,75,75.0,75.0,1516.0,15,15,1,1,7,2,7,12,1,1516,0.0,0,1,1,75,75,0
17,47,47.0,47.0,1516.0,15,15,1,1,4,2,2,0,2,1516,0.0,0,1,1,47,47,0
416,799,377.5,388.5,761.5,15,3,2,2,142,1,37,110,35,1516,0.3076,0,2,2,799,755,0
89,185,185.0,185.0,1516.0,15,15,1,1,1,2,12,3,0,1516,0.0,0,1,1,185,185,0
211,464,210.0,221.0,759.5,15,13,2,2,73,3,35,47,660,1516,0.4798,0,2,2,464,416,0
52,102,102.0,102.0,1516.0,15,15,1,1,16,3,2,1,75,1516,0.0,0,1,1,102,102,0
23,68,31.0,32.5,762.5,15,13,2,2,6,3,6,2,2,1516,0.5639,0,2,2,68,59,0
145,337,101.67,107.0,511.33,15,2,3,3,11,3,19,21,0,1516,0.4911,0,3,2,337,309,0
8,35,35.0,35.0,1516.0,15,15,1,1,2,1,0,0,0,1516,0.0,0,1,1,35,35,0
94,168,168.0,168.0,1516.0,15,15,1,1,42,2,10,25,300,1516,0.0,0,1,1,168,168,0
58,105,105.0,105.0,1516.0,15,15,1,1,16,3,2,4,75,1516,0.0,0,1,1,105,105,1
11,41,41.0,41.0,1516.0,15,15,1,1,0,1,0,0,0,1516,0.0,0,1,1,41,41,0
38,87,87.0,87.0,1516.0,15,15,1,1,5,4,6,4,3,1516,0.0,0,1,1,87,87,0
21,53,53.0,53.0,1516.0,15,15,1,1,5,2,2,0,6,1516,0.0,0,1,1,53,53,0
17,55,55.0,55.0,1516.0,15,15,1,1,4,2,6,0,2,1516,0.0,0,1,1,55,55,0
41,110,110.0,110.0,1516.0,15,15,1,1,15,1,15,7,0,1516,0.0,0,1,1,110,110,0
89,151,151.0,151.0,1516.0,15,15,1,1,26,2,6,16,140,1516,0.0,0,1,1,151,151,0
183,385,188.5,190.5,763.5,15,2,2,2,46,1,20,78,47,1516,0.684,0,2,2,385,315,0
88,232,108.0,112.0,762.5,15,15,2,2,16,3,25,8,8,1516,0.3621,0,2,2,232,216,0
352,568,182.67,186.0,507.0,15,4,3,3,83,1,23,36,66,1516,0.2672,0,3,2,568,545,0
31,75,75.0,75.0,1516.0,15,15,1,1,5,1,1,10,8,1516,0.0,0,1,1,75,75,0
40,123,55.5,58.5,759.0,15,13,1,1,21,2,15,15,1,1516,0.3471,0,2,2,123,115,0
26,76,35.0,36.5,762.5,15,13,2,2,7,3,6,2,6,1516,0.5618,0,2,2,76,66,0
450,875,158.6,166.8,309.0,15,0,2,2,102,2,47,121,23,1516,0.6225,0,5,3,875,786,1
171,360,178.0,179.0,762.0,15,3,2,2,49,2,26,14,676,1516,0.0881,0,2,1,360,356,0
48,123,123.0,123.0,1516.0,15,15,1,1,19,1,16,24,0,1516,0.0,0,1,1,123,123,0
17,46,46.0,46.0,1516.0,15,15,1,1,4,2,3,3,0,1516,0.0,0,1,1,46,46,0
95,237,50.25,54.75,390.0,15,2,4,4,21,2,8,24,55,1516,1.1205,0,4,2,237,180,0
33,77,77.0,77.0,1516.0,15,15,1,1,4,3,6,7,1,1516,0.0,0,1,1,77,77,0
19,59,59.0,59.0,1516.0,15,15,1,1,2,5,10,8,0,1516,0.0,0,1,1,59,59,0
385,699,107.8,123.8,309.6,15,13,2,2,92,2,12,87,0,1516,1.142,0,5,3,699,382,0
9,34,34.0,34.0,1516.0,15,15,1,1,2,2,1,0,0,1516,0.0,0,1,1,34,34,0
197,348,348.0,348.0,1516.0,15,15,1,1,15,3,25,16,1,1516,0.0,0,1,1,348,348,0
350,594,191.33,194.67,514.33,15,2,3,3,6,6,31,20,4,1516,0.2191,0,3,2,594,576,0
184,310,310.0,310.0,1516.0,15,15,1,1,44,2,18,57,11,1516,0.0,0,1,1,310,310,0
25,62,62.0,62.0,1516.0,15,15,1,1,6,3,3,0,2,1516,0.0,0,1,1,62,62,0
58,119,119.0,119.0,1516.0,15,15,1,1,2,4,12,7,0,1516,0.0,0,1,1,119,119,0
49,112,112.0,112.0,1516.0,15,15,1,1,12,3,4,0,40,1516,0.0,0,1,1,112,112,0
54,114,114.0,114.0,1516.0,15,15,1,1,1,3,12,1,0,1516,0.0,0,1,1,114,114,0
27,0,0.0,0.0,0.0,19,4,2,0,10,2,7,6,0,0,0.0,0,2,1,98,86,0
17,0,0.0,0.0,0.0,19,19,1,0,4,2,1,0,2,0,0.0,0,1,1,46,46,0
62,0,0.0,0.0,0.0,19,5,2,0,2,3,16,4,0,0,0.0,0,2,2,167,165,0
70,0,0.0,0.0,0.0,19,16,2,0,22,1,10,22,0,0,0.0,0,3,2,150,123,0
108,0,0.0,0.0,0.0,19,6,2,0,20,2,31,28,0,0,0.0,0,2,2,287,244,0
107,0,0.0,0.0,0.0,19,4,3,0,22,1,9,34,31,0,0.0,0,3,2,338,200,0
23,0,0.0,0.0,0.0,19,17,2,0,6,3,6,2,2,0,0.0,0,2,2,69,59,0
228,0,0.0,0.0,0.0,19,19,1,0,43,2,35,44,0,0,0.0,0,1,1,461,461,0
2,0,0.0,0.0,0.0,19,19,1,0,0,3,3,0,0,0,0.0,0,1,1,28,28,0
58,0,0.0,0.0,0.0,19,19,1,0,25,2,15,31,0,0,0.0,0,1,1,135,135,0
302,0,0.0,0.0,0.0,19,10,3,0,97,3,31,66,1259,0,0.0,0,4,3,637,544,0
12,0,0.0,0.0,0.0,19,19,1,0,3,3,7,0,1,0,0.0,0,1,1,50,50,0
149,0,0.0,0.0,0.0,19,16,2,0,1,2,24,15,0,0,0.0,0,2,2,341,282,0
77,0,0.0,0.0,0.0,19,19,1,0,22,2,2,2,170,0,0.0,0,1,1,133,133,0
85,0,0.0,0.0,0.0,19,19,1,0,24,3,2,0,170,0,0.0,0,1,1,175,175,0
60,0,0.0,0.0,0.0,19,17,2,0,19,1,2,6,57,0,0.0,0,2,2,152,110,0
401,0,0.0,0.0,0.0,19,8,3,0,3,6,35,18,0,0,0.0,0,3,2,757,711,0
79,0,0.0,0.0,0.0,19,19,1,0,27,2,10,17,47,0,0.0,0,1,1,145,145,0
9,0,0.0,0.0,0.0,19,9,2,0,1,2,5,2,0,0,0.0,0,2,2,47,45,0
21,0,0.0,0.0,0.0,19,19,1,0,7,2,8,2,6,0,0.0,0,1,1,65,65,0
80,0,0.0,0.0,0.0,19,19,1,0,19,2,13,13,105,0,0.0,0,1,1,189,189,0
54,0,0.0,0.0,0.0,19,19,1,0,9,2,15,15,0,0,0.0,0,1,1,144,144,0
17,0,0.0,0.0,0.0,19,19,1,0,4,2,4,0,2,0,0.0,0,1,1,52,52,0
43,0,0.0,0.0,0.0,19,16,1,0,5,4,6,7,3,0,0.0,0,2,2,96,94,0
401,0,0.0,0.0,0.0,19,13,2,0,81,2,36,111,190,0,0.0,0,2,2,697,650,0
276,0,0.0,0.0,0.0,19,19,1,0,3,5,24,14,0,0,0.0,0,1,1,506,506,0
130,0,0.0,0.0,0.0,19,19,1,0,37,4,6,17,344,0,0.0,0,1,1,213,213,0
268,0,0.0,0.0,0.0,19,19,1,0,3,6,25,14,0,0,0.0,0,1,1,483,483,0
26,0,0.0,0.0,0.0,19,19,1,0,7,1,1,0,15,0,0.0,0,1,1,59,59,0
34,0,0.0,0.0,0.0,19,19,1,0,12,1,10,9,0,0,0.0,0,1,1,92,92,0
3,0,0.0,0.0,0.0,19,19,1,0,0,3,3,0,0,0,0.0,0,1,1,31,31,0
33,0,0.0,0.0,0.0,19,19,1,0,13,1,1,2,2,0,0.0,0,1,1,72,72,0
130,0,0.0,0.0,0.0,19,18,2,0,4,2,18,14,1,0,0.0,0,2,2,295,263,0
105,0,0.0,0.0,0.0,19,4,3,0,12,2,24,21,24,0,0.0,0,3,2,235,221,0
25,0,0.0,0.0,0.0,19,19,1,0,7,1,1,3,2,0,0.0,0,1,1,99,99,0
111,0,0.0,0.0,0.0,19,19,1,0,1,3,15,4,0,0,0.0,0,1,1,211,211,0
128,0,0.0,0.0,0.0,19,17,1,0,36,2,2,6,402,0,0.0,0,2,2,271,211,0
52,0,0.0,0.0,0.0,19,19,1,0,14,2,12,5,43,0,0.0,0,1,1,114,114,0
117,0,0.0,0.0,0.0,19,4,3,0,1,2,21,12,0,0,0.0,0,3,3,273,234,0
126,0,0.0,0.0,0.0,19,19,1,0,29,2,17,45,1,0,0.0,0,1,1,232,232,0
68,0,0.0,0.0,0.0,19,19,1,0,17,1,7,21,4,0,0.0,0,1,1,119,119,0
89,0,0.0,0.0,0.0,19,19,1,0,1,3,17,12,0,0,0.0,0,1,1,194,194,0
37,0,0.0,0.0,0.0,19,19,1,0,1,2,16,6,0,0,0.0,0,1,1,100,100,0
10,0,0.0,0.0,0.0,19,19,1,0,3,3,2,0,1,0,0.0,0,1,1,40,40,0
10,0,0.0,0.0,0.0,19,19,1,0,3,3,2,0,1,0,0.0,0,1,1,40,40,0
95,0,0.0,0.0,0.0,19,17,1,0,15,2,20,33,0,0,0.0,0,2,2,229,223,0
23,0,0.0,0.0,0.0,19,17,2,0,6,3,6,2,2,0,0.0,0,2,2,69,59,0
228,0,0.0,0.0,0.0,19,7,2,0,72,1,29,71,26,0,0.0,0,3,2,436,404,1
135,0,0.0,0.0,0.0,19,16,2,0,1,2,24,15,0,0,0.0,0,2,2,292,262,0
8,0,0.0,0.0,0.0,19,19,1,0,2,3,0,0,1,0,0.0,0,1,1,31,31,0
3,0,0.0,0.0,0.0,19,19,1,0,0,3,4,0,0,0,0.0,0,1,1,32,32,0
17,0,0.0,0.0,0.0,19,19,1,0,4,3,4,0,2,0,0.0,0,1,1,51,51,0
55,0,0.0,0.0,0.0,19,19,1,0,7,5,7,10,6,0,0.0,0,1,1,111,111,0
110,0,0.0,0.0,0.0,19,17,2,0,26,2,14,33,89,0,0.0,0,2,1,256,186,0
62,0,0.0,0.0,0.0,19,19,1,0,17,1,2,22,21,0,0.0,0,1,1,135,135,0
59,0,0.0,0.0,0.0,19,19,1,0,18,1,5,7,48,0,0.0,0,1,1,131,131,0
62,6,0.0,3.0,2.0,19,2,3,1,21,2,10,16,78,2,0.0,0,3,3,215,157,0
101,0,0.0,0.0,0.0,19,5,2,0,5,3,22,26,1,0,0.0,0,2,2,253,219,0
37,0,0.0,0.0,0.0,19,4,2,0,1,1,0,0,0,0,0.0,0,2,1,98,96,0
27,0,0.0,0.0,0.0,19,17,2,0,7,4,9,2,6,0,0.0,0,2,2,78,69,0
52,0,0.0,0.0,0.0,19,19,1,0,9,2,15,15,0,0,0.0,0,1,1,144,144,0
20,0,0.0,0.0,0.0,19,17,2,0,7,1,3,7,3,0,0.0,0,2,2,85,54,0
49,0,0.0,0.0,0.0,19,19,1,0,15,2,5,15,8,0,0.0,0,1,1,96,96,0
66,0,0.0,0.0,0.0,19,4,4,0,18,3,12,6,100,0,0.0,0,4,2,144,122,0
89,0,0.0,0.0,0.0,19,19,1,0,27,2,4,3,260,0,0.0,0,1,1,153,153,0
99,0,0.0,0.0,0.0,19,19,1,0,33,1,11,30,0,0,0.0,0,1,1,213,213,0
138,0,0.0,0.0,0.0,19,19,1,0,37,2,5,2,586,0,0.0,0,1,1,235,235,0
10,0,0.0,0.0,0.0,19,19,1,0,3,3,2,0,1,0,0.0,0,1,1,40,40,0
30,0,0.0,0.0,0.0,19,19,1,0,1,1,0,0,0,0,0.0,0,1,1,244,244,0
56,0,0.0,0.0,0.0,19,19,1,0,4,4,14,7,1,0,0.0,0,1,1,119,119,0
63,0,0.0,0.0,0.0,19,13,2,0,17,2,2,1,91,0,0.0,0,2,2,107,97,0
53,0,0.0,0.0,0.0,19,19,1,0,4,4,14,7,1,0,0.0,0,1,1,114,114,0
3,0,0.0,0.0,0.0,19,19,1,0,0,3,3,0,0,0,0.0,0,1,1,31,31,0
46,0,0.0,0.0,0.0,19,19,1,0,2,5,14,9,0,0,0.0,0,1,1,112,112,0
124,0,0.0,0.0,0.0,19,19,1,0,36,1,12,16,192,0,0.0,0,1,1,205,205,0
89,0,0.0,0.0,0.0,19,19,1,0,1,3,16,9,0,0,0.0,0,1,1,195,195,0
226,0,0.0,0.0,0.0,19,6,2,0,52,2,25,72,45,0,0.0,0,3,3,446,411,0
10,0,0.0,0.0,0.0,19,19,1,0,2,3,0,0,0,0,0.0,0,1,1,33,33,0
3,0,0.0,0.0,0.0,19,19,1,0,0,1,2,1,0,0,0.0,0,1,1,31,31,0
82,0,0.0,0.0,0.0,19,9,3,0,23,2,12,10,120,0,0.0,0,3,2,253,178,0
98,0,0.0,0.0,0.0,19,4,2,0,33,2,3,5,244,0,0.0,0,2,2,169,141,0
108,0,0.0,0.0,0.0,19,19,1,0,22,2,23,18,0,0,0.0,0,1,1,264,264,0
25,0,0.0,0.0,0.0,19,19,1,0,6,2,10,2,11,0,0.0,0,1,1,75,75,0
57,0,0.0,0.0,0.0,19,19,1,0,16,2,15,4,72,0,0.0,0,1,1,132,132,0
34,0,0.0,0.0,0.0,19,19,1,0,12,1,10,11,46,0,0.0,0,1,1,110,110,0
258,0,0.0,0.0,0.0,19,6,3,0,76,1,28,67,0,0,0.0,0,4,3,629,566,0
34,0,0.0,0.0,0.0,19,19,1,0,6,4,9,11,10,0,0.0,0,1,1,79,79,0
83,0,0.0,0.0,0.0,19,19,1,0,1,2,14,4,0,0,0.0,0,1,1,176,176,0
36,0,0.0,0.0,0.0,19,19,1,0,10,1,2,1,0,0,0.0,0,1,1,65,65,0
11,0,0.0,0.0,0.0,19,19,1,0,4,1,0,1,0,0,0.0,0,1,1,69,69,0
128,0,0.0,0.0,0.0,19,9,2,0,30,2,7,12,153,0,0.0,0,2,2,378,300,0
122,22,-6.0,8.0,4.0,19,0,2,1,30,1,2,12,0,4,0.0,0,2,1,304,282,0
70,0,0.0,0.0,0.0,19,4,3,0,16,2,32,19,15,0,0.0,0,3,2,214,175,0
288,0,0.0,0.0,0.0,19,19,1,0,76,1,28,1,0,0,0.0,0,1,1,401,401,0
38,0,0.0,0.0,0.0,19,19,1,0,8,2,12,12,1,0,0.0,0,1,1,79,79,0
41,0,0.0,0.0,0.0,19,19,1,0,4,2,10,12,0,0,0.0,0,1,1,107,107,0
79,0,0.0,0.0,0.0,19,19,1,0,20,1,3,25,5,0,0.0,0,1,1,178,178,0
298,0,0.0,0.0,0.0,19,16,1,0,62,2,30,83,114,0,0.0,0,2,2,548,532,0
37,0,0.0,0.0,0.0,19,19,1,0,14,2,2,3,8,0,0.0,0,1,1,111,111,0
32,0,0.0,0.0,0.0,19,19,1,0,10,2,6,8,28,0,0.0,0,1,1,104,104,0
3,0,0.0,0.0,0.0,19,19,1,0,0,3,2,0,0,0,0.0,0,1,1,29,29,0
2,0,0.0,0.0,0.0,19,19,1,0,0,3,3,0,0,0,0.0,0,1,1,28,28,0
32,0,0.0,0.0,0.0,19,19,1,0,9,2,5,2,32,0,0.0,0,1,1,72,72,0
94,0,0.0,0.0,0.0,19,16,1,0,6,3,7,5,2,0,0.0,0,2,2,168,165,0
76,0,0.0,0.0,0.0,19,18,2,0,22,2,2,1,186,0,0.0,0,2,2,134,124,0
65,0,0.0,0.0,0.0,19,16,2,0,19,4,13,6,137,0,0.0,0,2,2,154,152,0
243,0,0.0,0.0,0.0,6,6,1,0,67,2,15,57,0,0,0.0,0,1,1,318,318,0
29,0,0.0,0.0,0.0,19,19,1,0,8,2,16,7,0,0,0.0,0,1,1,83,83,0
23,0,0.0,0.0,0.0,19,19,1,0,8,2,1,0,3,0,0.0,0,1,1,57,57,0
42,0,0.0,0.0,0.0,19,19,1,0,14,2,1,1,35,0,0.0,0,1,1,85,85,0
3,0,0.0,0.0,0.0,19,19,1,0,0,3,4,0,0,0,0.0,0,1,1,32,32,0
23,0,0.0,0.0,0.0,19,13,2,0,7,2,7,11,1,0,0.0,0,2,2,72,61,0
32,0,0.0,0.0,0.0,19,19,1,0,7,4,15,10,4,0,0.0,0,1,1,90,90,0
27,0,0.0,0.0,0.0,19,16,1,0,2,4,7,5,0,0,0.0,0,2,2,79,67,0
33,0,0.0,0.0,0.0,19,16,2,0,8,2,8,10,1,0,0.0,0,3,3,77,71,0
14,0,0.0,0.0,0.0,19,19,1,0,12,1,5,0,66,0,0.0,0,1,1,53,53,0
137,0,0.0,0.0,0.0,19,9,3,0,8,3,28,27,0,0,0.0,0,3,2,312,271,0
38,0,0.0,0.0,0.0,19,19,1,0,13,2,4,0,17,0,0.0,0,1,1,84,84,0
369,140,10.0,75.0,4.0,19,0,8,1,99,1,40,131,139,4,0.0,0,10,3,1135,818,0
44,0,0.0,0.0,0.0,19,19,1,0,10,2,4,19,0,0,0.0,0,1,1,78,78,0
81,0,0.0,0.0,0.0,19,19,1,0,34,1,14,30,10,0,0.0,0,1,1,184,184,0
103,0,0.0,0.0,0.0,19,19,1,0,32,4,3,11,287,0,0.0,0,1,1,177,177,0
51,0,0.0,0.0,0.0,19,19,1,0,14,2,2,0,77,0,0.0,0,1,1,115,115,0
8,0,0.0,0.0,0.0,19,19,1,0,2,2,5,1,1,0,0.0,0,1,1,42,42,0
437,0,0.0,0.0,0.0,19,19,1,0,5,6,27,16,4,0,0.0,0,1,1,856,856,0
43,0,0.0,0.0,0.0,19,19,1,0,11,2,7,12,0,0,0.0,0,1,1,93,93,0
105,0,0.0,0.0,0.0,19,4,3,0,23,2,14,26,78,0,0.0,0,3,2,214,164,0
164,0,0.0,0.0,0.0,19,19,1,0,9,3,26,14,1,0,0.0,0,1,1,334,334,0
258,0,0.0,0.0,0.0,19,5,3,0,36,2,25,34,15,0,0.0,0,5,3,627,553,0
42,0,0.0,0.0,0.0,19,4,3,0,7,1,10,19,4,0,0.0,0,3,1,155,142,0
41,0,0.0,0.0,0.0,19,19,1,0,1,3,7,8,0,0,0.0,0,1,1,96,96,0
68,0,0.0,0.0,0.0,19,19,1,0,10,2,13,10,0,0,0.0,0,1,1,140,140,0
191,0,0.0,0.0,0.0,19,19,1,0,19,2,23,31,6,0,0.0,0,1,1,357,357,0
28,0,0.0,0.0,0.0,19,19,1,0,8,1,9,12,0,0,0.0,0,1,1,78,78,0
17,0,0.0,0.0,0.0,19,19,1,0,5,3,2,0,4,0,0.0,0,1,1,49,49,0
52,0,0.0,0.0,0.0,19,16,2,0,14,3,12,2,77,0,0.0,0,2,2,143,139,0
84,0,0.0,0.0,0.0,16,16,1,0,5,4,5,3,0,0,0.0,0,2,2,141,140,0
66,0,0.0,0.0,0.0,19,17,2,0,20,3,14,8,40,0,0.0,0,2,2,173,150,0
93,0,0.0,0.0,0.0,19,19,1,0,2,2,12,9,1,0,0.0,0,1,1,187,187,0
52,0,0.0,0.0,0.0,19,4,2,0,17,2,2,3,50,0,0.0,0,2,2,101,72,0
27,0,0.0,0.0,0.0,19,17,2,0,7,4,9,2,6,0,0.0,0,2,2,78,69,0
148,12,6.0,9.0,5.0,19,0,7,1,45,1,27,70,19,5,0.0,0,7,4,357,236,0
69,0,0.0,0.0,0.0,19,17,2,0,20,3,14,9,40,0,0.0,0,2,2,155,132,0
24,0,0.0,0.0,0.0,19,19,1,0,8,3,9,4,11,0,0.0,0,1,1,74,74,0
83,0,0.0,0.0,0.0,19,19,1,0,31,2,11,19,90,0,0.0,0,1,1,164,164,0
122,0,0.0,0.0,0.0,19,19,1,0,32,2,7,32,25,0,0.0,0,1,1,202,202,0
70,0,0.0,0.0,0.0,19,19,1,0,16,4,16,22,8,0,0.0,0,1,1,138,138,0
14,0,0.0,0.0,0.0,19,7,1,0,2,1,9,4,1,0,0.0,0,2,1,69,61,0
24,0,0.0,0.0,0.0,19,19,1,0,4,4,6,7,1,0,0.0,0,1,1,64,64,0
86,0,0.0,0.0,0.0,19,4,3,0,21,1,14,37,11,0,0.0,0,3,2,185,157,0
9,0,0.0,0.0,0.0,19,19,1,0,2,3,0,0,1,0,0.0,0,1,1,32,32,0
4,0,0.0,0.0,0.0,19,9,2,0,0,1,3,1,0,0,0.0,0,2,2,44,39,0
4,0,0.0,0.0,0.0,19,19,1,0,1,1,5,1,0,0,0.0,0,1,1,36,36,0
174,0,0.0,0.0,0.0,19,17,3,0,14,4,26,29,6,0,0.0,0,3,3,345,239,0
168,0,0.0,0.0,0.0,19,4,3,0,7,3,16,8,0,0,0.0,0,3,1,341,304,0
45,0,0.0,0.0,0.0,19,19,1,0,8,1,6,22,0,0,0.0,0,1,1,102,102,0
52,0,0.0,0.0,0.0,19,19,1,0,9,1,7,17,0,0,0.0,0,1,1,101,101,0
31,0,0.0,0.0,0.0,19,19,1,0,8,2,3,0,20,0,0.0,0,1,1,125,125,0
29,0,0.0,0.0,0.0,19,17,2,0,8,3,6,2,6,0,0.0,0,2,2,78,69,0
93,0,0.0,0.0,0.0,19,7,1,0,11,1,17,46,0,0,0.0,0,2,1,227,207,0
4,0,0.0,0.0,0.0,19,17,2,0,0,1,0,0,0,0,0.0,0,2,2,38,28,0
62,0,0.0,0.0,0.0,19,19,1,0,17,1,17,36,1,0,0.0,0,1,1,131,131,0
114,78,2.0,40.0,5.0,19,0,6,1,28,1,15,55,0,5,0.0,0,7,2,335,234,0
10,0,0.0,0.0,0.0,19,19,1,0,2,3,0,0,0,0,0.0,0,1,1,51,51,0
12,0,0.0,0.0,0.0,19,19,1,0,1,4,4,3,0,0,0.0,0,1,1,45,45,0
9,0,0.0,0.0,0.0,19,19,1,0,2,1,0,0,0,0,0.0,0,1,1,37,37,0
54,0,0.0,0.0,0.0,19,16,1,0,12,2,12,24,0,0,0.0,0,2,2,115,109,0
87,0,0.0,0.0,0.0,19,19,1,0,26,1,7,12,120,0,0.0,0,1,1,151,151,0
24,0,0.0,0.0,0.0,19,19,1,0,7,2,4,2,19,0,0.0,0,1,1,58,58,0
14,0,0.0,0.0,0.0,19,17,2,0,12,1,5,0,66,0,0.0,0,2,1,57,52,0
62,0,0.0,0.0,0.0,19,19,1,0,16,2,14,3,94,0,0.0,0,1,1,157,157,0
24,0,0.0,0.0,0.0,19,19,1,0,12,2,6,11,1,0,0.0,0,1,1,75,75,0
3,0,0.0,0.0,0.0,19,19,1,0,1,1,1,0,0,0,0.0,0,1,1,32,32,0
126,0,0.0,0.0,0.0,19,19,1,0,58,2,7,40,66,0,0.0,0,1,1,216,216,0
115,0,0.0,0.0,0.0,19,19,1,0,30,2,12,17,205,0,0.0,0,1,1,215,215,0
28,0,0.0,0.0,0.0,19,19,1,0,5,1,8,8,0,0,0.0,0,1,1,77,77,0
112,0,0.0,0.0,0.0,19,17,2,0,27,4,24,19,3,0,0.0,0,2,2,214,198,0
82,0,0.0,0.0,0.0,19,19,1,0,32,3,3,6,153,0,0.0,0,1,1,143,143,1
3,0,0.0,0.0,0.0,19,19,1,0,1,1,1,0,0,0,0.0,0,1,1,26,26,0
57,0,0.0,0.0,0.0,19,9,2,0,15,2,6,10,54,0,0.0,0,3,3,116,96,0
11,0,0.0,0.0,0.0,19,19,1,0,2,1,0,0,0,0,0.0,0,1,1,49,49,0
134,0,0.0,0.0,0.0,19,13,2,0,11,3,27,34,1,0,0.0,0,2,2,267,209,0
116,0,0.0,0.0,0.0,19,19,1,0,18,1,23,48,0,0,0.0,0,1,1,258,258,0
88,0,0.0,0.0,0.0,19,13,2,0,22,1,12,42,1,0,0.0,0,2,2,221,182,0
52,0,0.0,0.0,0.0,19,19,1,0,14,3,3,0,77,0,0.0,0,1,1,98,98,0
3,0,0.0,0.0,0.0,19,19,1,0,0,3,3,0,0,0,0.0,0,1,1,31,31,0
126,0,0.0,0.0,0.0,19,7,1,0,30,1,24,50,77,0,0.0,0,4,2,258,224,0
17,0,0.0,0.0,0.0,19,19,1,0,4,2,1,0,2,0,0.0,0,1,1,46,46,0
54,0,0.0,0.0,0.0,19,6,2,0,12,1,14,29,26,0,0.0,0,3,2,221,170,0
13,0,0.0,0.0,0.0,19,19,1,0,3,3,0,1,1,0,0.0,0,1,1,40,40,0
183,0,0.0,0.0,0.0,19,19,1,0,52,3,2,0,1080,0,0.0,0,1,1,353,353,0
66,0,0.0,0.0,0.0,19,17,2,0,20,3,14,8,40,0,0.0,0,2,2,152,129,0
24,0,0.0,0.0,0.0,19,16,2,0,1,3,10,2,0,0,0.0,0,2,2,94,64,0
98,0,0.0,0.0,0.0,19,13,2,0,31,2,17,9,230,0,0.0,0,2,2,220,207,0
35,0,0.0,0.0,0.0,19,19,1,0,14,2,2,0,12,0,0.0,0,1,1,85,85,0
25,0,0.0,0.0,0.0,19,19,1,0,4,1,4,6,0,0,0.0,0,1,1,63,63,0
31,0,0.0,0.0,0.0,19,19,1,0,2,2,17,5,0,0,0.0,0,1,1,110,110,0
27,0,0.0,0.0,0.0,19,17,2,0,7,4,9,2,6,0,0.0,0,2,2,76,69,0
16,0,0.0,0.0,0.0,19,19,1,0,2,4,5,4,0,0,0.0,0,1,1,51,51,0
109,0,0.0,0.0,0.0,19,19,1,0,27,2,20,24,0,0,0.0,0,1,1,247,247,0
49,0,0.0,0.0,0.0,19,19,1,0,2,3,15,6,0,0,0.0,0,1,1,116,116,0
74,0,0.0,0.0,0.0,19,19,1,0,19,2,19,26,28,0,0.0,0,1,1,170,170,0
26,0,0.0,0.0,0.0,19,17,2,0,7,3,6,2,6,0,0.0,0,2,2,75,66,0
89,0,0.0,0.0,0.0,19,19,1,0,20,2,12,18,4,0,0.0,0,1,1,183,183,0
241,0,0.0,0.0,0.0,19,13,2,0,16,3,31,37,2,0,0.0,0,2,2,479,436,0
19,0,0.0,0.0,0.0,19,19,1,0,17,1,6,0,136,0,0.0,0,1,1,215,215,0
158,0,0.0,0.0,0.0,19,19,1,0,25,2,10,6,13,0,0.0,0,1,1,254,254,0
81,0,0.0,0.0,0.0,19,8,3,0,17,2,21,33,16,0,0.0,0,3,2,191,150,0
90,0,0.0,0.0,0.0,19,19,1,0,4,2,12,13,1,0,0.0,0,1,1,174,174,0
126,0,0.0,0.0,0.0,19,9,2,0,32,2,10,11,10,0,0.0,0,2,2,227,181,1
232,0,0.0,0.0,0.0,19,6,2,0,41,2,32,58,0,0,0.0,0,3,2,504,434,0
44,0,0.0,0.0,0.0,19,17,1,0,10,2,8,12,1,0,0.0,0,2,2,90,86,0
52,0,0.0,0.0,0.0,19,16,1,0,9,2,15,16,0,0,0.0,0,2,2,146,144,0
105,0,0.0,0.0,0.0,19,19,1,0,5,4,23,14,0,0,0.0,0,1,1,235,235,1
17,0,0.0,0.0,0.0,19,19,1,0,5,3,2,0,4,0,0.0,0,1,1,49,49,0
228,0,0.0,0.0,0.0,19,14,2,0,53,1,15,118,55,0,0.0,0,2,2,425,370,0
82,0,0.0,0.0,0.0,19,19,1,0,19,2,19,25,4,0,0.0,0,1,1,179,179,0
132,0,0.0,0.0,0.0,19,18,2,0,34,2,15,21,213,0,0.0,0,2,2,244,231,0
15,0,0.0,0.0,0.0,19,19,1,0,13,1,4,0,78,0,0.0,0,1,1,56,56,0
83,0,0.0,0.0,0.0,19,7,2,0,25,2,12,14,140,0,0.0,0,2,1,207,188,0
12,0,0.0,0.0,0.0,19,19,1,0,3,1,0,3,3,0,0.0,0,1,1,45,45,0
91,0,0.0,0.0,0.0,19,16,3,0,3,5,13,6,3,0,0.0,0,3,2,236,179,0
71,0,0.0,0.0,0.0,19,16,1,0,18,1,12,25,0,0,0.0,0,2,2,149,147,0
41,0,0.0,0.0,0.0,19,19,1,0,9,2,7,7,0,0,0.0,0,1,1,95,95,0
44,0,0.0,0.0,0.0,19,19,1,0,6,2,8,22,1,0,0.0,0,1,1,100,100,0
196,0,0.0,0.0,0.0,19,6,3,0,35,2,33,64,0,0,0.0,0,4,3,523,438,0
38,0,0.0,0.0,0.0,19,16,3,0,5,5,7,12,3,0,0.0,0,3,3,302,190,0
119,0,0.0,0.0,0.0,19,19,1,0,22,3,9,22,20,0,0.0,0,1,1,214,214,0
27,0,0.0,0.0,0.0,19,17,2,0,1,3,13,4,0,0,0.0,0,2,1,108,102,0
31,0,0.0,0.0,0.0,19,19,1,0,12,2,5,1,20,0,0.0,0,1,1,93,93,1
47,0,0.0,0.0,0.0,19,19,1,0,4,2,15,10,0,0,0.0,0,1,1,107,107,0
44,0,0.0,0.0,0.0,19,7,2,0,14,2,8,16,0,0,0.0,0,2,1,104,98,0
71,0,0.0,0.0,0.0,19,10,3,0,14,1,14,24,10,0,0.0,0,3,2,224,157,0
116,0,0.0,0.0,0.0,19,16,3,0,12,6,10,14,4,0,0.0,0,3,3,443,322,0
24,0,0.0,0.0,0.0,19,19,1,0,6,2,7,0,9,0,0.0,0,1,1,69,69,0
35,0,0.0,0.0,0.0,19,19,1,0,12,3,1,1,20,0,0.0,0,1,1,74,74,0
268,0,0.0,0.0,0.0,19,4,2,0,4,5,31,17,1,0,0.0,0,2,2,495,493,0
59,0,0.0,0.0,0.0,19,19,1,0,16,4,2,0,104,0,0.0,0,1,1,104,104,0
16,0,0.0,0.0,0.0,19,19,1,0,4,2,1,0,2,0,0.0,0,1,1,44,44,0
66,0,0.0,0.0,0.0,19,19,1,0,14,1,4,13,0,0,0.0,0,1,1,112,112,0
49,0,0.0,0.0,0.0,19,19,1,0,5,3,16,7,0,0,0.0,0,1,1,121,121,0
87,0,0.0,0.0,0.0,19,19,1,0,25,2,4,12,139,0,0.0,0,1,1,151,151,0
47,0,0.0,0.0,0.0,19,19,1,0,11,2,3,21,0,0,0.0,0,1,1,92,92,0
58,0,0.0,0.0,0.0,19,17,1,0,17,1,5,15,0,0,0.0,0,2,2,178,158,0
132,0,0.0,0.0,0.0,19,16,2,0,21,1,7,26,0,0,0.0,0,6,3,242,176,0
121,19,11.0,15.0,5.0,19,0,8,1,26,1,30,63,13,5,0.0,0,8,3,350,270,0
51,0,0.0,0.0,0.0,19,17,1,0,16,1,4,19,15,0,0.0,0,2,2,98,91,0
3,0,0.0,0.0,0.0,19,19,1,0,0,3,3,0,0,0,0.0,0,1,1,31,31,0
392,0,0.0,0.0,0.0,19,9,2,0,33,3,28,63,22,0,0.0,0,2,2,649,600,0
125,0,0.0,0.0,0.0,19,19,1,0,48,2,7,8,60,0,0.0,0,1,1,210,210,0
13,0,0.0,0.0,0.0,19,19,1,0,2,3,4,2,0,0,0.0,0,1,1,46,46,0
358,0,0.0,0.0,0.0,19,10,2,0,88,2,21,74,118,0,0.0,0,3,3,555,545,0
66,0,0.0,0.0,0.0,19,19,1,0,3,2,13,4,0,0,0.0,0,1,1,149,149,0
16,0,0.0,0.0,0.0,19,19,1,0,4,4,9,6,1,0,0.0,0,1,1,62,62,0
50,0,0.0,0.0,0.0,19,19,1,0,13,1,3,1,66,0,0.0,0,1,1,113,113,0
42,0,0.0,0.0,0.0,19,19,1,0,10,2,8,18,0,0,0.0,0,1,1,93,93,0
30,0,0.0,0.0,0.0,19,19,1,0,8,2,3,2,15,0,0.0,0,1,1,66,66,0
141,0,0.0,0.0,0.0,19,16,3,0,27,2,24,38,8,0,0.0,0,3,2,324,221,0
89,0,0.0,0.0,0.0,19,17,2,0,31,1,13,10,1,0,0.0,0,3,2,219,138,1
106,0,0.0,0.0,0.0,19,19,1,0,21,2,21,31,39,0,0.0,0,1,1,214,214,0
45,0,0.0,0.0,0.0,19,19,1,0,11,2,10,21,1,0,0.0,0,1,1,90,90,0
273,3,1.0,2.0,2.0,19,2,5,1,22,2,35,39,3,2,0.0,0,5,3,656,537,0
116,0,0.0,0.0,0.0,19,16,2,0,1,2,20,12,0,0,0.0,0,2,2,253,224,0
303,0,0.0,0.0,0.0,19,12,2,0,46,1,34,76,0,0,0.0,0,3,2,805,643,0
8,0,0.0,0.0,0.0,19,19,1,0,2,3,0,0,1,0,0.0,0,1,1,30,30,0
17,0,0.0,0.0,0.0,19,19,1,0,5,3,2,0,4,0,0.0,0,1,1,49,49,0
47,0,0.0,0.0,0.0,19,19,1,0,13,2,2,2,50,0,0.0,0,1,1,91,91,0
32,0,0.0,0.0,0.0,19,19,1,0,7,2,7,12,1,0,0.0,0,1,1,75,75,0
17,0,0.0,0.0,0.0,19,19,1,0,4,2,2,0,2,0,0.0,0,1,1,47,47,0
416,12,0.0,6.0,2.0,19,2,3,1,142,1,37,110,35,2,0.0,0,3,3,811,755,0
89,0,0.0,0.0,0.0,19,19,1,0,1,2,12,3,0,0,0.0,0,1,1,185,185,0
211,0,0.0,0.0,0.0,19,17,2,0,73,3,35,47,660,0,0.0,0,2,2,464,416,0
52,0,0.0,0.0,0.0,19,19,1,0,16,3,2,1,75,0,0.0,0,1,1,102,102,0
23,0,0.0,0.0,0.0,19,17,2,0,6,3,6,2,2,0,0.0,0,2,2,68,59,0
145,0,0.0,0.0,0.0,19,6,3,0,11,3,19,21,0,0,0.0,0,3,2,337,309,0
8,0,0.0,0.0,0.0,19,19,1,0,2,1,0,0,0,0,0.0,0,1,1,35,35,0
94,0,0.0,0.0,0.0,19,19,1,0,42,2,10,25,300,0,0.0,0,1,1,168,168,0
65,10,10.0,10.0,5.0,19,0,2,1,18,3,2,4,104,5,0.0,0,2,1,115,105,0
11,0,0.0,0.0,0.0,19,19,1,0,0,1,0,0,0,0,0.0,0,1,1,41,41,0
38,0,0.0,0.0,0.0,19,19,1,0,5,4,6,4,3,0,0.0,0,1,1,87,87,0
21,0,0.0,0.0,0.0,19,19,1,0,5,2,2,0,6,0,0.0,0,1,1,53,53,0
17,0,0.0,0.0,0.0,19,19,1,0,4,2,6,0,2,0,0.0,0,1,1,55,55,0
41,0,0.0,0.0,0.0,19,19,1,0,15,1,15,7,0,0,0.0,0,1,1,110,110,0
89,0,0.0,0.0,0.0,19,19,1,0,26,2,6,16,140,0,0.0,0,1,1,151,151,0
183,0,0.0,0.0,0.0,19,6,2,0,46,1,20,78,47,0,0.0,0,2,2,385,315,0
88,0,0.0,0.0,0.0,19,18,2,0,16,3,25,8,8,0,0.0,0,2,2,232,216,0
352,0,0.0,0.0,0.0,19,7,3,0,83,1,23,36,66,0,0.0,0,3,2,568,545,0
31,0,0.0,0.0,0.0,19,19,1,0,5,1,1,10,8,0,0.0,0,1,1,75,75,0
40,0,0.0,0.0,0.0,19,16,1,0,21,2,15,15,1,0,0.0,0,2,2,123,115,0
26,0,0.0,0.0,0.0,19,17,2,0,7,3,6,2,6,0,0.0,0,2,2,76,66,0
450,0,0.0,0.0,0.0,19,4,2,0,102,2,47,121,23,0,0.0,0,5,3,875,786,0
171,0,0.0,0.0,0.0,19,7,2,0,49,2,26,14,676,0,0.0,0,2,1,360,356,0
48,0,0.0,0.0,0.0,19,19,1,0,19,1,16,24,0,0,0.0,0,1,1,123,123,0
17,0,0.0,0.0,0.0,19,19,1,0,4,2,3,3,0,0,0.0,0,1,1,46,46,0
95,0,0.0,0.0,0.0,19,6,4,0,21,2,8,24,55,0,0.0,0,4,2,237,180,0
33,0,0.0,0.0,0.0,19,19,1,0,4,3,6,7,1,0,0.0,0,1,1,77,77,0
19,0,0.0,0.0,0.0,19,19,1,0,2,5,10,8,0,0,0.0,0,1,1,59,59,0
385,0,0.0,0.0,0.0,19,16,2,0,92,2,12,87,0,0,0.0,0,5,3,699,382,0
9,0,0.0,0.0,0.0,19,19,1,0,2,2,1,0,0,0,0.0,0,1,1,34,34,0
197,0,0.0,0.0,0.0,19,19,1,0,15,3,25,16,1,0,0.0,0,1,1,348,348,0
350,0,0.0,0.0,0.0,19,5,3,0,6,6,31,20,4,0,0.0,0,3,2,594,576,0
184,0,0.0,0.0,0.0,19,19,1,0,44,2,18,57,11,0,0.0,0,1,1,310,310,0
25,0,0.0,0.0,0.0,19,19,1,0,6,3,3,0,2,0,0.0,0,1,1,62,62,0
58,0,0.0,0.0,0.0,19,19,1,0,2,4,12,7,0,0,0.0,0,1,1,119,119,0
49,0,0.0,0.0,0.0,19,19,1,0,12,3,4,0,40,0,0.0,0,1,1,112,112,0
54,0,0.0,0.0,0.0,19,19,1,0,1,3,12,1,0,0,0.0,0,1,1,114,114,0
27,0,0.0,0.0,0.0,23,8,2,0,10,2,7,6,0,0,0.0,0,2,1,98,86,0
17,0,0.0,0.0,0.0,23,23,1,0,4,2,1,0,2,0,0.0,0,1,1,46,46,0
62,4,0.0,2.0,25.0,23,3,3,1,2,3,16,4,0,25,0.0,0,3,3,171,165,0
58,0,0.0,0.0,0.0,23,21,2,0,18,1,10,17,0,0,0.0,0,3,2,150,123,0
108,0,0.0,0.0,0.0,23,10,2,0,20,2,31,28,0,0,0.0,0,2,2,287,244,0
107,0,0.0,0.0,0.0,23,8,3,0,22,1,9,34,31,0,0.0,0,3,2,338,200,0
23,0,0.0,0.0,0.0,23,21,2,0,6,3,6,2,2,0,0.0,0,2,2,69,59,0
228,0,0.0,0.0,0.0,23,23,1,0,43,2,35,44,0,0,0.0,0,1,1,461,461,0
2,0,0.0,0.0,0.0,23,23,1,0,0,3,3,0,0,0,0.0,0,1,1,28,28,0
58,0,0.0,0.0,0.0,23,23,1,0,25,2,15,31,0,0,0.0,0,1,1,135,135,0
302,0,0.0,0.0,0.0,23,14,3,0,98,3,31,66,1259,0,0.0,0,4,3,637,544,0
12,0,0.0,0.0,0.0,23,23,1,0,3,3,7,0,1,0,0.0,0,1,1,50,50,0
149,4,0.0,2.0,4.0,23,3,2,0,1,2,24,15,0,4,0.0,0,3,3,345,282,0
77,0,0.0,0.0,0.0,23,23,1,0,22,2,2,2,170,0,0.0,0,1,1,133,133,0
85,0,0.0,0.0,0.0,23,23,1,0,24,3,2,0,170,0,0.0,0,1,1,175,175,0
60,0,0.0,0.0,0.0,23,21,2,0,19,1,2,6,57,0,0.0,0,2,2,152,110,0
401,4,0.0,2.0,25.0,23,3,4,1,3,6,35,18,0,25,0.0,0,4,3,761,711,0
79,0,0.0,0.0,0.0,23,23,1,0,27,2,10,17,47,0,0.0,0,1,1,145,145,0
9,0,0.0,0.0,0.0,23,14,2,0,1,2,5,2,0,0,0.0,0,2,2,47,45,0
21,0,0.0,0.0,0.0,23,23,1,0,7,2,8,2,6,0,0.0,0,1,1,65,65,0
80,2,0.0,1.0,30.0,23,3,1,0,19,2,13,14,105,30,0.0,0,2,2,191,189,0
54,0,0.0,0.0,0.0,23,23,1,0,9,2,15,15,0,0,0.0,0,1,1,144,144,0
17,0,0.0,0.0,0.0,23,23,1,0,4,2,4,0,2,0,0.0,0,1,1,52,52,0
43,0,0.0,0.0,0.0,23,21,1,0,5,4,6,7,3,0,0.0,0,2,2,96,94,0
404,0,0.0,0.0,0.0,23,18,2,0,82,2,37,111,214,0,0.0,0,2,2,697,650,1
276,0,0.0,0.0,0.0,23,23,1,0,3,5,24,14,0,0,0.0,0,1,1,506,506,0
130,2,0.0,1.0,30.0,23,3,1,0,37,4,6,18,344,30,0.0,0,2,2,215,213,0
268,0,0.0,0.0,0.0,23,23,1,0,3,6,25,14,0,0,0.0,0,1,1,483,483,0
26,0,0.0,0.0,0.0,23,23,1,0,7,1,1,0,15,0,0.0,0,1,1,59,59,0
34,0,0.0,0.0,0.0,23,23,1,0,12,1,10,9,0,0,0.0,0,1,1,92,92,0
3,0,0.0,0.0,0.0,23,23,1,0,0,3,3,0,0,0,0.0,0,1,1,31,31,0
33,0,0.0,0.0,0.0,23,23,1,0,13,1,1,2,2,0,0.0,0,1,1,72,72,0
130,6,0.0,3.0,25.0,23,3,3,1,4,2,18,14,1,25,0.0,0,3,3,301,263,0
105,0,0.0,0.0,0.0,23,9,3,0,12,2,24,21,24,0,0.0,0,3,2,235,221,0
25,0,0.0,0.0,0.0,23,23,1,0,7,1,1,3,2,0,0.0,0,1,1,99,99,0
111,0,0.0,0.0,0.0,23,23,1,0,1,3,15,4,0,0,0.0,0,1,1,211,211,0
128,0,0.0,0.0,0.0,23,21,1,0,36,2,2,6,402,0,0.0,0,2,2,271,211,0
52,2,0.0,1.0,30.0,23,3,1,0,14,2,12,6,43,30,0.0,0,2,2,116,114,0
117,4,0.0,2.0,4.0,23,3,3,0,1,2,21,12,0,4,0.0,0,4,4,277,234,0
127,0,0.0,0.0,0.0,23,23,1,0,30,2,17,45,1,0,0.0,0,1,1,232,232,0
13,0,0.0,0.0,0.0,23,23,1,0,3,1,6,3,1,0,0.0,0,1,1,119,119,0
89,0,0.0,0.0,0.0,23,23,1,0,1,3,17,12,0,0,0.0,0,1,1,194,194,0
10,0,0.0,0.0,0.0,23,23,1,0,3,3,2,0,1,0,0.0,0,1,1,40,40,0
10,0,0.0,0.0,0.0,23,23,1,0,3,3,2,0,1,0,0.0,0,1,1,40,40,0
95,0,0.0,0.0,0.0,23,21,1,0,15,2,20,33,0,0,0.0,0,2,2,229,223,0
23,0,0.0,0.0,0.0,23,21,2,0,6,3,6,2,2,0,0.0,0,2,2,69,59,0
226,17,-0.5,4.0,15.5,23,2,3,1,72,1,29,72,26,30,0.7871,0,5,3,453,404,1
135,4,0.0,2.0,4.0,23,3,2,0,1,2,24,15,0,4,0.0,0,3,3,296,262,0
8,0,0.0,0.0,0.0,23,23,1,0,2,3,0,0,1,0,0.0,0,1,1,31,31,0
3,0,0.0,0.0,0.0,23,23,1,0,0,3,4,0,0,0,0.0,0,1,1,32,32,0
17,0,0.0,0.0,0.0,23,23,1,0,4,3,4,0,2,0,0.0,0,1,1,51,51,0
55,0,0.0,0.0,0.0,23,23,1,0,7,5,7,10,6,0,0.0,0,1,1,111,111,0
110,0,0.0,0.0,0.0,23,21,2,0,26,2,14,33,89,0,0.0,0,2,1,256,186,0
62,4,0.0,2.0,30.0,23,3,1,0,17,1,2,24,21,30,0.0,0,2,2,139,135,0
59,0,0.0,0.0,0.0,23,23,1,0,18,1,5,7,48,0,0.0,0,1,1,131,131,0
62,0,0.0,0.0,0.0,23,6,3,0,21,2,10,16,78,0,0.0,0,3,3,215,157,1
101,0,0.0,0.0,0.0,23,10,2,0,5,3,22,26,1,0,0.0,0,2,2,253,219,0
37,0,0.0,0.0,0.0,23,8,2,0,1,1,0,0,0,0,0.0,0,2,1,98,96,0
27,0,0.0,0.0,0.0,23,21,2,0,7,4,9,2,6,0,0.0,0,2,2,78,69,0
52,0,0.0,0.0,0.0,23,23,1,0,9,2,15,15,0,0,0.0,0,1,1,144,144,0
20,0,0.0,0.0,0.0,23,21,2,0,7,1,3,7,3,0,0.0,0,2,2,85,54,0
49,0,0.0,0.0,0.0,23,23,1,0,15,2,5,15,8,0,0.0,0,1,1,96,96,0
66,0,0.0,0.0,0.0,23,8,4,0,18,3,12,6,100,0,0.0,0,4,2,144,122,0
89,0,0.0,0.0,0.0,23,23,1,0,27,2,4,3,260,0,0.0,0,1,1,153,153,0
99,0,0.0,0.0,0.0,23,23,1,0,33,1,11,30,0,0,0.0,0,1,1,213,213,0
138,0,0.0,0.0,0.0,23,23,1,0,37,2,5,2,586,0,0.0,0,1,1,235,235,0
10,0,0.0,0.0,0.0,23,23,1,0,3,3,2,0,1,0,0.0,0,1,1,40,40,0
30,0,0.0,0.0,0.0,23,23,1,0,1,1,0,0,0,0,0.0,0,1,1,244,244,0
56,2,0.0,1.0,25.0,23,3,2,1,4,4,14,7,1,25,0.0,0,2,2,121,119,0
63,0,0.0,0.0,0.0,23,17,2,0,17,2,2,1,91,0,0.0,0,2,2,107,97,0
53,0,0.0,0.0,0.0,23,23,1,0,4,4,14,7,1,0,0.0,0,1,1,114,114,0
3,0,0.0,0.0,0.0,23,23,1,0,0,3,3,0,0,0,0.0,0,1,1,31,31,0
46,4,0.0,2.0,3.0,23,2,2,1,2,5,14,9,0,3,0.0,0,2,1,116,112,0
124,4,0.0,2.0,30.0,23,3,1,0,36,1,12,17,192,30,0.0,0,2,2,209,205,0
89,0,0.0,0.0,0.0,23,23,1,0,1,3,16,9,0,0,0.0,0,1,1,195,195,0
226,0,0.0,0.0,0.0,23,10,2,0,52,2,25,72,45,0,0.0,0,3,3,446,411,1
10,0,0.0,0.0,0.0,23,23,1,0,2,3,0,0,0,0,0.0,0,1,1,33,33,0
3,0,0.0,0.0,0.0,23,23,1,0,0,1,2,1,0,0,0.0,0,1,1,31,31,0
82,2,0.0,1.0,30.0,23,3,3,0,23,2,12,11,120,30,0.0,0,4,3,255,178,0
98,0,0.0,0.0,0.0,23,8,2,0,33,2,3,5,244,0,0.0,0,2,2,169,141,0
108,0,0.0,0.0,0.0,23,23,1,0,22,2,23,18,0,0,0.0,0,1,1,264,264,0
25,0,0.0,0.0,0.0,23,23,1,0,6,2,10,2,11,0,0.0,0,1,1,75,75,0
57,2,0.0,1.0,30.0,23,3,1,0,16,2,15,5,72,30,0.0,0,2,2,134,132,0
37,0,0.0,0.0,0.0,23,23,1,0,13,1,10,11,58,0,0.0,0,1,1,110,110,0
258,0,0.0,0.0,0.0,23,11,3,0,76,1,28,67,0,0,0.0,0,4,3,629,566,0
34,2,0.0,1.0,30.0,23,3,1,0,6,4,9,12,10,30,0.0,0,2,2,81,79,0
83,2,0.0,1.0,25.0,23,3,2,1,1,2,14,4,0,25,0.0,0,2,2,178,176,0
36,0,0.0,0.0,0.0,23,23,1,0,10,1,2,1,0,0,0.0,0,1,1,65,65,0
11,0,0.0,0.0,0.0,23,23,1,0,4,1,0,1,0,0,0.0,0,1,1,69,69,0
128,0,0.0,0.0,0.0,23,14,2,0,30,2,7,12,153,0,0.0,0,2,2,378,300,0
122,2,0.0,1.0,30.0,23,3,2,0,30,1,2,13,0,30,0.0,0,3,2,306,282,0
70,0,0.0,0.0,0.0,23,9,3,0,16,2,32,19,15,0,0.0,0,3,2,214,175,0
288,0,0.0,0.0,0.0,23,23,1,0,76,1,28,1,0,0,0.0,0,1,1,401,401,0
38,0,0.0,0.0,0.0,23,23,1,0,8,2,12,12,1,0,0.0,0,1,1,79,79,0
41,0,0.0,0.0,0.0,23,23,1,0,4,2,10,12,0,0,0.0,0,1,1,107,107,0
79,0,0.0,0.0,0.0,23,23,1,0,20,1,3,25,5,0,0.0,0,1,1,178,178,0
298,4,0.0,2.0,30.0,23,3,1,0,62,2,30,84,114,30,0.0,0,3,3,552,532,0
37,0,0.0,0.0,0.0,23,23,1,0,14,2,2,3,8,0,0.0,0,1,1,111,111,0
32,0,0.0,0.0,0.0,23,23,1,0,10,2,6,8,28,0,0.0,0,1,1,104,104,0
3,0,0.0,0.0,0.0,23,23,1,0,0,3,2,0,0,0,0.0,0,1,1,29,29,0
2,0,0.0,0.0,0.0,23,23,1,0,0,3,3,0,0,0,0.0,0,1,1,28,28,0
32,0,0.0,0.0,0.0,23,23,1,0,9,2,5,2,32,0,0.0,0,1,1,72,72,0
94,0,0.0,0.0,0.0,23,21,1,0,6,3,7,5,2,0,0.0,0,2,2,168,165,0
76,0,0.0,0.0,0.0,23,23,2,0,22,2,2,1,186,0,0.0,0,2,2,134,124,0
65,0,0.0,0.0,0.0,23,21,2,0,19,4,13,6,137,0,0.0,0,2,2,154,152,0
243,0,0.0,0.0,0.0,11,11,1,0,67,2,15,57,0,0,0.0,0,1,1,318,318,0
29,0,0.0,0.0,0.0,23,23,1,0,8,2,16,7,0,0,0.0,0,1,1,83,83,0
23,0,0.0,0.0,0.0,23,23,1,0,8,2,1,0,3,0,0.0,0,1,1,57,57,0
42,0,0.0,0.0,0.0,23,23,1,0,14,2,1,1,35,0,0.0,0,1,1,85,85,0
3,0,0.0,0.0,0.0,23,23,1,0,0,3,4,0,0,0,0.0,0,1,1,32,32,0
23,0,0.0,0.0,0.0,23,17,2,0,7,2,7,11,1,0,0.0,0,2,2,72,61,0
32,0,0.0,0.0,0.0,23,23,1,0,7,4,15,10,4,0,0.0,0,1,1,90,90,0
27,0,0.0,0.0,0.0,23,21,1,0,2,4,7,5,0,0,0.0,0,2,2,79,67,0
33,0,0.0,0.0,0.0,23,21,2,0,8,2,8,10,1,0,0.0,0,3,3,77,71,0
14,0,0.0,0.0,0.0,23,23,1,0,12,1,5,0,66,0,0.0,0,1,1,53,53,0
137,2,0.0,1.0,25.0,23,3,4,1,8,3,28,27,0,25,0.0,0,4,3,314,271,0
38,0,0.0,0.0,0.0,23,23,1,0,13,2,4,0,17,0,0.0,0,1,1,84,84,0
369,2,0.0,1.0,30.0,23,3,8,0,99,1,40,132,139,30,0.0,0,11,4,1137,818,0
44,0,0.0,0.0,0.0,23,23,1,0,10,2,4,19,0,0,0.0,0,1,1,78,78,0
81,0,0.0,0.0,0.0,23,23,1,0,34,1,14,30,10,0,0.0,0,1,1,184,184,0
103,0,0.0,0.0,0.0,23,23,1,0,32,4,3,11,287,0,0.0,0,1,1,177,177,0
51,0,0.0,0.0,0.0,23,23,1,0,14,2,2,0,77,0,0.0,0,1,1,115,115,0
8,0,0.0,0.0,0.0,23,23,1,0,2,2,5,1,1,0,0.0,0,1,1,42,42,0
437,2,0.0,1.0,30.0,23,3,1,0,5,6,27,16,4,30,0.0,0,2,2,858,856,0
43,0,0.0,0.0,0.0,23,23,1,0,11,2,7,12,0,0,0.0,0,1,1,93,93,0
105,0,0.0,0.0,0.0,23,8,3,0,23,2,14,26,78,0,0.0,0,3,2,214,164,0
164,0,0.0,0.0,0.0,23,23,1,0,9,3,26,14,1,0,0.0,0,1,1,334,334,0
258,12,0.0,3.0,27.5,23,3,4,1,36,2,25,35,15,30,0.9183,0,7,4,639,553,0
42,0,0.0,0.0,0.0,23,8,3,0,7,1,10,19,4,0,0.0,0,3,1,155,142,0
40,3,-3.0,0.0,25.0,23,3,2,1,1,3,6,8,0,25,0.0,0,2,2,99,96,0
68,0,0.0,0.0,0.0,23,23,1,0,10,2,13,10,0,0,0.0,0,1,1,140,140,0
191,4,0.0,2.0,30.0,23,3,1,0,19,2,23,32,6,30,0.0,0,2,2,361,357,0
28,0,0.0,0.0,0.0,23,23,1,0,8,1,9,12,0,0,0.0,0,1,1,78,78,0
17,0,0.0,0.0,0.0,23,23,1,0,5,3,2,0,4,0,0.0,0,1,1,49,49,0
52,0,0.0,0.0,0.0,23,21,2,0,14,3,12,2,77,0,0.0,0,2,2,143,139,0
84,0,0.0,0.0,0.0,21,21,1,0,5,4,5,3,0,0,0.0,0,2,2,141,140,0
66,0,0.0,0.0,0.0,23,21,2,0,20,3,14,8,40,0,0.0,0,2,2,173,150,0
93,0,0.0,0.0,0.0,23,23,1,0,2,2,12,9,1,0,0.0,0,1,1,187,187,0
52,0,0.0,0.0,0.0,23,8,2,0,17,2,2,3,50,0,0.0,0,2,2,101,72,0
27,0,0.0,0.0,0.0,23,21,2,0,7,4,9,2,6,0,0.0,0,2,2,78,69,0
148,0,0.0,0.0,0.0,23,4,7,0,45,1,27,70,19,0,0.0,0,7,4,357,236,0
69,0,0.0,0.0,0.0,23,21,2,0,20,3,14,9,40,0,0.0,0,2,2,155,132,0
24,0,0.0,0.0,0.0,23,23,1,0,8,3,9,4,11,0,0.0,0,1,1,74,74,0
137,0,0.0,0.0,0.0,23,23,1,0,45,2,12,35,96,0,0.0,0,1,1,164,164,0
122,0,0.0,0.0,0.0,23,23,1,0,32,2,7,32,25,0,0.0,0,1,1,202,202,0
70,0,0.0,0.0,0.0,23,23,1,0,16,4,16,22,8,0,0.0,0,1,1,138,138,1
14,0,0.0,0.0,0.0,23,12,1,0,2,1,9,4,1,0,0.0,0,2,1,69,61,0
24,0,0.0,0.0,0.0,23,23,1,0,4,4,6,7,1,0,0.0,0,1,1,64,64,0
86,0,0.0,0.0,0.0,23,8,3,0,21,1,14,37,11,0,0.0,0,3,2,185,157,0
9,0,0.0,0.0,0.0,23,23,1,0,2,3,0,0,1,0,0.0,0,1,1,32,32,0
4,0,0.0,0.0,0.0,23,14,2,0,0,1,3,1,0,0,0.0,0,2,2,44,39,0
4,0,0.0,0.0,0.0,23,23,1,0,1,1,5,1,0,0,0.0,0,1,1,36,36,0
174,6,0.0,3.0,25.0,23,3,4,1,14,4,26,29,6,25,0.0,0,4,4,351,239,0
168,0,0.0,0.0,0.0,23,8,3,0,7,3,16,8,0,0,0.0,0,3,1,341,304,0
45,0,0.0,0.0,0.0,23,23,1,0,8,1,6,22,0,0,0.0,0,1,1,102,102,0
52,0,0.0,0.0,0.0,23,23,1,0,9,1,7,17,0,0,0.0,0,1,1,101,101,0
31,0,0.0,0.0,0.0,23,23,1,0,8,2,3,0,20,0,0.0,0,1,1,125,125,0
29,0,0.0,0.0,0.0,23,21,2,0,8,3,6,2,6,0,0.0,0,2,2,78,69,0
93,0,0.0,0.0,0.0,23,12,1,0,11,1,17,46,0,0,0.0,0,2,1,227,207,0
4,0,0.0,0.0,0.0,23,21,2,0,0,1,0,0,0,0,0.0,0,2,2,38,28,0
62,0,0.0,0.0,0.0,23,23,1,0,17,1,17,36,1,0,0.0,0,1,1,131,131,0
114,0,0.0,0.0,0.0,23,4,6,0,28,1,15,55,0,0,0.0,0,7,2,335,234,0
10,0,0.0,0.0,0.0,23,23,1,0,2,3,0,0,0,0,0.0,0,1,1,51,51,0
12,0,0.0,0.0,0.0,23,23,1,0,1,4,4,3,0,0,0.0,0,1,1,45,45,0
9,0,0.0,0.0,0.0,23,23,1,0,2,1,0,0,0,0,0.0,0,1,1,37,37,0
54,0,0.0,0.0,0.0,23,21,1,0,12,2,12,24,0,0,0.0,0,2,2,115,109,0
87,2,0.0,1.0,30.0,23,3,1,0,26,1,7,13,120,30,0.0,0,2,2,153,151,0
24,0,0.0,0.0,0.0,23,23,1,0,7,2,4,2,19,0,0.0,0,1,1,58,58,0
14,0,0.0,0.0,0.0,23,21,2,0,12,1,5,0,66,0,0.0,0,2,1,57,52,0
62,0,0.0,0.0,0.0,23,23,1,0,16,2,14,3,94,0,0.0,0,1,1,157,157,0
24,0,0.0,0.0,0.0,23,23,1,0,12,2,6,11,1,0,0.0,0,1,1,75,75,0
3,0,0.0,0.0,0.0,23,23,1,0,1,1,1,0,0,0,0.0,0,1,1,32,32,0
126,0,0.0,0.0,0.0,23,23,1,0,58,2,7,40,66,0,0.0,0,1,1,216,216,0
55,0,0.0,0.0,0.0,23,23,1,0,11,1,18,17,2,0,0.0,0,1,1,72,72,0
115,0,0.0,0.0,0.0,23,23,1,0,30,2,12,17,205,0,0.0,0,1,1,215,215,0
28,0,0.0,0.0,0.0,23,23,1,0,5,1,8,8,0,0,0.0,0,1,1,77,77,0
112,4,0.0,2.0,25.0,23,3,3,1,27,4,24,19,3,25,0.0,0,3,3,218,198,0
69,0,0.0,0.0,0.0,23,23,1,0,27,3,3,2,117,0,0.0,0,1,1,143,143,1
3,0,0.0,0.0,0.0,23,23,1,0,1,1,1,0,0,0,0.0,0,1,1,26,26,0
57,0,0.0,0.0,0.0,23,14,2,0,15,2,6,10,54,0,0.0,0,3,3,116,96,0
11,0,0.0,0.0,0.0,23,23,1,0,2,1,0,0,0,0,0.0,0,1,1,49,49,0
134,10,0.0,2.5,27.5,23,3,3,1,11,3,27,35,1,30,0.971,0,4,3,277,209,0
116,0,0.0,0.0,0.0,23,23,1,0,18,1,23,48,0,0,0.0,0,1,1,258,258,0
88,0,0.0,0.0,0.0,23,17,2,0,22,1,12,42,1,0,0.0,0,2,2,221,182,0
52,0,0.0,0.0,0.0,23,23,1,0,14,3,3,0,77,0,0.0,0,1,1,98,98,0
3,0,0.0,0.0,0.0,23,23,1,0,0,3,3,0,0,0,0.0,0,1,1,31,31,0
138,0,0.0,0.0,0.0,23,12,1,0,34,1,25,58,71,0,0.0,0,4,2,258,224,1
17,0,0.0,0.0,0.0,23,23,1,0,4,2,1,0,2,0,0.0,0,1,1,46,46,0
54,0,0.0,0.0,0.0,23,10,2,0,12,1,14,29,26,0,0.0,0,3,2,221,170,0
13,0,0.0,0.0,0.0,23,23,1,0,3,3,0,1,1,0,0.0,0,1,1,40,40,0
183,0,0.0,0.0,0.0,23,23,1,0,52,3,2,0,1080,0,0.0,0,1,1,353,353,0
66,0,0.0,0.0,0.0,23,21,2,0,20,3,14,8,40,0,0.0,0,2,2,152,129,0
24,0,0.0,0.0,0.0,23,21,2,0,1,3,10,2,0,0,0.0,0,2,2,94,64,0
98,0,0.0,0.0,0.0,23,17,2,0,31,2,17,9,230,0,0.0,0,2,2,220,207,0
35,0,0.0,0.0,0.0,23,23,1,0,14,2,2,0,12,0,0.0,0,1,1,85,85,0
25,0,0.0,0.0,0.0,23,23,1,0,4,1,4,6,0,0,0.0,0,1,1,63,63,0
31,2,0.0,1.0,25.0,23,3,2,1,2,2,17,5,0,25,0.0,0,2,2,112,110,0
27,0,0.0,0.0,0.0,23,21,2,0,7,4,9,2,6,0,0.0,0,2,2,76,69,0
16,0,0.0,0.0,0.0,23,23,1,0,2,4,5,4,0,0,0.0,0,1,1,51,51,0
109,0,0.0,0.0,0.0,23,23,1,0,27,2,20,24,0,0,0.0,0,1,1,247,247,0
49,4,0.0,2.0,25.0,23,3,2,1,2,3,15,6,0,25,0.0,0,2,2,120,116,0
74,0,0.0,0.0,0.0,23,23,1,0,19,2,19,26,28,0,0.0,0,1,1,170,170,0
26,2,0.0,1.0,30.0,23,3,2,0,7,3,6,3,6,30,0.0,0,3,3,77,66,0
89,0,0.0,0.0,0.0,23,23,1,0,20,2,12,18,4,0,0.0,0,1,1,183,183,0
241,4,0.0,2.0,25.0,23,3,3,1,16,3,31,37,2,25,0.0,0,3,3,483,436,0
20,0,0.0,0.0,0.0,23,23,1,0,18,1,6,0,153,0,0.0,0,1,1,215,215,0
158,0,0.0,0.0,0.0,23,23,1,0,25,2,10,6,13,0,0.0,0,1,1,254,254,0
81,0,0.0,0.0,0.0,23,12,3,0,17,2,21,33,16,0,0.0,0,3,2,191,150,0
90,0,0.0,0.0,0.0,23,23,1,0,4,2,12,13,1,0,0.0,0,1,1,174,174,0
126,0,0.0,0.0,0.0,23,14,2,0,32,2,10,11,10,0,0.0,0,2,2,227,181,1
224,0,0.0,0.0,0.0,23,11,2,0,38,2,31,57,0,0,0.0,0,3,2,504,434,0
44,0,0.0,0.0,0.0,23,21,1,0,10,2,8,12,1,0,0.0,0,2,2,90,86,0
52,0,0.0,0.0,0.0,23,21,1,0,9,2,15,16,0,0,0.0,0,2,2,146,144,0
105,0,0.0,0.0,0.0,23,23,1,0,5,4,23,14,0,0,0.0,0,1,1,235,235,0
17,0,0.0,0.0,0.0,23,23,1,0,5,3,2,0,4,0,0.0,0,1,1,49,49,0
231,0,0.0,0.0,0.0,23,18,2,0,53,1,15,118,55,0,0.0,0,2,2,425,370,1
93,0,0.0,0.0,0.0,23,23,1,0,24,2,19,31,4,0,0.0,0,1,1,179,179,0
132,0,0.0,0.0,0.0,23,23,2,0,34,2,15,21,213,0,0.0,0,2,2,244,231,0
15,0,0.0,0.0,0.0,23,23,1,0,13,1,4,0,78,0,0.0,0,1,1,56,56,0
83,0,0.0,0.0,0.0,23,11,2,0,25,2,12,14,140,0,0.0,0,2,1,207,188,0
12,0,0.0,0.0,0.0,23,23,1,0,3,1,0,3,3,0,0.0,0,1,1,45,45,0
91,6,0.0,1.5,14.0,23,3,5,2,3,5,13,6,3,25,0.9183,0,5,4,242,179,0
71,0,0.0,0.0,0.0,23,21,1,0,18,1,12,25,0,0,0.0,0,2,2,149,147,0
41,0,0.0,0.0,0.0,23,23,1,0,9,2,7,7,0,0,0.0,0,1,1,95,95,0
44,0,0.0,0.0,0.0,23,23,1,0,6,2,8,22,1,0,0.0,0,1,1,100,100,0
196,0,0.0,0.0,0.0,23,10,3,0,35,2,33,64,0,0,0.0,0,4,3,523,438,0
38,0,0.0,0.0,0.0,23,21,3,0,5,5,7,12,3,0,0.0,0,3,3,302,190,0
119,0,0.0,0.0,0.0,23,23,1,0,22,3,9,22,20,0,0.0,0,1,1,214,214,0
27,2,0.0,1.0,25.0,23,3,3,1,1,3,13,4,0,25,0.0,0,3,2,110,102,0
34,0,0.0,0.0,0.0,23,23,1,0,13,2,5,2,20,0,0.0,0,1,1,93,93,1
47,0,0.0,0.0,0.0,23,23,1,0,4,2,15,10,0,0,0.0,0,1,1,107,107,0
44,0,0.0,0.0,0.0,23,11,2,0,14,2,8,16,0,0,0.0,0,2,1,104,98,0
71,0,0.0,0.0,0.0,23,14,3,0,14,1,14,24,10,0,0.0,0,3,2,224,157,1
116,0,0.0,0.0,0.0,23,21,3,0,12,6,10,14,4,0,0.0,0,3,3,443,322,0
24,0,0.0,0.0,0.0,23,23,1,0,6,2,7,0,9,0,0.0,0,1,1,69,69,0
35,0,0.0,0.0,0.0,23,23,1,0,12,3,1,1,20,0,0.0,0,1,1,74,74,0
268,0,0.0,0.0,0.0,23,8,2,0,4,5,31,17,1,0,0.0,0,2,2,495,493,0
59,0,0.0,0.0,0.0,23,23,1,0,16,4,2,0,104,0,0.0,0,1,1,104,104,0
16,0,0.0,0.0,0.0,23,23,1,0,4,2,1,0,2,0,0.0,0,1,1,44,44,0
66,0,0.0,0.0,0.0,23,23,1,0,14,1,4,13,0,0,0.0,0,1,1,112,112,0
49,4,0.0,2.0,25.0,23,3,2,1,5,3,16,7,0,25,0.0,0,2,2,125,121,0
87,2,0.0,1.0,30.0,23,3,1,0,25,2,4,13,139,30,0.0,0,2,2,153,151,0
47,0,0.0,0.0,0.0,23,23,1,0,11,2,3,21,0,0,0.0,0,1,1,92,92,0
58,0,0.0,0.0,0.0,23,21,1,0,17,1,5,15,0,0,0.0,0,2,2,178,158,0
134,0,0.0,0.0,0.0,23,21,2,0,22,1,8,27,0,0,0.0,0,6,3,242,176,0
121,0,0.0,0.0,0.0,23,4,8,0,26,1,30,63,13,0,0.0,0,8,3,350,270,0
51,0,0.0,0.0,0.0,23,21,1,0,16,1,4,19,15,0,0.0,0,2,2,98,91,1
3,0,0.0,0.0,0.0,23,23,1,0,0,3,3,0,0,0,0.0,0,1,1,31,31,0
392,0,0.0,0.0,0.0,23,14,2,0,33,3,28,63,22,0,0.0,0,2,2,649,600,0
125,0,0.0,0.0,0.0,23,23,1,0,48,2,7,8,60,0,0.0,0,1,1,210,210,0
13,0,0.0,0.0,0.0,23,23,1,0,2,3,4,2,0,0,0.0,0,1,1,46,46,0
358,2,0.0,1.0,30.0,23,3,2,0,88,2,21,75,118,30,0.0,0,4,4,557,545,0
66,0,0.0,0.0,0.0,23,23,1,0,3,2,13,4,0,0,0.0,0,1,1,149,149,0
16,0,0.0,0.0,0.0,23,23,1,0,4,4,9,6,1,0,0.0,0,1,1,62,62,0
50,0,0.0,0.0,0.0,23,23,1,0,13,1,3,1,66,0,0.0,0,1,1,113,113,0
42,0,0.0,0.0,0.0,23,23,1,0,10,2,8,18,0,0,0.0,0,1,1,93,93,0
30,0,0.0,0.0,0.0,23,23,1,0,8,2,3,2,15,0,0.0,0,1,1,66,66,0
141,0,0.0,0.0,0.0,23,21,3,0,27,2,24,38,8,0,0.0,0,3,2,324,221,0
89,0,0.0,0.0,0.0,23,21,2,0,31,1,13,10,1,0,0.0,0,3,2,219,138,1
106,0,0.0,0.0,0.0,23,23,1,0,21,2,21,31,39,0,0.0,0,1,1,214,214,0
45,0,0.0,0.0,0.0,23,23,1,0,11,2,10,21,1,0,0.0,0,1,1,90,90,0
273,0,0.0,0.0,0.0,23,6,5,0,22,2,35,39,3,0,0.0,0,5,3,656,537,0
116,4,0.0,2.0,4.0,23,3,2,0,1,2,20,12,0,4,0.0,0,3,3,257,224,0
303,0,0.0,0.0,0.0,23,16,2,0,46,1,34,76,0,0,0.0,0,3,2,805,643,1
8,0,0.0,0.0,0.0,23,23,1,0,2,3,0,0,1,0,0.0,0,1,1,30,30,0
17,0,0.0,0.0,0.0,23,23,1,0,5,3,2,0,4,0,0.0,0,1,1,49,49,0
47,0,0.0,0.0,0.0,23,23,1,0,13,2,2,2,50,0,0.0,0,1,1,91,91,0
32,0,0.0,0.0,0.0,23,23,1,0,7,2,7,12,1,0,0.0,0,1,1,75,75,0
17,0,0.0,0.0,0.0,23,23,1,0,4,2,2,0,2,0,0.0,0,1,1,47,47,0
416,0,0.0,0.0,0.0,23,6,3,0,142,1,37,110,35,0,0.0,0,3,3,811,755,0
89,0,0.0,0.0,0.0,23,23,1,0,1,2,12,3,0,0,0.0,0,1,1,185,185,0
211,0,0.0,0.0,0.0,23,21,2,0,73,3,35,47,660,0,0.0,0,2,2,464,416,0
52,0,0.0,0.0,0.0,23,23,1,0,16,3,2,1,75,0,0.0,0,1,1,102,102,0
23,0,0.0,0.0,0.0,23,21,2,0,6,3,6,2,2,0,0.0,0,2,2,68,59,0
145,2,0.0,1.0,25.0,23,3,4,1,11,3,19,21,0,25,0.0,0,4,3,339,309,0
8,0,0.0,0.0,0.0,23,23,1,0,2,1,0,0,0,0,0.0,0,1,1,35,35,0
94,0,0.0,0.0,0.0,23,23,1,0,42,2,10,25,300,0,0.0,0,1,1,168,168,0
65,0,0.0,0.0,0.0,23,4,2,0,18,3,2,4,104,0,0.0,0,2,1,115,105,0
11,0,0.0,0.0,0.0,23,23,1,0,0,1,0,0,0,0,0.0,0,1,1,41,41,0
38,2,0.0,1.0,30.0,23,3,1,0,5,4,6,5,3,30,0.0,0,2,2,89,87,0
21,0,0.0,0.0,0.0,23,23,1,0,5,2,2,0,6,0,0.0,0,1,1,53,53,0
17,0,0.0,0.0,0.0,23,23,1,0,4,2,6,0,2,0,0.0,0,1,1,55,55,0
41,0,0.0,0.0,0.0,23,23,1,0,15,1,15,7,0,0,0.0,0,1,1,110,110,0
89,2,0.0,1.0,30.0,23,3,1,0,26,2,6,17,140,30,0.0,0,2,2,153,151,0
183,0,0.0,0.0,0.0,23,10,2,0,46,1,20,78,47,0,0.0,0,2,2,385,315,0
88,4,0.0,2.0,25.0,23,3,3,1,16,3,25,8,8,25,0.0,0,3,3,236,216,0
352,0,0.0,0.0,0.0,23,11,3,0,83,1,23,36,66,0,0.0,0,3,2,568,545,0
31,0,0.0,0.0,0.0,23,23,1,0,5,1,1,10,8,0,0.0,0,1,1,75,75,0
40,0,0.0,0.0,0.0,23,21,1,0,21,2,15,15,1,0,0.0,0,2,2,123,115,0
26,2,0.0,1.0,30.0,23,3,2,0,7,3,6,3,6,30,0.0,0,3,3,78,66,0
463,0,0.0,0.0,0.0,23,8,2,0,104,2,49,122,23,0,0.0,0,5,3,875,786,0
171,2,0.0,1.0,30.0,23,3,2,0,49,2,26,15,676,30,0.0,0,3,2,362,356,0
48,0,0.0,0.0,0.0,23,23,1,0,19,1,16,24,0,0,0.0,0,1,1,123,123,0
17,0,0.0,0.0,0.0,23,23,1,0,4,2,3,3,0,0,0.0,0,1,1,46,46,0
95,0,0.0,0.0,0.0,23,10,4,0,21,2,8,24,55,0,0.0,0,4,2,237,180,0
33,0,0.0,0.0,0.0,23,23,1,0,4,3,6,7,1,0,0.0,0,1,1,77,77,0
19,4,0.0,2.0,3.0,23,2,2,1,2,5,10,8,0,3,0.0,0,2,1,63,59,0
385,0,0.0,0.0,0.0,23,21,2,0,92,2,12,87,0,0,0.0,0,5,3,699,382,0
9,0,0.0,0.0,0.0,23,23,1,0,2,2,1,0,0,0,0.0,0,1,1,34,34,0
197,6,0.0,1.5,27.5,23,3,2,1,15,3,25,16,1,30,0.9183,0,3,2,354,348,0
350,6,0.0,1.5,14.0,23,3,5,2,6,6,31,20,4,25,0.9183,0,5,4,600,576,0
184,0,0.0,0.0,0.0,23,23,1,0,44,2,18,57,11,0,0.0,0,1,1,310,310,0
25,0,0.0,0.0,0.0,23,23,1,0,6,3,3,0,2,0,0.0,0,1,1,62,62,0
58,4,0.0,2.0,25.0,23,3,2,1,2,4,12,7,0,25,0.0,0,2,2,123,119,0
49,0,0.0,0.0,0.0,23,23,1,0,12,3,4,0,40,0,0.0,0,1,1,112,112,0
54,6,0.0,3.0,25.0,23,3,2,1,1,3,12,1,0,25,0.0,0,2,2,120,114,0
27,0,0.0,0.0,0.0,23,9,2,0,10,2,7,6,0,0,0.0,0,2,1,98,86,0
17,0,0.0,0.0,0.0,23,23,1,0,4,2,1,0,2,0,0.0,0,1,1,46,46,0
62,0,0.0,0.0,0.0,23,4,3,0,2,3,16,4,0,0,0.0,0,3,3,171,165,0
70,0,0.0,0.0,0.0,23,21,2,0,22,1,10,22,0,0,0.0,0,3,2,150,123,0
108,0,0.0,0.0,0.0,23,11,2,0,20,2,31,28,0,0,0.0,0,2,2,287,244,0
107,0,0.0,0.0,0.0,23,9,3,0,22,1,9,34,31,0,0.0,0,3,2,338,200,0
23,0,0.0,0.0,0.0,23,22,2,0,6,3,6,2,2,0,0.0,0,2,2,69,59,0
228,0,0.0,0.0,0.0,23,23,1,0,43,2,35,44,0,0,0.0,0,1,1,461,461,0
2,0,0.0,0.0,0.0,23,23,1,0,0,3,3,0,0,0,0.0,0,1,1,28,28,0
58,0,0.0,0.0,0.0,23,23,1,0,25,2,15,31,0,0,0.0,0,1,1,135,135,0
302,0,0.0,0.0,0.0,23,14,3,0,97,3,31,66,1259,0,0.0,0,4,3,637,544,1
12,0,0.0,0.0,0.0,23,23,1,0,3,3,7,0,1,0,0.0,0,1,1,50,50,0
149,0,0.0,0.0,0.0,23,3,2,0,1,2,24,15,0,0,0.0,0,3,3,345,282,0
77,0,0.0,0.0,0.0,23,23,1,0,22,2,2,2,170,0,0.0,0,1,1,133,133,0
85,0,0.0,0.0,0.0,23,23,1,0,24,3,2,0,170,0,0.0,0,1,1,175,175,0
60,0,0.0,0.0,0.0,23,21,2,0,19,1,2,6,57,0,0.0,0,2,2,152,110,0
401,0,0.0,0.0,0.0,23,4,4,0,3,6,35,18,0,0,0.0,0,4,3,761,711,0
79,0,0.0,0.0,0.0,23,23,1,0,27,2,10,17,47,0,0.0,0,1,1,145,145,0
9,0,0.0,0.0,0.0,23,14,2,0,1,2,5,2,0,0,0.0,0,2,2,47,45,0
21,0,0.0,0.0,0.0,23,23,1,0,7,2,8,2,6,0,0.0,0,1,1,65,65,0
80,0,0.0,0.0,0.0,23,4,1,0,19,2,13,14,105,0,0.0,0,2,2,191,189,1
54,0,0.0,0.0,0.0,23,23,1,0,9,2,15,15,0,0,0.0,0,1,1,144,144,0
17,0,0.0,0.0,0.0,23,23,1,0,4,2,4,0,2,0,0.0,0,1,1,52,52,0
43,0,0.0,0.0,0.0,23,21,1,0,5,4,6,7,3,0,0.0,0,2,2,96,94,0
401,0,0.0,0.0,0.0,23,18,2,0,81,2,36,111,190,0,0.0,0,2,2,697,650,1
276,0,0.0,0.0,0.0,23,23,1,0,3,5,24,14,0,0,0.0,0,1,1,506,506,0
130,0,0.0,0.0,0.0,23,4,1,0,37,4,6,18,344,0,0.0,0,2,2,215,213,0
268,0,0.0,0.0,0.0,23,23,1,0,3,6,25,14,0,0,0.0,0,1,1,483,483,0
26,0,0.0,0.0,0.0,23,23,1,0,7,1,1,0,15,0,0.0,0,1,1,59,59,0
34,0,0.0,0.0,0.0,23,23,1,0,12,1,10,9,0,0,0.0,0,1,1,92,92,0
3,0,0.0,0.0,0.0,23,23,1,0,0,3,3,0,0,0,0.0,0,1,1,31,31,0
33,0,0.0,0.0,0.0,23,23,1,0,13,1,1,2,2,0,0.0,0,1,1,72,72,0
130,0,0.0,0.0,0.0,23,4,3,0,4,2,18,14,1,0,0.0,0,3,3,301,263,0
105,0,0.0,0.0,0.0,23,9,3,0,12,2,24,21,24,0,0.0,0,3,2,235,221,0
25,0,0.0,0.0,0.0,23,23,1,0,7,1,1,3,2,0,0.0,0,1,1,99,99,0
111,0,0.0,0.0,0.0,23,23,1,0,1,3,15,4,0,0,0.0,0,1,1,211,211,0
128,0,0.0,0.0,0.0,23,22,1,0,36,2,2,6,402,0,0.0,0,2,2,271,211,0
52,0,0.0,0.0,0.0,23,4,1,0,14,2,12,6,43,0,0.0,0,2,2,116,114,0
117,0,0.0,0.0,0.0,23,3,3,0,1,2,21,12,0,0,0.0,0,4,4,277,234,0
126,0,0.0,0.0,0.0,23,23,1,0,29,2,17,45,1,0,0.0,0,1,1,232,232,1
68,0,0.0,0.0,0.0,23,23,1,0,17,1,7,21,4,0,0.0,0,1,1,119,119,1
89,0,0.0,0.0,0.0,23,23,1,0,1,3,17,12,0,0,0.0,0,1,1,194,194,0
10,0,0.0,0.0,0.0,23,23,1,0,3,3,2,0,1,0,0.0,0,1,1,40,40,0
10,0,0.0,0.0,0.0,23,23,1,0,3,3,2,0,1,0,0.0,0,1,1,40,40,0
95,0,0.0,0.0,0.0,23,21,1,0,15,2,20,33,0,0,0.0,0,2,2,229,223,0
23,0,0.0,0.0,0.0,23,22,2,0,6,3,6,2,2,0,0.0,0,2,2,69,59,0
226,0,0.0,0.0,0.0,23,3,3,0,72,1,29,72,26,0,0.0,0,5,3,453,404,1
135,0,0.0,0.0,0.0,23,3,2,0,1,2,24,15,0,0,0.0,0,3,3,296,262,0
8,0,0.0,0.0,0.0,23,23,1,0,2,3,0,0,1,0,0.0,0,1,1,31,31,0
3,0,0.0,0.0,0.0,23,23,1,0,0,3,4,0,0,0,0.0,0,1,1,32,32,0
17,0,0.0,0.0,0.0,23,23,1,0,4,3,4,0,2,0,0.0,0,1,1,51,51,0
55,0,0.0,0.0,0.0,23,23,1,0,7,5,7,10,6,0,0.0,0,1,1,111,111,0
110,0,0.0,0.0,0.0,23,22,2,0,26,2,14,33,89,0,0.0,0,2,1,256,186,0
62,0,0.0,0.0,0.0,23,4,1,0,17,1,2,24,21,0,0.0,0,2,2,139,135,0
59,0,0.0,0.0,0.0,23,23,1,0,18,1,5,7,48,0,0.0,0,1,1,131,131,0
62,0,0.0,0.0,0.0,23,7,3,0,21,2,10,16,78,0,0.0,0,3,3,215,157,1
101,0,0.0,0.0,0.0,23,10,2,0,5,3,22,26,1,0,0.0,0,2,2,253,219,0
37,0,0.0,0.0,0.0,23,9,2,0,1,1,0,0,0,0,0.0,0,2,1,98,96,0
27,0,0.0,0.0,0.0,23,22,2,0,7,4,9,2,6,0,0.0,0,2,2,78,69,0
52,0,0.0,0.0,0.0,23,23,1,0,9,2,15,15,0,0,0.0,0,1,1,144,144,0
20,0,0.0,0.0,0.0,23,21,2,0,7,1,3,7,3,0,0.0,0,2,2,85,54,0
49,0,0.0,0.0,0.0,23,23,1,0,15,2,5,15,8,0,0.0,0,1,1,96,96,0
66,0,0.0,0.0,0.0,23,9,4,0,18,3,12,6,100,0,0.0,0,4,2,144,122,0
89,0,0.0,0.0,0.0,23,23,1,0,27,2,4,3,260,0,0.0,0,1,1,153,153,0
99,0,0.0,0.0,0.0,23,23,1,0,33,1,11,30,0,0,0.0,0,1,1,213,213,0
138,0,0.0,0.0,0.0,23,23,1,0,37,2,5,2,586,0,0.0,0,1,1,235,235,0
10,0,0.0,0.0,0.0,23,23,1,0,3,3,2,0,1,0,0.0,0,1,1,40,40,0
30,0,0.0,0.0,0.0,23,23,1,0,1,1,0,0,0,0,0.0,0,1,1,244,244,0
56,0,0.0,0.0,0.0,23,4,2,0,4,4,14,7,1,0,0.0,0,2,2,121,119,0
63,0,0.0,0.0,0.0,23,18,2,0,17,2,2,1,91,0,0.0,0,2,2,107,97,0
53,0,0.0,0.0,0.0,23,23,1,0,4,4,14,7,1,0,0.0,0,1,1,114,114,0
3,0,0.0,0.0,0.0,23,23,1,0,0,3,3,0,0,0,0.0,0,1,1,31,31,0
46,0,0.0,0.0,0.0,23,3,2,0,2,5,14,9,0,0,0.0,0,2,1,116,112,0
124,0,0.0,0.0,0.0,23,4,1,0,36,1,12,17,192,0,0.0,0,2,2,209,205,0
89,0,0.0,0.0,0.0,23,23,1,0,1,3,16,9,0,0,0.0,0,1,1,195,195,0
226,0,0.0,0.0,0.0,23,11,2,0,52,2,25,72,45,0,0.0,0,3,3,446,411,1
10,0,0.0,0.0,0.0,23,23,1,0,2,3,0,0,0,0,0.0,0,1,1,33,33,0
3,0,0.0,0.0,0.0,23,23,1,0,0,1,2,1,0,0,0.0,0,1,1,31,31,0
82,0,0.0,0.0,0.0,23,4,3,0,23,2,12,11,120,0,0.0,0,4,3,255,178,0
98,0,0.0,0.0,0.0,23,9,2,0,33,2,3,5,244,0,0.0,0,2,2,169,141,0
108,0,0.0,0.0,0.0,23,23,1,0,22,2,23,18,0,0,0.0,0,1,1,264,264,0
25,0,0.0,0.0,0.0,23,23,1,0,6,2,10,2,11,0,0.0,0,1,1,75,75,0
57,0,0.0,0.0,0.0,23,4,1,0,16,2,15,5,72,0,0.0,0,2,2,134,132,0
34,0,0.0,0.0,0.0,23,23,1,0,12,1,10,11,46,0,0.0,0,1,1,110,110,1
258,0,0.0,0.0,0.0,23,11,3,0,76,1,28,67,0,0,0.0,0,4,3,629,566,0
34,0,0.0,0.0,0.0,23,4,1,0,6,4,9,12,10,0,0.0,0,2,2,81,79,0
83,0,0.0,0.0,0.0,23,4,2,0,1,2,14,4,0,0,0.0,0,2,2,178,176,0
36,0,0.0,0.0,0.0,23,23,1,0,10,1,2,1,0,0,0.0,0,1,1,65,65,0
11,0,0.0,0.0,0.0,23,23,1,0,4,1,0,1,0,0,0.0,0,1,1,69,69,0
128,0,0.0,0.0,0.0,23,14,2,0,30,2,7,12,153,0,0.0,0,2,2,378,300,0
122,0,0.0,0.0,0.0,23,4,2,0,30,1,2,13,0,0,0.0,0,3,2,306,282,0
70,0,0.0,0.0,0.0,23,9,3,0,16,2,32,19,15,0,0.0,0,3,2,214,175,0
288,0,0.0,0.0,0.0,23,23,1,0,76,1,28,1,0,0,0.0,0,1,1,401,401,0
38,0,0.0,0.0,0.0,23,23,1,0,8,2,12,12,1,0,0.0,0,1,1,79,79,0
41,0,0.0,0.0,0.0,23,23,1,0,4,2,10,12,0,0,0.0,0,1,1,107,107,0
79,0,0.0,0.0,0.0,23,23,1,0,20,1,3,25,5,0,0.0,0,1,1,178,178,0
298,0,0.0,0.0,0.0,23,4,1,0,62,2,30,84,114,0,0.0,0,3,3,552,532,0
37,0,0.0,0.0,0.0,23,23,1,0,14,2,2,3,8,0,0.0,0,1,1,111,111,0
32,0,0.0,0.0,0.0,23,23,1,0,10,2,6,8,28,0,0.0,0,1,1,104,104,0
3,0,0.0,0.0,0.0,23,23,1,0,0,3,2,0,0,0,0.0,0,1,1,29,29,0
2,0,0.0,0.0,0.0,23,23,1,0,0,3,3,0,0,0,0.0,0,1,1,28,28,0
32,0,0.0,0.0,0.0,23,23,1,0,9,2,5,2,32,0,0.0,0,1,1,72,72,0
94,0,0.0,0.0,0.0,23,21,1,0,6,3,7,5,2,0,0.0,0,2,2,168,165,0
76,0,0.0,0.0,0.0,23,23,2,0,22,2,2,1,186,0,0.0,0,2,2,134,124,0
65,0,0.0,0.0,0.0,23,21,2,0,19,4,13,6,137,0,0.0,0,2,2,154,152,0
243,0,0.0,0.0,0.0,11,11,1,0,67,2,15,57,0,0,0.0,0,1,1,318,318,0
29,0,0.0,0.0,0.0,23,23,1,0,8,2,16,7,0,0,0.0,0,1,1,83,83,0
23,0,0.0,0.0,0.0,23,23,1,0,8,2,1,0,3,0,0.0,0,1,1,57,57,0
42,0,0.0,0.0,0.0,23,23,1,0,14,2,1,1,35,0,0.0,0,1,1,85,85,0
3,0,0.0,0.0,0.0,23,23,1,0,0,3,4,0,0,0,0.0,0,1,1,32,32,0
23,0,0.0,0.0,0.0,23,17,2,0,7,2,7,11,1,0,0.0,0,2,2,72,61,0
32,0,0.0,0.0,0.0,23,23,1,0,7,4,15,10,4,0,0.0,0,1,1,90,90,0
27,0,0.0,0.0,0.0,23,21,1,0,2,4,7,5,0,0,0.0,0,2,2,79,67,0
33,0,0.0,0.0,0.0,23,21,2,0,8,2,8,10,1,0,0.0,0,3,3,77,71,0
14,0,0.0,0.0,0.0,23,23,1,0,12,1,5,0,66,0,0.0,0,1,1,53,53,0
137,0,0.0,0.0,0.0,23,4,4,0,8,3,28,27,0,0,0.0,0,4,3,314,271,0
38,0,0.0,0.0,0.0,23,23,1,0,13,2,4,0,17,0,0.0,0,1,1,84,84,0
369,0,0.0,0.0,0.0,23,4,8,0,99,1,40,132,139,0,0.0,0,11,4,1137,818,0
44,0,0.0,0.0,0.0,23,23,1,0,10,2,4,19,0,0,0.0,0,1,1,78,78,0
81,0,0.0,0.0,0.0,23,23,1,0,34,1,14,30,10,0,0.0,0,1,1,184,184,0
103,0,0.0,0.0,0.0,23,23,1,0,32,4,3,11,287,0,0.0,0,1,1,177,177,0
51,0,0.0,0.0,0.0,23,23,1,0,14,2,2,0,77,0,0.0,0,1,1,115,115,0
8,0,0.0,0.0,0.0,23,23,1,0,2,2,5,1,1,0,0.0,0,1,1,42,42,0
437,0,0.0,0.0,0.0,23,4,1,0,5,6,27,16,4,0,0.0,0,2,2,858,856,0
43,0,0.0,0.0,0.0,23,23,1,0,11,2,7,12,0,0,0.0,0,1,1,93,93,0
105,0,0.0,0.0,0.0,23,9,3,0,23,2,14,26,78,0,0.0,0,3,2,214,164,0
164,0,0.0,0.0,0.0,23,23,1,0,9,3,26,14,1,0,0.0,0,1,1,334,334,0
258,0,0.0,0.0,0.0,23,4,4,0,36,2,25,35,15,0,0.0,0,7,4,639,553,0
42,0,0.0,0.0,0.0,23,8,3,0,7,1,10,19,4,0,0.0,0,3,1,155,142,0
40,0,0.0,0.0,0.0,23,4,2,0,1,3,6,8,0,0,0.0,0,2,2,99,96,0
68,0,0.0,0.0,0.0,23,23,1,0,10,2,13,10,0,0,0.0,0,1,1,140,140,0
191,0,0.0,0.0,0.0,23,4,1,0,19,2,23,32,6,0,0.0,0,2,2,361,357,0
28,0,0.0,0.0,0.0,23,23,1,0,8,1,9,12,0,0,0.0,0,1,1,78,78,0
17,0,0.0,0.0,0.0,23,23,1,0,5,3,2,0,4,0,0.0,0,1,1,49,49,0
52,0,0.0,0.0,0.0,23,21,2,0,14,3,12,2,77,0,0.0,0,2,2,143,139,0
84,0,0.0,0.0,0.0,21,21,1,0,5,4,5,3,0,0,0.0,0,2,2,141,140,0
66,0,0.0,0.0,0.0,23,22,2,0,20,3,14,8,40,0,0.0,0,2,2,173,150,0
93,0,0.0,0.0,0.0,23,23,1,0,2,2,12,9,1,0,0.0,0,1,1,187,187,0
52,0,0.0,0.0,0.0,23,9,2,0,17,2,2,3,50,0,0.0,0,2,2,101,72,0
27,0,0.0,0.0,0.0,23,22,2,0,7,4,9,2,6,0,0.0,0,2,2,78,69,0
148,0,0.0,0.0,0.0,23,4,7,0,45,1,27,70,19,0,0.0,0,7,4,357,236,0
69,0,0.0,0.0,0.0,23,22,2,0,20,3,14,9,40,0,0.0,0,2,2,155,132,0
24,0,0.0,0.0,0.0,23,23,1,0,8,3,9,4,11,0,0.0,0,1,1,74,74,0
83,0,0.0,0.0,0.0,23,23,1,0,31,2,11,19,90,0,0.0,0,1,1,164,164,1
122,0,0.0,0.0,0.0,23,23,1,0,32,2,7,32,25,0,0.0,0,1,1,202,202,0
70,0,0.0,0.0,0.0,23,23,1,0,16,4,16,22,8,0,0.0,0,1,1,138,138,1
14,0,0.0,0.0,0.0,23,12,1,0,2,1,9,4,1,0,0.0,0,2,1,69,61,0
24,0,0.0,0.0,0.0,23,23,1,0,4,4,6,7,1,0,0.0,0,1,1,64,64,0
86,0,0.0,0.0,0.0,23,9,3,0,21,1,14,37,11,0,0.0,0,3,2,185,157,0
9,0,0.0,0.0,0.0,23,23,1,0,2,3,0,0,1,0,0.0,0,1,1,32,32,0
4,0,0.0,0.0,0.0,23,14,2,0,0,1,3,1,0,0,0.0,0,2,2,44,39,0
4,0,0.0,0.0,0.0,23,23,1,0,1,1,5,1,0,0,0.0,0,1,1,36,36,0
174,0,0.0,0.0,0.0,23,4,4,0,14,4,26,29,6,0,0.0,0,4,4,351,239,0
168,0,0.0,0.0,0.0,23,9,3,0,7,3,16,8,0,0,0.0,0,3,1,341,304,0
45,0,0.0,0.0,0.0,23,23,1,0,8,1,6,22,0,0,0.0,0,1,1,102,102,0
52,0,0.0,0.0,0.0,23,23,1,0,9,1,7,17,0,0,0.0,0,1,1,101,101,0
31,0,0.0,0.0,0.0,23,23,1,0,8,2,3,0,20,0,0.0,0,1,1,125,125,0
29,0,0.0,0.0,0.0,23,22,2,0,8,3,6,2,6,0,0.0,0,2,2,78,69,0
93,0,0.0,0.0,0.0,23,12,1,0,11,1,17,46,0,0,0.0,0,2,1,227,207,0
4,0,0.0,0.0,0.0,23,21,2,0,0,1,0,0,0,0,0.0,0,2,2,38,28,0
62,0,0.0,0.0,0.0,23,23,1,0,17,1,17,36,1,0,0.0,0,1,1,131,131,0
114,16,0.0,8.0,14.0,23,0,7,1,28,1,15,55,0,14,0.0,0,8,2,351,234,0
10,0,0.0,0.0,0.0,23,23,1,0,2,3,0,0,0,0,0.0,0,1,1,51,51,0
12,0,0.0,0.0,0.0,23,23,1,0,1,4,4,3,0,0,0.0,0,1,1,45,45,0
9,0,0.0,0.0,0.0,23,23,1,0,2,1,0,0,0,0,0.0,0,1,1,37,37,0
54,0,0.0,0.0,0.0,23,21,1,0,12,2,12,24,0,0,0.0,0,2,2,115,109,0
87,0,0.0,0.0,0.0,23,4,1,0,26,1,7,13,120,0,0.0,0,2,2,153,151,0
24,0,0.0,0.0,0.0,23,23,1,0,7,2,4,2,19,0,0.0,0,1,1,58,58,0
14,0,0.0,0.0,0.0,23,22,2,0,12,1,5,0,66,0,0.0,0,2,1,57,52,0
62,0,0.0,0.0,0.0,23,23,1,0,16,2,14,3,94,0,0.0,0,1,1,157,157,0
24,0,0.0,0.0,0.0,23,23,1,0,12,2,6,11,1,0,0.0,0,1,1,75,75,0
3,0,0.0,0.0,0.0,23,23,1,0,1,1,1,0,0,0,0.0,0,1,1,32,32,0
126,0,0.0,0.0,0.0,23,23,1,0,58,2,7,40,66,0,0.0,0,1,1,216,216,0
115,0,0.0,0.0,0.0,23,23,1,0,30,2,12,17,205,0,0.0,0,1,1,215,215,0
28,0,0.0,0.0,0.0,23,23,1,0,5,1,8,8,0,0,0.0,0,1,1,77,77,0
112,0,0.0,0.0,0.0,23,4,3,0,27,4,24,19,3,0,0.0,0,3,3,218,198,0
82,0,0.0,0.0,0.0,23,23,1,0,32,3,3,6,153,0,0.0,0,1,1,143,143,1
3,0,0.0,0.0,0.0,23,23,1,0,1,1,1,0,0,0,0.0,0,1,1,26,26,0
57,0,0.0,0.0,0.0,23,14,2,0,15,2,6,10,54,0,0.0,0,3,3,116,96,0
11,0,0.0,0.0,0.0,23,23,1,0,2,1,0,0,0,0,0.0,0,1,1,49,49,0
134,0,0.0,0.0,0.0,23,4,3,0,11,3,27,35,1,0,0.0,0,4,3,277,209,0
116,0,0.0,0.0,0.0,23,23,1,0,18,1,23,48,0,0,0.0,0,1,1,258,258,0
88,0,0.0,0.0,0.0,23,18,2,0,22,1,12,42,1,0,0.0,0,2,2,221,182,0
52,0,0.0,0.0,0.0,23,23,1,0,14,3,3,0,77,0,0.0,0,1,1,98,98,0
3,0,0.0,0.0,0.0,23,23,1,0,0,3,3,0,0,0,0.0,0,1,1,31,31,0
138,24,20.0,22.0,14.0,23,0,2,1,34,1,25,58,71,14,0.0,0,5,2,282,224,1
17,0,0.0,0.0,0.0,23,23,1,0,4,2,1,0,2,0,0.0,0,1,1,46,46,0
54,0,0.0,0.0,0.0,23,11,2,0,12,1,14,29,26,0,0.0,0,3,2,221,170,0
13,0,0.0,0.0,0.0,23,23,1,0,3,3,0,1,1,0,0.0,0,1,1,40,40,0
183,0,0.0,0.0,0.0,23,23,1,0,52,3,2,0,1080,0,0.0,0,1,1,353,353,0
66,0,0.0,0.0,0.0,23,22,2,0,20,3,14,8,40,0,0.0,0,2,2,152,129,0
24,0,0.0,0.0,0.0,23,21,2,0,1,3,10,2,0,0,0.0,0,2,2,94,64,0
98,0,0.0,0.0,0.0,23,17,2,0,31,2,17,9,230,0,0.0,0,2,2,220,207,0
35,0,0.0,0.0,0.0,23,23,1,0,14,2,2,0,12,0,0.0,0,1,1,85,85,0
25,0,0.0,0.0,0.0,23,23,1,0,4,1,4,6,0,0,0.0,0,1,1,63,63,0
31,0,0.0,0.0,0.0,23,4,2,0,2,2,17,5,0,0,0.0,0,2,2,112,110,0
27,0,0.0,0.0,0.0,23,22,2,0,7,4,9,2,6,0,0.0,0,2,2,76,69,0
16,0,0.0,0.0,0.0,23,23,1,0,2,4,5,4,0,0,0.0,0,1,1,51,51,0
109,0,0.0,0.0,0.0,23,23,1,0,27,2,20,24,0,0,0.0,0,1,1,247,247,0
49,0,0.0,0.0,0.0,23,4,2,0,2,3,15,6,0,0,0.0,0,2,2,120,116,0
74,0,0.0,0.0,0.0,23,23,1,0,19,2,19,26,28,0,0.0,0,1,1,170,170,0
26,0,0.0,0.0,0.0,23,4,2,0,7,3,6,3,6,0,0.0,0,3,3,77,66,0
89,0,0.0,0.0,0.0,23,23,1,0,20,2,12,18,4,0,0.0,0,1,1,183,183,0
241,0,0.0,0.0,0.0,23,4,3,0,16,3,31,37,2,0,0.0,0,3,3,483,436,0
19,0,0.0,0.0,0.0,23,23,1,0,17,1,6,0,136,0,0.0,0,1,1,215,215,1
158,0,0.0,0.0,0.0,23,23,1,0,25,2,10,6,13,0,0.0,0,1,1,254,254,0
81,0,0.0,0.0,0.0,23,13,3,0,17,2,21,33,16,0,0.0,0,3,2,191,150,0
90,0,0.0,0.0,0.0,23,23,1,0,4,2,12,13,1,0,0.0,0,1,1,174,174,0
126,0,0.0,0.0,0.0,23,14,2,0,32,2,10,11,10,0,0.0,0,2,2,227,181,1
224,88,-12.0,38.0,14.0,23,0,3,1,38,2,31,57,0,14,0.0,0,4,2,592,434,0
44,0,0.0,0.0,0.0,23,21,1,0,10,2,8,12,1,0,0.0,0,2,2,90,86,0
52,0,0.0,0.0,0.0,23,21,1,0,9,2,15,16,0,0,0.0,0,2,2,146,144,0
105,0,0.0,0.0,0.0,23,23,1,0,5,4,23,14,0,0,0.0,0,1,1,235,235,0
17,0,0.0,0.0,0.0,23,23,1,0,5,3,2,0,4,0,0.0,0,1,1,49,49,0
228,0,0.0,0.0,0.0,23,18,2,0,53,1,15,118,55,0,0.0,0,2,2,425,370,1
82,0,0.0,0.0,0.0,23,23,1,0,19,2,19,25,4,0,0.0,0,1,1,179,179,0
132,0,0.0,0.0,0.0,23,23,2,0,34,2,15,21,213,0,0.0,0,2,2,244,231,0
15,0,0.0,0.0,0.0,23,23,1,0,13,1,4,0,78,0,0.0,0,1,1,56,56,0
83,0,0.0,0.0,0.0,23,11,2,0,25,2,12,14,140,0,0.0,0,2,1,207,188,0
12,0,0.0,0.0,0.0,23,23,1,0,3,1,0,3,3,0,0.0,0,1,1,45,45,0
91,0,0.0,0.0,0.0,23,4,5,0,3,5,13,6,3,0,0.0,0,5,4,242,179,0
71,0,0.0,0.0,0.0,23,21,1,0,18,1,12,25,0,0,0.0,0,2,2,149,147,0
41,0,0.0,0.0,0.0,23,23,1,0,9,2,7,7,0,0,0.0,0,1,1,95,95,0
44,0,0.0,0.0,0.0,23,23,1,0,6,2,8,22,1,0,0.0,0,1,1,100,100,0
196,0,0.0,0.0,0.0,23,11,3,0,35,2,33,64,0,0,0.0,0,4,3,523,438,0
38,0,0.0,0.0,0.0,23,21,3,0,5,5,7,12,3,0,0.0,0,3,3,302,190,0
119,0,0.0,0.0,0.0,23,23,1,0,22,3,9,22,20,0,0.0,0,1,1,214,214,0
27,0,0.0,0.0,0.0,23,4,3,0,1,3,13,4,0,0,0.0,0,3,2,110,102,0
31,0,0.0,0.0,0.0,23,23,1,0,12,2,5,1,20,0,0.0,0,1,1,93,93,1
47,0,0.0,0.0,0.0,23,23,1,0,4,2,15,10,0,0,0.0,0,1,1,107,107,0
44,0,0.0,0.0,0.0,23,12,2,0,14,2,8,16,0,0,0.0,0,2,1,104,98,0
71,0,0.0,0.0,0.0,23,14,3,0,14,1,14,24,10,0,0.0,0,3,2,224,157,1
116,0,0.0,0.0,0.0,23,21,3,0,12,6,10,14,4,0,0.0,0,3,3,443,322,0
24,0,0.0,0.0,0.0,23,23,1,0,6,2,7,0,9,0,0.0,0,1,1,69,69,0
35,0,0.0,0.0,0.0,23,23,1,0,12,3,1,1,20,0,0.0,0,1,1,74,74,0
268,0,0.0,0.0,0.0,23,9,2,0,4,5,31,17,1,0,0.0,0,2,2,495,493,0
59,0,0.0,0.0,0.0,23,23,1,0,16,4,2,0,104,0,0.0,0,1,1,104,104,0
16,0,0.0,0.0,0.0,23,23,1,0,4,2,1,0,2,0,0.0,0,1,1,44,44,0
66,0,0.0,0.0,0.0,23,23,1,0,14,1,4,13,0,0,0.0,0,1,1,112,112,0
49,0,0.0,0.0,0.0,23,4,2,0,5,3,16,7,0,0,0.0,0,2,2,125,121,0
87,0,0.0,0.0,0.0,23,4,1,0,25,2,4,13,139,0,0.0,0,2,2,153,151,0
47,0,0.0,0.0,0.0,23,23,1,0,11,2,3,21,0,0,0.0,0,1,1,92,92,0
58,0,0.0,0.0,0.0,23,21,1,0,17,1,5,15,0,0,0.0,0,2,2,178,158,0
132,0,0.0,0.0,0.0,23,21,2,0,21,1,7,26,0,0,0.0,0,6,3,242,176,1
121,0,0.0,0.0,0.0,23,4,8,0,26,1,30,63,13,0,0.0,0,8,3,350,270,0
51,0,0.0,0.0,0.0,23,21,1,0,16,1,4,19,15,0,0.0,0,2,2,98,91,1
3,0,0.0,0.0,0.0,23,23,1,0,0,3,3,0,0,0,0.0,0,1,1,31,31,0
392,0,0.0,0.0,0.0,23,14,2,0,33,3,28,63,22,0,0.0,0,2,2,649,600,0
125,0,0.0,0.0,0.0,23,23,1,0,48,2,7,8,60,0,0.0,0,1,1,210,210,0
13,0,0.0,0.0,0.0,23,23,1,0,2,3,4,2,0,0,0.0,0,1,1,46,46,0
358,0,0.0,0.0,0.0,23,4,2,0,88,2,21,75,118,0,0.0,0,4,4,557,545,0
66,0,0.0,0.0,0.0,23,23,1,0,3,2,13,4,0,0,0.0,0,1,1,149,149,0
16,0,0.0,0.0,0.0,23,23,1,0,4,4,9,6,1,0,0.0,0,1,1,62,62,0
50,0,0.0,0.0,0.0,23,23,1,0,13,1,3,1,66,0,0.0,0,1,1,113,113,0
42,0,0.0,0.0,0.0,23,23,1,0,10,2,8,18,0,0,0.0,0,1,1,93,93,0
30,0,0.0,0.0,0.0,23,23,1,0,8,2,3,2,15,0,0.0,0,1,1,66,66,0
141,0,0.0,0.0,0.0,23,21,3,0,27,2,24,38,8,0,0.0,0,3,2,324,221,0
89,0,0.0,0.0,0.0,23,21,2,0,31,1,13,10,1,0,0.0,0,3,2,219,138,1
106,0,0.0,0.0,0.0,23,23,1,0,21,2,21,31,39,0,0.0,0,1,1,214,214,0
45,0,0.0,0.0,0.0,23,23,1,0,11,2,10,21,1,0,0.0,0,1,1,90,90,0
273,0,0.0,0.0,0.0,23,7,5,0,22,2,35,39,3,0,0.0,0,5,3,656,537,0
116,0,0.0,0.0,0.0,23,3,2,0,1,2,20,12,0,0,0.0,0,3,3,257,224,0
303,10,0.0,5.0,14.0,23,0,3,1,46,1,34,76,0,14,0.0,0,4,2,815,643,1
8,0,0.0,0.0,0.0,23,23,1,0,2,3,0,0,1,0,0.0,0,1,1,30,30,0
17,0,0.0,0.0,0.0,23,23,1,0,5,3,2,0,4,0,0.0,0,1,1,49,49,0
47,0,0.0,0.0,0.0,23,23,1,0,13,2,2,2,50,0,0.0,0,1,1,91,91,0
32,0,0.0,0.0,0.0,23,23,1,0,7,2,7,12,1,0,0.0,0,1,1,75,75,0
17,0,0.0,0.0,0.0,23,23,1,0,4,2,2,0,2,0,0.0,0,1,1,47,47,0
416,0,0.0,0.0,0.0,23,6,3,0,142,1,37,110,35,0,0.0,0,3,3,811,755,0
89,0,0.0,0.0,0.0,23,23,1,0,1,2,12,3,0,0,0.0,0,1,1,185,185,0
211,0,0.0,0.0,0.0,23,22,2,0,73,3,35,47,660,0,0.0,0,2,2,464,416,0
52,0,0.0,0.0,0.0,23,23,1,0,16,3,2,1,75,0,0.0,0,1,1,102,102,0
23,0,0.0,0.0,0.0,23,22,2,0,6,3,6,2,2,0,0.0,0,2,2,68,59,0
145,0,0.0,0.0,0.0,23,4,4,0,11,3,19,21,0,0,0.0,0,4,3,339,309,0
8,0,0.0,0.0,0.0,23,23,1,0,2,1,0,0,0,0,0.0,0,1,1,35,35,0
94,0,0.0,0.0,0.0,23,23,1,0,42,2,10,25,300,0,0.0,0,1,1,168,168,0
65,0,0.0,0.0,0.0,23,4,2,0,18,3,2,4,104,0,0.0,0,2,1,115,105,0
11,0,0.0,0.0,0.0,23,23,1,0,0,1,0,0,0,0,0.0,0,1,1,41,41,0
38,0,0.0,0.0,0.0,23,4,1,0,5,4,6,5,3,0,0.0,0,2,2,89,87,0
21,0,0.0,0.0,0.0,23,23,1,0,5,2,2,0,6,0,0.0,0,1,1,53,53,0
17,0,0.0,0.0,0.0,23,23,1,0,4,2,6,0,2,0,0.0,0,1,1,55,55,0
41,0,0.0,0.0,0.0,23,23,1,0,15,1,15,7,0,0,0.0,0,1,1,110,110,0
89,0,0.0,0.0,0.0,23,4,1,0,26,2,6,17,140,0,0.0,0,2,2,153,151,0
183,0,0.0,0.0,0.0,23,11,2,0,46,1,20,78,47,0,0.0,0,2,2,385,315,0
88,0,0.0,0.0,0.0,23,4,3,0,16,3,25,8,8,0,0.0,0,3,3,236,216,0
352,0,0.0,0.0,0.0,23,12,3,0,83,1,23,36,66,0,0.0,0,3,2,568,545,0
31,0,0.0,0.0,0.0,23,23,1,0,5,1,1,10,8,0,0.0,0,1,1,75,75,0
40,0,0.0,0.0,0.0,23,21,1,0,21,2,15,15,1,0,0.0,0,2,2,123,115,0
26,0,0.0,0.0,0.0,23,4,2,0,7,3,6,3,6,0,0.0,0,3,3,78,66,0
450,0,0.0,0.0,0.0,23,8,2,0,102,2,47,121,23,0,0.0,0,5,3,875,786,1
171,0,0.0,0.0,0.0,23,4,2,0,49,2,26,15,676,0,0.0,0,3,2,362,356,0
48,0,0.0,0.0,0.0,23,23,1,0,19,1,16,24,0,0,0.0,0,1,1,123,123,0
17,0,0.0,0.0,0.0,23,23,1,0,4,2,3,3,0,0,0.0,0,1,1,46,46,0
95,0,0.0,0.0,0.0,23,11,4,0,21,2,8,24,55,0,0.0,0,4,2,237,180,0
33,0,0.0,0.0,0.0,23,23,1,0,4,3,6,7,1,0,0.0,0,1,1,77,77,0
19,0,0.0,0.0,0.0,23,3,2,0,2,5,10,8,0,0,0.0,0,2,1,63,59,0
385,0,0.0,0.0,0.0,23,21,2,0,92,2,12,87,0,0,0.0,0,5,3,699,382,0
9,0,0.0,0.0,0.0,23,23,1,0,2,2,1,0,0,0,0.0,0,1,1,34,34,0
197,0,0.0,0.0,0.0,23,4,2,0,15,3,25,16,1,0,0.0,0,3,2,354,348,0
350,0,0.0,0.0,0.0,23,4,5,0,6,6,31,20,4,0,0.0,0,5,4,600,576,0
184,0,0.0,0.0,0.0,23,23,1,0,44,2,18,57,11,0,0.0,0,1,1,310,310,0
25,0,0.0,0.0,0.0,23,23,1,0,6,3,3,0,2,0,0.0,0,1,1,62,62,0
58,0,0.0,0.0,0.0,23,4,2,0,2,4,12,7,0,0,0.0,0,2,2,123,119,0
49,0,0.0,0.0,0.0,23,23,1,0,12,3,4,0,40,0,0.0,0,1,1,112,112,0
54,0,0.0,0.0,0.0,23,4,2,0,1,3,12,1,0,0,0.0,0,2,2,120,114,0
27,0,0.0,0.0,0.0,33,19,2,0,10,2,7,6,0,0,0.0,0,2,1,98,86,0
17,0,0.0,0.0,0.0,33,33,1,0,4,2,1,0,2,0,0.0,0,1,1,46,46,0
62,0,0.0,0.0,0.0,33,13,3,0,2,3,16,4,0,0,0.0,0,3,3,171,165,0
58,42,-12.0,15.0,6.0,33,7,3,1,18,1,10,17,0,6,0.0,0,4,3,192,123,0
108,0,0.0,0.0,0.0,33,20,2,0,20,2,31,28,0,0,0.0,0,2,2,287,244,0
107,0,0.0,0.0,0.0,33,19,3,0,22,1,9,34,31,0,0.0,0,3,2,338,200,0
23,0,0.0,0.0,0.0,33,31,2,0,6,3,6,2,2,0,0.0,0,2,2,69,59,0
228,0,0.0,0.0,0.0,33,33,1,0,43,2,35,44,0,0,0.0,0,1,1,461,461,0
2,0,0.0,0.0,0.0,33,33,1,0,0,3,3,0,0,0,0.0,0,1,1,28,28,0
58,0,0.0,0.0,0.0,33,33,1,0,25,2,15,31,0,0,0.0,0,1,1,135,135,0
302,6,1.0,2.0,1.0,33,8,5,2,98,3,31,66,1259,1,0.9183,0,6,3,643,544,1
12,0,0.0,0.0,0.0,33,33,1,0,3,3,7,0,1,0,0.0,0,1,1,50,50,0
149,0,0.0,0.0,0.0,33,13,2,0,1,2,24,15,0,0,0.0,0,3,3,345,282,0
77,0,0.0,0.0,0.0,33,33,1,0,22,2,2,2,170,0,0.0,0,1,1,133,133,0
85,0,0.0,0.0,0.0,33,33,1,0,24,3,2,0,170,0,0.0,0,1,1,175,175,0
60,0,0.0,0.0,0.0,33,31,2,0,19,1,2,6,57,0,0.0,0,2,2,152,110,0
401,0,0.0,0.0,0.0,33,13,4,0,3,6,35,18,0,0,0.0,0,4,3,761,711,0
79,0,0.0,0.0,0.0,33,33,1,0,27,2,10,17,47,0,0.0,0,1,1,145,145,0
9,0,0.0,0.0,0.0,33,24,2,0,1,2,5,2,0,0,0.0,0,2,2,47,45,0
21,0,0.0,0.0,0.0,33,33,1,0,7,2,8,2,6,0,0.0,0,1,1,65,65,0
80,17,-1.0,8.0,17.0,33,7,2,1,19,2,13,14,105,17,0.0,0,3,2,208,189,0
54,0,0.0,0.0,0.0,33,33,1,0,9,2,15,15,0,0,0.0,0,1,1,144,144,0
17,0,0.0,0.0,0.0,33,33,1,0,4,2,4,0,2,0,0.0,0,1,1,52,52,0
43,0,0.0,0.0,0.0,33,31,1,0,5,4,6,7,3,0,0.0,0,2,2,96,94,1
413,66,8.0,20.5,10.5,33,1,4,2,84,2,37,113,188,17,0.866,0,4,2,763,650,0
276,0,0.0,0.0,0.0,33,33,1,0,3,5,24,14,0,0,0.0,0,1,1,506,506,0
130,0,0.0,0.0,0.0,33,14,1,0,37,4,6,18,344,0,0.0,0,2,2,215,213,0
268,0,0.0,0.0,0.0,33,33,1,0,3,6,25,14,0,0,0.0,0,1,1,483,483,0
26,0,0.0,0.0,0.0,33,33,1,0,7,1,1,0,15,0,0.0,0,1,1,59,59,0
34,0,0.0,0.0,0.0,33,33,1,0,12,1,10,9,0,0,0.0,0,1,1,92,92,0
3,0,0.0,0.0,0.0,33,33,1,0,0,3,3,0,0,0,0.0,0,1,1,31,31,0
33,0,0.0,0.0,0.0,33,33,1,0,13,1,1,2,2,0,0.0,0,1,1,72,72,0
130,0,0.0,0.0,0.0,33,13,3,0,4,2,18,14,1,0,0.0,0,3,3,301,263,0
105,6,0.0,3.0,9.0,33,1,3,0,12,2,24,21,24,9,0.0,0,4,2,241,221,0
25,0,0.0,0.0,0.0,33,33,1,0,7,1,1,3,2,0,0.0,0,1,1,99,99,0
111,0,0.0,0.0,0.0,33,33,1,0,1,3,15,4,0,0,0.0,0,1,1,211,211,0
128,0,0.0,0.0,0.0,33,31,1,0,36,2,2,6,402,0,0.0,0,2,2,271,211,0
52,0,0.0,0.0,0.0,33,14,1,0,14,2,12,6,43,0,0.0,0,2,2,116,114,0
117,0,0.0,0.0,0.0,33,13,3,0,1,2,21,12,0,0,0.0,0,4,4,277,234,0
127,25,1.0,13.0,4.0,33,6,2,1,30,2,17,45,1,4,0.0,0,2,1,257,232,0
13,81,-67.0,7.0,8.0,33,6,2,1,3,1,6,3,1,8,0.0,0,2,1,200,119,0
89,0,0.0,0.0,0.0,33,33,1,0,1,3,17,12,0,0,0.0,0,1,1,194,194,0
10,0,0.0,0.0,0.0,33,33,1,0,3,3,2,0,1,0,0.0,0,1,1,40,40,0
10,0,0.0,0.0,0.0,33,33,1,0,3,3,2,0,1,0,0.0,0,1,1,40,40,0
95,0,0.0,0.0,0.0,33,31,1,0,15,2,20,33,0,0,0.0,0,2,2,229,223,0
23,0,0.0,0.0,0.0,33,31,2,0,6,3,6,2,2,0,0.0,0,2,2,69,59,0
226,8,0.0,4.0,1.0,33,4,4,1,70,1,29,72,26,1,0.0,0,6,3,461,404,1
135,0,0.0,0.0,0.0,33,13,2,0,1,2,24,15,0,0,0.0,0,3,3,296,262,0
8,0,0.0,0.0,0.0,33,33,1,0,2,3,0,0,1,0,0.0,0,1,1,31,31,0
3,0,0.0,0.0,0.0,33,33,1,0,0,3,4,0,0,0,0.0,0,1,1,32,32,0
17,0,0.0,0.0,0.0,33,33,1,0,4,3,4,0,2,0,0.0,0,1,1,51,51,0
55,0,0.0,0.0,0.0,33,33,1,0,7,5,7,10,6,0,0.0,0,1,1,111,111,0
110,0,0.0,0.0,0.0,33,32,2,0,26,2,14,33,89,0,0.0,0,2,1,256,186,0
62,0,0.0,0.0,0.0,33,14,1,0,17,1,2,24,21,0,0.0,0,2,2,139,135,0
59,0,0.0,0.0,0.0,33,33,1,0,18,1,5,7,48,0,0.0,0,1,1,131,131,0
75,17,7.5,8.0,8.5,33,1,4,1,24,2,10,16,105,9,0.7871,0,5,3,232,157,0
101,0,0.0,0.0,0.0,33,20,2,0,5,3,22,26,1,0,0.0,0,2,2,253,219,0
37,0,0.0,0.0,0.0,33,19,2,0,1,1,0,0,0,0,0.0,0,2,1,98,96,0
27,0,0.0,0.0,0.0,33,31,2,0,7,4,9,2,6,0,0.0,0,2,2,78,69,0
52,0,0.0,0.0,0.0,33,33,1,0,9,2,15,15,0,0,0.0,0,1,1,144,144,0
20,0,0.0,0.0,0.0,33,31,2,0,7,1,3,7,3,0,0.0,0,2,2,85,54,0
49,0,0.0,0.0,0.0,33,33,1,0,15,2,5,15,8,0,0.0,0,1,1,96,96,0
66,0,0.0,0.0,0.0,33,19,4,0,18,3,12,6,100,0,0.0,0,4,2,144,122,0
89,0,0.0,0.0,0.0,33,33,1,0,27,2,4,3,260,0,0.0,0,1,1,153,153,0
99,0,0.0,0.0,0.0,33,33,1,0,33,1,11,30,0,0,0.0,0,1,1,213,213,0
138,0,0.0,0.0,0.0,33,33,1,0,37,2,5,2,586,0,0.0,0,1,1,235,235,0
10,0,0.0,0.0,0.0,33,33,1,0,3,3,2,0,1,0,0.0,0,1,1,40,40,0
30,0,0.0,0.0,0.0,33,33,1,0,1,1,0,0,0,0,0.0,0,1,1,244,244,0
56,0,0.0,0.0,0.0,33,13,2,0,4,4,14,7,1,0,0.0,0,2,2,121,119,0
63,0,0.0,0.0,0.0,33,27,2,0,17,2,2,1,91,0,0.0,0,2,2,107,97,0
53,0,0.0,0.0,0.0,33,33,1,0,4,4,14,7,1,0,0.0,0,1,1,114,114,0
3,0,0.0,0.0,0.0,33,33,1,0,0,3,3,0,0,0,0.0,0,1,1,31,31,0
46,0,0.0,0.0,0.0,33,13,2,0,2,5,14,9,0,0,0.0,0,2,1,116,112,0
124,0,0.0,0.0,0.0,33,14,1,0,36,1,12,17,192,0,0.0,0,2,2,209,205,0
89,0,0.0,0.0,0.0,33,33,1,0,1,3,16,9,0,0,0.0,0,1,1,195,195,0
232,19,4.5,7.0,8.5,33,1,3,1,54,2,25,75,55,9,0.9495,0,5,3,465,411,0
10,0,0.0,0.0,0.0,33,33,1,0,2,3,0,0,0,0,0.0,0,1,1,33,33,0
3,0,0.0,0.0,0.0,33,33,1,0,0,1,2,1,0,0,0.0,0,1,1,31,31,0
82,0,0.0,0.0,0.0,33,14,3,0,23,2,12,11,120,0,0.0,0,4,3,255,178,0
98,0,0.0,0.0,0.0,33,19,2,0,33,2,3,5,244,0,0.0,0,2,2,169,141,0
108,0,0.0,0.0,0.0,33,33,1,0,22,2,23,18,0,0,0.0,0,1,1,264,264,0
25,0,0.0,0.0,0.0,33,33,1,0,6,2,10,2,11,0,0.0,0,1,1,75,75,0
57,0,0.0,0.0,0.0,33,14,1,0,16,2,15,5,72,0,0.0,0,2,2,134,132,0
37,12,6.0,9.0,17.0,33,7,2,1,13,1,10,11,58,17,0.0,0,2,1,122,110,0
258,0,0.0,0.0,0.0,33,21,3,0,76,1,28,67,0,0,0.0,0,4,3,629,566,0
34,0,0.0,0.0,0.0,33,14,1,0,6,4,9,12,10,0,0.0,0,2,2,81,79,1
83,0,0.0,0.0,0.0,33,13,2,0,1,2,14,4,0,0,0.0,0,2,2,178,176,0
36,0,0.0,0.0,0.0,33,33,1,0,10,1,2,1,0,0,0.0,0,1,1,65,65,0
11,0,0.0,0.0,0.0,33,33,1,0,4,1,0,1,0,0,0.0,0,1,1,69,69,0
128,0,0.0,0.0,0.0,33,24,2,0,30,2,7,12,153,0,0.0,0,2,2,378,300,0
122,0,0.0,0.0,0.0,33,14,2,0,30,1,2,13,0,0,0.0,0,3,2,306,282,0
70,0,0.0,0.0,0.0,33,19,3,0,16,2,32,19,15,0,0.0,0,3,2,214,175,0
288,0,0.0,0.0,0.0,33,33,1,0,76,1,28,1,0,0,0.0,0,1,1,401,401,0
38,0,0.0,0.0,0.0,33,33,1,0,8,2,12,12,1,0,0.0,0,1,1,79,79,0
41,0,0.0,0.0,0.0,33,33,1,0,4,2,10,12,0,0,0.0,0,1,1,107,107,0
79,0,0.0,0.0,0.0,33,33,1,0,20,1,3,25,5,0,0.0,0,1,1,178,178,0
298,0,0.0,0.0,0.0,33,14,1,0,62,2,30,84,114,0,0.0,0,3,3,552,532,0
37,0,0.0,0.0,0.0,33,33,1,0,14,2,2,3,8,0,0.0,0,1,1,111,111,0
32,0,0.0,0.0,0.0,33,33,1,0,10,2,6,8,28,0,0.0,0,1,1,104,104,0
3,0,0.0,0.0,0.0,33,33,1,0,0,3,2,0,0,0,0.0,0,1,1,29,29,0
2,0,0.0,0.0,0.0,33,33,1,0,0,3,3,0,0,0,0.0,0,1,1,28,28,0
32,0,0.0,0.0,0.0,33,33,1,0,9,2,5,2,32,0,0.0,0,1,1,72,72,0
94,0,0.0,0.0,0.0,33,31,1,0,6,3,7,5,2,0,0.0,0,2,2,168,165,0
76,0,0.0,0.0,0.0,33,33,2,0,22,2,2,1,186,0,0.0,0,2,2,134,124,0
65,0,0.0,0.0,0.0,33,31,2,0,19,4,13,6,137,0,0.0,0,2,2,154,152,0
243,0,0.0,0.0,0.0,21,21,1,0,67,2,15,57,0,0,0.0,0,1,1,318,318,0
29,0,0.0,0.0,0.0,33,33,1,0,8,2,16,7,0,0,0.0,0,1,1,83,83,0
23,0,0.0,0.0,0.0,33,33,1,0,8,2,1,0,3,0,0.0,0,1,1,57,57,0
42,0,0.0,0.0,0.0,33,33,1,0,14,2,1,1,35,0,0.0,0,1,1,85,85,0
3,0,0.0,0.0,0.0,33,33,1,0,0,3,4,0,0,0,0.0,0,1,1,32,32,0
23,0,0.0,0.0,0.0,33,27,2,0,7,2,7,11,1,0,0.0,0,2,2,72,61,0
32,0,0.0,0.0,0.0,33,33,1,0,7,4,15,10,4,0,0.0,0,1,1,90,90,0
27,0,0.0,0.0,0.0,33,31,1,0,2,4,7,5,0,0,0.0,0,2,2,79,67,0
33,0,0.0,0.0,0.0,33,31,2,0,8,2,8,10,1,0,0.0,0,3,3,77,71,0
14,0,0.0,0.0,0.0,33,33,1,0,12,1,5,0,66,0,0.0,0,1,1,53,53,0
137,0,0.0,0.0,0.0,33,13,4,0,8,3,28,27,0,0,0.0,0,4,3,314,271,0
38,0,0.0,0.0,0.0,33,33,1,0,13,2,4,0,17,0,0.0,0,1,1,84,84,0
369,0,0.0,0.0,0.0,33,14,8,0,99,1,40,132,139,0,0.0,0,11,4,1137,818,0
44,0,0.0,0.0,0.0,33,33,1,0,10,2,4,19,0,0,0.0,0,1,1,78,78,0
81,2,0.0,1.0,1.0,33,1,2,1,34,1,14,30,10,1,0.0,0,2,2,186,184,0
103,0,0.0,0.0,0.0,33,33,1,0,32,4,3,11,287,0,0.0,0,1,1,177,177,0
51,0,0.0,0.0,0.0,33,33,1,0,14,2,2,0,77,0,0.0,0,1,1,115,115,0
8,0,0.0,0.0,0.0,33,33,1,0,2,2,5,1,1,0,0.0,0,1,1,42,42,0
437,0,0.0,0.0,0.0,33,14,1,0,5,6,27,16,4,0,0.0,0,2,2,858,856,0
43,0,0.0,0.0,0.0,33,33,1,0,11,2,7,12,0,0,0.0,0,1,1,93,93,0
105,0,0.0,0.0,0.0,33,19,3,0,23,2,14,26,78,0,0.0,0,3,2,214,164,0
164,0,0.0,0.0,0.0,33,33,1,0,9,3,26,14,1,0,0.0,0,1,1,334,334,0
258,0,0.0,0.0,0.0,33,13,4,0,36,2,25,35,15,0,0.0,0,7,4,639,553,1
42,0,0.0,0.0,0.0,33,18,3,0,7,1,10,19,4,0,0.0,0,3,1,155,142,0
40,0,0.0,0.0,0.0,33,13,2,0,1,3,6,8,0,0,0.0,0,2,2,99,96,0
68,48,-2.0,23.0,1.0,33,3,2,1,10,2,13,10,0,1,0.0,0,2,1,188,140,0
191,0,0.0,0.0,0.0,33,14,1,0,19,2,23,32,6,0,0.0,0,2,2,361,357,0
28,0,0.0,0.0,0.0,33,33,1,0,8,1,9,12,0,0,0.0,0,1,1,78,78,0
17,0,0.0,0.0,0.0,33,33,1,0,5,3,2,0,4,0,0.0,0,1,1,49,49,0
52,0,0.0,0.0,0.0,33,31,2,0,14,3,12,2,77,0,0.0,0,2,2,143,139,0
84,0,0.0,0.0,0.0,31,31,1,0,5,4,5,3,0,0,0.0,0,2,2,141,140,0
66,0,0.0,0.0,0.0,33,31,2,0,20,3,14,8,40,0,0.0,0,2,2,173,150,0
93,0,0.0,0.0,0.0,33,33,1,0,2,2,12,9,1,0,0.0,0,1,1,187,187,0
52,0,0.0,0.0,0.0,33,19,2,0,17,2,2,3,50,0,0.0,0,2,2,101,72,0
27,0,0.0,0.0,0.0,33,31,2,0,7,4,9,2,6,0,0.0,0,2,2,78,69,0
148,0,0.0,0.0,0.0,33,14,7,0,45,1,27,70,19,0,0.0,0,7,4,357,236,0
69,0,0.0,0.0,0.0,33,31,2,0,20,3,14,9,40,0,0.0,0,2,2,155,132,0
24,0,0.0,0.0,0.0,33,33,1,0,8,3,9,4,11,0,0.0,0,1,1,74,74,0
137,83,71.0,77.0,8.0,33,6,2,1,45,2,12,35,96,8,0.0,0,2,1,247,164,1
122,0,0.0,0.0,0.0,33,33,1,0,32,2,7,32,25,0,0.0,0,1,1,202,202,0
71,11,1.0,6.0,8.0,33,3,2,1,17,4,16,24,8,8,0.0,0,2,1,149,138,0
14,0,0.0,0.0,0.0,33,22,1,0,2,1,9,4,1,0,0.0,0,2,1,69,61,0
24,0,0.0,0.0,0.0,33,33,1,0,4,4,6,7,1,0,0.0,0,1,1,64,64,0
86,0,0.0,0.0,0.0,33,19,3,0,21,1,14,37,11,0,0.0,0,3,2,185,157,0
9,0,0.0,0.0,0.0,33,33,1,0,2,3,0,0,1,0,0.0,0,1,1,32,32,0
4,0,0.0,0.0,0.0,33,24,2,0,0,1,3,1,0,0,0.0,0,2,2,44,39,0
4,0,0.0,0.0,0.0,33,33,1,0,1,1,5,1,0,0,0.0,0,1,1,36,36,0
174,0,0.0,0.0,0.0,33,13,4,0,14,4,26,29,6,0,0.0,0,4,4,351,239,0
168,0,0.0,0.0,0.0,33,19,3,0,7,3,16,8,0,0,0.0,0,3,1,341,304,0
45,0,0.0,0.0,0.0,33,33,1,0,8,1,6,22,0,0,0.0,0,1,1,102,102,0
52,0,0.0,0.0,0.0,33,33,1,0,9,1,7,17,0,0,0.0,0,1,1,101,101,0
31,0,0.0,0.0,0.0,33,33,1,0,8,2,3,0,20,0,0.0,0,1,1,125,125,0
29,0,0.0,0.0,0.0,33,31,2,0,8,3,6,2,6,0,0.0,0,2,2,78,69,0
93,0,0.0,0.0,0.0,33,22,1,0,11,1,17,46,0,0,0.0,0,2,1,227,207,0
4,0,0.0,0.0,0.0,33,31,2,0,0,1,0,0,0,0,0.0,0,2,2,38,28,0
62,0,0.0,0.0,0.0,33,33,1,0,17,1,17,36,1,0,0.0,0,1,1,131,131,0
114,0,0.0,0.0,0.0,33,10,7,0,28,1,15,55,0,0,0.0,0,8,2,351,234,0
10,0,0.0,0.0,0.0,33,33,1,0,2,3,0,0,0,0,0.0,0,1,1,51,51,0
12,0,0.0,0.0,0.0,33,33,1,0,1,4,4,3,0,0,0.0,0,1,1,45,45,0
9,0,0.0,0.0,0.0,33,33,1,0,2,1,0,0,0,0,0.0,0,1,1,37,37,0
54,0,0.0,0.0,0.0,33,31,1,0,12,2,12,24,0,0,0.0,0,2,2,115,109,0
87,0,0.0,0.0,0.0,33,14,1,0,26,1,7,13,120,0,0.0,0,2,2,153,151,0
24,0,0.0,0.0,0.0,33,33,1,0,7,2,4,2,19,0,0.0,0,1,1,58,58,0
14,0,0.0,0.0,0.0,33,32,2,0,12,1,5,0,66,0,0.0,0,2,1,57,52,0
62,0,0.0,0.0,0.0,33,33,1,0,16,2,14,3,94,0,0.0,0,1,1,157,157,0
24,0,0.0,0.0,0.0,33,33,1,0,12,2,6,11,1,0,0.0,0,1,1,75,75,0
3,0,0.0,0.0,0.0,33,33,1,0,1,1,1,0,0,0,0.0,0,1,1,32,32,0
126,0,0.0,0.0,0.0,33,33,1,0,58,2,7,40,66,0,0.0,0,1,1,216,216,0
55,67,61.0,64.0,17.0,33,7,2,1,11,1,18,17,2,17,0.0,0,2,1,139,72,0
115,0,0.0,0.0,0.0,33,33,1,0,30,2,12,17,205,0,0.0,0,1,1,215,215,0
28,0,0.0,0.0,0.0,33,33,1,0,5,1,8,8,0,0,0.0,0,1,1,77,77,0
112,0,0.0,0.0,0.0,33,13,3,0,27,4,24,19,3,0,0.0,0,3,3,218,198,0
69,20,-18.0,1.0,4.0,33,6,2,1,27,3,3,2,117,4,0.0,0,2,1,163,143,1
3,0,0.0,0.0,0.0,33,33,1,0,1,1,1,0,0,0,0.0,0,1,1,26,26,0
57,0,0.0,0.0,0.0,33,24,2,0,15,2,6,10,54,0,0.0,0,3,3,116,96,0
11,0,0.0,0.0,0.0,33,33,1,0,2,1,0,0,0,0,0.0,0,1,1,49,49,0
134,0,0.0,0.0,0.0,33,13,3,0,11,3,27,35,1,0,0.0,0,4,3,277,209,0
116,0,0.0,0.0,0.0,33,33,1,0,18,1,23,48,0,0,0.0,0,1,1,258,258,0
88,0,0.0,0.0,0.0,33,27,2,0,22,1,12,42,1,0,0.0,0,2,2,221,182,0
52,0,0.0,0.0,0.0,33,33,1,0,14,3,3,0,77,0,0.0,0,1,1,98,98,0
3,0,0.0,0.0,0.0,33,33,1,0,0,3,3,0,0,0,0.0,0,1,1,31,31,0
138,8,0.0,1.33,6.67,33,4,5,3,34,1,25,58,71,17,1.5,0,8,2,290,224,0
17,0,0.0,0.0,0.0,33,33,1,0,4,2,1,0,2,0,0.0,0,1,1,46,46,0
54,0,0.0,0.0,0.0,33,20,2,0,12,1,14,29,26,0,0.0,0,3,2,221,170,0
13,0,0.0,0.0,0.0,33,33,1,0,3,3,0,1,1,0,0.0,0,1,1,40,40,0
183,0,0.0,0.0,0.0,33,33,1,0,52,3,2,0,1080,0,0.0,0,1,1,353,353,0
66,0,0.0,0.0,0.0,33,31,2,0,20,3,14,8,40,0,0.0,0,2,2,152,129,0
24,0,0.0,0.0,0.0,33,31,2,0,1,3,10,2,0,0,0.0,0,2,2,94,64,0
98,2,0.0,1.0,18.0,33,0,2,0,31,2,17,9,230,18,0.0,0,3,2,222,207,0
35,0,0.0,0.0,0.0,33,33,1,0,14,2,2,0,12,0,0.0,0,1,1,85,85,0
25,0,0.0,0.0,0.0,33,33,1,0,4,1,4,6,0,0,0.0,0,1,1,63,63,0
31,0,0.0,0.0,0.0,33,13,2,0,2,2,17,5,0,0,0.0,0,2,2,112,110,0
27,0,0.0,0.0,0.0,33,31,2,0,7,4,9,2,6,0,0.0,0,2,2,76,69,0
16,0,0.0,0.0,0.0,33,33,1,0,2,4,5,4,0,0,0.0,0,1,1,51,51,0
109,0,0.0,0.0,0.0,33,33,1,0,27,2,20,24,0,0,0.0,0,1,1,247,247,0
49,0,0.0,0.0,0.0,33,13,2,0,2,3,15,6,0,0,0.0,0,2,2,120,116,0
74,0,0.0,0.0,0.0,33,33,1,0,19,2,19,26,28,0,0.0,0,1,1,170,170,0
26,0,0.0,0.0,0.0,33,14,2,0,7,3,6,3,6,0,0.0,0,3,3,77,66,0
89,0,0.0,0.0,0.0,33,33,1,0,20,2,12,18,4,0,0.0,0,1,1,183,183,0
241,0,0.0,0.0,0.0,33,13,3,0,16,3,31,37,2,0,0.0,0,3,3,483,436,0
20,11,11.0,11.0,17.0,33,7,2,1,18,1,6,0,153,17,0.0,0,2,1,226,215,0
158,0,0.0,0.0,0.0,33,33,1,0,25,2,10,6,13,0,0.0,0,1,1,254,254,0
81,0,0.0,0.0,0.0,33,22,3,0,17,2,21,33,16,0,0.0,0,3,2,191,150,0
90,0,0.0,0.0,0.0,33,33,1,0,4,2,12,13,1,0,0.0,0,1,1,174,174,0
126,0,0.0,0.0,0.0,33,24,2,0,32,2,10,11,10,0,0.0,0,2,2,227,181,1
224,0,0.0,0.0,0.0,33,10,3,0,38,2,31,57,0,0,0.0,0,4,2,592,434,0
44,0,0.0,0.0,0.0,33,31,1,0,10,2,8,12,1,0,0.0,0,2,2,90,86,0
52,0,0.0,0.0,0.0,33,31,1,0,9,2,15,16,0,0,0.0,0,2,2,146,144,0
105,0,0.0,0.0,0.0,33,33,1,0,5,4,23,14,0,0,0.0,0,1,1,235,235,0
17,0,0.0,0.0,0.0,33,33,1,0,5,3,2,0,4,0,0.0,0,1,1,49,49,0
232,34,1.0,9.0,6.0,33,3,4,2,53,1,15,118,55,8,0.5226,0,4,2,459,370,0
93,51,9.0,30.0,6.0,33,7,2,1,24,2,19,31,4,6,0.0,0,2,2,230,179,0
132,0,0.0,0.0,0.0,33,33,2,0,34,2,15,21,213,0,0.0,0,2,2,244,231,0
15,0,0.0,0.0,0.0,33,33,1,0,13,1,4,0,78,0,0.0,0,1,1,56,56,0
83,0,0.0,0.0,0.0,33,21,2,0,25,2,12,14,140,0,0.0,0,2,1,207,188,0
12,0,0.0,0.0,0.0,33,33,1,0,3,1,0,3,3,0,0.0,0,1,1,45,45,0
91,0,0.0,0.0,0.0,33,13,5,0,3,5,13,6,3,0,0.0,0,5,4,242,179,0
71,0,0.0,0.0,0.0,33,31,1,0,18,1,12,25,0,0,0.0,0,2,2,149,147,0
41,0,0.0,0.0,0.0,33,33,1,0,9,2,7,7,0,0,0.0,0,1,1,95,95,0
44,0,0.0,0.0,0.0,33,33,1,0,6,2,8,22,1,0,0.0,0,1,1,100,100,0
196,0,0.0,0.0,0.0,33,20,3,0,35,2,33,64,0,0,0.0,0,4,3,523,438,0
38,0,0.0,0.0,0.0,33,31,3,0,5,5,7,12,3,0,0.0,0,3,3,302,190,0
119,0,0.0,0.0,0.0,33,33,1,0,22,3,9,22,20,0,0.0,0,1,1,214,214,1
27,0,0.0,0.0,0.0,33,13,3,0,1,3,13,4,0,0,0.0,0,3,2,110,102,0
34,9,9.0,9.0,2.0,33,8,2,1,13,2,5,2,20,2,0.0,0,2,1,102,93,0
47,0,0.0,0.0,0.0,33,33,1,0,4,2,15,10,0,0,0.0,0,1,1,107,107,0
44,0,0.0,0.0,0.0,33,22,2,0,14,2,8,16,0,0,0.0,0,2,1,104,98,0
71,2,0.0,1.0,8.0,33,3,4,1,14,1,14,25,10,8,0.0,0,4,2,226,157,0
116,0,0.0,0.0,0.0,33,31,3,0,12,6,10,14,4,0,0.0,0,3,3,443,322,0
24,0,0.0,0.0,0.0,33,33,1,0,6,2,7,0,9,0,0.0,0,1,1,69,69,0
35,0,0.0,0.0,0.0,33,33,1,0,12,3,1,1,20,0,0.0,0,1,1,74,74,0
268,0,0.0,0.0,0.0,33,19,2,0,4,5,31,17,1,0,0.0,0,2,2,495,493,0
59,0,0.0,0.0,0.0,33,33,1,0,16,4,2,0,104,0,0.0,0,1,1,104,104,0
16,0,0.0,0.0,0.0,33,33,1,0,4,2,1,0,2,0,0.0,0,1,1,44,44,0
66,0,0.0,0.0,0.0,33,33,1,0,14,1,4,13,0,0,0.0,0,1,1,112,112,0
49,0,0.0,0.0,0.0,33,13,2,0,5,3,16,7,0,0,0.0,0,2,2,125,121,0
87,0,0.0,0.0,0.0,33,14,1,0,25,2,4,13,139,0,0.0,0,2,2,153,151,0
47,0,0.0,0.0,0.0,33,33,1,0,11,2,3,21,0,0,0.0,0,1,1,92,92,0
58,0,0.0,0.0,0.0,33,31,1,0,17,1,5,15,0,0,0.0,0,2,2,178,158,0
134,31,3.0,17.0,17.0,33,7,3,1,22,1,8,27,0,17,0.0,0,7,3,273,176,0
121,0,0.0,0.0,0.0,33,14,8,0,26,1,30,63,13,0,0.0,0,8,3,350,270,0
54,10,4.0,7.0,8.0,33,3,2,1,17,1,4,19,21,8,0.0,0,3,2,108,91,0
3,0,0.0,0.0,0.0,33,33,1,0,0,3,3,0,0,0,0.0,0,1,1,31,31,0
392,0,0.0,0.0,0.0,33,24,2,0,33,3,28,63,22,0,0.0,0,2,2,649,600,0
125,0,0.0,0.0,0.0,33,33,1,0,48,2,7,8,60,0,0.0,0,1,1,210,210,0
13,0,0.0,0.0,0.0,33,33,1,0,2,3,4,2,0,0,0.0,0,1,1,46,46,0
358,0,0.0,0.0,0.0,33,14,2,0,88,2,21,75,118,0,0.0,0,4,4,557,545,0
66,0,0.0,0.0,0.0,33,33,1,0,3,2,13,4,0,0,0.0,0,1,1,149,149,0
16,0,0.0,0.0,0.0,33,33,1,0,4,4,9,6,1,0,0.0,0,1,1,62,62,0
50,0,0.0,0.0,0.0,33,33,1,0,13,1,3,1,66,0,0.0,0,1,1,113,113,0
42,0,0.0,0.0,0.0,33,33,1,0,10,2,8,18,0,0,0.0,0,1,1,93,93,0
30,0,0.0,0.0,0.0,33,33,1,0,8,2,3,2,15,0,0.0,0,1,1,66,66,0
141,0,0.0,0.0,0.0,33,31,3,0,27,2,24,38,8,0,0.0,0,3,2,324,221,0
89,0,0.0,0.0,0.0,33,31,2,0,31,1,13,10,1,0,0.0,0,3,2,219,138,1
106,0,0.0,0.0,0.0,33,33,1,0,21,2,21,31,39,0,0.0,0,1,1,214,214,0
45,0,0.0,0.0,0.0,33,33,1,0,11,2,10,21,1,0,0.0,0,1,1,90,90,0
273,0,0.0,0.0,0.0,33,16,5,0,22,2,35,39,3,0,0.0,0,5,3,656,537,0
116,0,0.0,0.0,0.0,33,13,2,0,1,2,20,12,0,0,0.0,0,3,3,257,224,0
308,44,6.0,14.0,8.5,33,1,4,1,47,1,34,77,0,9,0.2668,0,6,2,859,643,0
8,0,0.0,0.0,0.0,33,33,1,0,2,3,0,0,1,0,0.0,0,1,1,30,30,0
17,0,0.0,0.0,0.0,33,33,1,0,5,3,2,0,4,0,0.0,0,1,1,49,49,0
47,0,0.0,0.0,0.0,33,33,1,0,13,2,2,2,50,0,0.0,0,1,1,91,91,0
32,0,0.0,0.0,0.0,33,33,1,0,7,2,7,12,1,0,0.0,0,1,1,75,75,0
17,0,0.0,0.0,0.0,33,33,1,0,4,2,2,0,2,0,0.0,0,1,1,47,47,0
416,0,0.0,0.0,0.0,33,16,3,0,142,1,37,110,35,0,0.0,0,3,3,811,755,1
89,0,0.0,0.0,0.0,33,33,1,0,1,2,12,3,0,0,0.0,0,1,1,185,185,0
211,0,0.0,0.0,0.0,33,31,2,0,73,3,35,47,660,0,0.0,0,2,2,464,416,0
52,0,0.0,0.0,0.0,33,33,1,0,16,3,2,1,75,0,0.0,0,1,1,102,102,0
23,0,0.0,0.0,0.0,33,31,2,0,6,3,6,2,2,0,0.0,0,2,2,68,59,0
145,0,0.0,0.0,0.0,33,13,4,0,11,3,19,21,0,0,0.0,0,4,3,339,309,0
8,0,0.0,0.0,0.0,33,33,1,0,2,1,0,0,0,0,0.0,0,1,1,35,35,0
94,0,0.0,0.0,0.0,33,33,1,0,42,2,10,25,300,0,0.0,0,1,1,168,168,0
65,0,0.0,0.0,0.0,33,14,2,0,18,3,2,4,104,0,0.0,0,2,1,115,105,0
11,0,0.0,0.0,0.0,33,33,1,0,0,1,0,0,0,0,0.0,0,1,1,41,41,0
38,0,0.0,0.0,0.0,33,14,1,0,5,4,6,5,3,0,0.0,0,2,2,89,87,0
21,0,0.0,0.0,0.0,33,33,1,0,5,2,2,0,6,0,0.0,0,1,1,53,53,0
17,0,0.0,0.0,0.0,33,33,1,0,4,2,6,0,2,0,0.0,0,1,1,55,55,0
41,0,0.0,0.0,0.0,33,33,1,0,15,1,15,7,0,0,0.0,0,1,1,110,110,0
89,0,0.0,0.0,0.0,33,14,1,0,26,2,6,17,140,0,0.0,0,2,2,153,151,0
183,0,0.0,0.0,0.0,33,20,2,0,46,1,20,78,47,0,0.0,0,2,2,385,315,0
88,0,0.0,0.0,0.0,33,13,3,0,16,3,25,8,8,0,0.0,0,3,3,236,216,0
352,0,0.0,0.0,0.0,33,22,3,0,83,1,23,36,66,0,0.0,0,3,2,568,545,0
31,0,0.0,0.0,0.0,33,33,1,0,5,1,1,10,8,0,0.0,0,1,1,75,75,0
40,0,0.0,0.0,0.0,33,31,1,0,21,2,15,15,1,0,0.0,0,2,2,123,115,0
26,0,0.0,0.0,0.0,33,14,2,0,7,3,6,3,6,0,0.0,0,3,3,78,66,0
463,35,21.0,28.0,8.0,33,6,3,1,104,2,49,122,23,8,0.0,0,6,3,910,786,0
171,0,0.0,0.0,0.0,33,14,2,0,49,2,26,15,676,0,0.0,0,3,2,362,356,0
48,0,0.0,0.0,0.0,33,33,1,0,19,1,16,24,0,0,0.0,0,1,1,123,123,0
17,0,0.0,0.0,0.0,33,33,1,0,4,2,3,3,0,0,0.0,0,1,1,46,46,0
95,0,0.0,0.0,0.0,33,20,4,0,21,2,8,24,55,0,0.0,0,4,2,237,180,0
33,0,0.0,0.0,0.0,33,33,1,0,4,3,6,7,1,0,0.0,0,1,1,77,77,0
19,0,0.0,0.0,0.0,33,13,2,0,2,5,10,8,0,0,0.0,0,2,1,63,59,0
385,0,0.0,0.0,0.0,33,31,2,0,92,2,12,87,0,0,0.0,0,5,3,699,382,0
9,0,0.0,0.0,0.0,33,33,1,0,2,2,1,0,0,0,0.0,0,1,1,34,34,0
197,0,0.0,0.0,0.0,33,13,2,0,15,3,25,16,1,0,0.0,0,3,2,354,348,0
350,0,0.0,0.0,0.0,33,13,5,0,6,6,31,20,4,0,0.0,0,5,4,600,576,0
184,0,0.0,0.0,0.0,33,33,1,0,44,2,18,57,11,0,0.0,0,1,1,310,310,0
25,0,0.0,0.0,0.0,33,33,1,0,6,3,3,0,2,0,0.0,0,1,1,62,62,0
58,0,0.0,0.0,0.0,33,13,2,0,2,4,12,7,0,0,0.0,0,2,2,123,119,0
49,0,0.0,0.0,0.0,33,33,1,0,12,3,4,0,40,0,0.0,0,1,1,112,112,0
54,0,0.0,0.0,0.0,33,13,2,0,1,3,12,1,0,0,0.0,0,2,2,120,114,0
27,0,0.0,0.0,0.0,40,25,2,0,10,2,7,6,0,0,0.0,0,2,1,98,86,0
17,0,0.0,0.0,0.0,40,40,1,0,4,2,1,0,2,0,0.0,0,1,1,46,46,0
62,0,0.0,0.0,0.0,40,20,3,0,2,3,16,4,0,0,0.0,0,3,3,171,165,1
58,0,0.0,0.0,0.0,40,13,3,0,18,1,10,17,0,0,0.0,0,4,3,192,123,0
108,32,0.0,16.0,15.0,40,0,3,1,20,2,31,30,0,15,0.0,0,3,2,319,244,1
107,0,0.0,0.0,0.0,40,25,3,0,22,1,9,34,31,0,0.0,0,3,2,338,200,0
23,0,0.0,0.0,0.0,40,38,2,0,6,3,6,2,2,0,0.0,0,2,2,69,59,0
228,0,0.0,0.0,0.0,40,40,1,0,43,2,35,44,0,0,0.0,0,1,1,461,461,0
2,0,0.0,0.0,0.0,40,40,1,0,0,3,3,0,0,0,0.0,0,1,1,28,28,0
58,11,1.0,6.0,10.0,40,2,2,1,25,2,14,31,0,10,0.0,0,2,1,146,135,1
335,49,33.0,41.0,12.0,40,1,6,1,104,3,31,71,1259,12,0.0,0,7,3,692,544,1
12,0,0.0,0.0,0.0,40,40,1,0,3,3,7,0,1,0,0.0,0,1,1,50,50,0
149,0,0.0,0.0,0.0,40,20,2,0,1,2,24,15,0,0,0.0,0,3,3,345,282,1
77,0,0.0,0.0,0.0,40,40,1,0,22,2,2,2,170,0,0.0,0,1,1,133,133,0
85,0,0.0,0.0,0.0,40,40,1,0,24,3,2,0,170,0,0.0,0,1,1,175,175,0
60,0,0.0,0.0,0.0,40,38,2,0,19,1,2,6,57,0,0.0,0,2,2,152,110,0
401,0,0.0,0.0,0.0,40,20,4,0,3,6,35,18,0,0,0.0,0,4,3,761,711,1
79,0,0.0,0.0,0.0,40,40,1,0,27,2,10,17,47,0,0.0,0,1,1,145,145,0
9,0,0.0,0.0,0.0,40,30,2,0,1,2,5,2,0,0,0.0,0,2,2,47,45,0
21,0,0.0,0.0,0.0,40,40,1,0,7,2,8,2,6,0,0.0,0,1,1,65,65,0
80,10,0.0,5.0,10.0,40,2,3,1,19,2,12,14,105,10,0.0,0,4,2,218,189,1
54,0,0.0,0.0,0.0,40,40,1,0,9,2,15,15,0,0,0.0,0,1,1,144,144,1
17,0,0.0,0.0,0.0,40,40,1,0,4,2,4,0,2,0,0.0,0,1,1,52,52,0
43,0,0.0,0.0,0.0,40,37,1,0,5,4,6,7,3,0,0.0,0,2,2,96,94,1
413,14,2.0,8.0,10.0,40,2,5,1,84,2,36,113,188,10,0.0,0,5,2,777,650,1
276,0,0.0,0.0,0.0,40,40,1,0,3,5,24,14,0,0,0.0,0,1,1,506,506,1
130,0,0.0,0.0,0.0,40,20,1,0,37,4,6,18,344,0,0.0,0,2,2,215,213,0
268,0,0.0,0.0,0.0,40,40,1,0,3,6,25,14,0,0,0.0,0,1,1,483,483,1
26,0,0.0,0.0,0.0,40,40,1,0,7,1,1,0,15,0,0.0,0,1,1,59,59,0
34,0,0.0,0.0,0.0,40,40,1,0,12,1,10,9,0,0,0.0,0,1,1,92,92,0
3,0,0.0,0.0,0.0,40,40,1,0,0,3,3,0,0,0,0.0,0,1,1,31,31,0
33,0,0.0,0.0,0.0,40,40,1,0,13,1,1,2,2,0,0.0,0,1,1,72,72,0
130,0,0.0,0.0,0.0,40,20,3,0,4,2,18,14,1,0,0.0,0,3,3,301,263,1
105,0,0.0,0.0,0.0,40,8,3,0,12,2,24,21,24,0,0.0,0,4,2,241,221,0
25,0,0.0,0.0,0.0,40,40,1,0,7,1,1,3,2,0,0.0,0,1,1,99,99,1
111,0,0.0,0.0,0.0,40,40,1,0,1,3,15,4,0,0,0.0,0,1,1,211,211,1
128,0,0.0,0.0,0.0,40,38,1,0,36,2,2,6,402,0,0.0,0,2,2,271,211,0
52,0,0.0,0.0,0.0,40,20,1,0,14,2,12,6,43,0,0.0,0,2,2,116,114,0
117,0,0.0,0.0,0.0,40,20,3,0,1,2,21,12,0,0,0.0,0,4,4,277,234,1
127,0,0.0,0.0,0.0,40,12,2,0,30,2,17,45,1,0,0.0,0,2,1,257,232,0
13,0,0.0,0.0,0.0,40,12,2,0,3,1,6,3,1,0,0.0,0,2,1,200,119,0
89,4,0.0,2.0,4.0,40,2,2,1,1,3,17,12,0,4,0.0,0,2,2,198,194,0
10,0,0.0,0.0,0.0,40,40,1,0,3,3,2,0,1,0,0.0,0,1,1,40,40,0
10,0,0.0,0.0,0.0,40,40,1,0,3,3,2,0,1,0,0.0,0,1,1,40,40,0
95,0,0.0,0.0,0.0,40,38,1,0,15,2,20,33,0,0,0.0,0,2,2,229,223,0
23,0,0.0,0.0,0.0,40,38,2,0,6,3,6,2,2,0,0.0,0,2,2,69,59,0
230,31,4.5,10.0,1.5,40,1,6,2,74,1,30,74,26,2,0.9629,0,8,4,492,404,1
135,0,0.0,0.0,0.0,40,20,2,0,1,2,24,15,0,0,0.0,0,3,3,296,262,1
8,0,0.0,0.0,0.0,40,40,1,0,2,3,0,0,1,0,0.0,0,1,1,31,31,0
3,0,0.0,0.0,0.0,40,40,1,0,0,3,4,0,0,0,0.0,0,1,1,32,32,0
17,0,0.0,0.0,0.0,40,40,1,0,4,3,4,0,2,0,0.0,0,1,1,51,51,0
55,0,0.0,0.0,0.0,40,40,1,0,7,5,7,10,6,0,0.0,0,1,1,111,111,0
110,0,0.0,0.0,0.0,40,38,2,0,26,2,14,33,89,0,0.0,0,2,1,256,186,1
62,0,0.0,0.0,0.0,40,20,1,0,17,1,2,24,21,0,0.0,0,2,2,139,135,1
59,0,0.0,0.0,0.0,40,40,1,0,18,1,5,7,48,0,0.0,0,1,1,131,131,0
75,0,0.0,0.0,0.0,40,8,4,0,24,2,10,16,105,0,0.0,0,5,3,232,157,0
101,0,0.0,0.0,0.0,40,26,2,0,5,3,22,26,1,0,0.0,0,2,2,253,219,0
37,0,0.0,0.0,0.0,40,25,2,0,1,1,0,0,0,0,0.0,0,2,1,98,96,0
27,0,0.0,0.0,0.0,40,38,2,0,7,4,9,2,6,0,0.0,0,2,2,78,69,0
52,0,0.0,0.0,0.0,40,40,1,0,9,2,15,15,0,0,0.0,0,1,1,144,144,1
20,0,0.0,0.0,0.0,40,38,2,0,7,1,3,7,3,0,0.0,0,2,2,85,54,0
49,0,0.0,0.0,0.0,40,40,1,0,15,2,5,15,8,0,0.0,0,1,1,96,96,1
66,0,0.0,0.0,0.0,40,25,4,0,18,3,12,6,100,0,0.0,0,4,2,144,122,0
89,0,0.0,0.0,0.0,40,40,1,0,27,2,4,3,260,0,0.0,0,1,1,153,153,0
99,0,0.0,0.0,0.0,40,40,1,0,33,1,11,30,0,0,0.0,0,1,1,213,213,0
138,0,0.0,0.0,0.0,40,40,1,0,37,2,5,2,586,0,0.0,0,1,1,235,235,0
10,0,0.0,0.0,0.0,40,40,1,0,3,3,2,0,1,0,0.0,0,1,1,40,40,0
30,0,0.0,0.0,0.0,40,40,1,0,1,1,0,0,0,0,0.0,0,1,1,244,244,0
56,0,0.0,0.0,0.0,40,20,2,0,4,4,14,7,1,0,0.0,0,2,2,121,119,1
63,0,0.0,0.0,0.0,40,34,2,0,17,2,2,1,91,0,0.0,0,2,2,107,97,0
53,0,0.0,0.0,0.0,40,40,1,0,4,4,14,7,1,0,0.0,0,1,1,114,114,1
3,0,0.0,0.0,0.0,40,40,1,0,0,3,3,0,0,0,0.0,0,1,1,31,31,0
46,0,0.0,0.0,0.0,40,19,2,0,2,5,14,9,0,0,0.0,0,2,1,116,112,1
124,0,0.0,0.0,0.0,40,20,1,0,36,1,12,17,192,0,0.0,0,2,2,209,205,0
89,6,0.0,3.0,4.0,40,2,2,1,1,3,16,9,0,4,0.0,0,2,2,201,195,0
237,24,10.0,17.0,2.0,40,0,4,1,56,2,27,76,55,2,0.0,0,6,3,489,411,1
10,0,0.0,0.0,0.0,40,40,1,0,2,3,0,0,0,0,0.0,0,1,1,33,33,0
3,0,0.0,0.0,0.0,40,40,1,0,0,1,2,1,0,0,0.0,0,1,1,31,31,1
82,0,0.0,0.0,0.0,40,20,3,0,23,2,12,11,120,0,0.0,0,4,3,255,178,1
98,0,0.0,0.0,0.0,40,25,2,0,33,2,3,5,244,0,0.0,0,2,2,169,141,0
108,0,0.0,0.0,0.0,40,40,1,0,22,2,23,18,0,0,0.0,0,1,1,264,264,0
25,0,0.0,0.0,0.0,40,40,1,0,6,2,10,2,11,0,0.0,0,1,1,75,75,0
57,0,0.0,0.0,0.0,40,20,1,0,16,2,15,5,72,0,0.0,0,2,2,134,132,0
37,0,0.0,0.0,0.0,40,13,2,0,13,1,10,11,58,0,0.0,0,2,1,122,110,1
396,335,26.75,55.25,5.25,40,0,7,4,99,1,31,72,0,15,1.3712,0,8,3,964,566,0
34,0,0.0,0.0,0.0,40,20,1,0,6,4,9,12,10,0,0.0,0,2,2,81,79,1
83,0,0.0,0.0,0.0,40,20,2,0,1,2,14,4,0,0,0.0,0,2,2,178,176,1
36,0,0.0,0.0,0.0,40,40,1,0,10,1,2,1,0,0,0.0,0,1,1,65,65,0
11,0,0.0,0.0,0.0,40,40,1,0,4,1,0,1,0,0,0.0,0,1,1,69,69,1
128,0,0.0,0.0,0.0,40,30,2,0,30,2,7,12,153,0,0.0,0,2,2,378,300,0
122,0,0.0,0.0,0.0,40,20,2,0,30,1,2,13,0,0,0.0,0,3,2,306,282,0
70,0,0.0,0.0,0.0,40,25,3,0,16,2,32,19,15,0,0.0,0,3,2,214,175,0
288,0,0.0,0.0,0.0,40,40,1,0,76,1,28,1,0,0,0.0,0,1,1,401,401,0
38,0,0.0,0.0,0.0,40,40,1,0,8,2,12,12,1,0,0.0,0,1,1,79,79,1
41,0,0.0,0.0,0.0,40,40,1,0,4,2,10,12,0,0,0.0,0,1,1,107,107,0
79,0,0.0,0.0,0.0,40,40,1,0,20,1,3,25,5,0,0.0,0,1,1,178,178,0
298,0,0.0,0.0,0.0,40,20,1,0,62,2,30,84,114,0,0.0,0,3,3,552,532,1
37,0,0.0,0.0,0.0,40,40,1,0,14,2,2,3,8,0,0.0,0,1,1,111,111,0
32,0,0.0,0.0,0.0,40,40,1,0,10,2,6,8,28,0,0.0,0,1,1,104,104,0
3,0,0.0,0.0,0.0,40,40,1,0,0,3,2,0,0,0,0.0,0,1,1,29,29,0
2,0,0.0,0.0,0.0,40,40,1,0,0,3,3,0,0,0,0.0,0,1,1,28,28,0
26,101,101.0,101.0,15.0,0,0,1,1,5,2,4,6,6,15,0.0,0,1,1,101,101,0
32,0,0.0,0.0,0.0,40,40,1,0,9,2,5,2,32,0,0.0,0,1,1,72,72,0
94,0,0.0,0.0,0.0,40,37,1,0,6,3,7,5,2,0,0.0,0,2,2,168,165,0
76,0,0.0,0.0,0.0,40,39,2,0,22,2,2,1,186,0,0.0,0,2,2,134,124,0
65,0,0.0,0.0,0.0,40,37,2,0,19,4,13,6,137,0,0.0,0,2,2,154,152,0
243,0,0.0,0.0,0.0,27,27,1,0,67,2,15,57,0,0,0.0,0,1,1,318,318,0
29,0,0.0,0.0,0.0,40,40,1,0,8,2,16,7,0,0,0.0,0,1,1,83,83,0
23,0,0.0,0.0,0.0,40,40,1,0,8,2,1,0,3,0,0.0,0,1,1,57,57,0
42,0,0.0,0.0,0.0,40,40,1,0,14,2,1,1,35,0,0.0,0,1,1,85,85,0
3,0,0.0,0.0,0.0,40,40,1,0,0,3,4,0,0,0,0.0,0,1,1,32,32,0
23,0,0.0,0.0,0.0,40,34,2,0,7,2,7,11,1,0,0.0,0,2,2,72,61,1
32,0,0.0,0.0,0.0,40,40,1,0,7,4,15,10,4,0,0.0,0,1,1,90,90,1
27,0,0.0,0.0,0.0,40,37,1,0,2,4,7,5,0,0,0.0,0,2,2,79,67,1
33,0,0.0,0.0,0.0,40,37,2,0,8,2,8,10,1,0,0.0,0,3,3,77,71,1
14,0,0.0,0.0,0.0,40,40,1,0,12,1,5,0,66,0,0.0,0,1,1,53,53,0
137,0,0.0,0.0,0.0,40,20,4,0,8,3,28,27,0,0,0.0,0,4,3,314,271,1
38,0,0.0,0.0,0.0,40,40,1,0,13,2,4,0,17,0,0.0,0,1,1,84,84,0
389,379,6.17,34.67,6.0,40,0,13,5,106,1,40,136,139,15,1.511,0,17,4,1516,818,0
44,0,0.0,0.0,0.0,40,40,1,0,10,2,4,19,0,0,0.0,0,1,1,78,78,0
81,0,0.0,0.0,0.0,40,7,2,0,34,1,14,30,10,0,0.0,0,2,2,186,184,0
103,0,0.0,0.0,0.0,40,40,1,0,32,4,3,11,287,0,0.0,0,1,1,177,177,0
51,0,0.0,0.0,0.0,40,40,1,0,14,2,2,0,77,0,0.0,0,1,1,115,115,0
8,0,0.0,0.0,0.0,40,40,1,0,2,2,5,1,1,0,0.0,0,1,1,42,42,0
437,0,0.0,0.0,0.0,40,20,1,0,5,6,27,16,4,0,0.0,0,2,2,858,856,1
43,0,0.0,0.0,0.0,40,40,1,0,11,2,7,12,0,0,0.0,0,1,1,93,93,1
105,0,0.0,0.0,0.0,40,25,3,0,23,2,14,26,78,0,0.0,0,3,2,214,164,0
164,4,0.0,2.0,4.0,40,2,2,1,9,3,26,14,1,4,0.0,0,2,2,338,334,1
258,0,0.0,0.0,0.0,40,20,4,0,36,2,25,35,15,0,0.0,0,7,4,639,553,1
42,0,0.0,0.0,0.0,40,25,3,0,7,1,10,19,4,0,0.0,0,3,1,155,142,0
40,0,0.0,0.0,0.0,40,20,2,0,1,3,6,8,0,0,0.0,0,2,2,99,96,1
68,0,0.0,0.0,0.0,40,9,2,0,10,2,13,10,0,0,0.0,0,2,1,188,140,0
191,0,0.0,0.0,0.0,40,20,1,0,19,2,23,32,6,0,0.0,0,2,2,361,357,0
28,0,0.0,0.0,0.0,40,40,1,0,8,1,9,12,0,0,0.0,0,1,1,78,78,0
17,0,0.0,0.0,0.0,40,40,1,0,5,3,2,0,4,0,0.0,0,1,1,49,49,0
52,0,0.0,0.0,0.0,40,37,2,0,14,3,12,2,77,0,0.0,0,2,2,143,139,0
84,0,0.0,0.0,0.0,37,37,1,0,5,4,5,3,0,0,0.0,0,2,2,141,140,0
66,2,0.0,1.0,10.0,40,2,3,1,20,3,14,8,40,10,0.0,0,3,2,175,150,0
93,0,0.0,0.0,0.0,40,40,1,0,2,2,12,9,1,0,0.0,0,1,1,187,187,0
52,0,0.0,0.0,0.0,40,25,2,0,17,2,2,3,50,0,0.0,0,2,2,101,72,0
27,0,0.0,0.0,0.0,40,38,2,0,7,4,9,2,6,0,0.0,0,2,2,78,69,0
148,0,0.0,0.0,0.0,40,21,7,0,45,1,27,70,19,0,0.0,0,7,4,357,236,0
69,0,0.0,0.0,0.0,40,38,2,0,20,3,14,9,40,0,0.0,0,2,2,155,132,0
24,0,0.0,0.0,0.0,40,40,1,0,8,3,9,4,11,0,0.0,0,1,1,74,74,0
138,8,6.0,7.0,3.0,40,2,3,1,48,2,13,35,96,3,0.0,0,3,2,255,164,0
122,0,0.0,0.0,0.0,40,40,1,0,32,2,7,32,25,0,0.0,0,1,1,202,202,0
71,0,0.0,0.0,0.0,40,9,2,0,17,4,16,24,8,0,0.0,0,2,1,149,138,0
14,0,0.0,0.0,0.0,40,28,1,0,2,1,9,4,1,0,0.0,0,2,1,69,61,0
24,0,0.0,0.0,0.0,40,40,1,0,4,4,6,7,1,0,0.0,0,1,1,64,64,0
86,0,0.0,0.0,0.0,40,25,3,0,21,1,14,37,11,0,0.0,0,3,2,185,157,0
9,0,0.0,0.0,0.0,40,40,1,0,2,3,0,0,1,0,0.0,0,1,1,32,32,0
4,0,0.0,0.0,0.0,40,30,2,0,0,1,3,1,0,0,0.0,0,2,2,44,39,0
4,0,0.0,0.0,0.0,40,40,1,0,1,1,5,1,0,0,0.0,0,1,1,36,36,0
174,0,0.0,0.0,0.0,40,20,4,0,14,4,26,29,6,0,0.0,0,4,4,351,239,1
168,0,0.0,0.0,0.0,40,25,3,0,7,3,16,8,0,0,0.0,0,3,1,341,304,1
45,0,0.0,0.0,0.0,40,40,1,0,8,1,6,22,0,0,0.0,0,1,1,102,102,0
52,0,0.0,0.0,0.0,40,40,1,0,9,1,7,17,0,0,0.0,0,1,1,101,101,0
31,0,0.0,0.0,0.0,40,40,1,0,8,2,3,0,20,0,0.0,0,1,1,125,125,0
29,0,0.0,0.0,0.0,40,38,2,0,8,3,6,2,6,0,0.0,0,2,2,78,69,0
93,0,0.0,0.0,0.0,40,28,1,0,11,1,17,46,0,0,0.0,0,2,1,227,207,0
4,0,0.0,0.0,0.0,40,38,2,0,0,1,0,0,0,0,0.0,0,2,2,38,28,0
62,0,0.0,0.0,0.0,40,40,1,0,17,1,17,36,1,0,0.0,0,1,1,131,131,0
114,91,3.5,24.5,4.0,40,2,9,2,28,1,15,55,0,4,0.4996,0,10,2,442,234,0
10,0,0.0,0.0,0.0,40,40,1,0,2,3,0,0,0,0,0.0,0,1,1,51,51,0
12,0,0.0,0.0,0.0,40,40,1,0,1,4,4,3,0,0,0.0,0,1,1,45,45,1
9,0,0.0,0.0,0.0,40,40,1,0,2,1,0,0,0,0,0.0,0,1,1,37,37,0
54,0,0.0,0.0,0.0,40,37,1,0,12,2,12,24,0,0,0.0,0,2,2,115,109,0
87,0,0.0,0.0,0.0,40,20,1,0,26,1,7,13,120,0,0.0,0,2,2,153,151,0
24,0,0.0,0.0,0.0,40,40,1,0,7,2,4,2,19,0,0.0,0,1,1,58,58,0
14,0,0.0,0.0,0.0,40,38,2,0,12,1,5,0,66,0,0.0,0,2,1,57,52,0
62,0,0.0,0.0,0.0,40,40,1,0,16,2,14,3,94,0,0.0,0,1,1,157,157,0
24,0,0.0,0.0,0.0,40,40,1,0,12,2,6,11,1,0,0.0,0,1,1,75,75,0
3,0,0.0,0.0,0.0,40,40,1,0,1,1,1,0,0,0,0.0,0,1,1,32,32,0
126,0,0.0,0.0,0.0,40,40,1,0,58,2,7,40,66,0,0.0,0,1,1,216,216,0
55,0,0.0,0.0,0.0,40,13,2,0,11,1,18,17,2,0,0.0,0,2,1,139,72,0
115,0,0.0,0.0,0.0,40,40,1,0,30,2,12,17,205,0,0.0,0,1,1,215,215,1
28,0,0.0,0.0,0.0,40,40,1,0,5,1,8,8,0,0,0.0,0,1,1,77,77,0
112,0,0.0,0.0,0.0,40,20,3,0,27,4,24,19,3,0,0.0,0,3,3,218,198,1
69,0,0.0,0.0,0.0,40,12,2,0,27,3,3,2,117,0,0.0,0,2,1,163,143,1
3,0,0.0,0.0,0.0,40,40,1,0,1,1,1,0,0,0,0.0,0,1,1,26,26,0
57,0,0.0,0.0,0.0,40,30,2,0,15,2,6,10,54,0,0.0,0,3,3,116,96,1
11,0,0.0,0.0,0.0,40,40,1,0,2,1,0,0,0,0,0.0,0,1,1,49,49,0
135,53,5.0,29.0,2.0,40,0,3,0,11,3,27,35,1,2,0.0,0,5,3,330,209,1
116,0,0.0,0.0,0.0,40,40,1,0,18,1,23,48,0,0,0.0,0,1,1,258,258,0
88,0,0.0,0.0,0.0,40,34,2,0,22,1,12,42,1,0,0.0,0,2,2,221,182,0
52,0,0.0,0.0,0.0,40,40,1,0,14,3,3,0,77,0,0.0,0,1,1,98,98,0
3,0,0.0,0.0,0.0,40,40,1,0,0,3,3,0,0,0,0.0,0,1,1,31,31,0
138,0,0.0,0.0,0.0,40,11,5,0,34,1,25,58,71,0,0.0,0,8,2,290,224,0
17,0,0.0,0.0,0.0,40,40,1,0,4,2,1,0,2,0,0.0,0,1,1,46,46,0
54,6,2.0,4.0,15.0,40,0,3,1,12,1,14,29,26,15,0.0,0,4,2,227,170,0
13,0,0.0,0.0,0.0,40,40,1,0,3,3,0,1,1,0,0.0,0,1,1,40,40,0
183,0,0.0,0.0,0.0,40,40,1,0,52,3,2,0,1080,0,0.0,0,1,1,353,353,0
66,0,0.0,0.0,0.0,40,38,2,0,20,3,14,8,40,0,0.0,0,2,2,152,129,0
24,0,0.0,0.0,0.0,40,37,2,0,1,3,10,2,0,0,0.0,0,2,2,94,64,1
98,0,0.0,0.0,0.0,40,7,2,0,31,2,17,9,230,0,0.0,0,3,2,222,207,0
35,0,0.0,0.0,0.0,40,40,1,0,14,2,2,0,12,0,0.0,0,1,1,85,85,0
25,0,0.0,0.0,0.0,40,40,1,0,4,1,4,6,0,0,0.0,0,1,1,63,63,0
31,0,0.0,0.0,0.0,40,20,2,0,2,2,17,5,0,0,0.0,0,2,2,112,110,0
27,0,0.0,0.0,0.0,40,38,2,0,7,4,9,2,6,0,0.0,0,2,2,76,69,0
16,0,0.0,0.0,0.0,40,40,1,0,2,4,5,4,0,0,0.0,0,1,1,51,51,0
109,0,0.0,0.0,0.0,40,40,1,0,27,2,20,24,0,0,0.0,0,1,1,247,247,0
49,0,0.0,0.0,0.0,40,20,2,0,2,3,15,6,0,0,0.0,0,2,2,120,116,1
74,0,0.0,0.0,0.0,40,40,1,0,19,2,19,26,28,0,0.0,0,1,1,170,170,1
26,0,0.0,0.0,0.0,40,20,2,0,7,3,6,3,6,0,0.0,0,3,3,77,66,0
89,0,0.0,0.0,0.0,40,40,1,0,20,2,12,18,4,0,0.0,0,1,1,183,183,0
241,0,0.0,0.0,0.0,40,20,3,0,16,3,31,37,2,0,0.0,0,3,3,483,436,1
20,0,0.0,0.0,0.0,40,13,2,0,18,1,6,0,153,0,0.0,0,2,1,226,215,0
158,0,0.0,0.0,0.0,40,40,1,0,25,2,10,6,13,0,0.0,0,1,1,254,254,1
81,0,0.0,0.0,0.0,40,29,3,0,17,2,21,33,16,0,0.0,0,3,2,191,150,0
90,0,0.0,0.0,0.0,40,40,1,0,4,2,12,13,1,0,0.0,0,1,1,174,174,0
128,30,1.0,8.0,2.5,40,2,4,2,33,2,10,11,10,4,0.9871,0,4,2,257,181,1
224,0,0.0,0.0,0.0,40,16,3,0,38,2,31,57,0,0,0.0,0,4,2,592,434,0
44,0,0.0,0.0,0.0,40,38,1,0,10,2,8,12,1,0,0.0,0,2,2,90,86,1
52,0,0.0,0.0,0.0,40,37,1,0,9,2,15,16,0,0,0.0,0,2,2,146,144,1
105,0,0.0,0.0,0.0,40,40,1,0,5,4,23,14,0,0,0.0,0,1,1,235,235,1
17,0,0.0,0.0,0.0,40,40,1,0,5,3,2,0,4,0,0.0,0,1,1,49,49,0
232,0,0.0,0.0,0.0,40,9,4,0,53,1,15,118,55,0,0.0,0,4,2,459,370,0
93,0,0.0,0.0,0.0,40,13,2,0,24,2,19,31,4,0,0.0,0,2,2,230,179,1
132,3,3.0,3.0,1.0,40,6,3,1,34,2,16,21,213,1,0.0,0,3,2,247,231,0
15,0,0.0,0.0,0.0,40,40,1,0,13,1,4,0,78,0,0.0,0,1,1,56,56,0
83,0,0.0,0.0,0.0,40,28,2,0,25,2,12,14,140,0,0.0,0,2,1,207,188,0
12,0,0.0,0.0,0.0,40,40,1,0,3,1,0,3,3,0,0.0,0,1,1,45,45,0
91,2,0.0,1.0,1.0,40,1,6,1,3,5,13,6,3,1,0.0,0,6,4,244,179,1
71,0,0.0,0.0,0.0,40,37,1,0,18,1,12,25,0,0,0.0,0,2,2,149,147,0
41,0,0.0,0.0,0.0,40,40,1,0,9,2,7,7,0,0,0.0,0,1,1,95,95,1
44,0,0.0,0.0,0.0,40,40,1,0,6,2,8,22,1,0,0.0,0,1,1,100,100,0
196,4,0.0,2.0,15.0,40,0,4,1,35,2,33,64,0,15,0.0,0,5,3,527,438,1
38,0,0.0,0.0,0.0,40,37,3,0,5,5,7,12,3,0,0.0,0,3,3,302,190,0
119,0,0.0,0.0,0.0,40,40,1,0,22,3,9,22,20,0,0.0,0,1,1,214,214,1
27,0,0.0,0.0,0.0,40,20,3,0,1,3,13,4,0,0,0.0,0,3,2,110,102,1
34,0,0.0,0.0,0.0,40,15,2,0,13,2,5,2,20,0,0.0,0,2,1,102,93,0
47,0,0.0,0.0,0.0,40,40,1,0,4,2,15,10,0,0,0.0,0,1,1,107,107,0
44,0,0.0,0.0,0.0,40,28,2,0,14,2,8,16,0,0,0.0,0,2,1,104,98,0
71,0,0.0,0.0,0.0,40,9,4,0,14,1,14,25,10,0,0.0,0,4,2,226,157,1
116,0,0.0,0.0,0.0,40,37,3,0,12,6,10,14,4,0,0.0,0,3,3,443,322,0
24,0,0.0,0.0,0.0,40,40,1,0,6,2,7,0,9,0,0.0,0,1,1,69,69,0
35,0,0.0,0.0,0.0,40,40,1,0,12,3,1,1,20,0,0.0,0,1,1,74,74,0
268,0,0.0,0.0,0.0,40,25,2,0,4,5,31,17,1,0,0.0,0,2,2,495,493,1
59,0,0.0,0.0,0.0,40,40,1,0,16,4,2,0,104,0,0.0,0,1,1,104,104,0
16,0,0.0,0.0,0.0,40,40,1,0,4,2,1,0,2,0,0.0,0,1,1,44,44,0
66,0,0.0,0.0,0.0,40,40,1,0,14,1,4,13,0,0,0.0,0,1,1,112,112,0
49,0,0.0,0.0,0.0,40,20,2,0,5,3,16,7,0,0,0.0,0,2,2,125,121,1
87,0,0.0,0.0,0.0,40,20,1,0,25,2,4,13,139,0,0.0,0,2,2,153,151,0
47,0,0.0,0.0,0.0,40,40,1,0,11,2,3,21,0,0,0.0,0,1,1,92,92,1
58,0,0.0,0.0,0.0,40,38,1,0,17,1,5,15,0,0,0.0,0,2,2,178,158,0
134,0,0.0,0.0,0.0,40,13,3,0,22,1,8,27,0,0,0.0,0,7,3,273,176,0
129,56,3.0,15.5,4.0,40,2,10,2,26,1,30,65,13,4,0.9544,0,10,3,406,270,0
54,0,0.0,0.0,0.0,40,9,2,0,17,1,4,19,21,0,0.0,0,3,2,108,91,0
7,43,43.0,43.0,15.0,0,0,1,1,2,4,0,0,1,15,0.0,0,1,1,43,43,0
3,0,0.0,0.0,0.0,40,40,1,0,0,3,3,0,0,0,0.0,0,1,1,31,31,0
392,50,2.0,26.0,3.0,40,0,2,0,33,3,28,63,22,3,0.0,0,3,2,699,600,1
125,0,0.0,0.0,0.0,40,40,1,0,48,2,7,8,60,0,0.0,0,1,1,210,210,0
13,0,0.0,0.0,0.0,40,40,1,0,2,3,4,2,0,0,0.0,0,1,1,46,46,0
358,0,0.0,0.0,0.0,40,20,2,0,88,2,21,75,118,0,0.0,0,4,4,557,545,0
66,0,0.0,0.0,0.0,40,40,1,0,3,2,13,4,0,0,0.0,0,1,1,149,149,1
16,0,0.0,0.0,0.0,40,40,1,0,4,4,9,6,1,0,0.0,0,1,1,62,62,0
50,0,0.0,0.0,0.0,40,40,1,0,13,1,3,1,66,0,0.0,0,1,1,113,113,0
68,280,60.67,77.0,6.67,0,0,3,3,20,1,12,19,39,15,0.9122,0,3,1,280,223,0
42,0,0.0,0.0,0.0,40,40,1,0,10,2,8,18,0,0,0.0,0,1,1,93,93,0
30,0,0.0,0.0,0.0,40,40,1,0,8,2,3,2,15,0,0.0,0,1,1,66,66,0
141,0,0.0,0.0,0.0,40,37,3,0,27,2,24,38,8,0,0.0,0,3,2,324,221,0
89,0,0.0,0.0,0.0,40,38,2,0,31,1,13,10,1,0,0.0,0,3,2,219,138,1
106,0,0.0,0.0,0.0,40,40,1,0,21,2,21,31,39,0,0.0,0,1,1,214,214,0
45,0,0.0,0.0,0.0,40,40,1,0,11,2,10,21,1,0,0.0,0,1,1,90,90,1
261,15,-11.0,2.0,3.0,40,0,5,0,20,2,34,36,3,3,0.0,0,6,3,671,537,1
116,0,0.0,0.0,0.0,40,20,2,0,1,2,20,12,0,0,0.0,0,3,3,257,224,1
308,9,1.0,5.0,10.0,40,2,5,1,47,1,33,77,0,10,0.0,0,7,2,868,643,0
8,0,0.0,0.0,0.0,40,40,1,0,2,3,0,0,1,0,0.0,0,1,1,30,30,0
17,0,0.0,0.0,0.0,40,40,1,0,5,3,2,0,4,0,0.0,0,1,1,49,49,0
47,0,0.0,0.0,0.0,40,40,1,0,13,2,2,2,50,0,0.0,0,1,1,91,91,0
32,0,0.0,0.0,0.0,40,40,1,0,7,2,7,12,1,0,0.0,0,1,1,75,75,1
17,0,0.0,0.0,0.0,40,40,1,0,4,2,2,0,2,0,0.0,0,1,1,47,47,0
416,0,0.0,0.0,0.0,40,23,3,0,142,1,37,110,35,0,0.0,0,3,3,811,755,1
89,0,0.0,0.0,0.0,40,40,1,0,1,2,12,3,0,0,0.0,0,1,1,185,185,1
211,0,0.0,0.0,0.0,40,38,2,0,73,3,35,47,660,0,0.0,0,2,2,464,416,0
52,0,0.0,0.0,0.0,40,40,1,0,16,3,2,1,75,0,0.0,0,1,1,102,102,0
23,0,0.0,0.0,0.0,40,38,2,0,6,3,6,2,2,0,0.0,0,2,2,68,59,0
145,0,0.0,0.0,0.0,40,20,4,0,11,3,19,21,0,0,0.0,0,4,3,339,309,1
8,0,0.0,0.0,0.0,40,40,1,0,2,1,0,0,0,0,0.0,0,1,1,35,35,0
92,81,-2.5,19.0,7.5,40,2,3,2,42,2,10,25,300,10,0.941,0,3,2,249,168,0
65,0,0.0,0.0,0.0,40,21,2,0,18,3,2,4,104,0,0.0,0,2,1,115,105,0
11,0,0.0,0.0,0.0,40,40,1,0,0,1,0,0,0,0,0.0,0,1,1,41,41,0
38,0,0.0,0.0,0.0,40,20,1,0,5,4,6,5,3,0,0.0,0,2,2,89,87,1
21,0,0.0,0.0,0.0,40,40,1,0,5,2,2,0,6,0,0.0,0,1,1,53,53,0
17,0,0.0,0.0,0.0,40,40,1,0,4,2,6,0,2,0,0.0,0,1,1,55,55,0
41,0,0.0,0.0,0.0,40,40,1,0,15,1,15,7,0,0,0.0,0,1,1,110,110,0
89,0,0.0,0.0,0.0,40,20,1,0,26,2,6,17,140,0,0.0,0,2,2,153,151,0
183,0,0.0,0.0,0.0,40,27,2,0,46,1,20,78,47,0,0.0,0,2,2,385,315,0
88,0,0.0,0.0,0.0,40,20,3,0,16,3,25,8,8,0,0.0,0,3,3,236,216,1
314,204,-20.0,24.0,5.67,40,2,5,2,62,1,21,32,36,10,0.5712,0,6,3,772,545,0
31,0,0.0,0.0,0.0,40,40,1,0,5,1,1,10,8,0,0.0,0,1,1,75,75,0
40,0,0.0,0.0,0.0,40,37,1,0,21,2,15,15,1,0,0.0,0,2,2,123,115,1
26,0,0.0,0.0,0.0,40,20,2,0,7,3,6,3,6,0,0.0,0,3,3,78,66,0
463,0,0.0,0.0,0.0,40,12,3,0,104,2,49,122,23,0,0.0,0,6,3,910,786,1
171,0,0.0,0.0,0.0,40,20,2,0,49,2,26,15,676,0,0.0,0,3,2,362,356,0
48,0,0.0,0.0,0.0,40,40,1,0,19,1,16,24,0,0,0.0,0,1,1,123,123,0
17,0,0.0,0.0,0.0,40,40,1,0,4,2,3,3,0,0,0.0,0,1,1,46,46,0
95,0,0.0,0.0,0.0,40,27,4,0,21,2,8,24,55,0,0.0,0,4,2,237,180,1
33,0,0.0,0.0,0.0,40,40,1,0,4,3,6,7,1,0,0.0,0,1,1,77,77,1
19,0,0.0,0.0,0.0,40,19,2,0,2,5,10,8,0,0,0.0,0,2,1,63,59,0
385,0,0.0,0.0,0.0,40,37,2,0,92,2,12,87,0,0,0.0,0,5,3,699,382,0
9,0,0.0,0.0,0.0,40,40,1,0,2,2,1,0,0,0,0.0,0,1,1,34,34,0
197,24,0.0,12.0,3.0,40,0,2,0,15,3,25,16,1,3,0.0,0,4,2,378,348,1
350,0,0.0,0.0,0.0,40,20,5,0,6,6,31,20,4,0,0.0,0,5,4,600,576,1
184,0,0.0,0.0,0.0,40,40,1,0,44,2,18,57,11,0,0.0,0,1,1,310,310,0
25,0,0.0,0.0,0.0,40,40,1,0,6,3,3,0,2,0,0.0,0,1,1,62,62,0
58,0,0.0,0.0,0.0,40,20,2,0,2,4,12,7,0,0,0.0,0,2,2,123,119,1
49,0,0.0,0.0,0.0,40,40,1,0,12,3,4,0,40,0,0.0,0,1,1,112,112,0
54,0,0.0,0.0,0.0,40,20,2,0,1,3,12,1,0,0,0.0,0,2,2,120,114,1
27,0,0.0,0.0,0.0,45,30,2,0,10,2,7,6,0,0,0.0,0,2,1,98,86,0
17,0,0.0,0.0,0.0,45,45,1,0,4,2,1,0,2,0,0.0,0,1,1,46,46,0
65,56,1.71,4.86,15.86,45,0,7,4,4,3,18,7,0,92,2.0332,0,10,3,227,165,0
58,0,0.0,0.0,0.0,45,18,3,0,18,1,10,17,0,0,0.0,0,4,3,192,123,0
108,0,0.0,0.0,0.0,45,5,3,0,20,2,31,30,0,0,0.0,0,3,2,319,244,0
107,0,0.0,0.0,0.0,45,30,3,0,22,1,9,34,31,0,0.0,0,3,2,338,200,0
23,0,0.0,0.0,0.0,45,43,2,0,6,3,6,2,2,0,0.0,0,2,2,69,59,0
228,0,0.0,0.0,0.0,45,45,1,0,43,2,35,44,0,0,0.0,0,1,1,461,461,0
2,0,0.0,0.0,0.0,45,45,1,0,0,3,3,0,0,0,0.0,0,1,1,28,28,0
58,2,0.0,1.0,10.0,45,4,3,1,25,2,14,31,0,10,0.0,0,3,1,148,135,0
335,4,0.0,2.0,10.0,45,4,7,1,105,3,31,71,1259,10,0.0,0,8,3,696,544,0
12,0,0.0,0.0,0.0,45,45,1,0,3,3,7,0,1,0,0.0,0,1,1,50,50,0
149,18,0.0,9.0,92.0,45,1,2,0,1,2,24,15,0,92,0.0,0,4,3,363,282,1
77,0,0.0,0.0,0.0,45,45,1,0,22,2,2,2,170,0,0.0,0,1,1,133,133,0
85,0,0.0,0.0,0.0,45,45,1,0,24,3,2,0,170,0,0.0,0,1,1,175,175,0
60,0,0.0,0.0,0.0,45,43,2,0,19,1,2,6,57,0,0.0,0,2,2,152,110,0
401,50,0.0,25.0,92.0,45,1,4,0,3,6,36,19,0,92,0.0,0,5,3,811,711,0
79,0,0.0,0.0,0.0,45,45,1,0,27,2,10,17,47,0,0.0,0,1,1,145,145,0
9,0,0.0,0.0,0.0,45,35,2,0,1,2,5,2,0,0,0.0,0,2,2,47,45,0
21,0,0.0,0.0,0.0,45,45,1,0,7,2,8,2,6,0,0.0,0,1,1,65,65,0
80,4,0.0,2.0,10.0,45,4,4,1,19,2,12,14,105,10,0.0,0,5,2,222,189,0
54,0,0.0,0.0,0.0,45,45,1,0,9,2,15,15,0,0,0.0,0,1,1,144,144,0
17,0,0.0,0.0,0.0,45,45,1,0,4,2,4,0,2,0,0.0,0,1,1,52,52,0
43,0,0.0,0.0,0.0,45,42,1,0,5,4,6,7,3,0,0.0,0,2,2,96,94,0
417,36,2.0,10.0,9.5,45,2,7,2,86,2,36,114,188,15,0.3095,0,7,2,813,650,0
275,39,-2.5,8.5,47.0,45,1,2,1,3,5,24,15,0,92,0.3912,0,3,2,545,506,1
130,0,0.0,0.0,0.0,45,25,1,0,37,4,6,18,344,0,0.0,0,2,2,215,213,0
268,36,0.0,9.0,53.5,45,1,2,1,3,6,25,14,0,92,0.5033,0,3,1,519,483,0
26,0,0.0,0.0,0.0,45,45,1,0,7,1,1,0,15,0,0.0,0,1,1,59,59,0
34,0,0.0,0.0,0.0,45,45,1,0,12,1,10,9,0,0,0.0,0,1,1,92,92,0
3,0,0.0,0.0,0.0,45,45,1,0,0,3,3,0,0,0,0.0,0,1,1,31,31,0
33,0,0.0,0.0,0.0,45,45,1,0,13,1,1,2,2,0,0.0,0,1,1,72,72,0
130,22,-2.0,10.0,13.0,45,2,4,1,4,2,18,14,1,13,0.0,0,4,3,323,263,0
106,8,2.0,5.0,92.0,45,1,3,0,12,2,24,22,24,92,0.0,0,5,2,249,221,0
25,0,0.0,0.0,0.0,45,45,1,0,7,1,1,3,2,0,0.0,0,1,1,99,99,0
142,72,24.0,30.0,53.5,45,1,2,1,1,3,16,8,0,92,0.3095,0,3,1,283,211,0
128,0,0.0,0.0,0.0,45,43,1,0,36,2,2,6,402,0,0.0,0,2,2,271,211,0
52,0,0.0,0.0,0.0,45,25,1,0,14,2,12,6,43,0,0.0,0,2,2,116,114,0
117,37,1.0,19.0,92.0,45,1,3,0,1,2,22,12,0,92,0.0,0,5,4,314,234,1
127,0,0.0,0.0,0.0,45,17,2,0,30,2,17,45,1,0,0.0,0,2,1,257,232,0
13,0,0.0,0.0,0.0,45,17,2,0,3,1,6,3,1,0,0.0,0,2,1,200,119,0
89,0,0.0,0.0,0.0,45,7,2,0,1,3,17,12,0,0,0.0,0,2,2,198,194,0
14,48,48.0,48.0,15.0,2,2,1,1,3,5,7,3,3,15,0.0,0,1,1,48,48,0
10,0,0.0,0.0,0.0,45,45,1,0,3,3,2,0,1,0,0.0,0,1,1,40,40,0
10,0,0.0,0.0,0.0,45,45,1,0,3,3,2,0,1,0,0.0,0,1,1,40,40,0
95,0,0.0,0.0,0.0,45,43,1,0,15,2,20,33,0,0,0.0,0,2,2,229,223,0
23,0,0.0,0.0,0.0,45,43,2,0,6,3,6,2,2,0,0.0,0,2,2,69,59,0
255,294,10.4,34.6,4.0,45,2,10,4,80,1,34,79,43,8,1.7086,0,13,4,786,404,1
135,44,-2.0,21.0,92.0,45,1,2,0,1,2,24,15,0,92,0.0,0,4,3,340,262,1
8,0,0.0,0.0,0.0,45,45,1,0,2,3,0,0,1,0,0.0,0,1,1,31,31,0
3,0,0.0,0.0,0.0,45,45,1,0,0,3,4,0,0,0,0.0,0,1,1,32,32,0
17,0,0.0,0.0,0.0,45,45,1,0,4,3,4,0,2,0,0.0,0,1,1,51,51,0
55,0,0.0,0.0,0.0,45,45,1,0,7,5,7,10,6,0,0.0,0,1,1,111,111,0
110,0,0.0,0.0,0.0,45,43,2,0,26,2,14,33,89,0,0.0,0,2,1,256,186,1
62,4,0.0,2.0,10.0,45,4,2,1,17,1,2,24,21,10,0.0,0,3,2,143,135,1
59,0,0.0,0.0,0.0,45,45,1,0,18,1,5,7,48,0,0.0,0,1,1,131,131,0
75,0,0.0,0.0,0.0,45,13,4,0,24,2,10,16,105,0,0.0,0,5,3,232,157,0
101,0,0.0,0.0,0.0,45,31,2,0,5,3,22,26,1,0,0.0,0,2,2,253,219,0
37,0,0.0,0.0,0.0,45,30,2,0,1,1,0,0,0,0,0.0,0,2,1,98,96,0
27,0,0.0,0.0,0.0,45,43,2,0,7,4,9,2,6,0,0.0,0,2,2,78,69,0
52,0,0.0,0.0,0.0,45,45,1,0,9,2,15,15,0,0,0.0,0,1,1,144,144,0
20,0,0.0,0.0,0.0,45,43,2,0,7,1,3,7,3,0,0.0,0,2,2,85,54,0
49,0,0.0,0.0,0.0,45,45,1,0,15,2,5,15,8,0,0.0,0,1,1,96,96,0
66,0,0.0,0.0,0.0,45,30,4,0,18,3,12,6,100,0,0.0,0,4,2,144,122,0
89,0,0.0,0.0,0.0,45,45,1,0,27,2,4,3,260,0,0.0,0,1,1,153,153,0
99,0,0.0,0.0,0.0,45,45,1,0,33,1,11,30,0,0,0.0,0,1,1,213,213,1
138,0,0.0,0.0,0.0,45,45,1,0,37,2,5,2,586,0,0.0,0,1,1,235,235,0
10,0,0.0,0.0,0.0,45,45,1,0,3,3,2,0,1,0,0.0,0,1,1,40,40,0
30,0,0.0,0.0,0.0,45,45,1,0,1,1,0,0,0,0,0.0,0,1,1,244,244,0
56,17,-1.0,8.0,92.0,45,1,2,0,4,4,15,7,1,92,0.0,0,3,2,138,119,0
63,0,0.0,0.0,0.0,45,39,2,0,17,2,2,1,91,0,0.0,0,2,2,107,97,0
53,18,-2.0,8.0,92.0,45,1,1,0,4,4,15,7,1,92,0.0,0,2,1,132,114,0
3,0,0.0,0.0,0.0,45,45,1,0,0,3,3,0,0,0,0.0,0,1,1,31,31,0
46,0,0.0,0.0,0.0,45,24,2,0,2,5,14,9,0,0,0.0,0,2,1,116,112,0
124,0,0.0,0.0,0.0,45,25,1,0,36,1,12,17,192,0,0.0,0,2,2,209,205,0
89,0,0.0,0.0,0.0,45,7,2,0,1,3,16,9,0,0,0.0,0,2,2,201,195,0
237,0,0.0,0.0,0.0,45,5,4,0,56,2,27,76,55,0,0.0,0,6,3,489,411,1
10,0,0.0,0.0,0.0,45,45,1,0,2,3,0,0,0,0,0.0,0,1,1,33,33,0
3,0,0.0,0.0,0.0,45,45,1,0,0,1,2,1,0,0,0.0,0,1,1,31,31,1
82,0,0.0,0.0,0.0,45,25,3,0,23,2,12,11,120,0,0.0,0,4,3,255,178,1
98,0,0.0,0.0,0.0,45,30,2,0,33,2,3,5,244,0,0.0,0,2,2,169,141,0
108,0,0.0,0.0,0.0,45,45,1,0,22,2,23,18,0,0,0.0,0,1,1,264,264,0
25,0,0.0,0.0,0.0,45,45,1,0,6,2,10,2,11,0,0.0,0,1,1,75,75,0
57,0,0.0,0.0,0.0,45,25,1,0,16,2,15,5,72,0,0.0,0,2,2,134,132,0
37,2,-2.0,0.0,10.0,45,4,3,1,13,1,10,11,58,10,0.0,0,3,1,124,110,0
396,0,0.0,0.0,0.0,45,5,7,0,99,1,31,72,0,0,0.0,0,8,3,964,566,0
34,0,0.0,0.0,0.0,45,25,1,0,6,4,9,12,10,0,0.0,0,2,2,81,79,0
83,39,-1.5,9.0,50.0,45,0,2,0,1,2,14,4,0,92,0.8905,0,4,2,217,176,0
36,0,0.0,0.0,0.0,45,45,1,0,10,1,2,1,0,0,0.0,0,1,1,65,65,0
11,0,0.0,0.0,0.0,45,45,1,0,4,1,0,1,0,0,0.0,0,1,1,69,69,1
128,0,0.0,0.0,0.0,45,35,2,0,30,2,7,12,153,0,0.0,0,2,2,378,300,1
122,0,0.0,0.0,0.0,45,25,2,0,30,1,2,13,0,0,0.0,0,3,2,306,282,0
70,0,0.0,0.0,0.0,45,30,3,0,16,2,32,19,15,0,0.0,0,3,2,214,175,0
288,0,0.0,0.0,0.0,45,45,1,0,76,1,28,1,0,0,0.0,0,1,1,401,401,0
38,0,0.0,0.0,0.0,45,45,1,0,8,2,9,10,1,0,0.0,0,1,1,79,79,1
64,172,80.0,83.0,6.0,2,2,2,2,16,1,4,21,0,8,0.3864,0,2,1,172,159,1
41,0,0.0,0.0,0.0,45,45,1,0,4,2,10,12,0,0,0.0,0,1,1,107,107,0
79,0,0.0,0.0,0.0,45,45,1,0,20,1,3,25,5,0,0.0,0,1,1,178,178,0
304,8,6.0,7.0,15.0,45,2,2,1,63,2,30,84,114,15,0.0,0,4,3,560,532,1
37,0,0.0,0.0,0.0,45,45,1,0,14,2,2,3,8,0,0.0,0,1,1,111,111,0
32,0,0.0,0.0,0.0,45,45,1,0,10,2,6,8,28,0,0.0,0,1,1,104,104,0
3,0,0.0,0.0,0.0,45,45,1,0,0,3,2,0,0,0,0.0,0,1,1,29,29,0
2,0,0.0,0.0,0.0,45,45,1,0,0,3,3,0,0,0,0.0,0,1,1,28,28,0
26,0,0.0,0.0,0.0,5,5,1,0,5,2,4,6,6,0,0.0,0,1,1,101,101,0
32,0,0.0,0.0,0.0,45,45,1,0,9,2,5,2,32,0,0.0,0,1,1,72,72,0
94,0,0.0,0.0,0.0,45,42,1,0,6,3,7,5,2,0,0.0,0,2,2,168,165,0
76,0,0.0,0.0,0.0,45,44,2,0,22,2,2,1,186,0,0.0,0,2,2,134,124,0
65,0,0.0,0.0,0.0,45,42,2,0,19,4,13,6,137,0,0.0,0,2,2,154,152,0
243,0,0.0,0.0,0.0,32,32,1,0,67,2,15,57,0,0,0.0,0,1,1,318,318,0
29,0,0.0,0.0,0.0,45,45,1,0,8,2,16,7,0,0,0.0,0,1,1,83,83,0
23,0,0.0,0.0,0.0,45,45,1,0,8,2,1,0,3,0,0.0,0,1,1,57,57,0
42,0,0.0,0.0,0.0,45,45,1,0,14,2,1,1,35,0,0.0,0,1,1,85,85,0
3,0,0.0,0.0,0.0,45,45,1,0,0,3,4,0,0,0,0.0,0,1,1,32,32,0
23,0,0.0,0.0,0.0,45,39,2,0,7,2,7,11,1,0,0.0,0,2,2,72,61,1
34,16,1.0,4.5,10.5,45,2,3,2,7,4,15,10,0,15,0.9887,0,3,1,106,90,0
27,0,0.0,0.0,0.0,45,42,1,0,2,4,7,5,0,0,0.0,0,2,2,79,67,0
33,0,0.0,0.0,0.0,45,42,2,0,8,2,8,10,1,0,0.0,0,3,3,77,71,1
14,0,0.0,0.0,0.0,45,45,1,0,12,1,5,0,66,0,0.0,0,1,1,53,53,0
137,13,1.0,7.0,92.0,45,1,4,0,8,3,28,28,0,92,0.0,0,5,3,327,271,0
38,0,0.0,0.0,0.0,45,45,1,0,13,2,4,0,17,0,0.0,0,1,1,84,84,0
403,85,8.75,15.0,4.5,45,1,17,4,111,1,42,143,139,8,1.6435,0,21,4,1601,818,0
44,0,0.0,0.0,0.0,45,45,1,0,10,2,4,19,0,0,0.0,0,1,1,78,78,1
81,0,0.0,0.0,0.0,45,12,2,0,34,1,14,30,10,0,0.0,0,2,2,186,184,0
103,0,0.0,0.0,0.0,45,45,1,0,32,4,3,11,287,0,0.0,0,1,1,177,177,0
51,0,0.0,0.0,0.0,45,45,1,0,14,2,2,0,77,0,0.0,0,1,1,115,115,0
8,0,0.0,0.0,0.0,45,45,1,0,2,2,5,1,1,0,0.0,0,1,1,42,42,0
437,29,-0.5,7.0,46.5,45,1,2,1,5,6,27,17,4,92,0.3621,0,4,2,887,856,1
43,0,0.0,0.0,0.0,45,45,1,0,11,2,7,12,0,0,0.0,0,1,1,93,93,1
105,0,0.0,0.0,0.0,45,30,3,0,23,2,14,26,78,0,0.0,0,3,2,214,164,0
162,53,-1.0,26.0,92.0,45,1,2,0,9,3,28,14,1,92,0.0,0,3,2,391,334,0
256,58,-1.5,6.5,24.75,45,1,6,2,36,2,25,35,15,92,1.1939,0,11,4,697,553,1
42,0,0.0,0.0,0.0,45,30,3,0,7,1,10,19,4,0,0.0,0,3,1,155,142,0
40,0,0.0,0.0,0.0,45,25,2,0,1,3,6,8,0,0,0.0,0,2,2,99,96,0
68,16,-2.0,7.0,92.0,45,1,2,0,10,2,13,10,0,92,0.0,0,3,1,204,140,0
191,16,0.0,8.0,92.0,45,1,1,0,19,2,23,32,6,92,0.0,0,3,2,377,357,0
28,0,0.0,0.0,0.0,45,45,1,0,8,1,9,12,0,0,0.0,0,1,1,78,78,0
17,0,0.0,0.0,0.0,45,45,1,0,5,3,2,0,4,0,0.0,0,1,1,49,49,0
52,0,0.0,0.0,0.0,45,42,2,0,14,3,12,2,77,0,0.0,0,2,2,143,139,0
84,0,0.0,0.0,0.0,42,42,1,0,5,4,5,3,0,0,0.0,0,2,2,141,140,0
66,0,0.0,0.0,0.0,45,7,3,0,20,3,14,8,40,0,0.0,0,3,2,175,150,0
93,27,-1.0,13.0,92.0,45,1,1,0,2,2,12,9,1,92,0.0,0,2,1,214,187,0
52,0,0.0,0.0,0.0,45,30,2,0,17,2,2,3,50,0,0.0,0,2,2,101,72,0
27,0,0.0,0.0,0.0,45,43,2,0,7,4,9,2,6,0,0.0,0,2,2,78,69,0
148,0,0.0,0.0,0.0,45,26,7,0,45,1,27,70,19,0,0.0,0,7,4,357,236,0
69,0,0.0,0.0,0.0,45,43,2,0,20,3,14,9,40,0,0.0,0,2,2,155,132,0
24,0,0.0,0.0,0.0,45,45,1,0,8,3,9,4,11,0,0.0,0,1,1,74,74,0
138,0,0.0,0.0,0.0,45,7,3,0,48,2,13,35,96,0,0.0,0,3,2,255,164,1
122,0,0.0,0.0,0.0,45,45,1,0,32,2,7,32,25,0,0.0,0,1,1,202,202,0
71,0,0.0,0.0,0.0,45,14,2,0,17,4,16,24,8,0,0.0,0,2,1,149,138,0
14,0,0.0,0.0,0.0,45,33,1,0,2,1,9,4,1,0,0.0,0,2,1,69,61,0
24,0,0.0,0.0,0.0,45,45,1,0,4,4,6,7,1,0,0.0,0,1,1,64,64,0
86,0,0.0,0.0,0.0,45,30,3,0,21,1,14,37,11,0,0.0,0,3,2,185,157,0
9,0,0.0,0.0,0.0,45,45,1,0,2,3,0,0,1,0,0.0,0,1,1,32,32,0
4,0,0.0,0.0,0.0,45,35,2,0,0,1,3,1,0,0,0.0,0,2,2,44,39,0
4,0,0.0,0.0,0.0,45,45,1,0,1,1,5,1,0,0,0.0,0,1,1,36,36,0
174,38,-1.0,9.0,50.0,45,0,4,0,14,4,26,29,6,92,0.6292,0,6,4,389,239,0
168,19,-1.0,9.0,92.0,45,1,3,0,7,3,17,8,0,92,0.0,0,4,1,360,304,1
45,2,0.0,1.0,2.0,45,4,2,1,8,1,6,22,0,2,0.0,0,2,2,104,102,0
52,0,0.0,0.0,0.0,45,45,1,0,9,1,7,17,0,0,0.0,0,1,1,101,101,0
31,0,0.0,0.0,0.0,45,45,1,0,8,2,3,0,20,0,0.0,0,1,1,125,125,0
29,0,0.0,0.0,0.0,45,43,2,0,8,3,6,2,6,0,0.0,0,2,2,78,69,0
93,0,0.0,0.0,0.0,45,33,1,0,11,1,17,46,0,0,0.0,0,2,1,227,207,0
4,0,0.0,0.0,0.0,45,43,2,0,0,1,0,0,0,0,0.0,0,2,2,38,28,0
62,0,0.0,0.0,0.0,45,45,1,0,17,1,17,36,1,0,0.0,0,1,1,131,131,0
114,0,0.0,0.0,0.0,45,7,9,0,28,1,15,55,0,0,0.0,0,10,2,442,234,0
10,0,0.0,0.0,0.0,45,45,1,0,2,3,0,0,0,0,0.0,0,1,1,51,51,0
12,0,0.0,0.0,0.0,45,45,1,0,1,4,4,3,0,0,0.0,0,1,1,45,45,0
9,0,0.0,0.0,0.0,45,45,1,0,2,1,0,0,0,0,0.0,0,1,1,37,37,0
54,0,0.0,0.0,0.0,45,42,1,0,12,2,12,24,0,0,0.0,0,2,2,115,109,0
87,0,0.0,0.0,0.0,45,25,1,0,26,1,7,13,120,0,0.0,0,2,2,153,151,0
24,0,0.0,0.0,0.0,45,45,1,0,7,2,4,2,19,0,0.0,0,1,1,58,58,0
14,0,0.0,0.0,0.0,45,43,2,0,12,1,5,0,66,0,0.0,0,2,1,57,52,0
62,0,0.0,0.0,0.0,45,45,1,0,16,2,14,3,94,0,0.0,0,1,1,157,157,0
24,0,0.0,0.0,0.0,45,45,1,0,12,2,6,11,1,0,0.0,0,1,1,75,75,0
3,0,0.0,0.0,0.0,45,45,1,0,1,1,1,0,0,0,0.0,0,1,1,32,32,0
126,0,0.0,0.0,0.0,45,45,1,0,58,2,7,40,66,0,0.0,0,1,1,216,216,0
55,0,0.0,0.0,0.0,45,18,2,0,11,1,18,17,2,0,0.0,0,2,1,139,72,0
118,9,5.0,7.0,13.0,45,2,2,1,30,3,12,17,205,13,0.0,0,2,1,224,215,1
28,0,0.0,0.0,0.0,45,45,1,0,5,1,8,8,0,0,0.0,0,1,1,77,77,1
112,43,3.0,23.0,92.0,45,1,3,0,27,4,26,19,3,92,0.0,0,4,3,261,198,0
69,0,0.0,0.0,0.0,45,17,2,0,27,3,3,2,117,0,0.0,0,2,1,163,143,1
3,0,0.0,0.0,0.0,45,45,1,0,1,1,1,0,0,0,0.0,0,1,1,26,26,0
57,0,0.0,0.0,0.0,45,35,2,0,15,2,6,10,54,0,0.0,0,3,3,116,96,0
11,0,0.0,0.0,0.0,45,45,1,0,2,1,0,0,0,0,0.0,0,1,1,49,49,0
136,16,1.0,4.5,48.5,45,0,4,1,11,3,27,36,1,92,0.3373,0,7,4,346,209,0
116,0,0.0,0.0,0.0,45,45,1,0,18,1,23,48,0,0,0.0,0,1,1,258,258,0
88,0,0.0,0.0,0.0,45,39,2,0,22,1,12,42,1,0,0.0,0,2,2,221,182,0
52,0,0.0,0.0,0.0,45,45,1,0,14,3,3,0,77,0,0.0,0,1,1,98,98,0
3,0,0.0,0.0,0.0,45,45,1,0,0,3,3,0,0,0,0.0,0,1,1,31,31,0
138,0,0.0,0.0,0.0,45,16,5,0,34,1,25,58,71,0,0.0,0,8,2,290,224,0
17,0,0.0,0.0,0.0,45,45,1,0,4,2,1,0,2,0,0.0,0,1,1,46,46,0
54,0,0.0,0.0,0.0,45,5,3,0,12,1,14,29,26,0,0.0,0,4,2,227,170,0
13,0,0.0,0.0,0.0,45,45,1,0,3,3,0,1,1,0,0.0,0,1,1,40,40,0
183,0,0.0,0.0,0.0,45,45,1,0,52,3,2,0,1080,0,0.0,0,1,1,353,353,0
66,0,0.0,0.0,0.0,45,43,2,0,20,3,14,8,40,0,0.0,0,2,2,152,129,0
24,0,0.0,0.0,0.0,45,42,2,0,1,3,10,2,0,0,0.0,0,2,2,94,64,0
98,0,0.0,0.0,0.0,45,12,2,0,31,2,17,9,230,0,0.0,0,3,2,222,207,0
35,0,0.0,0.0,0.0,45,45,1,0,14,2,2,0,12,0,0.0,0,1,1,85,85,0
25,0,0.0,0.0,0.0,45,45,1,0,4,1,4,6,0,0,0.0,0,1,1,63,63,0
31,25,-0.5,6.0,50.0,45,0,2,0,2,2,17,5,0,92,0.8555,0,4,2,137,110,0
27,0,0.0,0.0,0.0,45,43,2,0,7,4,9,2,6,0,0.0,0,2,2,76,69,0
16,0,0.0,0.0,0.0,45,45,1,0,2,4,5,4,0,0,0.0,0,1,1,51,51,0
109,0,0.0,0.0,0.0,45,45,1,0,27,2,20,24,0,0,0.0,0,1,1,247,247,0
49,20,0.0,10.0,92.0,45,1,2,0,2,3,15,6,0,92,0.0,0,3,2,140,116,0
74,0,0.0,0.0,0.0,45,45,1,0,19,2,19,26,28,0,0.0,0,1,1,170,170,1
26,0,0.0,0.0,0.0,45,25,2,0,7,3,6,3,6,0,0.0,0,3,3,77,66,0
89,0,0.0,0.0,0.0,45,45,1,0,20,2,12,18,4,0,0.0,0,1,1,183,183,0
241,75,0.33,12.67,33.33,45,1,5,2,16,3,31,37,2,92,1.3593,0,6,3,558,436,0
20,0,0.0,0.0,0.0,45,18,2,0,18,1,6,0,153,0,0.0,0,2,1,226,215,0
160,70,-4.0,33.0,92.0,45,1,1,0,25,2,11,6,11,92,0.0,0,2,1,324,254,1
81,0,0.0,0.0,0.0,45,34,3,0,17,2,21,33,16,0,0.0,0,3,2,191,150,0
99,12,6.0,9.0,4.0,45,2,2,1,5,2,12,14,1,4,0.0,0,2,1,186,174,0
128,0,0.0,0.0,0.0,45,7,4,0,33,2,10,11,10,0,0.0,0,4,2,257,181,1
224,0,0.0,0.0,0.0,45,21,3,0,38,2,31,57,0,0,0.0,0,4,2,592,434,0
44,0,0.0,0.0,0.0,45,43,1,0,10,2,7,12,1,0,0.0,0,2,2,90,86,1
52,0,0.0,0.0,0.0,45,42,1,0,9,2,15,16,0,0,0.0,0,2,2,146,144,0
105,28,0.0,14.0,92.0,45,1,1,0,5,4,23,14,0,92,0.0,0,2,1,263,235,1
17,0,0.0,0.0,0.0,45,45,1,0,5,3,2,0,4,0,0.0,0,1,1,49,49,0
232,0,0.0,0.0,0.0,45,14,4,0,53,1,15,118,55,0,0.0,0,4,2,459,370,0
93,0,0.0,0.0,0.0,45,18,2,0,24,2,19,30,4,0,0.0,0,2,2,230,179,1
132,0,0.0,0.0,0.0,45,11,3,0,34,2,16,21,213,0,0.0,0,3,2,247,231,1
15,0,0.0,0.0,0.0,45,45,1,0,13,1,4,0,78,0,0.0,0,1,1,56,56,0
83,0,0.0,0.0,0.0,45,33,2,0,25,2,12,14,140,0,0.0,0,2,1,207,188,0
12,0,0.0,0.0,0.0,45,45,1,0,3,1,0,3,3,0,0.0,0,1,1,45,45,0
91,4,0.0,2.0,92.0,45,1,6,0,3,5,13,6,3,92,0.0,0,7,4,248,179,0
71,0,0.0,0.0,0.0,45,42,1,0,18,1,12,25,0,0,0.0,0,2,2,149,147,0
41,0,0.0,0.0,0.0,45,45,1,0,9,2,7,7,0,0,0.0,0,1,1,95,95,1
44,0,0.0,0.0,0.0,45,45,1,0,6,2,8,22,1,0,0.0,0,1,1,100,100,0
196,0,0.0,0.0,0.0,45,5,4,0,35,2,33,64,0,0,0.0,0,5,3,527,438,0
38,0,0.0,0.0,0.0,45,42,3,0,5,5,7,12,3,0,0.0,0,3,3,302,190,0
119,0,0.0,0.0,0.0,45,45,1,0,22,3,9,22,20,0,0.0,0,1,1,214,214,0
27,18,0.0,4.5,50.0,45,0,3,0,1,3,13,4,0,92,0.7642,0,5,2,128,102,0
34,0,0.0,0.0,0.0,45,20,2,0,13,2,5,2,20,0,0.0,0,2,1,102,93,0
47,0,0.0,0.0,0.0,45,45,1,0,4,2,15,10,0,0,0.0,0,1,1,107,107,0
44,0,0.0,0.0,0.0,45,33,2,0,14,2,8,16,0,0,0.0,0,2,1,104,98,0
71,5,-1.0,2.0,10.0,45,4,5,1,15,1,14,25,10,10,0.0,0,5,2,231,157,0
116,0,0.0,0.0,0.0,45,42,3,0,12,6,10,14,4,0,0.0,0,3,3,443,322,1
24,0,0.0,0.0,0.0,45,45,1,0,6,2,7,0,9,0,0.0,0,1,1,69,69,0
35,0,0.0,0.0,0.0,45,45,1,0,12,3,1,1,20,0,0.0,0,1,1,74,74,0
268,40,0.0,20.0,92.0,45,1,2,0,4,5,31,18,1,92,0.0,0,3,2,535,493,1
59,0,0.0,0.0,0.0,45,45,1,0,16,4,2,0,104,0,0.0,0,1,1,104,104,0
16,0,0.0,0.0,0.0,45,45,1,0,4,2,1,0,2,0,0.0,0,1,1,44,44,0
66,0,0.0,0.0,0.0,45,45,1,0,14,1,4,13,0,0,0.0,0,1,1,112,112,0
50,29,-0.33,4.67,35.0,45,0,3,1,5,3,16,8,0,92,0.5748,0,5,3,154,121,1
22,95,36.5,42.0,6.0,2,2,2,2,13,1,2,7,0,8,0.9111,0,2,1,95,64,1
94,12,10.0,11.0,15.0,45,2,2,1,27,2,4,13,176,15,0.0,0,3,2,165,151,0
47,0,0.0,0.0,0.0,45,45,1,0,11,2,3,21,0,0,0.0,0,1,1,92,92,1
58,0,0.0,0.0,0.0,45,43,1,0,17,1,5,15,0,0,0.0,0,2,2,178,158,0
134,0,0.0,0.0,0.0,45,18,3,0,22,1,8,27,0,0,0.0,0,7,3,273,176,0
129,0,0.0,0.0,0.0,45,7,10,0,26,1,30,65,13,0,0.0,0,10,3,406,270,0
54,0,0.0,0.0,0.0,45,14,2,0,17,1,4,19,21,0,0.0,0,3,2,108,91,0
7,0,0.0,0.0,0.0,5,5,1,0,2,4,0,0,1,0,0.0,0,1,1,43,43,0
3,0,0.0,0.0,0.0,45,45,1,0,0,3,3,0,0,0,0.0,0,1,1,31,31,0
394,40,8.0,24.0,92.0,45,1,2,0,33,3,29,63,16,92,0.0,0,4,2,739,600,0
125,0,0.0,0.0,0.0,45,45,1,0,48,2,7,8,60,0,0.0,0,1,1,210,210,0
13,0,0.0,0.0,0.0,45,45,1,0,2,3,4,2,0,0,0.0,0,1,1,46,46,0
358,0,0.0,0.0,0.0,45,25,2,0,88,2,21,75,118,0,0.0,0,4,4,557,545,0
66,34,0.0,17.0,92.0,45,1,1,0,3,2,13,4,0,92,0.0,0,2,1,183,149,0
16,0,0.0,0.0,0.0,45,45,1,0,4,4,9,6,1,0,0.0,0,1,1,62,62,0
50,0,0.0,0.0,0.0,45,45,1,0,13,1,3,1,66,0,0.0,0,1,1,113,113,0
68,0,0.0,0.0,0.0,5,5,3,0,20,1,12,19,39,0,0.0,0,3,1,280,223,0
42,0,0.0,0.0,0.0,45,45,1,0,10,2,8,18,0,0,0.0,0,1,1,93,93,0
30,0,0.0,0.0,0.0,45,45,1,0,8,2,3,2,15,0,0.0,0,1,1,66,66,0
141,0,0.0,0.0,0.0,45,42,3,0,27,2,24,38,8,0,0.0,0,3,2,324,221,0
89,0,0.0,0.0,0.0,45,43,2,0,31,1,13,10,1,0,0.0,0,3,2,219,138,1
106,0,0.0,0.0,0.0,45,45,1,0,21,2,21,31,39,0,0.0,0,1,1,214,214,0
45,0,0.0,0.0,0.0,45,45,1,0,11,2,10,21,1,0,0.0,0,1,1,90,90,1
262,29,0.5,7.5,49.0,45,1,6,1,20,2,34,37,3,92,0.9294,0,8,3,700,537,1
116,33,1.0,17.0,92.0,45,1,2,0,1,2,21,12,0,92,0.0,0,4,3,290,224,1
308,0,0.0,0.0,0.0,45,7,5,0,47,1,33,77,0,0,0.0,0,7,2,868,643,0
8,0,0.0,0.0,0.0,45,45,1,0,2,3,0,0,1,0,0.0,0,1,1,30,30,0
17,0,0.0,0.0,0.0,45,45,1,0,5,3,2,0,4,0,0.0,0,1,1,49,49,0
47,0,0.0,0.0,0.0,45,45,1,0,13,2,2,2,50,0,0.0,0,1,1,91,91,0
32,0,0.0,0.0,0.0,45,45,1,0,7,2,7,12,1,0,0.0,0,1,1,75,75,1
17,0,0.0,0.0,0.0,45,45,1,0,4,2,2,0,2,0,0.0,0,1,1,47,47,0
416,0,0.0,0.0,0.0,45,28,3,0,142,1,37,110,35,0,0.0,0,3,3,811,755,0
89,56,-1.0,13.5,50.0,45,0,1,0,1,2,12,3,0,92,0.9963,0,3,1,241,185,0
25,69,69.0,69.0,8.0,2,2,1,1,6,1,0,0,1,8,0.0,0,1,1,69,69,0
211,0,0.0,0.0,0.0,45,43,2,0,73,3,35,47,660,0,0.0,0,2,2,464,416,0
52,0,0.0,0.0,0.0,45,45,1,0,16,3,2,1,75,0,0.0,0,1,1,102,102,0
23,0,0.0,0.0,0.0,45,43,2,0,6,3,6,2,2,0,0.0,0,2,2,68,59,0
145,49,-0.33,8.0,33.33,45,1,6,2,11,3,19,21,0,92,1.4131,0,7,3,388,309,0
8,0,0.0,0.0,0.0,45,45,1,0,2,1,0,0,0,0,0.0,0,1,1,35,35,0
92,0,0.0,0.0,0.0,45,7,3,0,42,2,10,25,300,0,0.0,0,3,2,249,168,0
65,0,0.0,0.0,0.0,45,26,2,0,18,3,2,4,104,0,0.0,0,2,1,115,105,0
11,0,0.0,0.0,0.0,45,45,1,0,0,1,0,0,0,0,0.0,0,1,1,41,41,0
38,0,0.0,0.0,0.0,45,25,1,0,5,4,6,5,3,0,0.0,0,2,2,89,87,1
21,0,0.0,0.0,0.0,45,45,1,0,5,2,2,0,6,0,0.0,0,1,1,53,53,0
17,0,0.0,0.0,0.0,45,45,1,0,4,2,6,0,2,0,0.0,0,1,1,55,55,0
41,0,0.0,0.0,0.0,45,45,1,0,15,1,15,7,0,0,0.0,0,1,1,110,110,0
89,0,0.0,0.0,0.0,45,25,1,0,26,2,6,17,140,0,0.0,0,2,2,153,151,0
183,0,0.0,0.0,0.0,45,32,2,0,46,1,20,78,47,0,0.0,0,2,2,385,315,0
89,36,-0.4,3.4,24.2,45,0,5,2,16,3,25,9,8,92,1.5713,0,8,3,272,216,0
323,12,12.0,12.0,8.0,45,2,6,1,65,1,21,34,45,8,0.0,0,7,3,784,545,0
31,0,0.0,0.0,0.0,45,45,1,0,5,1,1,10,8,0,0.0,0,1,1,75,75,0
40,0,0.0,0.0,0.0,45,42,1,0,21,2,15,15,1,0,0.0,0,2,2,123,115,1
26,0,0.0,0.0,0.0,45,25,2,0,7,3,6,3,6,0,0.0,0,3,3,78,66,0
488,156,20.0,49.0,6.0,45,4,4,1,112,2,50,133,42,10,0.1371,0,8,4,1066,786,1
171,0,0.0,0.0,0.0,45,25,2,0,49,2,26,15,676,0,0.0,0,3,2,362,356,0
48,0,0.0,0.0,0.0,45,45,1,0,19,1,16,24,0,0,0.0,0,1,1,123,123,0
17,0,0.0,0.0,0.0,45,45,1,0,4,2,3,3,0,0,0.0,0,1,1,46,46,0
99,47,0.33,8.0,2.0,45,1,6,2,21,2,8,26,55,4,1.0549,0,7,2,284,180,0
34,1,1.0,1.0,1.0,45,1,2,1,4,3,6,7,1,1,0.0,0,2,2,78,77,1
19,0,0.0,0.0,0.0,45,24,2,0,2,5,10,8,0,0,0.0,0,2,1,63,59,0
385,0,0.0,0.0,0.0,45,42,2,0,92,2,12,87,0,0,0.0,0,5,3,699,382,1
9,0,0.0,0.0,0.0,45,45,1,0,2,2,1,0,0,0,0.0,0,1,1,34,34,0
199,65,5.0,35.0,92.0,45,1,2,0,15,3,25,16,1,92,0.0,0,5,2,443,348,0
350,39,0.5,10.0,53.5,45,1,6,1,6,6,32,20,4,92,0.9766,0,7,4,639,576,1
184,0,0.0,0.0,0.0,45,45,1,0,44,2,18,57,11,0,0.0,0,1,1,310,310,1
25,0,0.0,0.0,0.0,45,45,1,0,6,3,3,0,2,0,0.0,0,1,1,62,62,0
58,25,-1.0,12.0,92.0,45,1,2,0,2,4,13,7,0,92,0.0,0,3,2,148,119,0
49,0,0.0,0.0,0.0,45,45,1,0,12,3,4,0,40,0,0.0,0,1,1,112,112,0
54,32,-2.0,15.0,92.0,45,1,2,0,1,3,12,1,0,92,0.0,0,3,2,152,114,0
27,0,0.0,0.0,0.0,48,34,2,0,10,2,7,6,0,0,0.0,0,2,1,98,86,0
17,0,0.0,0.0,0.0,48,48,1,0,4,2,1,0,2,0,0.0,0,1,1,46,46,0
65,0,0.0,0.0,0.0,48,4,7,0,4,3,18,7,0,0,0.0,0,10,3,227,165,0
58,0,0.0,0.0,0.0,48,22,3,0,18,1,10,17,0,0,0.0,0,4,3,192,123,0
108,0,0.0,0.0,0.0,48,9,3,0,20,2,31,30,0,0,0.0,0,3,2,319,244,0
107,0,0.0,0.0,0.0,48,34,3,0,22,1,9,34,31,0,0.0,0,3,2,338,200,0
23,0,0.0,0.0,0.0,48,47,2,0,6,3,6,2,2,0,0.0,0,2,2,69,59,0
228,0,0.0,0.0,0.0,48,48,1,0,43,2,35,44,0,0,0.0,0,1,1,461,461,1
2,0,0.0,0.0,0.0,48,48,1,0,0,3,3,0,0,0,0.0,0,1,1,28,28,0
58,0,0.0,0.0,0.0,48,7,3,0,25,2,14,31,0,0,0.0,0,3,1,148,135,0
335,0,0.0,0.0,0.0,48,7,7,0,105,3,31,71,1259,0,0.0,0,8,3,696,544,0
12,0,0.0,0.0,0.0,48,48,1,0,3,3,7,0,1,0,0.0,0,1,1,50,50,0
149,0,0.0,0.0,0.0,48,5,2,0,1,2,24,15,0,0,0.0,0,4,3,363,282,0
77,0,0.0,0.0,0.0,48,48,1,0,22,2,2,2,170,0,0.0,0,1,1,133,133,0
85,0,0.0,0.0,0.0,48,48,1,0,24,3,2,0,170,0,0.0,0,1,1,175,175,0
60,0,0.0,0.0,0.0,48,46,2,0,19,1,2,6,57,0,0.0,0,2,2,152,110,0
401,0,0.0,0.0,0.0,48,5,4,0,3,6,36,19,0,0,0.0,0,5,3,811,711,0
79,0,0.0,0.0,0.0,48,48,1,0,27,2,10,17,47,0,0.0,0,1,1,145,145,0
9,0,0.0,0.0,0.0,48,39,2,0,1,2,5,2,0,0,0.0,0,2,2,47,45,0
21,0,0.0,0.0,0.0,48,48,1,0,7,2,8,2,6,0,0.0,0,1,1,65,65,0
80,0,0.0,0.0,0.0,48,7,4,0,19,2,12,14,105,0,0.0,0,5,2,222,189,0
54,0,0.0,0.0,0.0,48,48,1,0,9,2,15,15,0,0,0.0,0,1,1,144,144,0
17,0,0.0,0.0,0.0,48,48,1,0,4,2,4,0,2,0,0.0,0,1,1,52,52,0
43,0,0.0,0.0,0.0,48,46,1,0,5,4,6,7,3,0,0.0,0,2,2,96,94,0
417,0,0.0,0.0,0.0,48,6,7,0,86,2,36,114,188,0,0.0,0,7,2,813,650,0
275,0,0.0,0.0,0.0,48,5,2,0,3,5,24,15,0,0,0.0,0,3,2,545,506,1
130,0,0.0,0.0,0.0,48,29,1,0,37,4,6,18,344,0,0.0,0,2,2,215,213,0
268,0,0.0,0.0,0.0,48,5,2,0,3,6,25,14,0,0,0.0,0,3,1,519,483,0
26,0,0.0,0.0,0.0,48,48,1,0,7,1,1,0,15,0,0.0,0,1,1,59,59,0
34,0,0.0,0.0,0.0,48,48,1,0,12,1,10,9,0,0,0.0,0,1,1,92,92,1
3,0,0.0,0.0,0.0,48,48,1,0,0,3,3,0,0,0,0.0,0,1,1,31,31,0
33,0,0.0,0.0,0.0,48,48,1,0,13,1,1,2,2,0,0.0,0,1,1,72,72,0
130,0,0.0,0.0,0.0,48,6,4,0,4,2,18,14,1,0,0.0,0,4,3,323,263,0
106,0,0.0,0.0,0.0,48,5,3,0,12,2,24,22,24,0,0.0,0,5,2,249,221,0
25,0,0.0,0.0,0.0,48,48,1,0,7,1,1,3,2,0,0.0,0,1,1,99,99,0
142,0,0.0,0.0,0.0,48,5,2,0,1,3,16,8,0,0,0.0,0,3,1,283,211,0
128,0,0.0,0.0,0.0,48,47,1,0,36,2,2,6,402,0,0.0,0,2,2,271,211,0
52,0,0.0,0.0,0.0,48,29,1,0,14,2,12,6,43,0,0.0,0,2,2,116,114,0
117,0,0.0,0.0,0.0,48,5,3,0,1,2,22,12,0,0,0.0,0,5,4,314,234,0
127,0,0.0,0.0,0.0,48,21,2,0,30,2,17,45,1,0,0.0,0,2,1,257,232,0
13,0,0.0,0.0,0.0,48,21,2,0,3,1,6,3,1,0,0.0,0,2,1,200,119,0
89,0,0.0,0.0,0.0,48,11,2,0,1,3,17,12,0,0,0.0,0,2,2,198,194,0
14,0,0.0,0.0,0.0,6,6,1,0,3,5,7,3,3,0,0.0,0,1,1,48,48,0
10,0,0.0,0.0,0.0,48,48,1,0,3,3,2,0,1,0,0.0,0,1,1,40,40,0
10,0,0.0,0.0,0.0,48,48,1,0,3,3,2,0,1,0,0.0,0,1,1,40,40,0
95,0,0.0,0.0,0.0,48,46,1,0,15,2,20,33,0,0,0.0,0,2,2,229,223,0
23,0,0.0,0.0,0.0,48,47,2,0,6,3,6,2,2,0,0.0,0,2,2,69,59,0
255,0,0.0,0.0,0.0,48,5,10,0,80,1,34,79,43,0,0.0,0,13,4,786,404,0
135,0,0.0,0.0,0.0,48,5,2,0,1,2,24,15,0,0,0.0,0,4,3,340,262,0
8,0,0.0,0.0,0.0,48,48,1,0,2,3,0,0,1,0,0.0,0,1,1,31,31,0
3,0,0.0,0.0,0.0,48,48,1,0,0,3,4,0,0,0,0.0,0,1,1,32,32,0
17,0,0.0,0.0,0.0,48,48,1,0,4,3,4,0,2,0,0.0,0,1,1,51,51,0
55,0,0.0,0.0,0.0,48,48,1,0,7,5,7,10,6,0,0.0,0,1,1,111,111,0
110,0,0.0,0.0,0.0,48,47,2,0,26,2,14,33,89,0,0.0,0,2,1,256,186,1
62,0,0.0,0.0,0.0,48,7,2,0,17,1,2,24,21,0,0.0,0,3,2,143,135,0
59,0,0.0,0.0,0.0,48,48,1,0,18,1,5,7,48,0,0.0,0,1,1,131,131,0
75,0,0.0,0.0,0.0,48,16,4,0,24,2,10,16,105,0,0.0,0,5,3,232,157,1
101,0,0.0,0.0,0.0,48,35,2,0,5,3,22,26,1,0,0.0,0,2,2,253,219,0
35,13,-7.0,3.0,3.0,48,0,3,1,1,1,0,0,0,3,0.0,0,3,1,111,96,0
27,0,0.0,0.0,0.0,48,47,2,0,7,4,9,2,6,0,0.0,0,2,2,78,69,0
52,0,0.0,0.0,0.0,48,48,1,0,9,2,15,15,0,0,0.0,0,1,1,144,144,0
20,0,0.0,0.0,0.0,48,46,2,0,7,1,3,7,3,0,0.0,0,2,2,85,54,0
49,0,0.0,0.0,0.0,48,48,1,0,15,2,5,15,8,0,0.0,0,1,1,96,96,0
66,0,0.0,0.0,0.0,48,34,4,0,18,3,12,6,100,0,0.0,0,4,2,144,122,0
89,0,0.0,0.0,0.0,48,48,1,0,27,2,4,3,260,0,0.0,0,1,1,153,153,0
99,0,0.0,0.0,0.0,48,48,1,0,33,1,11,30,0,0,0.0,0,1,1,213,213,0
138,0,0.0,0.0,0.0,48,48,1,0,37,2,5,2,586,0,0.0,0,1,1,235,235,0
10,0,0.0,0.0,0.0,48,48,1,0,3,3,2,0,1,0,0.0,0,1,1,40,40,0
30,0,0.0,0.0,0.0,48,48,1,0,1,1,0,0,0,0,0.0,0,1,1,244,244,0
56,0,0.0,0.0,0.0,48,5,2,0,4,4,15,7,1,0,0.0,0,3,2,138,119,0
63,0,0.0,0.0,0.0,48,43,2,0,17,2,2,1,91,0,0.0,0,2,2,107,97,0
53,0,0.0,0.0,0.0,48,5,1,0,4,4,15,7,1,0,0.0,0,2,1,132,114,0
3,0,0.0,0.0,0.0,48,48,1,0,0,3,3,0,0,0,0.0,0,1,1,31,31,0
46,0,0.0,0.0,0.0,48,28,2,0,2,5,14,9,0,0,0.0,0,2,1,116,112,0
124,0,0.0,0.0,0.0,48,29,1,0,36,1,12,17,192,0,0.0,0,2,2,209,205,1
89,0,0.0,0.0,0.0,48,11,2,0,1,3,16,9,0,0,0.0,0,2,2,201,195,0
237,0,0.0,0.0,0.0,48,9,4,0,56,2,27,76,55,0,0.0,0,6,3,489,411,0
10,0,0.0,0.0,0.0,48,48,1,0,2,3,0,0,0,0,0.0,0,1,1,33,33,0
3,0,0.0,0.0,0.0,48,48,1,0,0,1,2,1,0,0,0.0,0,1,1,31,31,1
82,0,0.0,0.0,0.0,48,29,3,0,23,2,12,11,120,0,0.0,0,4,3,255,178,1
98,0,0.0,0.0,0.0,48,34,2,0,33,2,3,5,244,0,0.0,0,2,2,169,141,0
108,0,0.0,0.0,0.0,48,48,1,0,22,2,23,18,0,0,0.0,0,1,1,264,264,0
25,0,0.0,0.0,0.0,48,48,1,0,6,2,10,2,11,0,0.0,0,1,1,75,75,0
57,0,0.0,0.0,0.0,48,29,1,0,16,2,15,5,72,0,0.0,0,2,2,134,132,0
37,0,0.0,0.0,0.0,48,7,3,0,13,1,10,11,58,0,0.0,0,3,1,124,110,0
396,0,0.0,0.0,0.0,48,8,7,0,99,1,31,72,0,0,0.0,0,8,3,964,566,0
34,11,1.0,6.0,2.0,48,1,2,1,6,4,9,12,10,2,0.0,0,3,3,92,79,0
83,0,0.0,0.0,0.0,48,4,2,0,1,2,14,4,0,0,0.0,0,4,2,217,176,0
36,0,0.0,0.0,0.0,48,48,1,0,10,1,2,1,0,0,0.0,0,1,1,65,65,0
11,0,0.0,0.0,0.0,48,48,1,0,4,1,0,1,0,0,0.0,0,1,1,69,69,1
128,2,-2.0,0.0,3.0,48,0,3,1,30,2,7,12,153,3,0.0,0,3,2,380,300,0
122,0,0.0,0.0,0.0,48,29,2,0,30,1,2,13,0,0,0.0,0,3,2,306,282,0
70,0,0.0,0.0,0.0,48,34,3,0,16,2,32,19,15,0,0.0,0,3,2,214,175,0
288,0,0.0,0.0,0.0,48,48,1,0,76,1,28,1,0,0,0.0,0,1,1,401,401,1
38,0,0.0,0.0,0.0,48,48,1,0,8,2,9,10,1,0,0.0,0,1,1,79,79,1
64,0,0.0,0.0,0.0,5,5,2,0,16,1,4,21,0,0,0.0,0,2,1,172,159,0
42,20,2.0,6.0,5.0,48,1,3,2,4,2,12,15,0,7,0.8813,0,3,2,127,107,0
79,0,0.0,0.0,0.0,48,48,1,0,20,1,3,25,5,0,0.0,0,1,1,178,178,0
304,0,0.0,0.0,0.0,48,6,2,0,63,2,30,84,114,0,0.0,0,4,3,560,532,1
37,0,0.0,0.0,0.0,48,48,1,0,14,2,2,3,8,0,0.0,0,1,1,111,111,0
32,0,0.0,0.0,0.0,48,48,1,0,10,2,6,8,28,0,0.0,0,1,1,104,104,0
3,0,0.0,0.0,0.0,48,48,1,0,0,3,2,0,0,0,0.0,0,1,1,29,29,0
2,0,0.0,0.0,0.0,48,48,1,0,0,3,3,0,0,0,0.0,0,1,1,28,28,0
26,0,0.0,0.0,0.0,9,9,1,0,5,2,4,6,6,0,0.0,0,1,1,101,101,0
32,0,0.0,0.0,0.0,48,48,1,0,9,2,5,2,32,0,0.0,0,1,1,72,72,0
94,0,0.0,0.0,0.0,48,46,1,0,6,3,7,5,2,0,0.0,0,2,2,168,165,0
76,0,0.0,0.0,0.0,48,48,2,0,22,2,2,1,186,0,0.0,0,2,2,134,124,0
65,0,0.0,0.0,0.0,48,46,2,0,19,4,13,6,137,0,0.0,0,2,2,154,152,0
243,0,0.0,0.0,0.0,36,36,1,0,67,2,15,57,0,0,0.0,0,1,1,318,318,0
29,0,0.0,0.0,0.0,48,48,1,0,8,2,16,7,0,0,0.0,0,1,1,83,83,0
23,0,0.0,0.0,0.0,48,48,1,0,8,2,1,0,3,0,0.0,0,1,1,57,57,0
42,0,0.0,0.0,0.0,48,48,1,0,14,2,1,1,35,0,0.0,0,1,1,85,85,0
3,0,0.0,0.0,0.0,48,48,1,0,0,3,4,0,0,0,0.0,0,1,1,32,32,0
23,0,0.0,0.0,0.0,48,42,2,0,7,2,7,11,1,0,0.0,0,2,2,72,61,1
34,0,0.0,0.0,0.0,48,6,3,0,7,4,15,10,0,0,0.0,0,3,1,106,90,0
27,0,0.0,0.0,0.0,48,46,1,0,2,4,7,5,0,0,0.0,0,2,2,79,67,0
33,0,0.0,0.0,0.0,48,46,2,0,8,2,8,10,1,0,0.0,0,3,3,77,71,1
14,0,0.0,0.0,0.0,48,48,1,0,12,1,5,0,66,0,0.0,0,1,1,53,53,1
137,9,-3.0,3.0,3.0,48,0,5,1,8,3,28,27,0,3,0.0,0,6,3,336,271,0
38,0,0.0,0.0,0.0,48,48,1,0,13,2,4,0,17,0,0.0,0,1,1,84,84,0
403,0,0.0,0.0,0.0,48,5,17,0,111,1,42,143,139,0,0.0,0,21,4,1601,818,0
44,0,0.0,0.0,0.0,48,48,1,0,10,2,4,19,0,0,0.0,0,1,1,78,78,0
81,0,0.0,0.0,0.0,48,16,2,0,34,1,14,30,10,0,0.0,0,2,2,186,184,0
103,0,0.0,0.0,0.0,48,48,1,0,32,4,3,11,287,0,0.0,0,1,1,177,177,0
51,0,0.0,0.0,0.0,48,48,1,0,14,2,2,0,77,0,0.0,0,1,1,115,115,0
8,0,0.0,0.0,0.0,48,48,1,0,2,2,5,1,1,0,0.0,0,1,1,42,42,0
437,0,0.0,0.0,0.0,48,5,2,0,5,6,27,17,4,0,0.0,0,4,2,887,856,0
43,9,1.0,5.0,5.0,48,3,2,1,11,2,7,13,0,5,0.0,0,2,1,102,93,0
105,0,0.0,0.0,0.0,48,34,3,0,23,2,14,26,78,0,0.0,0,3,2,214,164,1
162,0,0.0,0.0,0.0,48,5,2,0,9,3,28,14,1,0,0.0,0,3,2,391,334,0
251,11,-5.0,3.0,2.0,48,1,7,1,36,2,25,35,15,2,0.0,0,12,4,708,553,0
42,0,0.0,0.0,0.0,48,33,3,0,7,1,10,19,4,0,0.0,0,3,1,155,142,0
61,68,14.0,24.0,5.0,48,1,4,2,1,6,7,8,0,7,0.4306,0,4,3,167,96,0
51,39,-13.5,3.0,5.0,48,1,4,2,10,2,14,10,0,7,0.6194,0,5,2,243,140,0
191,0,0.0,0.0,0.0,48,5,1,0,19,2,23,32,6,0,0.0,0,3,2,377,357,0
28,0,0.0,0.0,0.0,48,48,1,0,8,1,9,12,0,0,0.0,0,1,1,78,78,0
17,0,0.0,0.0,0.0,48,48,1,0,5,3,2,0,4,0,0.0,0,1,1,49,49,0
52,0,0.0,0.0,0.0,48,46,2,0,14,3,12,2,77,0,0.0,0,2,2,143,139,0
84,0,0.0,0.0,0.0,46,46,1,0,5,4,5,3,0,0,0.0,0,2,2,141,140,0
66,0,0.0,0.0,0.0,48,11,3,0,20,3,14,8,40,0,0.0,0,3,2,175,150,0
93,0,0.0,0.0,0.0,48,5,1,0,2,2,12,9,1,0,0.0,0,2,1,214,187,0
52,0,0.0,0.0,0.0,48,34,2,0,17,2,2,3,50,0,0.0,0,2,2,101,72,0
27,0,0.0,0.0,0.0,48,47,2,0,7,4,9,2,6,0,0.0,0,2,2,78,69,0
148,0,0.0,0.0,0.0,48,29,7,0,45,1,27,70,19,0,0.0,0,7,4,357,236,0
69,0,0.0,0.0,0.0,48,47,2,0,20,3,14,9,40,0,0.0,0,2,2,155,132,0
24,0,0.0,0.0,0.0,48,48,1,0,8,3,9,4,11,0,0.0,0,1,1,74,74,0
138,0,0.0,0.0,0.0,48,11,3,0,48,2,13,35,96,0,0.0,0,3,2,255,164,0
122,0,0.0,0.0,0.0,48,48,1,0,32,2,7,32,25,0,0.0,0,1,1,202,202,0
71,0,0.0,0.0,0.0,48,18,2,0,17,4,16,24,8,0,0.0,0,2,1,149,138,0
14,0,0.0,0.0,0.0,48,37,1,0,2,1,9,4,1,0,0.0,0,2,1,69,61,0
24,0,0.0,0.0,0.0,48,48,1,0,4,4,6,7,1,0,0.0,0,1,1,64,64,0
86,0,0.0,0.0,0.0,48,34,3,0,21,1,14,37,11,0,0.0,0,3,2,185,157,0
9,0,0.0,0.0,0.0,48,48,1,0,2,3,0,0,1,0,0.0,0,1,1,32,32,0
4,0,0.0,0.0,0.0,48,39,2,0,0,1,3,1,0,0,0.0,0,2,2,44,39,0
4,0,0.0,0.0,0.0,48,48,1,0,1,1,5,1,0,0,0.0,0,1,1,36,36,0
174,0,0.0,0.0,0.0,48,4,4,0,14,4,26,29,6,0,0.0,0,6,4,389,239,0
155,130,-14.0,25.5,4.0,48,0,5,2,7,3,16,8,0,5,0.3335,0,6,1,490,304,0
45,0,0.0,0.0,0.0,48,7,2,0,8,1,6,22,0,0,0.0,0,2,2,104,102,0
52,0,0.0,0.0,0.0,48,48,1,0,9,1,7,17,0,0,0.0,0,1,1,101,101,0
31,0,0.0,0.0,0.0,48,48,1,0,8,2,3,0,20,0,0.0,0,1,1,125,125,0
29,0,0.0,0.0,0.0,48,47,2,0,8,3,6,2,6,0,0.0,0,2,2,78,69,0
93,0,0.0,0.0,0.0,48,37,1,0,11,1,17,46,0,0,0.0,0,2,1,227,207,0
4,0,0.0,0.0,0.0,48,46,2,0,0,1,0,0,0,0,0.0,0,2,2,38,28,0
62,0,0.0,0.0,0.0,48,48,1,0,17,1,17,36,1,0,0.0,0,1,1,131,131,0
114,0,0.0,0.0,0.0,48,10,9,0,28,1,15,55,0,0,0.0,0,10,2,442,234,0
10,0,0.0,0.0,0.0,48,48,1,0,2,3,0,0,0,0,0.0,0,1,1,51,51,0
12,0,0.0,0.0,0.0,48,48,1,0,1,4,4,3,0,0,0.0,0,1,1,45,45,0
9,0,0.0,0.0,0.0,48,48,1,0,2,1,0,0,0,0,0.0,0,1,1,37,37,0
54,0,0.0,0.0,0.0,48,46,1,0,12,2,12,24,0,0,0.0,0,2,2,115,109,0
87,0,0.0,0.0,0.0,48,29,1,0,26,1,7,13,120,0,0.0,0,2,2,153,151,0
24,0,0.0,0.0,0.0,48,48,1,0,7,2,4,2,19,0,0.0,0,1,1,58,58,0
14,0,0.0,0.0,0.0,48,47,2,0,12,1,5,0,66,0,0.0,0,2,1,57,52,1
62,0,0.0,0.0,0.0,48,48,1,0,16,2,14,3,94,0,0.0,0,1,1,157,157,0
24,0,0.0,0.0,0.0,48,48,1,0,12,2,6,11,1,0,0.0,0,1,1,75,75,0
3,0,0.0,0.0,0.0,48,48,1,0,1,1,1,0,0,0,0.0,0,1,1,32,32,0
126,0,0.0,0.0,0.0,48,48,1,0,58,2,7,40,66,0,0.0,0,1,1,216,216,0
55,0,0.0,0.0,0.0,48,22,2,0,11,1,18,17,2,0,0.0,0,2,1,139,72,0
118,11,-1.0,5.0,3.0,48,3,3,1,31,3,12,17,228,3,0.0,0,3,1,235,215,0
28,0,0.0,0.0,0.0,48,48,1,0,5,1,8,8,0,0,0.0,0,1,1,77,77,0
112,0,0.0,0.0,0.0,48,5,3,0,27,4,26,19,3,0,0.0,0,4,3,261,198,0
69,0,0.0,0.0,0.0,48,21,2,0,27,3,3,2,117,0,0.0,0,2,1,163,143,1
3,0,0.0,0.0,0.0,48,48,1,0,1,1,1,0,0,0,0.0,0,1,1,26,26,0
48,25,-5.0,10.0,3.0,48,0,3,1,14,2,6,10,54,3,0.0,0,4,3,141,96,0
11,0,0.0,0.0,0.0,48,48,1,0,2,1,0,0,0,0,0.0,0,1,1,49,49,0
136,0,0.0,0.0,0.0,48,4,4,0,11,3,27,36,1,0,0.0,0,7,4,346,209,1
116,0,0.0,0.0,0.0,48,48,1,0,18,1,23,48,0,0,0.0,0,1,1,258,258,0
88,0,0.0,0.0,0.0,48,43,2,0,22,1,12,42,1,0,0.0,0,2,2,221,182,0
52,0,0.0,0.0,0.0,48,48,1,0,14,3,3,0,77,0,0.0,0,1,1,98,98,0
3,0,0.0,0.0,0.0,48,48,1,0,0,3,3,0,0,0,0.0,0,1,1,31,31,0
138,0,0.0,0.0,0.0,48,20,5,0,34,1,25,58,71,0,0.0,0,8,2,290,224,0
17,0,0.0,0.0,0.0,48,48,1,0,4,2,1,0,2,0,0.0,0,1,1,46,46,0
54,0,0.0,0.0,0.0,48,9,3,0,12,1,14,29,26,0,0.0,0,4,2,227,170,0
13,0,0.0,0.0,0.0,48,48,1,0,3,3,0,1,1,0,0.0,0,1,1,40,40,0
183,0,0.0,0.0,0.0,48,48,1,0,52,3,2,0,1080,0,0.0,0,1,1,353,353,0
66,0,0.0,0.0,0.0,48,47,2,0,20,3,14,8,40,0,0.0,0,2,2,152,129,0
24,8,0.0,4.0,6.0,48,1,3,1,1,3,10,2,0,6,0.0,0,3,3,102,64,0
98,0,0.0,0.0,0.0,48,16,2,0,31,2,17,9,230,0,0.0,0,3,2,222,207,0
35,0,0.0,0.0,0.0,48,48,1,0,14,2,2,0,12,0,0.0,0,1,1,85,85,0
25,0,0.0,0.0,0.0,48,48,1,0,4,1,4,6,0,0,0.0,0,1,1,63,63,0
31,17,-1.5,3.5,7.5,48,1,4,2,2,2,16,6,0,9,0.5226,0,6,3,154,110,0
27,0,0.0,0.0,0.0,48,47,2,0,7,4,9,2,6,0,0.0,0,2,2,76,69,0
16,0,0.0,0.0,0.0,48,48,1,0,2,4,5,4,0,0,0.0,0,1,1,51,51,0
109,0,0.0,0.0,0.0,48,48,1,0,27,2,20,24,0,0,0.0,0,1,1,247,247,1
49,0,0.0,0.0,0.0,48,5,2,0,2,3,15,6,0,0,0.0,0,3,2,140,116,0
74,0,0.0,0.0,0.0,48,48,1,0,19,2,19,26,28,0,0.0,0,1,1,170,170,1
26,0,0.0,0.0,0.0,48,29,2,0,7,3,6,3,6,0,0.0,0,3,3,77,66,0
89,0,0.0,0.0,0.0,48,48,1,0,20,2,12,18,4,0,0.0,0,1,1,183,183,0
241,0,0.0,0.0,0.0,48,5,5,0,16,3,31,37,2,0,0.0,0,6,3,558,436,0
20,0,0.0,0.0,0.0,48,22,2,0,18,1,6,0,153,0,0.0,0,2,1,226,215,0
160,0,0.0,0.0,0.0,48,5,1,0,25,2,11,6,11,0,0.0,0,2,1,324,254,0
81,0,0.0,0.0,0.0,48,38,3,0,17,2,21,33,16,0,0.0,0,3,2,191,150,0
99,0,0.0,0.0,0.0,48,6,2,0,5,2,12,14,1,0,0.0,0,2,1,186,174,0
128,0,0.0,0.0,0.0,48,11,4,0,33,2,10,11,10,0,0.0,0,4,2,257,181,1
224,0,0.0,0.0,0.0,48,25,3,0,38,2,31,57,0,0,0.0,0,4,2,592,434,1
44,0,0.0,0.0,0.0,48,46,1,0,10,2,7,12,1,0,0.0,0,2,2,90,86,1
52,0,0.0,0.0,0.0,48,46,1,0,9,2,15,16,0,0,0.0,0,2,2,146,144,0
105,0,0.0,0.0,0.0,48,5,1,0,5,4,23,14,0,0,0.0,0,2,1,263,235,0
17,0,0.0,0.0,0.0,48,48,1,0,5,3,2,0,4,0,0.0,0,1,1,49,49,0
232,0,0.0,0.0,0.0,48,18,4,0,53,1,15,118,55,0,0.0,0,4,2,459,370,0
93,0,0.0,0.0,0.0,48,22,2,0,24,2,19,30,4,0,0.0,0,2,2,230,179,1
132,0,0.0,0.0,0.0,48,14,3,0,34,2,16,21,213,0,0.0,0,3,2,247,231,0
15,0,0.0,0.0,0.0,48,48,1,0,13,1,4,0,78,0,0.0,0,1,1,56,56,1
83,0,0.0,0.0,0.0,48,36,2,0,25,2,12,14,140,0,0.0,0,2,1,207,188,0
12,0,0.0,0.0,0.0,48,48,1,0,3,1,0,3,3,0,0.0,0,1,1,45,45,0
91,0,0.0,0.0,0.0,48,5,6,0,3,5,13,6,3,0,0.0,0,7,4,248,179,1
71,0,0.0,0.0,0.0,48,46,1,0,18,1,12,25,0,0,0.0,0,2,2,149,147,0
41,7,-1.0,3.0,5.0,48,3,2,1,9,2,7,8,0,5,0.0,0,2,1,102,95,0
44,0,0.0,0.0,0.0,48,48,1,0,6,2,8,22,1,0,0.0,0,1,1,100,100,0
196,0,0.0,0.0,0.0,48,9,4,0,35,2,33,64,0,0,0.0,0,5,3,527,438,0
38,0,0.0,0.0,0.0,48,46,3,0,5,5,7,12,3,0,0.0,0,3,3,302,190,0
119,0,0.0,0.0,0.0,48,48,1,0,22,3,9,22,20,0,0.0,0,1,1,214,214,0
27,0,0.0,0.0,0.0,48,4,3,0,1,3,13,4,0,0,0.0,0,5,2,128,102,0
34,0,0.0,0.0,0.0,48,24,2,0,13,2,5,2,20,0,0.0,0,2,1,102,93,0
47,0,0.0,0.0,0.0,48,48,1,0,4,2,15,10,0,0,0.0,0,1,1,107,107,0
44,0,0.0,0.0,0.0,48,37,2,0,14,2,8,16,0,0,0.0,0,2,1,104,98,0
71,0,0.0,0.0,0.0,48,7,5,0,15,1,14,25,10,0,0.0,0,5,2,231,157,0
116,0,0.0,0.0,0.0,48,46,3,0,12,6,10,14,4,0,0.0,0,3,3,443,322,0
24,0,0.0,0.0,0.0,48,48,1,0,6,2,7,0,9,0,0.0,0,1,1,69,69,0
35,0,0.0,0.0,0.0,48,48,1,0,12,3,1,1,20,0,0.0,0,1,1,74,74,0
268,0,0.0,0.0,0.0,48,5,2,0,4,5,31,18,1,0,0.0,0,3,2,535,493,0
59,0,0.0,0.0,0.0,48,48,1,0,16,4,2,0,104,0,0.0,0,1,1,104,104,0
16,0,0.0,0.0,0.0,48,48,1,0,4,2,1,0,2,0,0.0,0,1,1,44,44,0
66,0,0.0,0.0,0.0,48,48,1,0,14,1,4,13,0,0,0.0,0,1,1,112,112,0
50,69,1.0,35.0,6.0,48,1,4,1,5,3,16,9,0,6,0.0,0,6,3,223,121,0
22,0,0.0,0.0,0.0,5,5,2,0,13,1,2,7,0,0,0.0,0,2,1,95,64,0
94,0,0.0,0.0,0.0,48,6,2,0,27,2,4,13,176,0,0.0,0,3,2,165,151,0
47,0,0.0,0.0,0.0,48,48,1,0,11,2,3,21,0,0,0.0,0,1,1,92,92,1
58,0,0.0,0.0,0.0,48,46,1,0,17,1,5,15,0,0,0.0,0,2,2,178,158,1
134,0,0.0,0.0,0.0,48,22,3,0,22,1,8,27,0,0,0.0,0,7,3,273,176,0
129,0,0.0,0.0,0.0,48,10,10,0,26,1,30,65,13,0,0.0,0,10,3,406,270,1
54,0,0.0,0.0,0.0,48,18,2,0,17,1,4,19,21,0,0.0,0,3,2,108,91,0
7,0,0.0,0.0,0.0,9,9,1,0,2,4,0,0,1,0,0.0,0,1,1,43,43,0
3,0,0.0,0.0,0.0,48,48,1,0,0,3,3,0,0,0,0.0,0,1,1,31,31,0
394,0,0.0,0.0,0.0,48,5,2,0,33,3,29,63,16,0,0.0,0,4,2,739,600,1
125,0,0.0,0.0,0.0,48,48,1,0,48,2,7,8,60,0,0.0,0,1,1,210,210,0
13,0,0.0,0.0,0.0,48,48,1,0,2,3,4,2,0,0,0.0,0,1,1,46,46,0
358,0,0.0,0.0,0.0,48,29,2,0,88,2,21,75,118,0,0.0,0,4,4,557,545,0
66,0,0.0,0.0,0.0,48,5,1,0,3,2,13,4,0,0,0.0,0,2,1,183,149,0
16,0,0.0,0.0,0.0,48,48,1,0,4,4,9,6,1,0,0.0,0,1,1,62,62,0
50,0,0.0,0.0,0.0,48,48,1,0,13,1,3,1,66,0,0.0,0,1,1,113,113,0
68,0,0.0,0.0,0.0,9,8,3,0,20,1,12,19,39,0,0.0,0,3,1,280,223,0
42,0,0.0,0.0,0.0,48,48,1,0,10,2,8,18,0,0,0.0,0,1,1,93,93,0
30,0,0.0,0.0,0.0,48,48,1,0,8,2,3,2,15,0,0.0,0,1,1,66,66,0
141,0,0.0,0.0,0.0,48,46,3,0,27,2,24,38,8,0,0.0,0,3,2,324,221,0
89,0,0.0,0.0,0.0,48,46,2,0,31,1,13,10,1,0,0.0,0,3,2,219,138,1
106,0,0.0,0.0,0.0,48,48,1,0,21,2,21,31,39,0,0.0,0,1,1,214,214,0
45,0,0.0,0.0,0.0,48,48,1,0,11,2,10,21,1,0,0.0,0,1,1,90,90,1
275,35,25.0,30.0,3.0,48,0,7,1,23,2,35,41,3,3,0.0,0,9,3,735,537,0
116,0,0.0,0.0,0.0,48,5,2,0,1,2,21,12,0,0,0.0,0,4,3,290,224,0
308,0,0.0,0.0,0.0,48,11,5,0,47,1,33,77,0,0,0.0,0,7,2,868,643,1
8,0,0.0,0.0,0.0,48,48,1,0,2,3,0,0,1,0,0.0,0,1,1,30,30,0
17,0,0.0,0.0,0.0,48,48,1,0,5,3,2,0,4,0,0.0,0,1,1,49,49,0
47,0,0.0,0.0,0.0,48,48,1,0,13,2,2,2,50,0,0.0,0,1,1,91,91,0
32,0,0.0,0.0,0.0,48,48,1,0,7,2,7,12,1,0,0.0,0,1,1,75,75,1
17,0,0.0,0.0,0.0,48,48,1,0,4,2,2,0,2,0,0.0,0,1,1,47,47,0
416,0,0.0,0.0,0.0,48,31,3,0,142,1,37,110,35,0,0.0,0,3,3,811,755,0
89,0,0.0,0.0,0.0,48,4,1,0,1,2,12,3,0,0,0.0,0,3,1,241,185,0
25,0,0.0,0.0,0.0,5,5,1,0,6,1,0,0,1,0,0.0,0,1,1,69,69,0
211,0,0.0,0.0,0.0,48,47,2,0,73,3,35,47,660,0,0.0,0,2,2,464,416,0
52,0,0.0,0.0,0.0,48,48,1,0,16,3,2,1,75,0,0.0,0,1,1,102,102,0
23,0,0.0,0.0,0.0,48,47,2,0,6,3,6,2,2,0,0.0,0,2,2,68,59,0
145,0,0.0,0.0,0.0,48,5,6,0,11,3,19,21,0,0,0.0,0,7,3,388,309,0
8,0,0.0,0.0,0.0,48,48,1,0,2,1,0,0,0,0,0.0,0,1,1,35,35,0
92,0,0.0,0.0,0.0,48,11,3,0,42,2,10,25,300,0,0.0,0,3,2,249,168,0
65,0,0.0,0.0,0.0,48,29,2,0,18,3,2,4,104,0,0.0,0,2,1,115,105,0
11,0,0.0,0.0,0.0,48,48,1,0,0,1,0,0,0,0,0.0,0,1,1,41,41,0
46,21,7.5,9.0,2.0,48,1,3,2,6,4,8,9,4,2,0.9587,0,4,3,110,87,0
21,0,0.0,0.0,0.0,48,48,1,0,5,2,2,0,6,0,0.0,0,1,1,53,53,0
17,0,0.0,0.0,0.0,48,48,1,0,4,2,6,0,2,0,0.0,0,1,1,55,55,0
41,0,0.0,0.0,0.0,48,48,1,0,15,1,15,7,0,0,0.0,0,1,1,110,110,0
89,0,0.0,0.0,0.0,48,29,1,0,26,2,6,17,140,0,0.0,0,2,2,153,151,0
183,0,0.0,0.0,0.0,48,36,2,0,46,1,20,78,47,0,0.0,0,2,2,385,315,0
89,0,0.0,0.0,0.0,48,3,5,0,16,3,25,9,8,0,0.0,0,8,3,272,216,0
323,0,0.0,0.0,0.0,48,5,6,0,65,1,21,34,45,0,0.0,0,7,3,784,545,0
31,0,0.0,0.0,0.0,48,48,1,0,5,1,1,10,8,0,0.0,0,1,1,75,75,0
40,0,0.0,0.0,0.0,48,46,1,0,21,2,15,15,1,0,0.0,0,2,2,123,115,1
26,0,0.0,0.0,0.0,48,29,2,0,7,3,6,3,6,0,0.0,0,3,3,78,66,0
488,0,0.0,0.0,0.0,48,7,4,0,112,2,50,133,42,0,0.0,0,8,4,1066,786,0
171,0,0.0,0.0,0.0,48,29,2,0,49,2,26,15,676,0,0.0,0,3,2,362,356,0
48,0,0.0,0.0,0.0,48,48,1,0,19,1,16,24,0,0,0.0,0,1,1,123,123,0
17,0,0.0,0.0,0.0,48,48,1,0,4,2,3,3,0,0,0.0,0,1,1,46,46,0
99,0,0.0,0.0,0.0,48,5,6,0,21,2,8,26,55,0,0.0,0,7,2,284,180,0
65,81,43.0,62.0,5.0,48,3,3,1,3,3,5,6,1,5,0.0,0,3,2,159,81,0
19,0,0.0,0.0,0.0,48,28,2,0,2,5,10,8,0,0,0.0,0,2,1,63,59,0
385,0,0.0,0.0,0.0,48,46,2,0,92,2,12,87,0,0,0.0,0,5,3,699,382,0
9,0,0.0,0.0,0.0,48,48,1,0,2,2,1,0,0,0,0.0,0,1,1,34,34,0
199,0,0.0,0.0,0.0,48,5,2,0,15,3,25,16,1,0,0.0,0,5,2,443,348,0
350,0,0.0,0.0,0.0,48,5,6,0,6,6,32,20,4,0,0.0,0,7,4,639,576,0
184,0,0.0,0.0,0.0,48,48,1,0,44,2,18,57,11,0,0.0,0,1,1,310,310,1
25,0,0.0,0.0,0.0,48,48,1,0,6,3,3,0,2,0,0.0,0,1,1,62,62,0
58,0,0.0,0.0,0.0,48,5,2,0,2,4,13,7,0,0,0.0,0,3,2,148,119,0
49,0,0.0,0.0,0.0,48,48,1,0,12,3,4,0,40,0,0.0,0,1,1,112,112,0
54,0,0.0,0.0,0.0,48,5,2,0,1,3,12,1,0,0,0.0,0,3,2,152,114,0
27,0,0.0,0.0,0.0,50,10,3,0,10,2,7,6,0,0,0.0,0,3,2,99,86,0
42,0,0.0,0.0,0.0,23,10,2,0,7,1,11,19,4,0,0.0,0,2,2,144,143,0
96,1,-1.0,0.0,5.0,50,0,18,0,4,4,18,9,0,5,0.0,0,22,5,332,165,1
9,0,0.0,0.0,0.0,10,2,5,0,7,1,10,0,21,0,0.0,0,6,3,138,57,1
136,197,197.0,197.0,14.0,0,0,0,0,36,2,7,22,0,14,0.0,0,1,1,197,197,0
59,0,0.0,0.0,0.0,10,6,3,0,16,2,5,0,104,0,0.0,0,3,2,135,116,0
57,0,0.0,0.0,0.0,50,10,3,0,18,1,10,17,0,0,0.0,0,6,3,306,123,0
148,0,0.0,0.0,0.0,50,3,18,0,29,2,40,43,0,0,0.0,0,21,5,614,244,0
107,0,0.0,0.0,0.0,50,9,7,0,22,1,9,34,31,0,0.0,0,8,4,352,200,0
23,0,0.0,0.0,0.0,50,10,3,0,6,2,6,2,2,0,0.0,0,4,3,79,59,0
269,0,0.0,0.0,0.0,50,2,11,0,53,2,38,54,7,0,0.0,0,14,4,692,461,1
3,0,0.0,0.0,0.0,50,10,3,0,0,3,3,0,0,0,0.0,0,3,2,33,28,0
41,0,0.0,0.0,0.0,50,3,12,0,23,2,9,20,0,0,0.0,0,13,5,408,135,0
268,0,0.0,0.0,0.0,50,9,9,0,93,3,30,45,1257,0,0.0,0,15,6,807,544,1
44,0,0.0,0.0,0.0,14,7,4,0,1,4,12,4,0,0,0.0,0,5,4,119,108,0
4,0,0.0,0.0,0.0,10,10,2,0,1,1,2,2,0,0,0.0,0,2,1,34,27,0
12,0,0.0,0.0,0.0,10,3,5,0,10,1,14,0,45,0,0.0,0,5,3,165,72,0
12,0,0.0,0.0,0.0,50,2,2,0,3,4,7,0,1,0,0.0,0,3,2,64,50,0
89,0,0.0,0.0,0.0,10,9,5,0,27,2,8,3,260,0,0.0,0,5,2,171,154,0
13,0,0.0,0.0,0.0,9,9,1,0,4,1,3,2,0,0,0.0,0,1,1,36,36,0
180,0,0.0,0.0,0.0,50,3,14,0,3,2,26,17,0,0,0.0,0,16,6,638,282,0
45,0,0.0,0.0,0.0,10,5,4,0,11,2,8,19,0,0,0.0,0,4,2,112,93,0
401,0,0.0,0.0,0.0,20,6,10,0,82,2,37,115,211,0,0.0,0,12,4,868,666,1
131,0,0.0,0.0,0.0,20,10,3,0,40,1,12,20,205,0,0.0,0,3,2,234,216,1
60,0,0.0,0.0,0.0,50,8,4,0,19,1,2,6,57,0,0.0,0,4,3,154,110,0
28,0,0.0,0.0,0.0,20,5,6,0,5,1,7,15,3,0,0.0,0,6,5,133,65,0
48,0,0.0,0.0,0.0,10,9,5,0,14,1,13,23,0,0,0.0,0,5,2,293,186,1
175,205,60.5,81.5,22.5,6,1,4,2,43,1,11,63,0,40,0.2599,0,4,1,388,196,0
401,0,0.0,0.0,0.0,50,3,11,0,3,7,36,19,0,0,0.0,0,12,6,901,711,0
80,0,0.0,0.0,0.0,50,2,15,0,5,4,17,15,3,0,0.0,0,16,6,295,154,0
79,0,0.0,0.0,0.0,50,8,2,0,27,2,10,17,47,0,0.0,0,3,2,151,145,0
78,0,0.0,0.0,0.0,10,2,5,0,25,2,14,19,45,0,0.0,0,6,3,247,122,0
8,0,0.0,0.0,0.0,50,6,4,0,1,2,5,2,0,0,0.0,0,4,3,56,45,0
21,2,0.0,1.0,15.0,50,0,4,1,7,2,7,2,6,15,0.0,0,4,2,72,65,0
65,0,0.0,0.0,0.0,50,6,6,0,11,2,18,20,0,0,0.0,0,8,3,224,144,0
17,0,0.0,0.0,0.0,50,50,1,0,4,2,4,0,2,0,0.0,0,1,1,52,52,0
43,0,0.0,0.0,0.0,50,9,4,0,5,4,6,7,3,0,0.0,0,5,4,103,94,0
14,0,0.0,0.0,0.0,10,6,7,0,12,1,13,0,66,0,0.0,0,9,3,223,96,1
17,0,0.0,0.0,0.0,3,2,1,0,4,2,10,1,0,0,0.0,0,2,2,80,62,0
333,13,-1.0,6.0,40.0,50,1,15,1,5,6,30,18,0,40,0.0,0,15,5,806,506,1
107,52,10.0,31.0,40.0,10,1,4,1,32,2,10,17,222,40,0.0,0,4,4,255,163,0
90,0,0.0,0.0,0.0,20,10,2,0,27,1,7,14,137,0,0.0,0,2,2,157,156,0
268,0,0.0,0.0,0.0,50,3,8,0,3,7,25,14,0,0,0.0,0,9,6,581,483,0
27,0,0.0,0.0,0.0,50,9,3,0,7,1,1,1,15,0,0.0,0,3,1,71,59,0
31,0,0.0,0.0,0.0,10,10,2,0,8,2,5,0,20,0,0.0,0,2,2,130,125,0
23,0,0.0,0.0,0.0,10,9,2,0,8,2,4,0,3,0,0.0,0,2,1,63,58,0
34,0,0.0,0.0,0.0,50,10,2,0,12,1,10,9,0,0,0.0,0,2,2,97,92,1
3,0,0.0,0.0,0.0,50,10,3,0,0,3,3,0,0,0,0.0,0,3,2,33,31,0
10,0,0.0,0.0,0.0,10,8,3,0,2,3,2,0,0,0,0.0,0,3,2,38,25,0
17,0,0.0,0.0,0.0,10,9,3,0,4,2,3,0,2,0,0.0,0,3,1,52,46,0
126,0,0.0,0.0,0.0,10,2,6,0,35,1,10,34,153,0,0.0,0,6,4,327,115,0
33,0,0.0,0.0,0.0,50,9,2,0,13,1,1,2,2,0,0.0,0,3,3,74,72,0
60,0,0.0,0.0,0.0,3,3,1,0,12,2,6,6,0,0,0.0,0,1,1,116,116,0
175,0,0.0,0.0,0.0,50,8,9,0,4,2,20,16,1,0,0.0,0,12,5,504,263,0
86,0,0.0,0.0,0.0,50,2,9,0,9,3,19,19,15,0,0.0,0,12,5,379,221,0
154,0,0.0,0.0,0.0,50,4,8,0,1,4,18,9,0,0,0.0,0,9,4,585,211,0
265,4,0.0,2.0,1.0,11,0,8,1,66,2,32,72,13,1,0.0,0,8,4,551,411,0
27,0,0.0,0.0,0.0,10,10,1,0,7,2,7,2,15,0,0.0,0,1,1,73,73,0
135,0,0.0,0.0,0.0,50,3,15,0,3,2,24,14,0,0,0.0,0,18,6,567,234,0
193,0,0.0,0.0,0.0,50,6,10,0,49,2,27,67,8,0,0.0,0,12,4,478,232,1
188,0,0.0,0.0,0.0,15,9,3,0,16,2,17,21,0,0,0.0,0,4,3,312,291,0
13,0,0.0,0.0,0.0,50,10,2,0,3,1,5,3,1,0,0.0,0,3,2,201,119,0
89,0,0.0,0.0,0.0,50,9,5,0,1,3,17,12,0,0,0.0,0,6,5,231,194,0
33,19,-11.0,4.0,15.0,11,0,3,1,6,1,4,8,3,15,0.0,0,3,2,134,84,0
6,0,0.0,0.0,0.0,10,10,3,0,1,1,2,2,0,0,0.0,0,3,1,123,41,0
11,0,0.0,0.0,0.0,23,23,1,0,0,1,0,0,0,0,0.0,0,1,1,41,41,0
15,0,0.0,0.0,0.0,8,8,1,0,3,6,7,4,3,0,0.0,0,1,1,49,49,0
42,0,0.0,0.0,0.0,10,10,2,0,14,2,2,1,35,0,0.0,0,2,1,89,86,0
10,0,0.0,0.0,0.0,50,10,2,0,3,3,2,0,1,0,0.0,0,2,2,43,40,0
10,0,0.0,0.0,0.0,50,10,2,0,3,3,2,0,1,0,0.0,0,2,2,43,40,0
104,9,1.0,5.0,14.0,50,0,7,0,17,2,22,35,0,14,0.0,0,10,4,332,223,0
23,0,0.0,0.0,0.0,50,10,3,0,6,3,6,2,2,0,0.0,0,4,3,79,59,0
64,0,0.0,0.0,0.0,10,10,3,0,18,1,6,17,0,0,0.0,0,3,2,209,193,1
152,0,0.0,0.0,0.0,50,3,13,0,3,2,26,17,0,0,0.0,0,15,6,592,262,0
8,0,0.0,0.0,0.0,50,11,2,0,2,4,0,0,1,0,0.0,0,2,2,33,31,0
27,0,0.0,0.0,0.0,10,3,11,0,25,1,14,0,300,0,0.0,0,11,5,300,126,1
3,0,0.0,0.0,0.0,50,10,3,0,0,2,4,0,0,0,0.0,0,3,2,35,32,0
50,0,0.0,0.0,0.0,4,4,1,0,1,4,8,2,0,0,0.0,0,1,1,101,101,0
31,0,0.0,0.0,0.0,50,10,4,0,8,3,4,0,20,0,0.0,0,4,3,73,51,0
60,0,0.0,0.0,0.0,50,9,4,0,8,5,7,10,8,0,0.0,0,5,2,134,111,0
153,2,0.0,1.0,4.0,50,0,11,1,45,3,17,59,208,4,0.0,0,12,5,432,186,1
45,0,0.0,0.0,0.0,50,5,5,0,16,1,2,23,15,0,0.0,0,7,3,178,135,0
18,66,26.0,29.5,22.5,1,1,2,2,3,2,6,8,1,40,0.7158,0,2,1,66,53,1
166,312,150.0,153.0,14.5,0,0,1,1,37,2,22,50,45,15,0.172,0,2,1,312,304,0
60,0,0.0,0.0,0.0,50,3,16,0,16,3,15,20,91,0,0.0,0,18,5,511,157,1
108,0,0.0,0.0,0.0,50,9,9,0,5,3,22,28,1,0,0.0,0,11,5,338,219,0
18,0,0.0,0.0,0.0,10,9,3,0,5,3,5,1,4,0,0.0,0,3,1,57,49,0
128,0,0.0,0.0,0.0,10,10,2,0,36,2,5,6,402,0,0.0,0,2,1,299,252,0
27,0,0.0,0.0,0.0,3,3,1,0,5,2,11,12,4,0,0.0,0,1,1,75,75,0
33,0,0.0,0.0,0.0,50,1,3,0,1,1,0,0,0,0,0.0,0,4,1,114,96,0
27,0,0.0,0.0,0.0,50,10,3,0,7,4,9,2,6,0,0.0,0,4,3,85,69,0
10,0,0.0,0.0,0.0,10,10,2,0,2,3,3,0,0,0,0.0,0,2,1,39,35,0
63,0,0.0,0.0,0.0,50,6,6,0,11,2,18,21,0,0,0.0,0,8,3,267,144,0
20,0,0.0,0.0,0.0,50,5,3,0,7,1,3,7,3,0,0.0,0,3,2,91,54,0
66,0,0.0,0.0,0.0,50,10,5,0,18,3,12,6,100,0,0.0,0,5,3,148,122,0
111,0,0.0,0.0,0.0,50,5,4,0,37,1,9,35,0,0,0.0,0,5,2,401,213,0
10,0,0.0,0.0,0.0,50,8,3,0,3,3,2,0,1,0,0.0,0,3,3,44,40,0
21,0,0.0,0.0,0.0,30,9,5,0,5,1,2,10,3,0,0.0,0,5,4,78,54,0
69,0,0.0,0.0,0.0,50,6,10,0,4,5,18,10,1,0,0.0,0,10,5,215,119,0
64,0,0.0,0.0,0.0,50,2,7,0,4,5,16,8,1,0,0.0,0,8,4,200,114,0
3,0,0.0,0.0,0.0,50,10,3,0,0,2,3,0,0,0,0.0,0,3,2,33,31,0
39,0,0.0,0.0,0.0,50,6,6,0,2,6,15,10,0,0,0.0,0,8,4,158,112,0
35,0,0.0,0.0,0.0,10,9,2,0,14,2,5,0,12,0,0.0,0,2,1,94,86,0
88,0,0.0,0.0,0.0,50,6,7,0,1,3,14,8,0,0,0.0,0,8,5,255,195,0
237,0,0.0,0.0,0.0,50,4,17,0,61,2,36,93,66,0,0.0,0,21,7,776,411,0
11,0,0.0,0.0,0.0,50,11,2,0,2,4,0,0,0,0,0.0,0,2,2,40,33,0
3,0,0.0,0.0,0.0,50,50,1,0,0,1,2,1,0,0,0.0,0,1,1,31,31,1
81,0,0.0,0.0,0.0,50,2,12,0,23,2,17,20,136,0,0.0,0,15,6,467,178,1
9,0,0.0,0.0,0.0,10,9,3,0,2,1,1,0,0,0,0.0,0,3,1,41,37,0
110,0,0.0,0.0,0.0,50,2,11,0,24,2,25,23,0,0,0.0,0,13,4,446,264,0
25,2,0.0,1.0,15.0,50,0,7,1,6,2,9,2,11,15,0.0,0,7,3,94,75,0
50,218,51.0,80.0,14.5,0,0,1,1,8,1,5,10,0,15,0.9999,0,2,1,218,110,0
37,0,0.0,0.0,0.0,50,2,6,0,7,4,9,11,15,0,0.0,0,7,4,109,79,0
85,0,0.0,0.0,0.0,50,6,8,0,1,2,14,4,0,0,0.0,0,11,4,330,176,0
146,0,0.0,0.0,0.0,50,2,10,0,32,2,12,17,171,0,0.0,0,11,4,550,300,0
160,0,0.0,0.0,0.0,50,10,5,0,40,1,2,15,0,0,0.0,0,7,3,418,282,0
92,0,0.0,0.0,0.0,50,6,9,0,16,2,33,25,15,0,0.0,0,9,4,324,175,0
257,0,0.0,0.0,0.0,22,9,4,0,8,2,24,16,0,0,0.0,0,5,3,413,271,0
66,0,0.0,0.0,0.0,10,9,3,0,19,3,4,1,135,0,0.0,0,3,2,133,124,0
30,0,0.0,0.0,0.0,10,6,4,0,1,1,0,0,0,0,0.0,0,6,3,276,244,0
509,0,0.0,0.0,0.0,50,2,9,0,143,1,44,21,0,0,0.0,0,10,3,777,401,1
66,0,0.0,0.0,0.0,15,4,4,0,3,3,5,6,1,0,0.0,0,5,4,165,80,0
38,0,0.0,0.0,0.0,50,10,2,0,8,2,9,10,1,0,0.0,0,2,2,83,79,1
54,0,0.0,0.0,0.0,7,5,2,0,16,1,4,19,0,0,0.0,0,2,2,225,161,0
53,0,0.0,0.0,0.0,50,10,4,0,4,2,15,11,0,0,0.0,0,5,3,207,107,0
18,0,0.0,0.0,0.0,10,9,3,0,5,3,5,1,4,0,0.0,0,3,1,57,49,0
79,0,0.0,0.0,0.0,50,50,1,0,20,1,3,25,5,0,0.0,0,1,1,178,178,0
174,0,0.0,0.0,0.0,18,3,4,0,36,2,18,62,15,0,0.0,0,6,4,388,341,1
144,6,0.0,3.0,4.0,50,0,9,1,32,3,13,44,105,4,0.0,0,12,7,912,532,1
41,103,103.0,103.0,40.0,1,1,1,1,9,1,6,22,0,40,0.0,0,1,1,103,103,0
55,0,0.0,0.0,0.0,10,6,8,0,14,1,16,23,0,0,0.0,0,9,3,320,163,1
3,0,0.0,0.0,0.0,20,20,1,0,1,1,1,0,0,0,0.0,0,1,1,26,26,0
32,0,0.0,0.0,0.0,50,10,2,0,10,2,6,8,28,0,0.0,0,2,2,105,104,0
11,0,0.0,0.0,0.0,9,6,3,0,1,4,5,3,0,0,0.0,0,3,2,83,44,0
3,0,0.0,0.0,0.0,50,10,3,0,0,3,2,0,0,0,0.0,0,3,2,31,29,0
3,0,0.0,0.0,0.0,50,10,3,0,0,3,3,0,0,0,0.0,0,3,2,33,28,0
27,12,4.0,8.0,40.0,10,1,2,1,5,2,4,6,6,40,0.0,0,2,2,113,101,0
32,0,0.0,0.0,0.0,50,9,4,0,9,2,5,2,32,0,0.0,0,4,2,86,72,0
39,166,-60.0,11.5,14.5,11,0,6,1,6,2,7,14,1,15,0.9999,0,8,3,604,222,0
94,0,0.0,0.0,0.0,50,10,2,0,6,3,7,5,2,0,0.0,0,3,3,169,165,0
77,0,0.0,0.0,0.0,10,10,2,0,22,2,4,2,170,0,0.0,0,2,1,139,134,0
44,0,0.0,0.0,0.0,10,2,6,0,14,2,8,12,78,0,0.0,0,7,3,176,111,0
79,0,0.0,0.0,0.0,10,9,4,0,27,2,8,18,44,0,0.0,0,5,4,151,124,0
72,3,1.0,2.0,15.0,50,0,10,1,22,4,12,6,168,15,0.0,0,11,5,202,152,0
243,0,0.0,0.0,0.0,38,10,2,0,67,2,15,57,0,0,0.0,0,3,2,323,318,0
29,0,0.0,0.0,0.0,50,18,3,0,8,2,16,7,0,0,0.0,0,3,2,91,83,0
45,0,0.0,0.0,0.0,10,10,2,0,14,2,10,16,0,0,0.0,0,3,2,107,100,0
81,0,0.0,0.0,0.0,20,4,9,0,19,2,13,15,105,0,0.0,0,9,3,245,199,0
377,41,-29.0,6.0,40.0,11,1,9,1,93,1,29,64,0,40,0.0,0,10,4,1049,539,0
70,0,0.0,0.0,0.0,5,5,2,0,15,1,1,17,48,0,0.0,0,2,1,197,132,0
183,0,0.0,0.0,0.0,10,8,2,0,52,3,5,0,1080,0,0.0,0,3,2,369,354,0
3,0,0.0,0.0,0.0,50,10,3,0,0,2,4,0,0,0,0.0,0,3,2,35,32,0
90,0,0.0,0.0,0.0,10,10,1,0,37,3,3,2,228,0,0.0,0,1,1,156,156,1
527,0,0.0,0.0,0.0,11,2,15,0,131,1,53,145,117,0,0.0,0,17,4,1216,718,1
23,0,0.0,0.0,0.0,50,10,4,0,7,2,5,11,1,0,0.0,0,4,3,79,61,1
234,0,0.0,0.0,0.0,10,10,1,0,54,1,15,125,66,0,0.0,0,2,2,414,411,0
40,0,0.0,0.0,0.0,50,4,11,0,7,5,20,16,0,0,0.0,0,11,3,176,90,0
27,0,0.0,0.0,0.0,50,5,3,0,2,5,7,5,0,0,0.0,0,6,4,97,67,0
305,7,1.0,4.0,14.0,20,0,11,0,98,1,38,82,39,14,0.0,0,18,3,906,338,0
17,0,0.0,0.0,0.0,10,10,1,0,4,2,3,0,2,0,0.0,0,1,1,51,51,0
33,0,0.0,0.0,0.0,50,10,5,0,8,2,7,10,1,0,0.0,0,6,5,87,71,1
138,0,0.0,0.0,0.0,50,1,14,0,8,3,32,32,4,0,0.0,0,15,5,402,271,0
37,0,0.0,0.0,0.0,10,8,5,0,14,2,5,3,8,0,0.0,0,5,1,140,112,0
183,0,0.0,0.0,0.0,11,6,10,0,53,1,24,78,145,0,0.0,0,11,4,1045,699,1
145,0,0.0,0.0,0.0,15,2,8,0,14,2,26,29,21,0,0.0,0,9,5,593,439,0
18,0,0.0,0.0,0.0,10,9,5,0,6,1,2,4,0,0,0.0,0,5,1,90,49,0
4,0,0.0,0.0,0.0,10,9,3,0,1,1,2,2,0,0,0.0,0,3,1,44,35,0
44,0,0.0,0.0,0.0,50,5,3,0,10,2,5,18,0,0,0.0,0,3,2,83,78,0
94,0,0.0,0.0,0.0,50,4,10,0,33,1,11,36,26,0,0.0,0,12,2,527,184,0
49,0,0.0,0.0,0.0,10,9,3,0,12,3,8,0,40,0,0.0,0,3,2,133,113,0
83,0,0.0,0.0,0.0,20,6,5,0,25,2,12,4,127,0,0.0,0,5,3,197,155,0
8,0,0.0,0.0,0.0,50,9,3,0,2,2,5,1,1,0,0.0,0,3,2,45,42,0
63,0,0.0,0.0,0.0,10,10,5,0,18,3,6,4,96,0,0.0,0,5,2,163,116,0
242,0,0.0,0.0,0.0,50,2,9,0,10,6,28,15,6,0,0.0,0,14,6,1929,871,0
66,0,0.0,0.0,0.0,23,10,6,0,20,1,6,7,73,0,0.0,0,6,4,483,136,0
87,0,0.0,0.0,0.0,50,10,5,0,21,2,13,24,55,0,0.0,0,6,3,260,164,1
162,0,0.0,0.0,0.0,50,3,12,0,9,3,28,14,1,0,0.0,0,13,6,464,334,0
380,138,14.0,76.0,5.0,50,0,27,0,43,2,32,47,15,5,0.0,0,31,7,1756,553,1
88,0,0.0,0.0,0.0,50,2,11,0,6,4,17,17,1,0,0.0,0,13,6,347,96,0
49,0,0.0,0.0,0.0,50,10,8,0,10,2,12,5,0,0,0.0,0,9,3,419,140,0
43,0,0.0,0.0,0.0,10,8,4,0,12,3,7,0,37,0,0.0,0,4,3,122,79,0
14,0,0.0,0.0,0.0,10,3,6,0,12,1,16,0,66,0,0.0,0,6,3,245,87,1
37,0,0.0,0.0,0.0,20,6,7,0,13,1,10,11,58,0,0.0,0,8,5,147,118,0
66,0,0.0,0.0,0.0,50,10,7,0,18,3,11,2,135,0,0.0,0,7,3,258,139,0
84,0,0.0,0.0,0.0,48,10,2,0,5,4,5,3,0,0,0.0,0,3,3,144,140,0
66,0,0.0,0.0,0.0,50,10,4,0,20,3,14,8,40,0,0.0,0,5,3,198,150,0
123,0,0.0,0.0,0.0,10,10,6,0,38,4,7,11,417,0,0.0,0,6,3,273,207,1
27,0,0.0,0.0,0.0,50,10,3,0,7,4,9,2,6,0,0.0,0,4,3,85,69,0
164,0,0.0,0.0,0.0,50,6,15,0,50,1,28,73,19,0,0.0,0,18,7,515,236,0
13,0,0.0,0.0,0.0,14,10,2,0,3,5,9,4,0,0,0.0,0,2,2,58,54,0
68,0,0.0,0.0,0.0,10,10,3,0,25,3,8,11,44,0,0.0,0,3,2,193,98,0
69,0,0.0,0.0,0.0,50,10,4,0,20,3,14,9,40,0,0.0,0,5,3,184,132,0
24,0,0.0,0.0,0.0,50,8,2,0,8,3,9,4,11,0,0.0,0,3,2,78,74,0
108,0,0.0,0.0,0.0,50,5,5,0,48,2,13,31,96,0,0.0,0,7,3,329,164,0
122,0,0.0,0.0,0.0,50,10,4,0,32,2,7,32,25,0,0.0,0,4,3,209,202,0
8,0,0.0,0.0,0.0,10,10,2,0,2,1,1,0,0,0,0.0,0,2,1,38,35,0
96,0,0.0,0.0,0.0,10,8,4,0,28,2,8,13,176,0,0.0,0,4,3,186,151,0
68,0,0.0,0.0,0.0,50,10,4,0,16,5,16,24,4,0,0.0,0,5,2,174,138,0
24,0,0.0,0.0,0.0,50,50,1,0,4,4,6,7,1,0,0.0,0,1,1,64,64,0
92,0,0.0,0.0,0.0,50,6,6,0,23,1,16,40,17,0,0.0,0,8,4,216,157,0
4,0,0.0,0.0,0.0,50,10,2,0,1,1,5,1,0,0,0.0,0,2,2,41,36,0
195,0,0.0,0.0,0.0,50,2,14,0,13,5,29,32,6,0,0.0,0,17,7,532,239,0
164,0,0.0,0.0,0.0,50,2,12,0,7,4,16,8,0,0,0.0,0,13,5,630,304,0
45,0,0.0,0.0,0.0,50,9,3,0,8,1,6,22,0,0,0.0,0,4,4,106,102,0
160,0,0.0,0.0,0.0,10,9,4,0,43,2,7,0,833,0,0.0,0,4,2,271,241,0
85,0,0.0,0.0,0.0,9,3,7,0,24,1,23,34,0,0,0.0,0,8,5,256,153,1
12,0,0.0,0.0,0.0,10,10,1,0,3,1,0,3,3,0,0.0,0,1,1,45,45,0
52,2,0.0,1.0,40.0,50,1,3,1,9,1,7,17,0,40,0.0,0,3,1,120,101,0
29,0,0.0,0.0,0.0,50,10,4,0,8,2,6,2,6,0,0.0,0,5,3,90,69,0
359,0,0.0,0.0,0.0,15,4,15,0,126,1,44,125,62,0,0.0,0,18,6,1002,556,1
66,0,0.0,0.0,0.0,10,10,4,0,18,4,5,0,135,0,0.0,0,4,1,129,114,0
16,0,0.0,0.0,0.0,10,3,5,0,14,1,18,0,91,0,0.0,0,6,4,275,99,1
388,0,0.0,0.0,0.0,18,3,5,0,105,2,23,82,116,0,0.0,0,7,2,730,565,1
66,0,0.0,0.0,0.0,10,10,4,0,18,3,6,0,135,0,0.0,0,4,1,134,119,0
12,0,0.0,0.0,0.0,50,5,3,0,1,5,4,3,0,0,0.0,0,4,2,59,45,0
7,0,0.0,0.0,0.0,10,9,5,0,4,1,2,2,1,0,0.0,0,5,1,55,42,0
4,0,0.0,0.0,0.0,10,9,5,0,1,1,2,2,0,0,0.0,0,5,1,41,26,0
84,0,0.0,0.0,0.0,9,3,8,0,26,1,14,32,0,0,0.0,0,9,4,354,197,1
32,0,0.0,0.0,0.0,50,8,5,0,9,2,7,4,28,0,0.0,0,5,3,92,58,0
19,0,0.0,0.0,0.0,50,9,8,0,17,1,7,0,136,0,0.0,0,8,4,81,52,1
21,0,0.0,0.0,0.0,11,3,5,0,3,1,12,13,0,0,0.0,0,6,4,108,84,0
10,0,0.0,0.0,0.0,10,6,2,0,2,2,7,0,0,0,0.0,0,3,2,46,40,0
115,0,0.0,0.0,0.0,50,10,6,0,58,2,7,39,66,0,0.0,0,6,5,650,216,0
109,0,0.0,0.0,0.0,11,6,5,0,27,2,30,61,15,0,0.0,0,5,4,397,292,0
29,0,0.0,0.0,0.0,22,22,1,0,6,2,7,4,11,0,0.0,0,1,1,75,75,0
123,11,-1.0,5.0,3.0,50,0,10,0,27,5,26,20,3,3,0.0,0,12,6,318,198,0
63,0,0.0,0.0,0.0,10,10,1,0,17,2,4,1,91,0,0.0,0,1,1,112,112,0
72,0,0.0,0.0,0.0,50,1,8,0,16,2,38,13,73,0,0.0,0,10,5,282,96,0
145,12,0.0,6.0,3.0,50,0,11,0,11,4,27,38,1,3,0.0,0,15,6,411,209,1
106,19,7.0,13.0,40.0,50,1,3,1,17,1,24,51,0,40,0.0,0,4,1,378,258,1
116,24,12.0,18.0,40.0,50,1,9,1,31,1,12,51,4,40,0.0,0,10,4,365,182,0
3,0,0.0,0.0,0.0,50,10,3,0,0,3,3,0,0,0,0.0,0,3,2,33,31,0
64,0,0.0,0.0,0.0,20,10,3,0,23,2,9,16,33,0,0.0,0,4,2,148,135,0
13,0,0.0,0.0,0.0,23,23,1,0,0,1,0,1,0,0,0.0,0,1,1,46,46,0
143,3,-1.0,1.0,15.0,50,0,12,1,34,1,24,58,58,15,0.0,0,21,6,423,224,0
248,0,0.0,0.0,0.0,15,9,3,0,36,2,26,67,14,0,0.0,0,4,3,432,370,1
66,0,0.0,0.0,0.0,50,10,4,0,20,3,14,8,40,0,0.0,0,5,3,181,129,0
72,0,0.0,0.0,0.0,50,2,6,0,4,5,13,6,0,0,0.0,0,8,4,242,119,1
98,0,0.0,0.0,0.0,50,10,4,0,31,2,16,9,230,0,0.0,0,6,3,236,207,0
17,0,0.0,0.0,0.0,10,10,2,0,4,2,4,3,0,0,0.0,0,2,2,49,46,0
27,0,0.0,0.0,0.0,50,10,3,0,7,4,9,2,6,0,0.0,0,4,3,82,69,0
16,0,0.0,0.0,0.0,50,50,1,0,2,4,5,4,0,0,0.0,0,1,1,51,51,0
115,0,0.0,0.0,0.0,23,8,5,0,28,1,18,54,0,0,0.0,0,5,2,277,239,0
142,0,0.0,0.0,0.0,50,6,14,0,27,1,34,45,0,0,0.0,0,16,4,823,247,1
59,0,0.0,0.0,0.0,50,6,8,0,2,4,16,7,0,0,0.0,0,8,4,167,116,0
97,2,0.0,1.0,4.0,50,0,11,1,23,2,16,39,15,4,0.0,0,12,5,295,170,0
29,0,0.0,0.0,0.0,50,10,5,0,8,3,6,2,6,0,0.0,0,7,4,96,66,0
89,0,0.0,0.0,0.0,50,9,4,0,20,2,12,18,4,0,0.0,0,4,3,232,183,0
295,385,41.0,213.0,40.0,50,1,15,1,31,4,33,52,0,40,0.0,0,19,5,1292,436,0
255,0,0.0,0.0,0.0,50,3,8,0,38,2,11,8,17,0,0.0,0,8,2,612,254,0
37,0,0.0,0.0,0.0,50,7,6,0,16,2,5,7,11,0,0.0,0,7,4,342,150,0
98,0,0.0,0.0,0.0,10,9,4,0,33,2,10,5,234,0,0.0,0,4,2,205,169,0
170,0,0.0,0.0,0.0,50,4,8,0,18,2,23,37,1,0,0.0,0,11,4,535,174,0
113,0,0.0,0.0,0.0,50,10,3,0,37,3,15,16,226,0,0.0,0,6,4,309,196,0
50,0,0.0,0.0,0.0,20,10,5,0,19,3,8,11,14,0,0.0,0,6,2,131,118,0
69,0,0.0,0.0,0.0,50,2,13,0,16,2,11,18,21,0,0.0,0,14,4,518,181,1
232,2,0.0,1.0,14.0,50,0,10,0,40,2,33,63,0,14,0.0,0,16,4,791,434,1
44,0,0.0,0.0,0.0,50,10,6,0,10,2,7,12,1,0,0.0,0,7,5,121,86,1
63,0,0.0,0.0,0.0,50,6,6,0,11,2,18,22,0,0,0.0,0,9,4,306,144,0
122,0,0.0,0.0,0.0,50,3,13,0,6,5,25,15,1,0,0.0,0,16,6,514,235,0
66,0,0.0,0.0,0.0,50,6,8,0,18,2,9,20,6,0,0.0,0,8,5,216,109,1
14,0,0.0,0.0,0.0,10,10,2,0,3,1,2,2,1,0,0.0,0,2,1,58,49,0
93,0,0.0,0.0,0.0,50,9,5,0,24,2,15,27,4,0,0.0,0,7,4,620,188,1
107,0,0.0,0.0,0.0,50,5,7,0,29,2,15,16,191,0,0.0,0,8,3,314,231,0
15,0,0.0,0.0,0.0,50,9,6,0,13,1,4,0,78,0,0.0,0,6,4,63,56,1
98,68,24.0,46.0,40.0,50,1,6,1,30,2,12,14,222,40,0.0,0,6,3,307,188,0
7,0,0.0,0.0,0.0,10,8,7,0,0,1,0,0,0,0,0.0,0,7,2,72,34,0
4,0,0.0,0.0,0.0,10,8,4,0,1,1,2,2,0,0,0.0,0,4,2,44,31,0
92,0,0.0,0.0,0.0,50,3,10,0,3,6,17,7,3,0,0.0,0,12,6,334,179,1
14,0,0.0,0.0,0.0,20,20,1,0,2,1,9,4,1,0,0.0,0,1,1,61,61,0
44,0,0.0,0.0,0.0,50,50,1,0,6,2,8,22,1,0,0.0,0,1,1,100,100,0
107,0,0.0,0.0,0.0,10,9,5,0,29,4,9,10,262,0,0.0,0,5,2,213,181,0
194,59,-25.0,17.0,40.0,50,1,18,1,33,2,34,70,0,40,0.0,0,19,6,859,438,0
38,0,0.0,0.0,0.0,50,10,4,0,5,5,7,12,3,0,0.0,0,4,4,303,190,0
33,0,0.0,0.0,0.0,15,2,5,0,3,4,9,1,1,0,0.0,0,6,4,127,101,0
120,0,0.0,0.0,0.0,50,5,6,0,22,3,9,22,20,0,0.0,0,6,4,227,214,0
38,0,0.0,0.0,0.0,50,6,10,0,1,4,14,5,0,0,0.0,0,11,4,175,102,0
34,0,0.0,0.0,0.0,50,10,2,0,13,2,5,2,20,0,0.0,0,3,2,103,93,0
57,0,0.0,0.0,0.0,50,9,5,0,4,2,17,12,0,0,0.0,0,5,4,160,107,0
228,7,-3.0,2.0,3.0,11,0,7,0,61,1,28,79,15,3,0.0,0,9,4,524,451,0
65,11,-9.0,1.0,40.0,6,1,4,1,13,1,14,28,15,40,0.0,0,4,1,190,142,1
78,12,6.0,9.0,15.0,50,0,12,1,18,1,16,25,31,15,0.0,0,15,5,368,157,0
55,0,0.0,0.0,0.0,10,6,3,0,16,2,5,15,8,0,0.0,0,3,2,107,101,0
59,0,0.0,0.0,0.0,10,10,2,0,15,2,10,11,10,0,0.0,0,2,1,143,78,0
110,0,0.0,0.0,0.0,50,5,6,0,12,6,10,14,4,0,0.0,0,8,5,494,322,0
24,0,0.0,0.0,0.0,50,10,2,0,6,2,7,0,9,0,0.0,0,2,2,74,69,0
278,0,0.0,0.0,0.0,50,2,10,0,4,6,32,18,1,0,0.0,0,12,5,738,493,0
51,46,10.0,28.0,40.0,10,1,2,1,14,2,6,2,69,40,0.0,0,2,2,143,97,0
52,0,0.0,0.0,0.0,10,10,3,0,17,2,6,0,21,0,0.0,0,3,2,119,84,0
64,0,0.0,0.0,0.0,17,17,0,0,11,1,8,15,0,0,0.0,0,1,1,127,127,0
66,0,0.0,0.0,0.0,50,50,1,0,14,1,4,13,0,0,0.0,0,1,1,112,112,0
87,0,0.0,0.0,0.0,50,2,15,0,11,4,20,19,0,0,0.0,0,18,6,368,121,0
54,0,0.0,0.0,0.0,23,23,1,0,12,2,12,26,0,0,0.0,0,1,1,109,109,0
47,0,0.0,0.0,0.0,50,10,3,0,11,2,3,23,0,0,0.0,0,3,2,100,92,1
126,0,0.0,0.0,0.0,50,8,19,0,25,1,28,62,7,0,0.0,0,20,6,477,270,1
63,0,0.0,0.0,0.0,50,10,5,0,19,1,8,24,36,0,0.0,0,7,3,144,91,0
134,0,0.0,0.0,0.0,22,6,6,0,2,2,19,8,1,0,0.0,0,7,3,404,185,0
3,0,0.0,0.0,0.0,50,10,3,0,0,3,3,0,0,0,0.0,0,3,2,33,31,0
13,0,0.0,0.0,0.0,50,10,2,0,2,3,4,2,0,0,0.0,0,2,2,47,46,0
79,0,0.0,0.0,0.0,50,6,7,0,3,2,13,5,0,0,0.0,0,7,3,247,149,0
17,0,0.0,0.0,0.0,50,6,2,0,4,5,9,6,1,0,0.0,0,4,3,72,62,0
50,0,0.0,0.0,0.0,50,9,3,0,13,1,3,1,66,0,0.0,0,4,3,122,113,0
3,0,0.0,0.0,0.0,10,8,2,0,0,2,1,0,0,0,0.0,0,3,2,33,29,0
60,0,0.0,0.0,0.0,10,10,1,0,19,2,7,12,6,0,0.0,0,1,1,116,116,1
4,0,0.0,0.0,0.0,10,9,3,0,1,1,2,2,0,0,0.0,0,3,1,36,27,0
149,0,0.0,0.0,0.0,50,2,11,0,27,2,25,37,8,0,0.0,0,15,5,436,221,0
78,0,0.0,0.0,0.0,11,10,3,0,32,1,3,0,496,0,0.0,0,4,3,593,171,0
88,0,0.0,0.0,0.0,50,6,3,0,29,1,15,17,3,0,0.0,0,6,3,337,138,1
106,0,0.0,0.0,0.0,50,2,5,0,21,2,21,31,39,0,0.0,0,5,3,275,214,0
45,0,0.0,0.0,0.0,50,10,2,0,11,2,7,19,1,0,0.0,0,2,2,93,90,1
18,0,0.0,0.0,0.0,10,9,3,0,5,3,5,1,4,0,0.0,0,3,1,57,49,0
17,0,0.0,0.0,0.0,10,10,2,0,4,2,4,0,2,0,0.0,0,2,1,52,47,0
46,0,0.0,0.0,0.0,20,4,3,0,12,2,11,7,26,0,0.0,0,6,2,124,102,0
7,0,0.0,0.0,0.0,10,8,6,0,5,1,10,0,10,0,0.0,0,7,3,208,81,0
131,0,0.0,0.0,0.0,50,3,12,0,3,2,23,14,0,0,0.0,0,15,6,538,224,0
338,0,0.0,0.0,0.0,50,2,26,0,65,1,39,109,153,0,0.0,0,32,5,1773,643,1
41,0,0.0,0.0,0.0,11,10,3,0,11,2,13,27,1,0,0.0,0,3,2,119,112,1
32,0,0.0,0.0,0.0,50,9,3,0,7,2,6,11,1,0,0.0,0,3,2,84,75,1
438,0,0.0,0.0,0.0,50,6,14,0,152,1,39,123,35,0,0.0,0,16,5,1576,755,0
10,0,0.0,0.0,0.0,10,10,1,0,2,1,1,0,0,0,0.0,0,1,1,35,35,0
92,0,0.0,0.0,0.0,23,8,4,0,11,1,17,46,0,0,0.0,0,5,2,249,209,0
213,0,0.0,0.0,0.0,15,4,5,0,86,1,11,69,55,0,0.0,0,6,4,509,346,0
135,0,0.0,0.0,0.0,50,6,9,0,1,2,13,5,0,0,0.0,0,11,4,471,185,0
25,0,0.0,0.0,0.0,7,7,1,0,6,1,0,0,1,0,0.0,0,1,1,69,69,0
208,0,0.0,0.0,0.0,15,4,7,0,25,4,23,33,2,0,0.0,0,7,3,427,365,0
78,0,0.0,0.0,0.0,3,3,2,0,11,4,18,17,1,0,0.0,0,2,1,168,156,0
33,0,0.0,0.0,0.0,22,10,5,0,4,4,13,5,1,0,0.0,0,5,3,106,84,0
242,0,0.0,0.0,0.0,50,10,4,0,85,3,37,54,905,0,0.0,0,6,3,625,416,0
49,0,0.0,0.0,0.0,10,10,4,0,16,3,3,1,54,0,0.0,0,4,1,109,94,0
82,0,0.0,0.0,0.0,10,3,8,0,26,2,11,10,325,0,0.0,0,8,4,313,185,0
23,0,0.0,0.0,0.0,50,10,3,0,6,3,6,2,2,0,0.0,0,4,3,78,59,0
145,0,0.0,0.0,0.0,50,6,10,0,11,3,18,21,0,0,0.0,0,11,5,404,309,0
4,0,0.0,0.0,0.0,10,9,3,0,1,1,2,2,0,0,0.0,0,3,1,34,28,0
91,0,0.0,0.0,0.0,50,10,3,0,42,2,10,25,300,0,0.0,0,5,1,213,168,0
46,0,0.0,0.0,0.0,50,6,4,0,11,1,13,13,0,0,0.0,0,4,2,127,89,0
69,0,0.0,0.0,0.0,10,6,8,0,16,1,11,23,1,0,0.0,0,8,3,503,131,0
52,0,0.0,0.0,0.0,10,9,3,0,16,3,6,1,75,0,0.0,0,3,2,112,103,0
46,0,0.0,0.0,0.0,50,2,4,0,6,4,8,9,4,0,0.0,0,5,4,106,87,0
15,0,0.0,0.0,0.0,10,9,5,0,13,1,11,0,78,0,0.0,0,5,2,161,83,1
17,0,0.0,0.0,0.0,50,10,2,0,4,2,6,0,2,0,0.0,0,2,2,56,55,0
48,0,0.0,0.0,0.0,10,9,6,0,16,2,11,3,46,0,0.0,0,6,3,164,102,0
53,0,0.0,0.0,0.0,10,3,6,0,16,2,11,11,78,0,0.0,0,6,3,179,118,0
41,0,0.0,0.0,0.0,50,10,2,0,15,1,15,7,0,0,0.0,0,2,2,126,110,0
25,0,0.0,0.0,0.0,10,6,4,0,7,1,2,3,2,0,0.0,0,4,2,116,99,0
219,6,0.0,3.0,15.0,50,0,16,1,55,1,25,106,70,15,0.0,0,17,4,1014,315,1
87,0,0.0,0.0,0.0,50,4,17,0,15,4,24,11,9,0,0.0,0,19,5,355,216,0
31,0,0.0,0.0,0.0,50,10,2,0,5,1,1,10,8,0,0.0,0,2,2,76,75,0
40,0,0.0,0.0,0.0,50,4,3,0,21,2,13,15,1,0,0.0,0,4,3,151,115,1
26,0,0.0,0.0,0.0,50,10,4,0,7,3,6,3,6,0,0.0,0,6,4,90,66,0
11,0,0.0,0.0,0.0,10,9,4,0,3,1,2,2,1,0,0.0,0,4,2,51,40,0
109,0,0.0,0.0,0.0,10,9,5,0,30,3,8,17,98,0,0.0,0,5,3,225,171,0
46,0,0.0,0.0,0.0,10,9,5,0,14,2,10,13,91,0,0.0,0,5,1,135,103,0
176,27,-3.0,12.0,15.0,50,0,11,1,50,2,23,7,894,15,0.0,0,12,3,614,356,0
32,0,0.0,0.0,0.0,10,9,3,0,10,2,5,5,0,0,0.0,0,3,2,88,76,0
54,0,0.0,0.0,0.0,50,2,10,0,22,1,17,23,0,0,0.0,0,11,5,189,123,0
146,0,0.0,0.0,0.0,10,9,2,0,46,2,11,10,102,0,0.0,0,2,1,250,242,0
49,0,0.0,0.0,0.0,22,2,9,0,10,2,22,10,1,0,0.0,0,11,5,214,104,1
120,0,0.0,0.0,0.0,50,3,18,0,26,2,14,38,78,0,0.0,0,18,4,415,180,0
3,0,0.0,0.0,0.0,10,10,1,0,1,1,1,0,0,0,0.0,0,1,1,32,32,0
84,0,0.0,0.0,0.0,15,10,1,0,20,1,5,9,100,0,0.0,0,2,2,158,154,0
24,0,0.0,0.0,0.0,10,9,3,0,6,2,8,0,9,0,0.0,0,3,1,67,53,0
102,0,0.0,0.0,0.0,10,2,8,0,36,2,23,20,120,0,0.0,0,9,4,379,200,0
16,0,0.0,0.0,0.0,10,10,1,0,4,2,1,0,0,0,0.0,0,1,1,49,49,1
19,0,0.0,0.0,0.0,50,9,3,0,2,6,10,8,0,0,0.0,0,6,4,71,59,0
68,0,0.0,0.0,0.0,10,6,2,0,18,1,12,19,39,0,0.0,0,2,2,196,180,0
36,0,0.0,0.0,0.0,10,10,2,0,10,1,3,1,0,0,0.0,0,2,1,68,65,0
85,0,0.0,0.0,0.0,10,10,2,0,24,3,5,0,170,0,0.0,0,2,1,189,176,0
148,0,0.0,0.0,0.0,15,2,9,0,16,3,17,17,4,0,0.0,0,10,3,365,203,0
42,0,0.0,0.0,0.0,15,4,3,0,11,2,7,13,0,0,0.0,0,3,2,116,93,0
208,0,0.0,0.0,0.0,50,6,12,0,15,4,26,16,1,0,0.0,0,14,5,548,348,0
401,0,0.0,0.0,0.0,50,3,17,0,10,7,35,24,1,0,0.0,0,20,7,1327,576,0
191,0,0.0,0.0,0.0,50,5,6,0,44,2,20,59,11,0,0.0,0,6,2,399,310,1
26,0,0.0,0.0,0.0,50,2,5,0,6,3,9,5,9,0,0.0,0,5,3,85,67,0
14,0,0.0,0.0,0.0,50,3,7,0,2,1,1,0,1,0,0.0,0,7,3,92,43,0
6,0,0.0,0.0,0.0,10,9,4,0,4,1,7,0,6,0,0.0,0,4,1,124,62,0
73,0,0.0,0.0,0.0,50,5,6,0,2,5,13,8,0,0,0.0,0,7,5,221,119,0
110,3,1.0,2.0,15.0,15,0,5,1,25,1,5,32,8,15,0.0,0,5,3,216,130,0
247,376,376.0,376.0,14.0,0,0,0,0,57,2,8,73,8,14,0.0,0,1,1,376,376,0
73,0,0.0,0.0,0.0,14,10,2,0,7,1,9,25,1,0,0.0,0,2,2,138,126,0
84,0,0.0,0.0,0.0,50,4,9,0,3,4,14,5,0,0,0.0,0,10,5,307,114,0
118,0,0.0,0.0,0.0,10,5,10,0,36,1,25,31,30,0,0.0,0,11,4,660,281,0
27,0,0.0,0.0,0.0,52,37,2,0,10,2,7,6,0,0,0.0,0,2,1,98,86,0
17,0,0.0,0.0,0.0,52,52,1,0,4,2,1,0,2,0,0.0,0,1,1,46,46,0
65,0,0.0,0.0,0.0,52,7,7,0,4,3,18,7,0,0,0.0,0,10,3,227,165,1
58,0,0.0,0.0,0.0,52,25,3,0,18,1,10,17,0,0,0.0,0,4,3,192,123,0
108,0,0.0,0.0,0.0,52,12,3,0,20,2,31,30,0,0,0.0,0,3,2,319,244,0
107,0,0.0,0.0,0.0,52,37,3,0,22,1,9,34,31,0,0.0,0,3,2,338,200,0
23,0,0.0,0.0,0.0,52,50,2,0,6,3,6,2,2,0,0.0,0,2,2,69,59,0
228,0,0.0,0.0,0.0,52,52,1,0,43,2,35,44,0,0,0.0,0,1,1,461,461,1
2,0,0.0,0.0,0.0,52,52,1,0,0,3,3,0,0,0,0.0,0,1,1,28,28,0
58,0,0.0,0.0,0.0,52,11,3,0,25,2,14,31,0,0,0.0,0,3,1,148,135,0
335,0,0.0,0.0,0.0,52,11,7,0,105,3,31,71,1259,0,0.0,0,8,3,696,544,1
12,0,0.0,0.0,0.0,52,52,1,0,3,3,7,0,1,0,0.0,0,1,1,50,50,0
149,0,0.0,0.0,0.0,52,8,2,0,1,2,24,15,0,0,0.0,0,4,3,363,282,0
77,0,0.0,0.0,0.0,52,52,1,0,22,2,2,2,170,0,0.0,0,1,1,133,133,0
85,0,0.0,0.0,0.0,52,52,1,0,24,3,2,0,170,0,0.0,0,1,1,175,175,0
60,0,0.0,0.0,0.0,52,50,2,0,19,1,2,6,57,0,0.0,0,2,2,152,110,0
401,0,0.0,0.0,0.0,52,8,4,0,3,6,36,19,0,0,0.0,0,5,3,811,711,0
79,0,0.0,0.0,0.0,52,52,1,0,27,2,10,17,47,0,0.0,0,1,1,145,145,0
9,0,0.0,0.0,0.0,52,43,2,0,1,2,5,2,0,0,0.0,0,2,2,47,45,0
21,0,0.0,0.0,0.0,52,52,1,0,7,2,8,2,6,0,0.0,0,1,1,65,65,0
80,0,0.0,0.0,0.0,52,11,4,0,19,2,12,14,105,0,0.0,0,5,2,222,189,0
54,0,0.0,0.0,0.0,52,52,1,0,9,2,15,15,0,0,0.0,0,1,1,144,144,0
17,0,0.0,0.0,0.0,52,52,1,0,4,2,4,0,2,0,0.0,0,1,1,52,52,0
43,0,0.0,0.0,0.0,52,49,1,0,5,4,6,7,3,0,0.0,0,2,2,96,94,0
417,0,0.0,0.0,0.0,52,9,7,0,86,2,36,114,188,0,0.0,0,7,2,813,650,1
275,0,0.0,0.0,0.0,52,8,2,0,3,5,24,15,0,0,0.0,0,3,2,545,506,1
130,0,0.0,0.0,0.0,52,32,1,0,37,4,6,18,344,0,0.0,0,2,2,215,213,0
268,0,0.0,0.0,0.0,52,8,2,0,3,6,25,14,0,0,0.0,0,3,1,519,483,0
26,0,0.0,0.0,0.0,52,52,1,0,7,1,1,0,15,0,0.0,0,1,1,59,59,0
34,0,0.0,0.0,0.0,52,52,1,0,12,1,10,9,0,0,0.0,0,1,1,92,92,1
3,0,0.0,0.0,0.0,52,52,1,0,0,3,3,0,0,0,0.0,0,1,1,31,31,0
33,0,0.0,0.0,0.0,52,52,1,0,13,1,1,2,2,0,0.0,0,1,1,72,72,0
130,0,0.0,0.0,0.0,52,9,4,0,4,2,18,14,1,0,0.0,0,4,3,323,263,0
106,0,0.0,0.0,0.0,52,8,3,0,12,2,24,22,24,0,0.0,0,5,2,249,221,0
25,0,0.0,0.0,0.0,52,52,1,0,7,1,1,3,2,0,0.0,0,1,1,99,99,0
142,0,0.0,0.0,0.0,52,8,2,0,1,3,16,8,0,0,0.0,0,3,1,283,211,0
128,0,0.0,0.0,0.0,52,50,1,0,36,2,2,6,402,0,0.0,0,2,2,271,211,0
52,0,0.0,0.0,0.0,52,32,1,0,14,2,12,6,43,0,0.0,0,2,2,116,114,0
117,0,0.0,0.0,0.0,52,8,3,0,1,2,22,12,0,0,0.0,0,5,4,314,234,0
127,0,0.0,0.0,0.0,52,25,2,0,30,2,17,45,1,0,0.0,0,2,1,257,232,1
13,0,0.0,0.0,0.0,52,24,2,0,3,1,6,3,1,0,0.0,0,2,1,200,119,0
89,0,0.0,0.0,0.0,52,14,2,0,1,3,17,12,0,0,0.0,0,2,2,198,194,0
14,0,0.0,0.0,0.0,9,9,1,0,3,5,7,3,3,0,0.0,0,1,1,48,48,0
10,0,0.0,0.0,0.0,52,52,1,0,3,3,2,0,1,0,0.0,0,1,1,40,40,0
10,0,0.0,0.0,0.0,52,52,1,0,3,3,2,0,1,0,0.0,0,1,1,40,40,0
95,0,0.0,0.0,0.0,52,50,1,0,15,2,20,33,0,0,0.0,0,2,2,229,223,0
23,0,0.0,0.0,0.0,52,50,2,0,6,3,6,2,2,0,0.0,0,2,2,69,59,0
255,0,0.0,0.0,0.0,52,9,10,0,80,1,34,79,43,0,0.0,0,13,4,786,404,1
135,0,0.0,0.0,0.0,52,8,2,0,1,2,24,15,0,0,0.0,0,4,3,340,262,0
8,0,0.0,0.0,0.0,52,52,1,0,2,3,0,0,1,0,0.0,0,1,1,31,31,0
3,0,0.0,0.0,0.0,52,52,1,0,0,3,4,0,0,0,0.0,0,1,1,32,32,0
17,0,0.0,0.0,0.0,52,52,1,0,4,3,4,0,2,0,0.0,0,1,1,51,51,0
55,0,0.0,0.0,0.0,52,52,1,0,7,5,7,10,6,0,0.0,0,1,1,111,111,0
110,0,0.0,0.0,0.0,52,50,2,0,26,2,14,33,89,0,0.0,0,2,1,256,186,1
62,0,0.0,0.0,0.0,52,11,2,0,17,1,2,24,21,0,0.0,0,3,2,143,135,0
59,0,0.0,0.0,0.0,52,52,1,0,18,1,5,7,48,0,0.0,0,1,1,131,131,0
75,0,0.0,0.0,0.0,52,20,4,0,24,2,10,16,105,0,0.0,0,5,3,232,157,1
101,0,0.0,0.0,0.0,52,38,2,0,5,3,22,26,1,0,0.0,0,2,2,253,219,0
35,0,0.0,0.0,0.0,52,3,3,0,1,1,0,0,0,0,0.0,0,3,1,111,96,0
27,0,0.0,0.0,0.0,52,50,2,0,7,4,9,2,6,0,0.0,0,2,2,78,69,0
52,0,0.0,0.0,0.0,52,52,1,0,9,2,15,15,0,0,0.0,0,1,1,144,144,0
20,0,0.0,0.0,0.0,52,50,2,0,7,1,3,7,3,0,0.0,0,2,2,85,54,0
49,0,0.0,0.0,0.0,52,52,1,0,15,2,5,15,8,0,0.0,0,1,1,96,96,0
66,0,0.0,0.0,0.0,52,37,4,0,18,3,12,6,100,0,0.0,0,4,2,144,122,0
89,0,0.0,0.0,0.0,52,52,1,0,27,2,4,3,260,0,0.0,0,1,1,153,153,0
99,0,0.0,0.0,0.0,52,52,1,0,33,1,11,30,0,0,0.0,0,1,1,213,213,0
138,0,0.0,0.0,0.0,52,52,1,0,37,2,5,2,586,0,0.0,0,1,1,235,235,0
10,0,0.0,0.0,0.0,52,52,1,0,3,3,2,0,1,0,0.0,0,1,1,40,40,0
30,0,0.0,0.0,0.0,52,52,1,0,1,1,0,0,0,0,0.0,0,1,1,244,244,0
56,0,0.0,0.0,0.0,52,8,2,0,4,4,15,7,1,0,0.0,0,3,2,138,119,0
63,0,0.0,0.0,0.0,52,46,2,0,17,2,2,1,91,0,0.0,0,2,2,107,97,0
53,0,0.0,0.0,0.0,52,8,1,0,4,4,15,7,1,0,0.0,0,2,1,132,114,0
3,0,0.0,0.0,0.0,52,52,1,0,0,3,3,0,0,0,0.0,0,1,1,31,31,0
46,0,0.0,0.0,0.0,52,31,2,0,2,5,14,9,0,0,0.0,0,2,1,116,112,0
124,0,0.0,0.0,0.0,52,32,1,0,36,1,12,17,192,0,0.0,0,2,2,209,205,1
89,0,0.0,0.0,0.0,52,14,2,0,1,3,16,9,0,0,0.0,0,2,2,201,195,0
237,0,0.0,0.0,0.0,52,13,4,0,56,2,27,76,55,0,0.0,0,6,3,489,411,0
10,0,0.0,0.0,0.0,52,52,1,0,2,3,0,0,0,0,0.0,0,1,1,33,33,0
3,0,0.0,0.0,0.0,52,52,1,0,0,1,2,1,0,0,0.0,0,1,1,31,31,1
82,0,0.0,0.0,0.0,52,32,3,0,23,2,12,11,120,0,0.0,0,4,3,255,178,1
98,0,0.0,0.0,0.0,52,37,2,0,33,2,3,5,244,0,0.0,0,2,2,169,141,0
108,0,0.0,0.0,0.0,52,52,1,0,22,2,23,18,0,0,0.0,0,1,1,264,264,0
25,0,0.0,0.0,0.0,52,52,1,0,6,2,10,2,11,0,0.0,0,1,1,75,75,0
57,0,0.0,0.0,0.0,52,32,1,0,16,2,15,5,72,0,0.0,0,2,2,134,132,0
37,0,0.0,0.0,0.0,52,11,3,0,13,1,10,11,58,0,0.0,0,3,1,124,110,0
396,0,0.0,0.0,0.0,52,12,7,0,99,1,31,72,0,0,0.0,0,8,3,964,566,0
34,0,0.0,0.0,0.0,52,4,2,0,6,4,9,12,10,0,0.0,0,3,3,92,79,0
83,0,0.0,0.0,0.0,52,7,2,0,1,2,14,4,0,0,0.0,0,4,2,217,176,0
36,0,0.0,0.0,0.0,52,52,1,0,10,1,2,1,0,0,0.0,0,1,1,65,65,0
11,0,0.0,0.0,0.0,52,52,1,0,4,1,0,1,0,0,0.0,0,1,1,69,69,1
128,0,0.0,0.0,0.0,52,3,3,0,30,2,7,12,153,0,0.0,0,3,2,380,300,0
122,0,0.0,0.0,0.0,52,32,2,0,30,1,2,13,0,0,0.0,0,3,2,306,282,0
70,0,0.0,0.0,0.0,52,38,3,0,16,2,32,19,15,0,0.0,0,3,2,214,175,0
288,0,0.0,0.0,0.0,52,52,1,0,76,1,28,1,0,0,0.0,0,1,1,401,401,1
38,0,0.0,0.0,0.0,52,52,1,0,8,2,9,10,1,0,0.0,0,1,1,79,79,1
64,0,0.0,0.0,0.0,9,9,2,0,16,1,4,21,0,0,0.0,0,2,1,172,159,0
42,0,0.0,0.0,0.0,52,4,3,0,4,2,12,15,0,0,0.0,0,3,2,127,107,0
79,0,0.0,0.0,0.0,52,52,1,0,20,1,3,25,5,0,0.0,0,1,1,178,178,0
306,33,-3.0,15.0,3.0,52,0,3,1,64,2,30,85,114,3,0.0,0,5,3,593,532,1
37,0,0.0,0.0,0.0,52,52,1,0,14,2,2,3,8,0,0.0,0,1,1,111,111,0
32,0,0.0,0.0,0.0,52,52,1,0,10,2,6,8,28,0,0.0,0,1,1,104,104,0
3,0,0.0,0.0,0.0,52,52,1,0,0,3,2,0,0,0,0.0,0,1,1,29,29,0
2,0,0.0,0.0,0.0,52,52,1,0,0,3,3,0,0,0,0.0,0,1,1,28,28,0
26,0,0.0,0.0,0.0,12,12,1,0,5,2,4,6,6,0,0.0,0,1,1,101,101,0
32,0,0.0,0.0,0.0,52,52,1,0,9,2,5,2,32,0,0.0,0,1,1,72,72,0
94,0,0.0,0.0,0.0,52,49,1,0,6,3,7,5,2,0,0.0,0,2,2,168,165,0
76,0,0.0,0.0,0.0,52,52,2,0,22,2,2,1,186,0,0.0,0,2,2,134,124,0
65,0,0.0,0.0,0.0,52,2,3,0,19,4,13,6,137,0,0.0,0,3,2,157,152,0
243,0,0.0,0.0,0.0,39,39,1,0,67,2,15,57,0,0,0.0,0,1,1,318,318,0
29,0,0.0,0.0,0.0,52,52,1,0,8,2,16,7,0,0,0.0,0,1,1,83,83,0
23,0,0.0,0.0,0.0,52,52,1,0,8,2,1,0,3,0,0.0,0,1,1,57,57,0
42,0,0.0,0.0,0.0,52,52,1,0,14,2,1,1,35,0,0.0,0,1,1,85,85,0
3,0,0.0,0.0,0.0,52,52,1,0,0,3,4,0,0,0,0.0,0,1,1,32,32,0
23,0,0.0,0.0,0.0,52,46,2,0,7,2,7,11,1,0,0.0,0,2,2,72,61,1
34,0,0.0,0.0,0.0,52,9,3,0,7,4,15,10,0,0,0.0,0,3,1,106,90,0
27,0,0.0,0.0,0.0,52,49,1,0,2,4,7,5,0,0,0.0,0,2,2,79,67,0
33,0,0.0,0.0,0.0,52,50,2,0,8,2,8,10,1,0,0.0,0,3,3,77,71,1
14,0,0.0,0.0,0.0,52,52,1,0,12,1,5,0,66,0,0.0,0,1,1,53,53,1
137,0,0.0,0.0,0.0,52,3,5,0,8,3,28,27,0,0,0.0,0,6,3,336,271,0
38,0,0.0,0.0,0.0,52,52,1,0,13,2,4,0,17,0,0.0,0,1,1,84,84,0
403,0,0.0,0.0,0.0,52,9,17,0,111,1,42,143,139,0,0.0,0,21,4,1601,818,1
44,0,0.0,0.0,0.0,52,52,1,0,10,2,4,19,0,0,0.0,0,1,1,78,78,0
81,0,0.0,0.0,0.0,52,20,2,0,34,1,14,30,10,0,0.0,0,2,2,186,184,0
103,0,0.0,0.0,0.0,52,52,1,0,32,4,3,11,287,0,0.0,0,1,1,177,177,1
51,0,0.0,0.0,0.0,52,52,1,0,14,2,2,0,77,0,0.0,0,1,1,115,115,0
8,0,0.0,0.0,0.0,52,52,1,0,2,2,5,1,1,0,0.0,0,1,1,42,42,0
437,0,0.0,0.0,0.0,52,8,2,0,5,6,27,17,4,0,0.0,0,4,2,887,856,0
43,0,0.0,0.0,0.0,52,6,2,0,11,2,7,13,0,0,0.0,0,2,1,102,93,0
105,0,0.0,0.0,0.0,52,37,3,0,23,2,14,26,78,0,0.0,0,3,2,214,164,1
162,0,0.0,0.0,0.0,52,8,2,0,9,3,28,14,1,0,0.0,0,3,2,391,334,0
251,0,0.0,0.0,0.0,52,5,7,0,36,2,25,35,15,0,0.0,0,12,4,708,553,1
42,0,0.0,0.0,0.0,52,37,3,0,7,1,10,19,4,0,0.0,0,3,1,155,142,0
61,0,0.0,0.0,0.0,52,4,4,0,1,6,7,8,0,0,0.0,0,4,3,167,96,0
51,0,0.0,0.0,0.0,52,4,4,0,10,2,14,10,0,0,0.0,0,5,2,243,140,0
191,0,0.0,0.0,0.0,52,8,1,0,19,2,23,32,6,0,0.0,0,3,2,377,357,0
17,0,0.0,0.0,0.0,52,52,1,0,5,3,2,0,4,0,0.0,0,1,1,49,49,0
52,0,0.0,0.0,0.0,52,50,2,0,14,3,12,2,77,0,0.0,0,2,2,143,139,0
84,0,0.0,0.0,0.0,50,49,1,0,5,4,5,3,0,0,0.0,0,2,2,141,140,0
66,0,0.0,0.0,0.0,52,15,3,0,20,3,14,8,40,0,0.0,0,3,2,175,150,0
93,0,0.0,0.0,0.0,52,8,1,0,2,2,12,9,1,0,0.0,0,2,1,214,187,0
52,0,0.0,0.0,0.0,52,37,2,0,17,2,2,3,50,0,0.0,0,2,2,101,72,0
27,3,3.0,3.0,3.0,52,0,3,1,7,4,9,2,6,3,0.0,0,3,2,81,69,0
148,0,0.0,0.0,0.0,52,33,7,0,45,1,27,70,19,0,0.0,0,7,4,357,236,0
69,0,0.0,0.0,0.0,52,50,2,0,20,3,14,9,40,0,0.0,0,2,2,155,132,0
24,0,0.0,0.0,0.0,52,52,1,0,8,3,9,4,11,0,0.0,0,1,1,74,74,0
138,0,0.0,0.0,0.0,52,14,3,0,48,2,13,35,96,0,0.0,0,3,2,255,164,0
122,0,0.0,0.0,0.0,52,52,1,0,32,2,7,32,25,0,0.0,0,1,1,202,202,0
71,0,0.0,0.0,0.0,52,21,2,0,17,4,16,24,8,0,0.0,0,2,1,149,138,0
14,0,0.0,0.0,0.0,52,41,1,0,2,1,9,4,1,0,0.0,0,2,1,69,61,0
24,0,0.0,0.0,0.0,52,52,1,0,4,4,6,7,1,0,0.0,0,1,1,64,64,0
86,0,0.0,0.0,0.0,52,37,3,0,21,1,14,37,11,0,0.0,0,3,2,185,157,0
9,0,0.0,0.0,0.0,52,52,1,0,2,3,0,0,1,0,0.0,0,1,1,32,32,0
4,0,0.0,0.0,0.0,52,43,2,0,0,1,3,1,0,0,0.0,0,2,2,44,39,0
4,0,0.0,0.0,0.0,52,52,1,0,1,1,5,1,0,0,0.0,0,1,1,36,36,0
174,0,0.0,0.0,0.0,52,7,4,0,14,4,26,29,6,0,0.0,0,6,4,389,239,0
155,0,0.0,0.0,0.0,52,3,5,0,7,3,16,8,0,0,0.0,0,6,1,490,304,0
45,0,0.0,0.0,0.0,52,11,2,0,8,1,6,22,0,0,0.0,0,2,2,104,102,0
52,0,0.0,0.0,0.0,52,52,1,0,9,1,7,17,0,0,0.0,0,1,1,101,101,0
31,0,0.0,0.0,0.0,52,52,1,0,8,2,3,0,20,0,0.0,0,1,1,125,125,0
29,0,0.0,0.0,0.0,52,50,2,0,8,3,6,2,6,0,0.0,0,2,2,78,69,0
93,0,0.0,0.0,0.0,52,41,1,0,11,1,17,46,0,0,0.0,0,2,1,227,207,0
4,0,0.0,0.0,0.0,52,50,2,0,0,1,0,0,0,0,0.0,0,2,2,38,28,0
62,0,0.0,0.0,0.0,52,52,1,0,17,1,17,36,1,0,0.0,0,1,1,131,131,0
114,0,0.0,0.0,0.0,52,14,9,0,28,1,15,55,0,0,0.0,0,10,2,442,234,0
10,0,0.0,0.0,0.0,52,52,1,0,2,3,0,0,0,0,0.0,0,1,1,51,51,0
12,0,0.0,0.0,0.0,52,52,1,0,1,4,4,3,0,0,0.0,0,1,1,45,45,0
9,0,0.0,0.0,0.0,52,52,1,0,2,1,0,0,0,0,0.0,0,1,1,37,37,0
54,0,0.0,0.0,0.0,52,49,1,0,12,2,12,24,0,0,0.0,0,2,2,115,109,0
87,0,0.0,0.0,0.0,52,32,1,0,26,1,7,13,120,0,0.0,0,2,2,153,151,0
24,0,0.0,0.0,0.0,52,52,1,0,7,2,4,2,19,0,0.0,0,1,1,58,58,0
14,0,0.0,0.0,0.0,52,50,2,0,12,1,5,0,66,0,0.0,0,2,1,57,52,1
62,0,0.0,0.0,0.0,52,52,1,0,16,2,14,3,94,0,0.0,0,1,1,157,157,0
24,0,0.0,0.0,0.0,52,52,1,0,12,2,6,11,1,0,0.0,0,1,1,75,75,0
3,0,0.0,0.0,0.0,52,52,1,0,1,1,1,0,0,0,0.0,0,1,1,32,32,0
126,0,0.0,0.0,0.0,52,52,1,0,58,2,7,40,66,0,0.0,0,1,1,216,216,0
55,0,0.0,0.0,0.0,52,26,2,0,11,1,18,17,2,0,0.0,0,2,1,139,72,0
118,0,0.0,0.0,0.0,52,7,3,0,31,3,12,17,228,0,0.0,0,3,1,235,215,0
28,0,0.0,0.0,0.0,52,52,1,0,5,1,8,8,0,0,0.0,0,1,1,77,77,0
112,0,0.0,0.0,0.0,52,8,3,0,27,4,26,19,3,0,0.0,0,4,3,261,198,0
69,0,0.0,0.0,0.0,52,25,2,0,27,3,3,2,117,0,0.0,0,2,1,163,143,1
3,0,0.0,0.0,0.0,52,52,1,0,1,1,1,0,0,0,0.0,0,1,1,26,26,0
48,4,0.0,1.0,28.0,52,0,4,1,14,2,6,10,54,55,1.0,0,6,3,145,96,0
11,0,0.0,0.0,0.0,52,52,1,0,2,1,0,0,0,0,0.0,0,1,1,49,49,0
136,0,0.0,0.0,0.0,52,2,4,0,11,3,27,36,1,0,0.0,0,8,4,352,209,0
116,0,0.0,0.0,0.0,52,52,1,0,18,1,23,48,0,0,0.0,0,1,1,258,258,1
88,0,0.0,0.0,0.0,52,46,2,0,22,1,12,42,1,0,0.0,0,2,2,221,182,0
52,0,0.0,0.0,0.0,52,52,1,0,14,3,3,0,77,0,0.0,0,1,1,98,98,0
3,0,0.0,0.0,0.0,52,52,1,0,0,3,3,0,0,0,0.0,0,1,1,31,31,0
138,0,0.0,0.0,0.0,52,2,6,0,34,1,25,58,71,0,0.0,0,9,2,310,224,0
17,0,0.0,0.0,0.0,52,52,1,0,4,2,1,0,2,0,0.0,0,1,1,46,46,0
54,0,0.0,0.0,0.0,52,12,3,0,12,1,14,29,26,0,0.0,0,4,2,227,170,0
13,0,0.0,0.0,0.0,52,52,1,0,3,3,0,1,1,0,0.0,0,1,1,40,40,0
183,0,0.0,0.0,0.0,52,52,1,0,52,3,2,0,1080,0,0.0,0,1,1,353,353,0
66,0,0.0,0.0,0.0,52,50,2,0,20,3,14,8,40,0,0.0,0,2,2,152,129,0
24,0,0.0,0.0,0.0,52,4,3,0,1,3,10,2,0,0,0.0,0,3,3,102,64,0
98,0,0.0,0.0,0.0,52,19,2,0,31,2,17,9,230,0,0.0,0,3,2,222,207,0
35,0,0.0,0.0,0.0,52,52,1,0,14,2,2,0,12,0,0.0,0,1,1,85,85,0
25,0,0.0,0.0,0.0,52,52,1,0,4,1,4,6,0,0,0.0,0,1,1,63,63,0
31,0,0.0,0.0,0.0,52,4,4,0,2,2,16,6,0,0,0.0,0,6,3,154,110,0
27,0,0.0,0.0,0.0,52,50,2,0,7,4,9,2,6,0,0.0,0,2,2,76,69,0
16,0,0.0,0.0,0.0,52,52,1,0,2,4,5,4,0,0,0.0,0,1,1,51,51,0
109,0,0.0,0.0,0.0,52,52,1,0,27,2,20,24,0,0,0.0,0,1,1,247,247,1
49,0,0.0,0.0,0.0,52,8,2,0,2,3,15,6,0,0,0.0,0,3,2,140,116,0
74,0,0.0,0.0,0.0,52,52,1,0,19,2,19,26,28,0,0.0,0,1,1,170,170,0
26,0,0.0,0.0,0.0,52,32,2,0,7,3,6,3,6,0,0.0,0,3,3,77,66,0
89,0,0.0,0.0,0.0,52,52,1,0,20,2,12,18,4,0,0.0,0,1,1,183,183,0
241,0,0.0,0.0,0.0,52,8,5,0,16,3,31,37,2,0,0.0,0,6,3,558,436,0
20,0,0.0,0.0,0.0,52,26,2,0,18,1,6,0,153,0,0.0,0,2,1,226,215,0
160,0,0.0,0.0,0.0,52,8,1,0,25,2,11,6,11,0,0.0,0,2,1,324,254,0
81,0,0.0,0.0,0.0,52,41,3,0,17,2,21,33,16,0,0.0,0,3,2,191,150,0
99,0,0.0,0.0,0.0,52,10,2,0,5,2,12,14,1,0,0.0,0,2,1,186,174,0
128,0,0.0,0.0,0.0,52,14,4,0,33,2,10,11,10,0,0.0,0,4,2,257,181,1
224,0,0.0,0.0,0.0,52,28,3,0,38,2,31,57,0,0,0.0,0,4,2,592,434,1
44,0,0.0,0.0,0.0,52,50,1,0,10,2,7,12,1,0,0.0,0,2,2,90,86,1
52,0,0.0,0.0,0.0,52,49,1,0,9,2,15,16,0,0,0.0,0,2,2,146,144,0
105,0,0.0,0.0,0.0,52,8,1,0,5,4,23,14,0,0,0.0,0,2,1,263,235,0
17,0,0.0,0.0,0.0,52,52,1,0,5,3,2,0,4,0,0.0,0,1,1,49,49,0
232,0,0.0,0.0,0.0,52,21,4,0,53,1,15,118,55,0,0.0,0,4,2,459,370,0
93,0,0.0,0.0,0.0,52,25,2,0,24,2,19,30,4,0,0.0,0,2,2,230,179,1
132,0,0.0,0.0,0.0,52,18,3,0,34,2,16,21,213,0,0.0,0,3,2,247,231,0
15,0,0.0,0.0,0.0,52,52,1,0,13,1,4,0,78,0,0.0,0,1,1,56,56,1
83,0,0.0,0.0,0.0,52,40,2,0,25,2,12,14,140,0,0.0,0,2,1,207,188,0
12,0,0.0,0.0,0.0,52,52,1,0,3,1,0,3,3,0,0.0,0,1,1,45,45,0
91,0,0.0,0.0,0.0,52,8,6,0,3,5,13,6,3,0,0.0,0,7,4,248,179,1
71,0,0.0,0.0,0.0,52,49,1,0,18,1,12,25,0,0,0.0,0,2,2,149,147,0
41,0,0.0,0.0,0.0,52,6,2,0,9,2,7,8,0,0,0.0,0,2,1,102,95,0
44,0,0.0,0.0,0.0,52,52,1,0,6,2,8,22,1,0,0.0,0,1,1,100,100,0
196,0,0.0,0.0,0.0,52,12,4,0,35,2,33,64,0,0,0.0,0,5,3,527,438,0
38,0,0.0,0.0,0.0,52,50,3,0,5,5,7,12,3,0,0.0,0,3,3,302,190,0
119,0,0.0,0.0,0.0,52,52,1,0,22,3,9,22,20,0,0.0,0,1,1,214,214,0
27,0,0.0,0.0,0.0,52,7,3,0,1,3,13,4,0,0,0.0,0,5,2,128,102,0
34,0,0.0,0.0,0.0,52,27,2,0,13,2,5,2,20,0,0.0,0,2,1,102,93,0
47,0,0.0,0.0,0.0,52,52,1,0,4,2,15,10,0,0,0.0,0,1,1,107,107,0
44,0,0.0,0.0,0.0,52,40,2,0,14,2,8,16,0,0,0.0,0,2,1,104,98,0
71,0,0.0,0.0,0.0,52,11,5,0,15,1,14,25,10,0,0.0,0,5,2,231,157,0
116,0,0.0,0.0,0.0,52,50,3,0,12,6,10,14,4,0,0.0,0,3,3,443,322,0
24,0,0.0,0.0,0.0,52,52,1,0,6,2,7,0,9,0,0.0,0,1,1,69,69,0
35,0,0.0,0.0,0.0,52,52,1,0,12,3,1,1,20,0,0.0,0,1,1,74,74,0
268,0,0.0,0.0,0.0,52,8,2,0,4,5,31,18,1,0,0.0,0,3,2,535,493,0
59,0,0.0,0.0,0.0,52,52,1,0,16,4,2,0,104,0,0.0,0,1,1,104,104,0
16,0,0.0,0.0,0.0,52,52,1,0,4,2,1,0,2,0,0.0,0,1,1,44,44,0
66,0,0.0,0.0,0.0,52,52,1,0,14,1,4,13,0,0,0.0,0,1,1,112,112,0
50,0,0.0,0.0,0.0,52,4,4,0,5,3,16,9,0,0,0.0,0,6,3,223,121,0
22,0,0.0,0.0,0.0,9,9,2,0,13,1,2,7,0,0,0.0,0,2,1,95,64,0
94,0,0.0,0.0,0.0,52,9,2,0,27,2,4,13,176,0,0.0,0,3,2,165,151,0
47,0,0.0,0.0,0.0,52,52,1,0,11,2,3,21,0,0,0.0,0,1,1,92,92,1
58,0,0.0,0.0,0.0,52,50,1,0,17,1,5,15,0,0,0.0,0,2,2,178,158,1
134,0,0.0,0.0,0.0,52,26,3,0,22,1,8,27,0,0,0.0,0,7,3,273,176,0
129,0,0.0,0.0,0.0,52,14,10,0,26,1,30,65,13,0,0.0,0,10,3,406,270,1
54,0,0.0,0.0,0.0,52,21,2,0,17,1,4,19,21,0,0.0,0,3,2,108,91,0
7,0,0.0,0.0,0.0,12,12,1,0,2,4,0,0,1,0,0.0,0,1,1,43,43,0
3,0,0.0,0.0,0.0,52,52,1,0,0,3,3,0,0,0,0.0,0,1,1,31,31,0
387,68,-10.0,29.0,1.0,52,1,3,1,33,3,29,64,16,1,0.0,0,5,2,807,600,0
125,0,0.0,0.0,0.0,52,52,1,0,48,2,7,8,60,0,0.0,0,1,1,210,210,0
13,0,0.0,0.0,0.0,52,52,1,0,2,3,4,2,0,0,0.0,0,1,1,46,46,0
361,31,-1.0,15.0,3.0,52,0,3,1,89,2,21,76,118,3,0.0,0,5,4,588,545,0
66,0,0.0,0.0,0.0,52,8,1,0,3,2,13,4,0,0,0.0,0,2,1,183,149,0
16,0,0.0,0.0,0.0,52,52,1,0,4,4,9,6,1,0,0.0,0,1,1,62,62,0
50,0,0.0,0.0,0.0,52,52,1,0,13,1,3,1,66,0,0.0,0,1,1,113,113,0
68,0,0.0,0.0,0.0,12,12,3,0,20,1,12,19,39,0,0.0,0,3,1,280,223,0
42,0,0.0,0.0,0.0,52,52,1,0,10,2,8,18,0,0,0.0,0,1,1,93,93,0
30,0,0.0,0.0,0.0,52,52,1,0,8,2,3,2,15,0,0.0,0,1,1,66,66,0
141,0,0.0,0.0,0.0,52,50,3,0,27,2,24,38,8,0,0.0,0,3,2,324,221,0
89,0,0.0,0.0,0.0,52,50,2,0,31,1,13,10,1,0,0.0,0,3,2,219,138,1
106,0,0.0,0.0,0.0,52,52,1,0,21,2,21,31,39,0,0.0,0,1,1,214,214,0
45,0,0.0,0.0,0.0,52,52,1,0,11,2,10,21,1,0,0.0,0,1,1,90,90,1
275,0,0.0,0.0,0.0,52,3,7,0,23,2,35,41,3,0,0.0,0,9,3,735,537,0
116,0,0.0,0.0,0.0,52,8,2,0,1,2,21,12,0,0,0.0,0,4,3,290,224,0
308,0,0.0,0.0,0.0,52,15,5,0,47,1,33,77,0,0,0.0,0,7,2,868,643,1
8,0,0.0,0.0,0.0,52,52,1,0,2,3,0,0,1,0,0.0,0,1,1,30,30,0
17,0,0.0,0.0,0.0,52,52,1,0,5,3,2,0,4,0,0.0,0,1,1,49,49,0
47,0,0.0,0.0,0.0,52,52,1,0,13,2,2,2,50,0,0.0,0,1,1,91,91,0
32,0,0.0,0.0,0.0,52,52,1,0,7,2,7,12,1,0,0.0,0,1,1,75,75,1
17,0,0.0,0.0,0.0,52,52,1,0,4,2,2,0,2,0,0.0,0,1,1,47,47,0
416,0,0.0,0.0,0.0,52,35,3,0,142,1,37,110,35,0,0.0,0,3,3,811,755,0
89,0,0.0,0.0,0.0,52,7,1,0,1,2,12,3,0,0,0.0,0,3,1,241,185,0
25,0,0.0,0.0,0.0,9,9,1,0,6,1,0,0,1,0,0.0,0,1,1,69,69,0
211,0,0.0,0.0,0.0,52,50,2,0,73,3,35,47,660,0,0.0,0,2,2,464,416,0
52,0,0.0,0.0,0.0,52,52,1,0,16,3,2,1,75,0,0.0,0,1,1,102,102,0
23,0,0.0,0.0,0.0,52,50,2,0,6,3,6,2,2,0,0.0,0,2,2,68,59,0
145,0,0.0,0.0,0.0,52,8,6,0,11,3,19,21,0,0,0.0,0,7,3,388,309,0
8,0,0.0,0.0,0.0,52,52,1,0,2,1,0,0,0,0,0.0,0,1,1,35,35,0
92,0,0.0,0.0,0.0,52,15,3,0,42,2,10,25,300,0,0.0,0,3,2,249,168,0
65,0,0.0,0.0,0.0,52,33,2,0,18,3,2,4,104,0,0.0,0,2,1,115,105,0
11,0,0.0,0.0,0.0,52,52,1,0,0,1,0,0,0,0,0.0,0,1,1,41,41,0
46,0,0.0,0.0,0.0,52,4,3,0,6,4,8,9,4,0,0.0,0,4,3,110,87,0
21,0,0.0,0.0,0.0,52,52,1,0,5,2,2,0,6,0,0.0,0,1,1,53,53,0
17,0,0.0,0.0,0.0,52,52,1,0,4,2,6,0,2,0,0.0,0,1,1,55,55,0
41,0,0.0,0.0,0.0,52,52,1,0,15,1,15,7,0,0,0.0,0,1,1,110,110,0
89,0,0.0,0.0,0.0,52,32,1,0,26,2,6,17,140,0,0.0,0,2,2,153,151,0
183,0,0.0,0.0,0.0,52,39,2,0,46,1,20,78,47,0,0.0,0,2,2,385,315,1
89,0,0.0,0.0,0.0,52,7,5,0,16,3,25,9,8,0,0.0,0,8,3,272,216,0
323,0,0.0,0.0,0.0,52,9,6,0,65,1,21,34,45,0,0.0,0,7,3,784,545,0
31,0,0.0,0.0,0.0,52,52,1,0,5,1,1,10,8,0,0.0,0,1,1,75,75,0
40,0,0.0,0.0,0.0,52,49,1,0,21,2,15,15,1,0,0.0,0,2,2,123,115,1
26,0,0.0,0.0,0.0,52,32,2,0,7,3,6,3,6,0,0.0,0,3,3,78,66,0
488,0,0.0,0.0,0.0,52,11,4,0,112,2,50,133,42,0,0.0,0,8,4,1066,786,0
171,0,0.0,0.0,0.0,52,32,2,0,49,2,26,15,676,0,0.0,0,3,2,362,356,0
48,0,0.0,0.0,0.0,52,52,1,0,19,1,16,24,0,0,0.0,0,1,1,123,123,0
17,0,0.0,0.0,0.0,52,52,1,0,4,2,3,3,0,0,0.0,0,1,1,46,46,0
99,0,0.0,0.0,0.0,52,8,6,0,21,2,8,26,55,0,0.0,0,7,2,284,180,0
65,0,0.0,0.0,0.0,52,6,3,0,3,3,5,6,1,0,0.0,0,3,2,159,81,0
19,0,0.0,0.0,0.0,52,31,2,0,2,5,10,8,0,0,0.0,0,2,1,63,59,0
385,0,0.0,0.0,0.0,52,49,2,0,92,2,12,87,0,0,0.0,0,5,3,699,382,0
9,0,0.0,0.0,0.0,52,52,1,0,2,2,1,0,0,0,0.0,0,1,1,34,34,0
199,0,0.0,0.0,0.0,52,8,2,0,15,3,25,16,1,0,0.0,0,5,2,443,348,0
350,0,0.0,0.0,0.0,52,8,6,0,6,6,32,20,4,0,0.0,0,7,4,639,576,0
184,0,0.0,0.0,0.0,52,52,1,0,44,2,18,57,11,0,0.0,0,1,1,310,310,1
25,0,0.0,0.0,0.0,52,52,1,0,6,3,3,0,2,0,0.0,0,1,1,62,62,0
58,0,0.0,0.0,0.0,52,8,2,0,2,4,13,7,0,0,0.0,0,3,2,148,119,0
49,0,0.0,0.0,0.0,52,52,1,0,12,3,4,0,40,0,0.0,0,1,1,112,112,0
54,0,0.0,0.0,0.0,52,8,2,0,1,3,12,1,0,0,0.0,0,3,2,152,114,0
27,0,0.0,0.0,0.0,53,14,3,0,10,2,7,6,0,0,0.0,0,3,2,99,86,0
42,0,0.0,0.0,0.0,26,14,2,0,7,1,11,19,4,0,0.0,0,2,2,144,143,0
96,4,0.0,2.0,5.0,53,1,19,1,4,4,18,9,0,5,0.0,0,23,5,336,165,0
9,0,0.0,0.0,0.0,14,5,5,0,7,1,10,0,21,0,0.0,0,6,3,138,57,1
136,0,0.0,0.0,0.0,3,3,0,0,36,2,7,22,0,0,0.0,0,1,1,197,197,0
59,0,0.0,0.0,0.0,14,10,3,0,16,2,5,0,104,0,0.0,0,3,2,135,116,0
57,0,0.0,0.0,0.0,53,13,3,0,18,1,10,17,0,0,0.0,0,6,3,306,123,0
148,0,0.0,0.0,0.0,53,6,18,0,29,2,40,43,0,0,0.0,0,21,5,614,244,1
107,0,0.0,0.0,0.0,53,12,7,0,22,1,9,34,31,0,0.0,0,8,4,352,200,0
23,0,0.0,0.0,0.0,53,13,3,0,6,2,6,2,2,0,0.0,0,4,3,79,59,0
269,0,0.0,0.0,0.0,53,5,11,0,53,2,38,54,7,0,0.0,0,14,4,692,461,1
3,0,0.0,0.0,0.0,53,14,3,0,0,3,3,0,0,0,0.0,0,3,2,33,28,0
41,0,0.0,0.0,0.0,53,6,12,0,23,2,9,20,0,0,0.0,0,13,5,408,135,0
271,10,4.0,7.0,5.0,53,0,10,1,94,3,30,45,1311,5,0.0,0,16,6,817,544,0
44,0,0.0,0.0,0.0,17,10,4,0,1,4,12,4,0,0,0.0,0,5,4,119,108,0
4,0,0.0,0.0,0.0,14,13,2,0,1,1,2,2,0,0,0.0,0,2,1,34,27,0
12,0,0.0,0.0,0.0,14,6,5,0,10,1,14,0,45,0,0.0,0,5,3,165,72,0
12,0,0.0,0.0,0.0,53,5,2,0,3,4,7,0,1,0,0.0,0,3,2,64,50,0
89,0,0.0,0.0,0.0,14,13,5,0,27,2,8,3,260,0,0.0,0,5,2,171,154,0
13,0,0.0,0.0,0.0,12,12,1,0,4,1,3,2,0,0,0.0,0,1,1,36,36,0
180,0,0.0,0.0,0.0,53,6,14,0,3,2,26,17,0,0,0.0,0,16,6,638,282,0
45,0,0.0,0.0,0.0,14,8,4,0,11,2,8,19,0,0,0.0,0,4,2,112,93,0
401,4,0.0,2.0,5.0,24,1,11,1,82,2,37,115,211,5,0.0,0,13,4,872,666,0
131,0,0.0,0.0,0.0,24,14,3,0,40,1,12,20,205,0,0.0,0,3,2,234,216,1
60,0,0.0,0.0,0.0,53,12,4,0,19,1,2,6,57,0,0.0,0,4,3,154,110,0
28,0,0.0,0.0,0.0,24,8,6,0,5,1,7,15,3,0,0.0,0,6,5,133,65,0
48,0,0.0,0.0,0.0,13,12,5,0,14,1,13,23,0,0,0.0,0,5,2,293,186,1
175,0,0.0,0.0,0.0,9,4,4,0,43,1,11,63,0,0,0.0,0,4,1,388,196,0
401,0,0.0,0.0,0.0,53,6,11,0,3,7,36,19,0,0,0.0,0,12,6,901,711,0
80,0,0.0,0.0,0.0,53,2,15,0,5,4,17,15,3,0,0.0,0,17,6,297,154,0
79,0,0.0,0.0,0.0,53,11,2,0,27,2,10,17,47,0,0.0,0,3,2,151,145,0
78,0,0.0,0.0,0.0,14,5,5,0,25,2,14,19,45,0,0.0,0,6,3,247,122,0
8,0,0.0,0.0,0.0,53,9,4,0,1,2,5,2,0,0,0.0,0,4,3,56,45,0
21,0,0.0,0.0,0.0,53,3,4,0,7,2,7,2,6,0,0.0,0,4,2,72,65,0
65,0,0.0,0.0,0.0,53,9,6,0,11,2,18,20,0,0,0.0,0,8,3,224,144,0
17,0,0.0,0.0,0.0,53,53,1,0,4,2,4,0,2,0,0.0,0,1,1,52,52,0
43,0,0.0,0.0,0.0,53,12,4,0,5,4,6,7,3,0,0.0,0,5,4,103,94,0
14,0,0.0,0.0,0.0,14,10,7,0,12,1,13,0,66,0,0.0,0,9,3,223,96,1
17,0,0.0,0.0,0.0,6,5,1,0,4,2,10,1,0,0,0.0,0,2,2,80,62,0
333,0,0.0,0.0,0.0,53,4,15,0,5,6,30,18,0,0,0.0,0,15,5,806,506,1
107,0,0.0,0.0,0.0,14,4,4,0,32,2,10,17,222,0,0.0,0,4,4,255,163,0
90,0,0.0,0.0,0.0,24,14,2,0,27,1,7,14,137,0,0.0,0,2,2,157,156,0
268,0,0.0,0.0,0.0,53,6,8,0,3,7,25,14,0,0,0.0,0,9,6,581,483,0
27,0,0.0,0.0,0.0,53,12,3,0,7,1,1,1,15,0,0.0,0,3,1,71,59,0
31,0,0.0,0.0,0.0,13,13,2,0,8,2,5,0,20,0,0.0,0,2,2,130,125,0
23,0,0.0,0.0,0.0,14,13,2,0,8,2,4,0,3,0,0.0,0,2,1,63,58,0
34,0,0.0,0.0,0.0,53,14,2,0,12,1,10,9,0,0,0.0,0,2,2,97,92,1
3,0,0.0,0.0,0.0,53,14,3,0,0,3,3,0,0,0,0.0,0,3,2,33,31,0
10,0,0.0,0.0,0.0,14,11,3,0,2,3,2,0,0,0,0.0,0,3,2,38,25,0
17,0,0.0,0.0,0.0,14,12,3,0,4,2,3,0,2,0,0.0,0,3,1,52,46,0
126,0,0.0,0.0,0.0,14,5,6,0,35,1,10,34,153,0,0.0,0,6,4,327,115,0
33,0,0.0,0.0,0.0,53,12,2,0,13,1,1,2,2,0,0.0,0,3,3,74,72,0
60,0,0.0,0.0,0.0,6,6,1,0,12,2,6,6,0,0,0.0,0,1,1,116,116,0
175,0,0.0,0.0,0.0,53,11,9,0,4,2,20,16,1,0,0.0,0,12,5,504,263,0
86,0,0.0,0.0,0.0,53,5,9,0,9,3,19,19,15,0,0.0,0,12,5,379,221,0
154,0,0.0,0.0,0.0,53,7,8,0,1,4,18,9,0,0,0.0,0,9,4,585,211,0
265,0,0.0,0.0,0.0,14,3,8,0,66,2,32,72,13,0,0.0,0,8,4,551,411,1
27,0,0.0,0.0,0.0,14,14,1,0,7,2,7,2,15,0,0.0,0,1,1,73,73,0
135,0,0.0,0.0,0.0,53,6,15,0,3,2,24,14,0,0,0.0,0,18,6,567,234,0
210,29,29.0,29.0,5.0,53,0,11,1,54,2,28,75,13,5,0.0,0,13,4,507,232,0
188,0,0.0,0.0,0.0,18,12,3,0,16,2,17,21,0,0,0.0,0,4,3,312,291,0
89,0,0.0,0.0,0.0,53,12,5,0,1,3,17,12,0,0,0.0,0,6,5,231,194,0
33,0,0.0,0.0,0.0,15,3,3,0,6,1,4,8,3,0,0.0,0,3,2,134,84,0
6,0,0.0,0.0,0.0,13,13,3,0,1,1,2,2,0,0,0.0,0,3,1,123,41,0
11,0,0.0,0.0,0.0,26,26,1,0,0,1,0,0,0,0,0.0,0,1,1,41,41,0
15,0,0.0,0.0,0.0,11,11,1,0,3,6,7,4,3,0,0.0,0,1,1,49,49,0
42,0,0.0,0.0,0.0,14,13,2,0,14,2,2,1,35,0,0.0,0,2,1,89,86,0
10,0,0.0,0.0,0.0,53,14,2,0,3,3,2,0,1,0,0.0,0,2,2,43,40,0
10,0,0.0,0.0,0.0,53,14,2,0,3,3,2,0,1,0,0.0,0,2,2,43,40,0
104,0,0.0,0.0,0.0,53,3,7,0,17,2,22,35,0,0,0.0,0,10,4,332,223,0
23,0,0.0,0.0,0.0,53,13,3,0,6,3,6,2,2,0,0.0,0,4,3,79,59,0
64,2,0.0,1.0,9.0,14,0,5,1,18,1,6,17,0,9,0.0,0,5,2,214,193,0
152,0,0.0,0.0,0.0,53,6,13,0,3,2,26,17,0,0,0.0,0,15,6,592,262,0
8,0,0.0,0.0,0.0,53,14,2,0,2,4,0,0,1,0,0.0,0,2,2,33,31,0
27,0,0.0,0.0,0.0,14,6,11,0,25,1,14,0,300,0,0.0,0,11,5,300,126,1
3,0,0.0,0.0,0.0,53,14,3,0,0,2,4,0,0,0,0.0,0,3,2,35,32,0
50,0,0.0,0.0,0.0,7,7,1,0,1,4,8,2,0,0,0.0,0,1,1,101,101,0
31,0,0.0,0.0,0.0,53,14,4,0,8,3,4,0,20,0,0.0,0,4,3,73,51,0
60,0,0.0,0.0,0.0,53,12,4,0,8,5,7,10,8,0,0.0,0,5,2,134,111,0
153,0,0.0,0.0,0.0,53,1,12,0,45,3,17,59,208,0,0.0,0,13,5,438,186,1
45,0,0.0,0.0,0.0,53,8,5,0,16,1,2,23,15,0,0.0,0,7,3,178,135,0
18,6,2.0,4.0,19.0,4,0,3,1,3,2,6,9,1,19,0.0,0,3,2,72,53,0
166,0,0.0,0.0,0.0,3,3,1,0,37,2,22,50,45,0,0.0,0,2,1,312,304,0
60,0,0.0,0.0,0.0,53,6,16,0,16,3,15,20,91,0,0.0,0,18,5,511,157,1
108,33,-5.0,14.0,15.0,53,1,10,1,5,3,22,28,1,15,0.0,0,12,5,371,219,0
18,0,0.0,0.0,0.0,14,13,3,0,5,3,5,1,4,0,0.0,0,3,1,57,49,0
128,0,0.0,0.0,0.0,14,13,2,0,36,2,5,6,402,0,0.0,0,2,1,299,252,0
27,0,0.0,0.0,0.0,6,6,1,0,5,2,11,12,4,0,0.0,0,1,1,75,75,0
33,0,0.0,0.0,0.0,53,5,3,0,1,1,0,0,0,0,0.0,0,4,1,114,96,0
27,0,0.0,0.0,0.0,53,13,3,0,7,4,9,2,6,0,0.0,0,4,3,85,69,0
10,0,0.0,0.0,0.0,14,13,2,0,2,3,3,0,0,0,0.0,0,2,1,39,35,0
63,0,0.0,0.0,0.0,53,9,6,0,11,2,18,21,0,0,0.0,0,8,3,267,144,0
20,0,0.0,0.0,0.0,53,8,3,0,7,1,3,7,3,0,0.0,0,3,2,91,54,0
66,0,0.0,0.0,0.0,53,14,5,0,18,3,12,6,100,0,0.0,0,5,3,148,122,0
111,0,0.0,0.0,0.0,53,8,4,0,37,1,9,35,0,0,0.0,0,5,2,401,213,0
10,0,0.0,0.0,0.0,53,12,3,0,3,3,2,0,1,0,0.0,0,3,3,44,40,0
21,0,0.0,0.0,0.0,34,12,5,0,5,1,2,10,3,0,0.0,0,5,4,78,54,0
69,0,0.0,0.0,0.0,53,9,10,0,4,5,18,10,1,0,0.0,0,10,5,215,119,0
64,0,0.0,0.0,0.0,53,5,7,0,4,5,16,8,1,0,0.0,0,8,4,200,114,0
3,0,0.0,0.0,0.0,53,14,3,0,0,2,3,0,0,0,0.0,0,3,2,33,31,0
39,0,0.0,0.0,0.0,53,10,6,0,2,6,15,10,0,0,0.0,0,8,4,158,112,0
35,0,0.0,0.0,0.0,14,13,2,0,14,2,5,0,12,0,0.0,0,2,1,94,86,0
88,0,0.0,0.0,0.0,53,9,7,0,1,3,14,8,0,0,0.0,0,8,5,255,195,0
237,0,0.0,0.0,0.0,53,7,17,0,61,2,36,93,66,0,0.0,0,21,7,776,411,1
11,0,0.0,0.0,0.0,53,14,2,0,2,4,0,0,0,0,0.0,0,2,2,40,33,0
81,0,0.0,0.0,0.0,53,5,12,0,23,2,17,20,136,0,0.0,0,15,6,467,178,1
9,0,0.0,0.0,0.0,14,12,3,0,2,1,1,0,0,0,0.0,0,3,1,41,37,0
110,0,0.0,0.0,0.0,53,5,11,0,24,2,25,23,0,0,0.0,0,13,4,446,264,0
25,0,0.0,0.0,0.0,53,3,7,0,6,2,9,2,11,0,0.0,0,7,3,94,75,0
50,0,0.0,0.0,0.0,3,3,1,0,8,1,5,10,0,0,0.0,0,2,1,218,110,0
37,0,0.0,0.0,0.0,53,5,6,0,7,4,9,11,15,0,0.0,0,7,4,109,79,0
85,0,0.0,0.0,0.0,53,9,8,0,1,2,14,4,0,0,0.0,0,11,4,330,176,0
146,0,0.0,0.0,0.0,53,5,10,0,32,2,12,17,171,0,0.0,0,11,4,550,300,0
160,0,0.0,0.0,0.0,53,13,5,0,40,1,2,15,0,0,0.0,0,7,3,418,282,0
92,0,0.0,0.0,0.0,53,9,9,0,16,2,33,25,15,0,0.0,0,9,4,324,175,0
257,0,0.0,0.0,0.0,26,12,4,0,8,2,24,16,0,0,0.0,0,5,3,413,271,0
66,0,0.0,0.0,0.0,14,12,3,0,19,3,4,1,135,0,0.0,0,3,2,133,124,0
30,1,1.0,1.0,15.0,14,1,5,1,1,1,0,0,0,15,0.0,0,7,3,277,244,0
509,0,0.0,0.0,0.0,53,1,10,0,143,1,44,22,0,0,0.0,0,11,3,780,401,1
66,0,0.0,0.0,0.0,18,8,4,0,3,3,5,6,1,0,0.0,0,5,4,165,80,0
38,10,2.0,6.0,19.0,53,0,3,1,8,2,9,12,1,19,0.0,0,3,3,93,79,0
54,0,0.0,0.0,0.0,10,8,2,0,16,1,4,19,0,0,0.0,0,2,2,225,161,0
53,0,0.0,0.0,0.0,53,14,4,0,4,2,15,11,0,0,0.0,0,5,3,207,107,0
18,0,0.0,0.0,0.0,14,13,3,0,5,3,5,1,4,0,0.0,0,3,1,57,49,0
79,0,0.0,0.0,0.0,53,53,1,0,20,1,3,25,5,0,0.0,0,1,1,178,178,0
174,0,0.0,0.0,0.0,21,6,4,0,36,2,18,62,15,0,0.0,0,6,4,388,341,1
143,0,0.0,0.0,0.0,53,2,9,0,32,3,13,44,105,0,0.0,0,13,7,928,532,1
41,0,0.0,0.0,0.0,4,4,1,0,9,1,6,22,0,0,0.0,0,1,1,103,103,0
55,0,0.0,0.0,0.0,13,10,8,0,14,1,16,23,0,0,0.0,0,9,3,320,163,1
3,0,0.0,0.0,0.0,24,24,1,0,1,1,1,0,0,0,0.0,0,1,1,26,26,0
32,0,0.0,0.0,0.0,53,14,2,0,10,2,6,8,28,0,0.0,0,2,2,105,104,0
11,0,0.0,0.0,0.0,13,9,3,0,1,4,5,3,0,0,0.0,0,3,2,83,44,0
3,0,0.0,0.0,0.0,53,14,3,0,0,3,2,0,0,0,0.0,0,3,2,31,29,0
3,0,0.0,0.0,0.0,53,14,3,0,0,3,3,0,0,0,0.0,0,3,2,33,28,0
27,0,0.0,0.0,0.0,13,4,2,0,5,2,4,6,6,0,0.0,0,2,2,113,101,0
32,0,0.0,0.0,0.0,53,12,4,0,9,2,5,2,32,0,0.0,0,4,2,86,72,0
39,0,0.0,0.0,0.0,15,3,6,0,6,2,7,14,1,0,0.0,0,8,3,604,222,0
94,0,0.0,0.0,0.0,53,14,2,0,6,3,7,5,2,0,0.0,0,3,3,169,165,0
77,0,0.0,0.0,0.0,14,13,2,0,22,2,4,2,170,0,0.0,0,2,1,139,134,0
44,0,0.0,0.0,0.0,14,5,6,0,14,2,8,12,78,0,0.0,0,7,3,176,111,0
79,0,0.0,0.0,0.0,14,12,4,0,27,2,8,18,44,0,0.0,0,5,4,151,124,0
72,0,0.0,0.0,0.0,53,3,10,0,22,4,12,6,168,0,0.0,0,11,5,202,152,0
243,0,0.0,0.0,0.0,41,13,2,0,67,2,15,57,0,0,0.0,0,3,2,323,318,0
60,0,0.0,0.0,0.0,2,2,1,0,19,2,7,12,6,0,0.0,0,1,1,114,114,0
29,0,0.0,0.0,0.0,53,21,3,0,8,2,16,7,0,0,0.0,0,3,2,91,83,0
45,0,0.0,0.0,0.0,14,13,2,0,14,2,10,16,0,0,0.0,0,3,2,107,100,0
81,0,0.0,0.0,0.0,24,7,9,0,19,2,13,15,105,0,0.0,0,9,3,245,199,0
396,22,18.0,20.0,15.0,14,1,10,1,97,1,29,65,0,15,0.0,0,11,4,1071,539,0
70,0,0.0,0.0,0.0,8,8,2,0,15,1,1,17,48,0,0.0,0,2,1,197,132,0
183,0,0.0,0.0,0.0,14,11,2,0,52,3,5,0,1080,0,0.0,0,3,2,369,354,0
3,0,0.0,0.0,0.0,53,14,3,0,0,2,4,0,0,0,0.0,0,3,2,35,32,0
90,0,0.0,0.0,0.0,14,14,1,0,37,3,3,2,228,0,0.0,0,1,1,156,156,1
525,21,1.5,6.0,1.0,14,0,16,1,130,1,53,144,121,1,0.5917,0,20,4,1347,718,1
23,14,2.0,8.0,19.0,53,0,5,1,7,2,5,11,1,19,0.0,0,5,4,93,61,0
234,0,0.0,0.0,0.0,14,13,1,0,54,1,15,125,66,0,0.0,0,2,2,414,411,0
40,3,1.0,2.0,4.0,53,0,11,0,7,5,20,19,0,4,0.0,0,12,4,179,90,0
27,0,0.0,0.0,0.0,53,8,3,0,2,5,7,5,0,0,0.0,0,6,4,97,67,0
305,0,0.0,0.0,0.0,24,3,11,0,98,1,38,82,39,0,0.0,0,18,3,906,338,0
17,0,0.0,0.0,0.0,14,14,1,0,4,2,3,0,2,0,0.0,0,1,1,51,51,0
33,10,2.0,6.0,19.0,53,0,6,1,8,2,7,10,1,19,0.0,0,7,5,97,71,0
138,0,0.0,0.0,0.0,53,5,14,0,8,3,32,32,4,0,0.0,0,15,5,402,271,1
37,0,0.0,0.0,0.0,14,12,5,0,14,2,5,3,8,0,0.0,0,5,1,140,112,0
190,13,13.0,13.0,5.0,14,0,12,1,55,1,24,79,156,5,0.0,0,14,4,1062,699,0
145,0,0.0,0.0,0.0,18,5,8,0,14,2,26,29,21,0,0.0,0,9,5,593,439,0
18,0,0.0,0.0,0.0,14,12,5,0,6,1,2,4,0,0,0.0,0,5,1,90,49,0
4,0,0.0,0.0,0.0,14,12,3,0,1,1,2,2,0,0,0.0,0,3,1,44,35,0
44,0,0.0,0.0,0.0,53,8,3,0,10,2,5,18,0,0,0.0,0,3,2,83,78,0
94,0,0.0,0.0,0.0,53,7,10,0,33,1,11,36,26,0,0.0,0,12,2,527,184,0
49,0,0.0,0.0,0.0,14,13,3,0,12,3,8,0,40,0,0.0,0,3,2,133,113,0
83,0,0.0,0.0,0.0,24,10,5,0,25,2,12,4,127,0,0.0,0,5,3,197,155,0
8,0,0.0,0.0,0.0,53,12,3,0,2,2,5,1,1,0,0.0,0,3,2,45,42,0
63,0,0.0,0.0,0.0,14,13,5,0,18,3,6,4,96,0,0.0,0,5,2,163,116,0
242,0,0.0,0.0,0.0,53,5,9,0,10,6,28,15,6,0,0.0,0,14,6,1929,871,0
66,0,0.0,0.0,0.0,26,14,6,0,20,1,6,7,73,0,0.0,0,6,4,483,136,0
87,0,0.0,0.0,0.0,53,13,5,0,21,2,13,24,55,0,0.0,0,6,3,260,164,1
162,0,0.0,0.0,0.0,53,6,12,0,9,3,28,14,1,0,0.0,0,13,6,464,334,0
394,156,3.0,21.0,6.0,53,0,30,3,47,2,33,52,14,15,0.3584,0,35,7,1912,553,0
88,0,0.0,0.0,0.0,53,5,11,0,6,4,17,17,1,0,0.0,0,13,6,347,96,0
49,0,0.0,0.0,0.0,53,14,8,0,10,2,12,5,0,0,0.0,0,9,3,419,140,0
43,0,0.0,0.0,0.0,14,11,4,0,12,3,7,0,37,0,0.0,0,4,3,122,79,0
15,18,12.0,15.0,15.0,14,1,8,1,13,1,16,0,78,15,0.0,0,8,3,272,87,0
37,0,0.0,0.0,0.0,24,10,7,0,13,1,10,11,58,0,0.0,0,8,5,147,118,0
66,0,0.0,0.0,0.0,53,14,7,0,18,3,11,2,135,0,0.0,0,7,3,258,139,0
84,0,0.0,0.0,0.0,51,14,2,0,5,4,5,3,0,0,0.0,0,3,3,144,140,0
66,0,0.0,0.0,0.0,53,13,4,0,20,3,14,8,40,0,0.0,0,5,3,198,150,0
123,0,0.0,0.0,0.0,14,13,6,0,38,4,7,11,417,0,0.0,0,6,3,273,207,1
27,0,0.0,0.0,0.0,53,13,3,0,7,2,9,2,6,0,0.0,0,4,3,85,69,0
164,0,0.0,0.0,0.0,53,9,15,0,50,1,28,73,19,0,0.0,0,18,7,515,236,0
13,0,0.0,0.0,0.0,17,14,2,0,3,5,9,4,0,0,0.0,0,2,2,58,54,0
68,0,0.0,0.0,0.0,14,13,3,0,25,3,8,11,44,0,0.0,0,3,2,193,98,0
69,0,0.0,0.0,0.0,53,13,4,0,20,3,14,9,40,0,0.0,0,5,3,184,132,0
24,0,0.0,0.0,0.0,53,11,2,0,8,3,9,4,11,0,0.0,0,3,2,78,74,0
108,0,0.0,0.0,0.0,53,8,5,0,48,2,13,31,96,0,0.0,0,7,3,329,164,0
122,0,0.0,0.0,0.0,53,14,4,0,32,2,7,32,25,0,0.0,0,4,3,209,202,0
8,0,0.0,0.0,0.0,14,13,2,0,2,1,1,0,0,0,0.0,0,2,1,38,35,0
96,0,0.0,0.0,0.0,14,11,4,0,28,2,8,13,176,0,0.0,0,4,3,186,151,0
68,0,0.0,0.0,0.0,53,14,4,0,16,5,16,24,4,0,0.0,0,5,2,174,138,0
24,0,0.0,0.0,0.0,53,53,1,0,4,4,6,7,1,0,0.0,0,1,1,64,64,0
92,0,0.0,0.0,0.0,53,9,6,0,23,1,16,40,17,0,0.0,0,8,4,216,157,0
4,0,0.0,0.0,0.0,53,14,2,0,1,1,5,1,0,0,0.0,0,2,2,41,36,0
195,0,0.0,0.0,0.0,53,5,14,0,13,5,29,32,6,0,0.0,0,17,7,532,239,0
164,0,0.0,0.0,0.0,53,5,12,0,7,4,16,8,0,0,0.0,0,13,5,630,304,0
45,0,0.0,0.0,0.0,53,12,3,0,8,1,6,22,0,0,0.0,0,4,4,106,102,0
160,0,0.0,0.0,0.0,14,12,4,0,43,2,7,0,833,0,0.0,0,4,2,271,241,0
85,0,0.0,0.0,0.0,12,6,7,0,24,1,23,34,0,0,0.0,0,8,5,256,153,1
12,0,0.0,0.0,0.0,14,14,1,0,3,1,0,3,3,0,0.0,0,1,1,45,45,0
52,0,0.0,0.0,0.0,53,4,3,0,9,1,7,17,0,0,0.0,0,3,1,120,101,0
29,0,0.0,0.0,0.0,53,13,4,0,8,2,6,2,6,0,0.0,0,5,3,90,69,0
359,0,0.0,0.0,0.0,19,2,16,0,130,1,44,125,62,0,0.0,0,19,6,1012,556,1
66,0,0.0,0.0,0.0,14,13,4,0,18,4,5,0,135,0,0.0,0,4,1,129,114,0
16,0,0.0,0.0,0.0,14,6,5,0,14,1,18,0,91,0,0.0,0,6,4,275,99,1
392,0,0.0,0.0,0.0,21,2,5,0,106,2,23,83,116,0,0.0,0,8,2,755,565,1
66,0,0.0,0.0,0.0,14,13,4,0,18,3,6,0,135,0,0.0,0,4,1,134,119,0
12,0,0.0,0.0,0.0,53,8,3,0,1,5,4,3,0,0,0.0,0,4,2,59,45,0
7,0,0.0,0.0,0.0,14,12,5,0,4,1,2,2,1,0,0.0,0,5,1,55,42,0
4,0,0.0,0.0,0.0,14,12,5,0,1,1,2,2,0,0,0.0,0,5,1,41,26,0
84,0,0.0,0.0,0.0,13,6,8,0,26,1,14,32,0,0,0.0,0,9,4,354,197,1
32,0,0.0,0.0,0.0,53,11,5,0,9,2,7,4,28,0,0.0,0,5,3,92,58,0
19,0,0.0,0.0,0.0,53,1,9,0,17,1,7,0,136,0,0.0,0,9,4,87,52,1
21,0,0.0,0.0,0.0,15,6,5,0,3,1,12,13,0,0,0.0,0,6,4,108,84,0
10,0,0.0,0.0,0.0,14,9,2,0,2,2,7,0,0,0,0.0,0,3,2,46,40,0
115,0,0.0,0.0,0.0,53,14,6,0,58,2,7,39,66,0,0.0,0,6,5,650,216,0
109,0,0.0,0.0,0.0,14,9,5,0,27,2,30,61,15,0,0.0,0,5,4,397,292,0
29,0,0.0,0.0,0.0,26,26,1,0,6,2,7,4,11,0,0.0,0,1,1,75,75,0
123,0,0.0,0.0,0.0,53,3,10,0,27,5,26,20,3,0,0.0,0,12,6,318,198,0
63,0,0.0,0.0,0.0,14,14,1,0,17,2,4,1,91,0,0.0,0,1,1,112,112,0
72,0,0.0,0.0,0.0,53,2,9,0,16,2,38,13,73,0,0.0,0,11,5,284,96,1
150,0,0.0,0.0,0.0,53,2,12,0,11,4,27,38,1,0,0.0,0,16,6,488,209,0
109,22,8.0,15.0,1.0,53,1,4,1,19,1,24,52,0,1,0.0,0,5,1,400,258,0
116,0,0.0,0.0,0.0,53,4,9,0,31,1,12,51,4,0,0.0,0,10,4,365,182,0
3,0,0.0,0.0,0.0,53,14,3,0,0,3,3,0,0,0,0.0,0,3,2,33,31,0
64,0,0.0,0.0,0.0,24,13,3,0,23,2,9,16,33,0,0.0,0,4,2,148,135,0
13,0,0.0,0.0,0.0,26,26,1,0,0,1,0,1,0,0,0.0,0,1,1,46,46,0
143,0,0.0,0.0,0.0,53,3,12,0,34,1,24,58,58,0,0.0,0,21,6,423,224,0
228,0,0.0,0.0,0.0,18,2,4,0,36,2,26,68,14,0,0.0,0,5,3,474,370,0
66,0,0.0,0.0,0.0,53,13,4,0,20,3,14,8,40,0,0.0,0,5,3,181,129,0
89,62,22.0,42.0,4.0,53,0,7,0,4,5,13,6,0,4,0.0,0,10,5,311,119,0
98,0,0.0,0.0,0.0,53,14,4,0,31,2,16,9,230,0,0.0,0,6,3,236,207,0
17,0,0.0,0.0,0.0,14,13,2,0,4,2,4,3,0,0,0.0,0,2,2,49,46,0
27,0,0.0,0.0,0.0,53,13,3,0,7,4,9,2,6,0,0.0,0,4,3,82,69,0
16,0,0.0,0.0,0.0,53,53,1,0,2,4,5,4,0,0,0.0,0,1,1,51,51,0
115,0,0.0,0.0,0.0,26,11,5,0,28,1,18,54,0,0,0.0,0,5,2,277,239,0
147,12,10.0,11.0,5.0,53,0,15,1,28,1,34,48,0,5,0.0,0,17,4,835,247,1
59,0,0.0,0.0,0.0,53,10,8,0,2,4,16,7,0,0,0.0,0,8,4,167,116,0
97,0,0.0,0.0,0.0,53,3,11,0,23,2,16,39,15,0,0.0,0,12,5,295,170,0
29,0,0.0,0.0,0.0,53,13,5,0,8,3,6,2,6,0,0.0,0,7,4,96,66,0
89,0,0.0,0.0,0.0,53,12,4,0,20,2,12,18,4,0,0.0,0,4,3,232,183,0
295,0,0.0,0.0,0.0,53,4,15,0,31,4,33,52,0,0,0.0,0,19,5,1292,436,1
255,0,0.0,0.0,0.0,53,6,8,0,38,2,11,8,17,0,0.0,0,8,2,612,254,0
37,0,0.0,0.0,0.0,53,10,6,0,16,2,5,7,11,0,0.0,0,7,4,342,150,0
98,0,0.0,0.0,0.0,14,12,4,0,33,2,10,5,234,0,0.0,0,4,2,205,169,0
170,0,0.0,0.0,0.0,53,7,8,0,18,2,23,37,1,0,0.0,0,11,4,535,174,0
113,0,0.0,0.0,0.0,53,13,3,0,37,3,15,16,226,0,0.0,0,6,4,309,196,0
50,0,0.0,0.0,0.0,24,13,5,0,19,3,8,11,14,0,0.0,0,6,2,131,118,0
69,0,0.0,0.0,0.0,53,5,13,0,16,2,11,18,21,0,0.0,0,14,4,518,181,1
232,0,0.0,0.0,0.0,53,3,10,0,40,2,33,63,0,0,0.0,0,16,4,791,434,1
44,10,2.0,6.0,19.0,53,0,7,1,10,2,7,12,1,19,0.0,0,8,6,131,86,0
63,0,0.0,0.0,0.0,53,9,6,0,11,2,18,22,0,0,0.0,0,9,4,306,144,0
122,0,0.0,0.0,0.0,53,6,13,0,6,5,25,15,1,0,0.0,0,16,6,514,235,0
66,33,5.0,19.0,19.0,53,0,9,1,18,2,9,20,6,19,0.0,0,9,5,249,109,0
14,0,0.0,0.0,0.0,14,13,2,0,3,1,2,2,1,0,0.0,0,2,1,58,49,0
93,10,2.0,6.0,19.0,53,0,6,1,24,2,15,27,4,19,0.0,0,8,5,630,188,0
107,0,0.0,0.0,0.0,53,8,7,0,29,2,15,16,191,0,0.0,0,8,3,314,231,0
15,0,0.0,0.0,0.0,53,12,6,0,13,1,4,0,78,0,0.0,0,6,4,63,56,1
98,0,0.0,0.0,0.0,53,4,6,0,30,2,12,14,222,0,0.0,0,6,3,307,188,0
7,0,0.0,0.0,0.0,14,11,7,0,0,1,0,0,0,0,0.0,0,7,2,72,34,0
4,0,0.0,0.0,0.0,14,11,4,0,1,1,2,2,0,0,0.0,0,4,2,44,31,0
92,0,0.0,0.0,0.0,53,6,10,0,3,6,17,7,3,0,0.0,0,12,6,334,179,1
14,0,0.0,0.0,0.0,24,24,1,0,2,1,9,4,1,0,0.0,0,1,1,61,61,0
44,0,0.0,0.0,0.0,53,53,1,0,6,2,8,22,1,0,0.0,0,1,1,100,100,0
107,0,0.0,0.0,0.0,14,12,5,0,29,4,9,10,262,0,0.0,0,5,2,213,181,0
207,44,30.0,37.0,15.0,53,1,19,1,36,2,35,72,0,15,0.0,0,20,6,903,438,0
38,0,0.0,0.0,0.0,53,14,4,0,5,5,7,12,3,0,0.0,0,4,4,303,190,0
33,0,0.0,0.0,0.0,18,5,5,0,3,4,9,1,1,0,0.0,0,6,4,127,101,0
120,0,0.0,0.0,0.0,53,8,6,0,22,3,9,22,20,0,0.0,0,6,4,227,214,0
38,0,0.0,0.0,0.0,53,9,10,0,1,4,14,5,0,0,0.0,0,11,4,175,102,0
34,0,0.0,0.0,0.0,53,14,2,0,13,2,5,2,20,0,0.0,0,3,2,103,93,0
57,0,0.0,0.0,0.0,53,12,5,0,4,2,17,12,0,0,0.0,0,5,4,160,107,0
228,0,0.0,0.0,0.0,14,2,7,0,61,1,28,79,15,0,0.0,0,10,4,544,451,0
66,0,0.0,0.0,0.0,9,2,5,0,13,1,14,29,15,0,0.0,0,5,1,193,142,0
78,0,0.0,0.0,0.0,53,3,12,0,18,1,16,25,31,0,0.0,0,15,5,368,157,1
55,0,0.0,0.0,0.0,14,9,3,0,16,2,5,15,8,0,0.0,0,3,2,107,101,0
59,0,0.0,0.0,0.0,14,13,2,0,15,2,10,11,10,0,0.0,0,2,1,143,78,0
110,0,0.0,0.0,0.0,53,8,6,0,12,6,10,14,4,0,0.0,0,8,5,494,322,0
24,0,0.0,0.0,0.0,53,14,2,0,6,2,7,0,9,0,0.0,0,2,2,74,69,0
278,0,0.0,0.0,0.0,53,5,10,0,4,6,32,18,1,0,0.0,0,12,5,738,493,1
51,0,0.0,0.0,0.0,14,4,2,0,14,2,6,2,69,0,0.0,0,2,2,143,97,0
52,0,0.0,0.0,0.0,14,13,3,0,17,2,6,0,21,0,0.0,0,3,2,119,84,0
64,0,0.0,0.0,0.0,20,20,0,0,11,1,8,15,0,0,0.0,0,1,1,127,127,0
66,0,0.0,0.0,0.0,53,53,1,0,14,1,4,13,0,0,0.0,0,1,1,112,112,0
87,0,0.0,0.0,0.0,53,6,15,0,11,4,20,19,0,0,0.0,0,18,6,368,121,0
54,0,0.0,0.0,0.0,26,26,1,0,12,2,12,26,0,0,0.0,0,1,1,109,109,0
50,17,7.0,12.0,19.0,53,0,4,1,13,2,3,25,0,19,0.0,0,4,3,117,92,0
126,0,0.0,0.0,0.0,53,11,19,0,25,1,28,62,7,0,0.0,0,20,6,477,270,1
63,0,0.0,0.0,0.0,53,14,5,0,19,1,8,24,36,0,0.0,0,7,3,144,91,0
134,0,0.0,0.0,0.0,26,10,6,0,2,2,19,8,1,0,0.0,0,7,3,404,185,0
3,0,0.0,0.0,0.0,53,14,3,0,0,3,3,0,0,0,0.0,0,3,2,33,31,0
13,0,0.0,0.0,0.0,53,14,2,0,2,3,4,2,0,0,0.0,0,2,2,47,46,0
79,0,0.0,0.0,0.0,53,10,7,0,3,2,13,5,0,0,0.0,0,7,3,247,149,0
17,0,0.0,0.0,0.0,53,10,2,0,4,5,9,6,1,0,0.0,0,4,3,72,62,0
50,0,0.0,0.0,0.0,53,12,3,0,13,1,3,1,66,0,0.0,0,4,3,122,113,0
3,0,0.0,0.0,0.0,14,11,2,0,0,2,1,0,0,0,0.0,0,3,2,33,29,0
4,0,0.0,0.0,0.0,14,12,3,0,1,1,2,2,0,0,0.0,0,3,1,36,27,0
147,12,-2.0,2.0,1.0,53,0,11,0,27,2,25,37,8,1,1.0,0,17,5,448,221,0
78,0,0.0,0.0,0.0,14,13,3,0,32,1,3,0,496,0,0.0,0,4,3,593,171,0
88,0,0.0,0.0,0.0,53,9,3,0,29,1,15,17,3,0,0.0,0,6,3,337,138,1
106,0,0.0,0.0,0.0,53,5,5,0,21,2,21,31,39,0,0.0,0,5,3,275,214,0
45,18,0.0,9.0,19.0,53,0,3,1,11,2,7,19,1,19,0.0,0,3,3,111,90,0
18,0,0.0,0.0,0.0,14,13,3,0,5,3,5,1,4,0,0.0,0,3,1,57,49,0
17,0,0.0,0.0,0.0,14,13,2,0,4,2,4,0,2,0,0.0,0,2,1,52,47,0
46,0,0.0,0.0,0.0,24,7,3,0,12,2,11,7,26,0,0.0,0,6,2,124,102,0
7,0,0.0,0.0,0.0,14,12,6,0,5,1,10,0,10,0,0.0,0,7,3,208,81,0
131,0,0.0,0.0,0.0,53,6,12,0,3,2,23,14,0,0,0.0,0,15,6,538,224,0
340,27,3.0,15.0,5.0,53,1,27,1,67,1,39,109,153,5,0.0,0,33,5,1800,643,1
38,45,-7.0,19.0,3.0,14,0,4,1,9,2,13,25,1,3,0.0,0,4,3,164,112,0
32,7,-1.0,3.0,19.0,53,0,4,1,7,2,6,14,1,19,0.0,0,4,3,91,75,0
438,0,0.0,0.0,0.0,53,9,14,0,152,1,39,123,35,0,0.0,0,16,5,1576,755,0
10,0,0.0,0.0,0.0,13,13,1,0,2,1,1,0,0,0,0.0,0,1,1,35,35,0
92,0,0.0,0.0,0.0,26,11,4,0,11,1,17,46,0,0,0.0,0,5,2,249,209,0
213,0,0.0,0.0,0.0,19,7,5,0,86,1,11,69,55,0,0.0,0,6,4,509,346,0
135,0,0.0,0.0,0.0,53,9,9,0,1,2,13,5,0,0,0.0,0,11,4,471,185,0
25,0,0.0,0.0,0.0,10,10,1,0,6,1,0,0,1,0,0.0,0,1,1,69,69,0
208,0,0.0,0.0,0.0,18,7,7,0,25,4,23,33,2,0,0.0,0,7,3,427,365,1
78,0,0.0,0.0,0.0,6,6,2,0,11,4,18,17,1,0,0.0,0,2,1,168,156,0
33,0,0.0,0.0,0.0,26,14,5,0,4,4,13,5,1,0,0.0,0,5,3,106,84,0
242,0,0.0,0.0,0.0,53,13,4,0,85,3,37,54,905,0,0.0,0,6,3,625,416,0
49,0,0.0,0.0,0.0,14,13,4,0,16,3,3,1,54,0,0.0,0,4,1,109,94,0
82,0,0.0,0.0,0.0,14,6,8,0,26,2,11,10,325,0,0.0,0,8,4,313,185,0
23,0,0.0,0.0,0.0,53,13,3,0,6,3,6,2,2,0,0.0,0,4,3,78,59,0
145,0,0.0,0.0,0.0,53,9,10,0,11,3,18,21,0,0,0.0,0,11,5,404,309,0
4,0,0.0,0.0,0.0,14,12,3,0,1,1,2,2,0,0,0.0,0,3,1,34,28,0
91,0,0.0,0.0,0.0,53,13,3,0,42,2,10,25,300,0,0.0,0,5,1,213,168,0
60,23,13.0,18.0,15.0,14,1,9,1,16,1,16,26,0,15,0.0,0,9,5,336,159,1
46,0,0.0,0.0,0.0,53,10,4,0,11,1,13,13,0,0,0.0,0,4,2,127,89,1
69,0,0.0,0.0,0.0,13,9,8,0,16,1,11,23,1,0,0.0,0,8,3,503,131,0
52,0,0.0,0.0,0.0,14,13,3,0,16,3,6,1,75,0,0.0,0,3,2,112,103,0
46,0,0.0,0.0,0.0,53,5,4,0,6,4,8,9,4,0,0.0,0,5,4,106,87,0
15,0,0.0,0.0,0.0,14,12,5,0,13,1,11,0,78,0,0.0,0,5,2,161,83,1
17,0,0.0,0.0,0.0,53,14,2,0,4,2,6,0,2,0,0.0,0,2,2,56,55,0
48,0,0.0,0.0,0.0,14,12,6,0,16,2,11,3,46,0,0.0,0,6,3,164,102,0
60,30,14.0,22.0,15.0,14,1,7,1,18,2,12,13,91,15,0.0,0,7,3,209,118,0
41,0,0.0,0.0,0.0,53,14,2,0,15,1,15,7,0,0,0.0,0,2,2,126,110,0
25,0,0.0,0.0,0.0,14,9,4,0,7,1,2,3,2,0,0.0,0,4,2,116,99,0
225,8,4.0,6.0,5.0,53,1,17,1,57,1,25,106,70,5,0.0,0,18,4,1022,315,0
87,3,1.0,2.0,4.0,53,0,17,0,15,4,24,14,9,4,0.0,0,20,6,358,216,0
31,0,0.0,0.0,0.0,53,14,2,0,5,1,1,10,8,0,0.0,0,2,2,76,75,0
40,21,3.0,12.0,19.0,53,0,4,1,21,2,13,15,1,19,0.0,0,5,4,172,115,0
26,0,0.0,0.0,0.0,53,13,4,0,7,3,6,3,6,0,0.0,0,6,4,90,66,0
11,0,0.0,0.0,0.0,14,12,4,0,3,1,2,2,1,0,0.0,0,4,2,51,40,0
109,0,0.0,0.0,0.0,14,12,5,0,30,3,8,17,98,0,0.0,0,5,3,225,171,0
46,0,0.0,0.0,0.0,14,12,5,0,14,2,10,13,91,0,0.0,0,5,1,135,103,0
176,0,0.0,0.0,0.0,53,3,11,0,50,2,23,7,894,0,0.0,0,12,3,614,356,0
32,0,0.0,0.0,0.0,13,12,3,0,10,2,5,5,0,0,0.0,0,3,2,88,76,0
54,0,0.0,0.0,0.0,53,5,10,0,22,1,17,23,0,0,0.0,0,11,5,189,123,0
146,0,0.0,0.0,0.0,14,13,2,0,46,2,11,10,102,0,0.0,0,2,1,250,242,0
49,3,1.0,2.0,4.0,26,0,10,0,10,2,22,12,1,4,0.0,0,13,6,223,104,0
130,20,12.0,16.0,15.0,53,1,19,1,28,2,15,39,91,15,0.0,0,19,4,435,180,0
3,0,0.0,0.0,0.0,14,14,1,0,1,1,1,0,0,0,0.0,0,1,1,32,32,0
84,0,0.0,0.0,0.0,19,14,1,0,20,1,5,9,100,0,0.0,0,2,2,158,154,0
24,0,0.0,0.0,0.0,14,13,3,0,6,2,8,0,9,0,0.0,0,3,1,67,53,0
102,0,0.0,0.0,0.0,14,5,8,0,36,2,23,20,120,0,0.0,0,9,4,379,200,0
16,0,0.0,0.0,0.0,14,14,1,0,4,2,1,0,0,0,0.0,0,1,1,49,49,1
25,72,72.0,72.0,15.0,1,1,1,1,4,2,5,1,0,15,0.0,0,1,1,72,72,0
19,0,0.0,0.0,0.0,53,12,3,0,2,6,10,8,0,0,0.0,0,6,4,71,59,0
81,27,17.0,22.0,15.0,13,1,3,1,21,1,12,20,43,15,0.0,0,3,2,223,180,0
36,0,0.0,0.0,0.0,14,13,2,0,10,1,3,1,0,0,0.0,0,2,1,68,65,0
85,0,0.0,0.0,0.0,14,13,2,0,24,3,5,0,170,0,0.0,0,2,1,189,176,0
148,0,0.0,0.0,0.0,18,5,9,0,16,3,17,17,4,0,0.0,0,10,3,365,203,0
42,0,0.0,0.0,0.0,18,8,3,0,11,2,7,13,0,0,0.0,0,3,2,116,93,0
208,0,0.0,0.0,0.0,53,10,12,0,15,4,26,16,1,0,0.0,0,14,5,548,348,0
401,0,0.0,0.0,0.0,53,6,17,0,10,7,35,24,1,0,0.0,0,20,7,1327,576,0
191,0,0.0,0.0,0.0,53,8,6,0,44,2,20,59,11,0,0.0,0,6,2,399,310,1
26,0,0.0,0.0,0.0,53,6,5,0,6,3,9,5,9,0,0.0,0,5,3,85,67,0
14,0,0.0,0.0,0.0,53,6,7,0,2,1,1,0,1,0,0.0,0,7,3,92,43,0
6,0,0.0,0.0,0.0,14,12,4,0,4,1,7,0,6,0,0.0,0,4,1,124,62,0
73,0,0.0,0.0,0.0,53,8,6,0,2,5,13,8,0,0,0.0,0,7,5,221,119,0
110,0,0.0,0.0,0.0,19,3,5,0,25,1,5,32,8,0,0.0,0,5,3,216,130,0
247,0,0.0,0.0,0.0,3,3,0,0,57,2,8,73,8,0,0.0,0,1,1,376,376,0
73,0,0.0,0.0,0.0,17,14,2,0,7,1,9,25,1,0,0.0,0,2,2,138,126,0
84,0,0.0,0.0,0.0,53,7,9,0,3,4,14,5,0,0,0.0,0,10,5,307,114,0
118,0,0.0,0.0,0.0,13,8,10,0,36,1,25,31,30,0,0.0,0,11,4,660,281,0
27,0,0.0,0.0,0.0,59,20,3,0,10,2,7,6,0,0,0.0,0,3,2,99,86,0
42,0,0.0,0.0,0.0,33,20,2,0,7,1,11,19,4,0,0.0,0,2,2,144,143,1
95,20,-2.0,4.0,42.5,59,3,19,0,4,4,17,9,0,44,0.6098,0,25,6,356,165,0
9,0,0.0,0.0,0.0,20,11,5,0,7,1,10,0,21,0,0.0,0,6,3,138,57,1
136,0,0.0,0.0,0.0,9,9,0,0,36,2,7,22,0,0,0.0,0,1,1,197,197,0
59,0,0.0,0.0,0.0,20,16,3,0,16,2,5,0,104,0,0.0,0,3,2,135,116,0
57,0,0.0,0.0,0.0,59,20,3,0,18,1,10,17,0,0,0.0,0,6,3,306,123,0
152,7,5.0,6.0,1.0,59,1,19,1,30,2,41,43,0,1,0.0,0,22,5,621,244,0
107,0,0.0,0.0,0.0,59,18,7,0,22,1,9,34,31,0,0.0,0,8,4,352,200,0
23,0,0.0,0.0,0.0,59,20,3,0,6,2,6,2,2,0,0.0,0,4,3,79,59,0
269,0,0.0,0.0,0.0,59,12,11,0,53,2,38,54,7,0,0.0,0,14,4,692,461,1
3,0,0.0,0.0,0.0,59,20,3,0,0,3,3,0,0,0,0.0,0,3,2,33,28,0
41,0,0.0,0.0,0.0,59,13,12,0,23,2,9,20,0,0,0.0,0,13,5,408,135,0
272,6,2.0,4.0,4.0,59,2,10,0,94,2,31,47,1311,4,0.0,0,17,6,823,544,0
44,0,0.0,0.0,0.0,23,16,4,0,1,4,12,4,0,0,0.0,0,5,4,119,108,0
4,2,0.0,1.0,18.0,20,3,2,0,1,1,2,2,0,18,0.0,0,3,2,36,27,0
12,0,0.0,0.0,0.0,20,12,5,0,10,1,14,0,45,0,0.0,0,5,3,165,72,0
11,5,-5.0,0.0,44.0,59,3,2,0,3,4,5,0,1,44,0.0,0,4,3,69,50,0
89,0,0.0,0.0,0.0,20,19,5,0,27,2,8,3,260,0,0.0,0,5,2,171,154,0
13,0,0.0,0.0,0.0,18,18,1,0,4,1,3,2,0,0,0.0,0,1,1,36,36,0
175,68,-4.5,6.25,34.0,59,0,14,0,3,3,24,17,0,41,1.1651,0,20,6,706,282,0
11,37,37.0,37.0,4.0,2,2,0,0,2,1,0,3,0,4,0.0,0,1,1,37,37,0
45,0,0.0,0.0,0.0,20,14,4,0,11,2,8,19,0,0,0.0,0,4,2,112,93,0
401,0,0.0,0.0,0.0,30,7,11,0,82,2,37,116,211,0,0.0,0,13,4,872,666,0
131,0,0.0,0.0,0.0,30,20,3,0,40,1,12,21,205,0,0.0,0,3,2,234,216,1
60,0,0.0,0.0,0.0,59,18,4,0,19,1,2,6,57,0,0.0,0,4,3,154,110,0
28,0,0.0,0.0,0.0,30,15,6,0,5,1,7,15,3,0,0.0,0,6,5,133,65,0
48,0,0.0,0.0,0.0,19,18,5,0,14,1,13,23,0,0,0.0,0,5,2,293,186,1
175,0,0.0,0.0,0.0,15,10,4,0,43,1,11,63,0,0,0.0,0,4,1,388,196,0
401,61,0.25,7.75,40.5,59,0,11,0,3,7,36,19,0,44,1.598,0,16,6,962,711,0
80,7,0.33,1.33,30.0,59,1,15,0,5,4,18,16,3,44,1.5567,0,20,6,304,154,0
79,0,0.0,0.0,0.0,59,17,2,0,27,2,10,17,47,0,0.0,0,3,2,151,145,0
78,0,0.0,0.0,0.0,20,11,5,0,25,2,14,19,45,0,0.0,0,6,3,247,122,0
8,0,0.0,0.0,0.0,59,15,4,0,1,2,5,2,0,0,0.0,0,4,3,56,45,0
21,0,0.0,0.0,0.0,59,10,4,0,7,2,7,2,6,0,0.0,0,4,2,72,65,0
65,0,0.0,0.0,0.0,59,15,6,0,11,2,18,20,0,0,0.0,0,8,3,224,144,0
17,0,0.0,0.0,0.0,59,59,1,0,4,2,4,0,2,0,0.0,0,1,1,52,52,0
43,7,0.5,2.0,38.5,59,0,4,0,5,4,6,7,3,40,0.9852,0,7,5,110,94,0
14,0,0.0,0.0,0.0,20,16,7,0,12,1,13,0,66,0,0.0,0,9,3,223,96,1
17,0,0.0,0.0,0.0,13,11,1,0,4,2,10,1,0,0,0.0,0,2,2,80,62,0
332,26,-1.0,2.75,31.0,59,0,15,0,5,6,29,18,0,41,1.8451,0,19,6,832,506,1
107,0,0.0,0.0,0.0,20,10,4,0,32,2,10,17,222,0,0.0,0,4,4,255,163,0
90,0,0.0,0.0,0.0,30,20,2,0,27,1,7,14,137,0,0.0,0,2,2,157,156,0
267,22,-1.0,2.25,31.0,59,0,8,0,3,7,24,14,0,41,1.9495,0,13,6,603,483,0
27,0,0.0,0.0,0.0,59,19,3,0,7,1,1,1,15,0,0.0,0,3,1,71,59,0
31,0,0.0,0.0,0.0,19,19,2,0,8,2,5,0,20,0,0.0,0,2,2,130,125,0
23,0,0.0,0.0,0.0,20,19,2,0,8,2,4,0,3,0,0.0,0,2,1,63,58,0
34,0,0.0,0.0,0.0,59,20,2,0,12,1,10,9,0,0,0.0,0,2,2,97,92,1
3,0,0.0,0.0,0.0,59,20,3,0,0,3,3,0,0,0,0.0,0,3,2,33,31,0
10,0,0.0,0.0,0.0,20,17,3,0,2,3,2,0,0,0,0.0,0,3,2,38,25,0
17,0,0.0,0.0,0.0,20,18,3,0,4,2,3,0,2,0,0.0,0,3,1,52,46,0
126,0,0.0,0.0,0.0,20,11,6,0,35,1,10,34,153,0,0.0,0,6,4,327,115,0
33,0,0.0,0.0,0.0,59,18,2,0,13,1,1,2,2,0,0.0,0,3,3,74,72,0
62,33,7.0,20.0,5.0,13,5,1,0,12,3,6,6,0,5,0.0,0,2,2,149,116,0
176,8,0.67,1.67,31.67,59,0,9,0,4,2,20,16,1,40,1.4056,0,15,5,512,263,0
84,22,-2.67,2.33,34.33,59,3,9,0,9,3,15,19,15,44,1.5285,0,15,5,401,221,0
153,15,-1.5,3.0,42.5,59,3,8,0,1,4,17,9,0,44,0.7219,0,11,4,600,211,0
269,8,4.0,6.0,1.0,20,1,9,1,68,2,32,72,13,1,0.0,0,9,4,559,411,0
27,0,0.0,0.0,0.0,20,20,1,0,7,2,7,2,15,0,0.0,0,1,1,73,73,0
130,60,-4.5,5.25,34.0,59,0,15,0,3,3,21,14,0,41,1.2568,0,22,6,627,234,0
210,0,0.0,0.0,0.0,59,6,11,0,54,2,28,76,13,0,0.0,0,13,4,507,232,0
188,23,0.5,6.0,38.5,24,0,3,0,16,2,17,21,0,40,0.9986,0,6,3,335,291,0
93,21,2.5,6.5,38.5,59,0,5,0,1,3,17,12,0,40,0.7919,0,8,5,252,194,0
33,0,0.0,0.0,0.0,21,10,3,0,6,1,4,8,3,0,0.0,0,3,2,134,84,0
6,2,0.0,1.0,18.0,19,3,3,0,1,1,2,2,0,18,0.0,0,4,2,125,41,0
11,0,0.0,0.0,0.0,33,33,1,0,0,1,0,0,0,0,0.0,0,1,1,41,41,0
15,2,0.0,1.0,44.0,17,3,1,0,3,6,7,4,3,44,0.0,0,2,2,51,49,0
42,0,0.0,0.0,0.0,20,19,2,0,14,2,2,1,35,0,0.0,0,2,1,89,86,0
10,0,0.0,0.0,0.0,59,20,2,0,3,3,2,0,1,0,0.0,0,2,2,43,40,0
10,0,0.0,0.0,0.0,59,20,2,0,3,3,2,0,1,0,0.0,0,2,2,43,40,0
104,0,0.0,0.0,0.0,59,9,7,0,17,2,22,35,0,0,0.0,0,10,4,332,223,0
23,0,0.0,0.0,0.0,59,20,3,0,6,3,6,2,2,0,0.0,0,4,3,79,59,0
64,0,0.0,0.0,0.0,20,6,5,0,18,1,6,17,0,0,0.0,0,5,2,214,193,0
147,67,-4.75,6.0,34.0,59,0,13,0,3,3,24,17,0,41,1.1758,0,19,6,659,262,0
8,0,0.0,0.0,0.0,59,20,2,0,2,4,0,0,1,0,0.0,0,2,2,33,31,0
27,0,0.0,0.0,0.0,20,13,11,0,25,1,14,0,300,0,0.0,0,11,5,300,126,1
3,0,0.0,0.0,0.0,59,20,3,0,0,2,4,0,0,0,0.0,0,3,2,35,32,0
50,2,0.0,1.0,44.0,13,3,1,0,1,4,8,2,0,44,0.0,0,2,2,103,101,0
31,0,0.0,0.0,0.0,59,20,4,0,8,3,4,0,20,0,0.0,0,4,3,73,51,0
13,85,12.75,17.0,26.75,3,3,0,0,1,2,5,0,0,44,1.368,0,4,2,85,52,0
60,0,0.0,0.0,0.0,59,18,4,0,8,5,7,10,8,0,0.0,0,5,2,134,111,0
153,0,0.0,0.0,0.0,59,7,12,0,45,3,17,59,208,0,0.0,0,13,5,438,186,1
45,0,0.0,0.0,0.0,59,14,5,0,16,1,2,23,15,0,0.0,0,7,3,178,135,0
18,0,0.0,0.0,0.0,10,6,3,0,3,2,6,9,1,0,0.0,0,3,2,72,53,0
166,0,0.0,0.0,0.0,10,9,1,0,37,2,22,50,45,0,0.0,0,2,1,312,304,0
60,0,0.0,0.0,0.0,59,13,16,0,16,3,15,20,91,0,0.0,0,18,5,511,157,1
108,11,0.5,3.0,38.5,59,0,10,0,5,3,22,28,1,40,0.994,0,14,5,382,219,0
18,0,0.0,0.0,0.0,20,19,3,0,5,3,5,1,4,0,0.0,0,3,1,57,49,0
128,0,0.0,0.0,0.0,20,19,2,0,36,2,5,6,402,0,0.0,0,2,1,299,252,0
27,0,0.0,0.0,0.0,13,13,1,0,5,2,11,12,4,0,0.0,0,1,1,75,75,0
8,34,34.0,34.0,41.0,3,3,0,0,1,1,0,0,0,41,0.0,0,1,1,34,34,0
41,16,5.33,5.33,40.67,59,0,3,0,1,1,0,0,0,44,1.5,0,7,2,130,96,0
27,0,0.0,0.0,0.0,59,20,3,0,7,4,9,2,6,0,0.0,0,4,3,85,69,0
10,0,0.0,0.0,0.0,20,20,2,0,2,3,3,0,0,0,0.0,0,2,1,39,35,0
63,0,0.0,0.0,0.0,59,15,6,0,11,2,18,21,0,0,0.0,0,8,3,267,144,0
20,0,0.0,0.0,0.0,59,14,3,0,7,1,3,7,3,0,0.0,0,3,2,91,54,0
66,0,0.0,0.0,0.0,59,20,5,0,18,3,12,6,100,0,0.0,0,5,3,148,122,0
111,0,0.0,0.0,0.0,59,14,4,0,37,1,9,35,0,0,0.0,0,5,2,401,213,0
10,0,0.0,0.0,0.0,59,18,3,0,3,3,2,0,1,0,0.0,0,3,3,44,40,0
21,0,0.0,0.0,0.0,40,18,5,0,5,1,2,10,3,0,0.0,0,5,4,78,54,0
63,26,-0.67,4.0,41.67,59,3,10,0,4,5,18,10,1,44,1.3994,0,13,5,241,119,0
58,25,-1.0,3.67,41.67,59,3,7,0,4,5,16,8,1,44,1.4041,0,11,5,225,114,0
3,0,0.0,0.0,0.0,59,20,3,0,0,2,3,0,0,0,0.0,0,3,2,33,31,0
38,5,-5.0,0.0,44.0,59,3,6,0,2,6,13,10,0,44,0.0,0,9,4,163,112,0
35,0,0.0,0.0,0.0,20,19,2,0,14,2,5,0,12,0,0.0,0,2,1,94,86,0
88,0,0.0,0.0,0.0,59,15,7,0,1,3,14,8,0,0,0.0,0,8,5,255,195,0
235,46,-6.0,8.5,5.5,59,1,19,2,55,2,34,99,66,9,0.9781,0,23,7,822,411,0
11,0,0.0,0.0,0.0,59,20,2,0,2,4,0,0,0,0,0.0,0,2,2,40,33,0
81,0,0.0,0.0,0.0,59,11,12,0,23,2,17,20,136,0,0.0,0,15,6,467,178,1
9,0,0.0,0.0,0.0,20,18,3,0,2,1,1,0,0,0,0.0,0,3,1,41,37,0
110,0,0.0,0.0,0.0,59,11,11,0,24,2,25,23,0,0,0.0,0,13,4,446,264,0
25,0,0.0,0.0,0.0,59,10,7,0,6,2,9,2,11,0,0.0,0,7,3,94,75,0
50,0,0.0,0.0,0.0,10,9,1,0,8,1,5,10,0,0,0.0,0,2,1,218,110,0
37,7,0.5,2.0,38.5,59,0,6,0,7,4,9,11,15,40,0.9852,0,9,5,116,79,0
90,19,3.5,6.5,38.5,59,0,8,0,1,2,14,4,0,40,0.6292,0,13,5,349,176,0
146,0,0.0,0.0,0.0,59,11,10,0,32,2,12,17,171,0,0.0,0,11,4,550,300,0
160,0,0.0,0.0,0.0,59,19,5,0,40,1,2,15,0,0,0.0,0,7,3,418,282,0
91,37,-0.5,9.0,29.5,59,3,9,0,16,2,33,25,15,41,0.9995,0,11,4,361,175,0
257,3,-1.0,1.0,2.0,32,2,4,0,8,2,23,16,0,2,0.0,0,6,3,416,271,0
66,0,0.0,0.0,0.0,20,18,3,0,19,3,4,1,135,0,0.0,0,3,2,133,124,0
30,0,0.0,0.0,0.0,20,7,5,0,1,1,0,0,0,0,0.0,0,7,3,277,244,0
509,0,0.0,0.0,0.0,59,7,10,0,143,1,44,22,0,0,0.0,0,11,3,780,401,1
66,0,0.0,0.0,0.0,24,14,4,0,3,3,5,6,1,0,0.0,0,5,4,165,80,0
38,0,0.0,0.0,0.0,59,6,3,0,8,2,9,12,1,0,0.0,0,3,3,93,79,0
54,0,0.0,0.0,0.0,16,14,2,0,16,1,4,19,0,0,0.0,0,2,2,225,161,0
53,0,0.0,0.0,0.0,59,20,4,0,4,2,15,11,0,0,0.0,0,5,3,207,107,0
18,0,0.0,0.0,0.0,20,19,3,0,5,3,5,1,4,0,0.0,0,3,1,57,49,0
79,0,0.0,0.0,0.0,59,59,1,0,20,1,3,25,5,0,0.0,0,1,1,178,178,0
174,0,0.0,0.0,0.0,27,12,4,0,36,2,18,62,15,0,0.0,0,6,4,388,341,1
143,0,0.0,0.0,0.0,59,8,9,0,32,3,13,44,105,0,0.0,0,13,7,928,532,1
41,0,0.0,0.0,0.0,10,10,1,0,9,1,6,22,0,0,0.0,0,1,1,103,103,0
55,0,0.0,0.0,0.0,19,16,8,0,14,1,16,23,0,0,0.0,0,9,3,320,163,1
3,0,0.0,0.0,0.0,30,30,1,0,1,1,1,0,0,0,0.0,0,1,1,26,26,0
32,0,0.0,0.0,0.0,59,20,2,0,10,2,6,8,28,0,0.0,0,2,2,105,104,0
11,0,0.0,0.0,0.0,19,15,3,0,1,4,5,3,0,0,0.0,0,3,2,83,44,0
3,0,0.0,0.0,0.0,59,20,3,0,0,3,2,0,0,0,0.0,0,3,2,31,29,0
3,0,0.0,0.0,0.0,59,20,3,0,0,3,3,0,0,0,0.0,0,3,2,33,28,0
27,0,0.0,0.0,0.0,19,10,2,0,5,2,4,6,6,0,0.0,0,2,2,113,101,0
32,0,0.0,0.0,0.0,59,18,4,0,9,2,5,2,32,0,0.0,0,4,2,86,72,0
39,0,0.0,0.0,0.0,21,9,6,0,6,2,7,14,1,0,0.0,0,8,3,604,222,0
94,7,0.5,2.0,38.5,59,0,2,0,6,3,7,5,2,40,0.9852,0,5,4,176,165,0
77,0,0.0,0.0,0.0,20,19,2,0,22,2,4,2,170,0,0.0,0,2,1,139,134,0
44,0,0.0,0.0,0.0,20,11,6,0,14,2,8,12,78,0,0.0,0,7,3,176,111,0
79,0,0.0,0.0,0.0,20,18,4,0,27,2,8,18,44,0,0.0,0,5,4,151,124,0
72,0,0.0,0.0,0.0,59,10,10,0,22,4,12,6,168,0,0.0,0,11,5,202,152,0
243,0,0.0,0.0,0.0,47,20,2,0,67,2,15,57,0,0,0.0,0,3,2,323,318,0
60,0,0.0,0.0,0.0,8,8,1,0,19,2,7,12,6,0,0.0,0,1,1,114,114,0
29,0,0.0,0.0,0.0,59,27,3,0,8,2,16,7,0,0,0.0,0,3,2,91,83,0
45,0,0.0,0.0,0.0,20,19,2,0,14,2,10,16,0,0,0.0,0,3,2,107,100,0
81,0,0.0,0.0,0.0,30,14,9,0,19,2,13,15,105,0,0.0,0,9,3,245,199,0
396,0,0.0,0.0,0.0,20,7,10,0,97,1,29,65,0,0,0.0,0,11,4,1071,539,0
70,0,0.0,0.0,0.0,14,14,2,0,15,1,1,17,48,0,0.0,0,2,1,197,132,0
183,48,0.0,24.0,18.0,20,3,2,0,52,3,5,0,1080,18,0.0,0,4,3,417,354,0
3,0,0.0,0.0,0.0,59,20,3,0,0,2,4,0,0,0,0.0,0,3,2,35,32,0
90,10,10.0,10.0,2.0,20,0,1,0,37,3,7,2,224,2,0.0,0,2,2,166,156,0
525,2,0.0,1.0,2.0,20,4,16,0,131,1,53,146,121,2,0.0,0,21,4,1349,718,1
23,0,0.0,0.0,0.0,59,6,5,0,7,2,5,11,1,0,0.0,0,5,4,93,61,0
234,0,0.0,0.0,0.0,20,20,1,0,54,1,15,125,66,0,0.0,0,2,2,414,411,0
39,9,-2.5,1.0,25.0,59,3,11,0,7,5,19,21,0,44,0.7642,0,14,4,188,90,0
27,0,0.0,0.0,0.0,59,14,3,0,2,5,7,5,0,0,0.0,0,6,4,97,67,0
305,3,-1.0,1.0,4.0,30,2,11,0,98,1,39,82,39,4,0.0,0,19,4,909,338,1
17,0,0.0,0.0,0.0,20,20,1,0,4,2,3,0,2,0,0.0,0,1,1,51,51,0
33,0,0.0,0.0,0.0,59,6,6,0,8,2,7,10,1,0,0.0,0,7,5,97,71,0
138,20,1.0,5.5,21.5,59,3,15,1,8,3,32,32,4,41,0.6098,0,17,5,422,271,0
37,0,0.0,0.0,0.0,20,18,5,0,14,2,5,3,8,0,0.0,0,5,1,140,112,0
190,0,0.0,0.0,0.0,20,6,12,0,55,1,24,80,156,0,0.0,0,14,4,1062,699,0
145,8,0.0,1.33,39.33,24,0,8,0,14,2,26,29,21,41,1.5613,0,12,5,601,439,0
18,4,0.0,2.0,18.0,20,3,5,0,6,1,2,4,0,18,0.0,0,6,2,94,49,0
4,2,0.0,1.0,18.0,20,3,3,0,1,1,2,2,0,18,0.0,0,4,2,46,35,0
44,2,0.0,1.0,3.0,59,0,4,1,10,2,5,18,0,3,0.0,0,4,2,85,78,0
99,35,3.5,10.5,29.5,59,3,10,0,33,1,11,36,26,41,0.7755,0,14,3,562,184,0
49,0,0.0,0.0,0.0,20,19,3,0,12,3,8,0,40,0,0.0,0,3,2,133,113,0
83,0,0.0,0.0,0.0,30,16,5,0,25,2,12,4,127,0,0.0,0,5,3,197,155,0
8,0,0.0,0.0,0.0,59,18,3,0,2,2,5,1,1,0,0.0,0,3,2,45,42,0
63,0,0.0,0.0,0.0,20,19,5,0,18,3,6,4,96,0,0.0,0,5,2,163,116,0
242,8,0.0,1.33,39.33,59,0,9,0,10,6,28,15,6,41,1.5613,0,17,6,1937,871,0
66,0,0.0,0.0,0.0,33,20,6,0,20,1,6,7,73,0,0.0,0,6,4,483,136,0
87,0,0.0,0.0,0.0,59,20,5,0,21,2,13,24,55,0,0.0,0,6,3,260,164,1
162,18,0.0,1.8,33.6,59,0,12,0,9,3,28,14,1,44,2.3083,0,18,6,482,334,0
394,69,-4.5,15.0,38.5,59,0,30,0,47,2,32,51,14,40,0.8685,0,37,7,1981,553,0
88,16,0.67,3.0,29.33,59,1,11,0,6,4,18,21,1,44,1.4197,0,16,6,363,96,0
67,67,12.5,23.0,2.5,59,1,8,0,9,2,11,5,0,3,0.1936,0,11,4,486,140,0
43,8,0.0,4.0,18.0,20,3,4,0,12,3,7,0,37,18,0.0,0,5,4,130,79,0
15,0,0.0,0.0,0.0,20,7,8,0,13,1,16,0,78,0,0.0,0,8,3,272,87,0
37,0,0.0,0.0,0.0,30,16,7,0,13,1,10,11,58,0,0.0,0,8,5,147,118,0
66,0,0.0,0.0,0.0,59,20,7,0,18,3,11,2,135,0,0.0,0,7,3,258,139,0
84,0,0.0,0.0,0.0,57,20,2,0,5,4,5,3,0,0,0.0,0,3,3,144,140,0
66,0,0.0,0.0,0.0,59,20,4,0,20,2,13,8,40,0,0.0,0,5,3,198,150,0
123,0,0.0,0.0,0.0,20,19,6,0,38,4,7,11,417,0,0.0,0,6,3,273,207,1
27,0,0.0,0.0,0.0,59,20,3,0,7,2,9,2,6,0,0.0,0,4,3,85,69,0
164,0,0.0,0.0,0.0,59,15,15,0,50,1,28,73,19,0,0.0,0,18,7,515,236,0
12,5,-5.0,0.0,44.0,23,3,2,0,3,5,8,4,0,44,0.0,0,3,3,63,54,0
68,0,0.0,0.0,0.0,20,19,3,0,25,3,8,11,44,0,0.0,0,3,2,193,98,0
69,0,0.0,0.0,0.0,59,20,4,0,20,3,14,9,40,0,0.0,0,5,3,184,132,0
24,0,0.0,0.0,0.0,59,17,2,0,8,3,9,4,11,0,0.0,0,3,2,78,74,0
108,0,0.0,0.0,0.0,59,14,5,0,48,2,13,31,96,0,0.0,0,7,3,329,164,0
122,0,0.0,0.0,0.0,59,20,4,0,32,2,7,32,25,0,0.0,0,4,3,209,202,0
8,0,0.0,0.0,0.0,20,19,2,0,2,1,1,0,0,0,0.0,0,2,1,38,35,0
96,0,0.0,0.0,0.0,20,17,4,0,28,2,8,13,176,0,0.0,0,4,3,186,151,0
67,6,-4.0,1.0,44.0,59,3,4,0,16,5,16,26,4,44,0.0,0,6,3,180,138,0
24,7,0.5,2.0,38.5,59,0,1,0,4,4,6,7,1,40,0.9852,0,3,2,71,64,0
92,0,0.0,0.0,0.0,59,15,6,0,23,1,16,40,17,0,0.0,0,8,4,216,157,0
4,0,0.0,0.0,0.0,59,20,2,0,1,1,5,1,0,0,0.0,0,2,2,41,36,0
189,36,-1.0,4.0,40.5,59,0,14,0,13,5,29,32,6,44,1.4127,0,21,7,568,239,0
164,6,0.0,3.0,44.0,59,3,12,0,7,4,16,8,0,44,0.0,0,14,5,636,304,0
45,0,0.0,0.0,0.0,59,18,3,0,8,1,6,22,0,0,0.0,0,4,4,106,102,0
160,0,0.0,0.0,0.0,20,18,4,0,43,2,7,0,833,0,0.0,0,4,2,271,241,0
85,0,0.0,0.0,0.0,19,12,7,0,24,1,23,34,0,0,0.0,0,8,5,256,153,1
12,0,0.0,0.0,0.0,20,20,1,0,3,1,0,3,3,0,0.0,0,1,1,45,45,0
52,0,0.0,0.0,0.0,59,10,3,0,9,1,7,17,0,0,0.0,0,3,1,120,101,0
29,0,0.0,0.0,0.0,59,20,4,0,8,2,6,2,6,0,0.0,0,5,3,90,69,0
359,4,0.0,2.0,4.0,25,2,16,0,130,1,44,125,62,4,0.0,0,20,7,1016,556,1
66,0,0.0,0.0,0.0,20,19,4,0,18,4,5,0,135,0,0.0,0,4,1,129,114,0
16,0,0.0,0.0,0.0,20,12,5,0,14,1,18,0,91,0,0.0,0,6,4,275,99,1
392,2,0.0,1.0,2.0,27,4,5,0,107,2,23,83,116,2,0.0,0,9,2,757,565,1
66,0,0.0,0.0,0.0,20,19,4,0,18,3,6,0,135,0,0.0,0,4,1,134,119,0
12,0,0.0,0.0,0.0,59,14,3,0,1,5,4,3,0,0,0.0,0,4,2,59,45,0
7,2,0.0,1.0,18.0,20,3,5,0,4,1,2,2,1,18,0.0,0,6,2,57,42,0
4,2,0.0,1.0,18.0,20,3,5,0,1,1,2,2,0,18,0.0,0,6,2,43,26,0
84,0,0.0,0.0,0.0,19,13,8,0,26,1,14,32,0,0,0.0,0,9,4,354,197,1
32,0,0.0,0.0,0.0,59,17,5,0,9,2,7,4,28,0,0.0,0,5,3,92,58,0
19,0,0.0,0.0,0.0,59,7,9,0,17,1,7,0,136,0,0.0,0,9,4,87,52,1
21,0,0.0,0.0,0.0,21,13,5,0,3,1,12,13,0,0,0.0,0,6,4,108,84,0
10,0,0.0,0.0,0.0,20,15,2,0,2,2,7,0,0,0,0.0,0,3,2,46,40,0
115,0,0.0,0.0,0.0,59,20,6,0,58,2,7,39,66,0,0.0,0,6,5,650,216,0
109,0,0.0,0.0,0.0,20,15,5,0,27,2,30,61,15,0,0.0,0,5,4,397,292,0
41,39,12.33,12.67,34.33,32,3,1,0,6,2,14,4,11,44,0.8558,0,4,2,114,75,0
123,16,0.0,2.67,30.33,59,2,10,0,27,5,25,20,3,44,1.5052,0,15,6,334,198,0
63,0,0.0,0.0,0.0,20,20,1,0,17,2,4,1,91,0,0.0,0,1,1,112,112,0
72,2,0.0,1.0,2.0,59,1,10,1,16,2,38,13,73,2,0.0,0,12,5,286,96,0
148,40,-1.6,3.2,33.4,59,0,12,0,11,4,28,40,1,44,2.2467,0,21,6,528,209,0
109,0,0.0,0.0,0.0,59,7,4,0,19,1,24,52,0,0,0.0,0,5,1,400,258,0
116,0,0.0,0.0,0.0,59,10,9,0,31,1,12,51,4,0,0.0,0,10,4,365,182,0
3,0,0.0,0.0,0.0,59,20,3,0,0,3,3,0,0,0,0.0,0,3,2,33,31,0
64,0,0.0,0.0,0.0,30,20,3,0,23,2,9,16,33,0,0.0,0,4,2,148,135,0
13,0,0.0,0.0,0.0,33,33,1,0,0,1,0,1,0,0,0.0,0,1,1,46,46,0
143,0,0.0,0.0,0.0,59,10,12,0,34,1,24,58,58,0,0.0,0,21,6,423,224,1
228,0,0.0,0.0,0.0,24,9,4,0,36,2,26,68,14,0,0.0,0,5,3,474,370,0
66,0,0.0,0.0,0.0,59,20,4,0,20,3,14,8,40,0,0.0,0,5,3,181,129,0
90,18,1.33,3.67,16.33,59,0,7,0,4,5,13,6,0,37,1.4153,0,13,5,329,119,0
98,0,0.0,0.0,0.0,59,20,4,0,31,2,16,9,230,0,0.0,0,6,3,236,207,0
17,0,0.0,0.0,0.0,20,19,2,0,4,2,4,3,0,0,0.0,0,2,2,49,46,0
27,0,0.0,0.0,0.0,59,20,3,0,7,4,9,2,6,0,0.0,0,4,3,82,69,0
16,7,0.5,2.0,38.5,59,0,1,0,2,4,5,4,0,40,0.9852,0,3,2,58,51,0
115,0,0.0,0.0,0.0,33,18,5,0,28,1,18,54,0,0,0.0,0,5,2,277,239,0
147,0,0.0,0.0,0.0,59,6,15,0,28,1,34,48,0,0,0.0,0,17,4,835,247,1
59,6,0.0,3.0,44.0,59,3,8,0,2,4,16,7,0,44,0.0,0,9,5,173,116,0
97,0,0.0,0.0,0.0,59,9,11,0,23,2,16,39,15,0,0.0,0,12,5,295,170,0
29,0,0.0,0.0,0.0,59,20,5,0,8,3,6,2,6,0,0.0,0,7,4,96,66,0
88,47,-1.5,11.0,38.5,59,0,4,0,20,2,11,18,4,40,0.4199,0,6,4,279,183,0
296,24,0.4,2.6,32.6,59,0,16,1,31,4,33,52,0,44,2.103,0,24,6,1316,436,0
255,0,0.0,0.0,0.0,59,12,8,0,38,2,11,8,17,0,0.0,0,8,2,612,254,0
37,2,0.0,1.0,41.0,59,3,6,0,16,2,5,7,11,41,0.0,0,8,4,344,150,0
98,0,0.0,0.0,0.0,20,18,4,0,33,2,10,5,234,0,0.0,0,4,2,205,169,0
174,51,2.33,9.67,20.67,59,1,8,0,19,2,24,37,7,41,1.5515,0,14,4,586,174,0
113,0,0.0,0.0,0.0,59,20,3,0,37,3,15,16,226,0,0.0,0,6,4,309,196,0
50,0,0.0,0.0,0.0,30,20,5,0,19,3,8,11,14,0,0.0,0,6,2,131,118,0
67,4,-2.0,1.0,40.0,59,3,13,0,16,2,11,18,21,40,0.0,0,15,4,522,181,1
232,0,0.0,0.0,0.0,59,9,10,0,40,2,33,63,0,0,0.0,0,16,4,791,434,1
44,0,0.0,0.0,0.0,59,6,7,0,10,2,7,12,1,0,0.0,0,8,6,131,86,0
63,0,0.0,0.0,0.0,59,15,6,0,11,2,18,22,0,0,0.0,0,9,4,306,144,0
121,16,-2.0,3.0,42.5,59,3,13,0,6,5,24,15,1,44,0.6962,0,18,6,530,235,0
66,0,0.0,0.0,0.0,59,6,9,0,18,2,9,20,6,0,0.0,0,9,5,249,109,0
14,2,0.0,1.0,18.0,20,3,2,0,3,1,2,2,1,18,0.0,0,3,2,60,49,0
93,0,0.0,0.0,0.0,59,6,6,0,24,2,15,28,4,0,0.0,0,8,5,630,188,0
107,0,0.0,0.0,0.0,59,14,7,0,29,2,15,16,191,0,0.0,0,8,3,314,231,0
15,0,0.0,0.0,0.0,59,18,6,0,13,1,4,0,78,0,0.0,0,6,4,63,56,1
98,0,0.0,0.0,0.0,59,10,6,0,30,2,12,14,222,0,0.0,0,6,3,307,188,0
7,18,0.0,2.25,34.0,20,0,7,0,0,1,0,0,0,41,1.9911,0,11,3,90,34,0
4,2,0.0,1.0,18.0,20,3,4,0,1,1,2,2,0,18,0.0,0,5,3,46,31,0
92,5,-0.5,1.0,25.0,59,0,10,0,3,6,16,7,3,44,0.971,0,14,6,339,179,1
14,0,0.0,0.0,0.0,30,30,1,0,2,1,9,4,1,0,0.0,0,1,1,61,61,0
44,0,0.0,0.0,0.0,59,59,1,0,6,2,8,22,1,0,0.0,0,1,1,100,100,0
107,0,0.0,0.0,0.0,20,18,5,0,29,4,9,10,262,0,0.0,0,5,2,213,181,0
207,0,0.0,0.0,0.0,59,7,19,0,36,2,35,72,0,0,0.0,0,20,6,903,438,0
38,8,1.0,2.5,38.5,59,0,4,0,5,5,7,12,3,40,1.0,0,6,5,311,190,0
33,0,0.0,0.0,0.0,24,11,5,0,3,4,9,1,1,0,0.0,0,6,4,127,101,0
120,0,0.0,0.0,0.0,59,14,6,0,22,3,9,22,20,0,0.0,0,6,4,227,214,0
38,4,0.0,2.0,44.0,59,3,10,0,1,4,14,5,0,44,0.0,0,12,5,179,102,0
34,0,0.0,0.0,0.0,59,20,2,0,13,2,5,2,20,0,0.0,0,3,2,103,93,0
57,0,0.0,0.0,0.0,59,18,5,0,4,2,17,12,0,0,0.0,0,5,4,160,107,0
228,0,0.0,0.0,0.0,20,8,7,0,61,1,28,79,15,0,0.0,0,10,4,544,451,0
66,0,0.0,0.0,0.0,15,9,5,0,13,1,14,29,15,0,0.0,0,5,1,193,142,0
63,38,-24.0,7.0,9.0,59,2,13,1,13,1,17,25,9,9,0.0,0,16,5,406,157,0
55,8,0.0,4.0,18.0,20,3,3,0,16,2,5,15,8,18,0.0,0,4,3,115,101,0
59,0,0.0,0.0,0.0,20,19,2,0,15,2,10,11,10,0,0.0,0,2,1,143,78,0
110,18,1.0,5.0,38.5,59,0,6,0,12,6,10,14,4,40,1.0,0,10,6,512,322,0
24,0,0.0,0.0,0.0,59,20,2,0,6,2,7,0,9,0,0.0,0,2,2,74,69,0
277,73,-0.5,5.83,28.33,59,0,11,1,4,6,31,18,1,44,1.0676,0,18,6,811,493,0
51,0,0.0,0.0,0.0,20,10,2,0,14,2,6,2,69,0,0.0,0,2,2,143,97,0
52,0,0.0,0.0,0.0,20,19,3,0,17,2,6,0,21,0,0.0,0,3,2,119,84,0
64,0,0.0,0.0,0.0,26,26,0,0,11,1,8,15,0,0,0.0,0,1,1,127,127,0
66,0,0.0,0.0,0.0,59,59,1,0,14,1,4,13,0,0,0.0,0,1,1,112,112,0
87,12,0.67,2.33,30.33,59,3,15,0,11,4,21,25,0,44,1.5,0,21,6,380,121,0
54,0,0.0,0.0,0.0,33,33,1,0,12,2,12,26,0,0,0.0,0,1,1,109,109,0
50,0,0.0,0.0,0.0,59,6,4,0,13,2,3,25,0,0,0.0,0,4,3,117,92,0
126,0,0.0,0.0,0.0,59,18,19,0,25,1,26,60,7,0,0.0,0,20,6,477,270,1
63,0,0.0,0.0,0.0,59,20,5,0,19,1,8,24,36,0,0.0,0,7,3,144,91,0
134,0,0.0,0.0,0.0,32,16,6,0,2,2,19,8,1,0,0.0,0,7,3,404,185,0
3,0,0.0,0.0,0.0,59,20,3,0,0,3,3,0,0,0,0.0,0,3,2,33,31,0
53,37,21.0,29.0,5.0,59,1,8,0,2,3,6,1,1,5,0.0,0,9,4,1337,600,0
13,0,0.0,0.0,0.0,59,20,2,0,2,3,4,2,0,0,0.0,0,2,2,47,46,0
78,12,-6.0,3.0,44.0,59,3,7,0,3,2,11,4,0,44,0.0,0,8,4,259,149,0
16,5,-5.0,0.0,44.0,59,3,2,0,4,5,8,6,1,44,0.0,0,5,3,77,62,0
50,0,0.0,0.0,0.0,59,18,3,0,13,1,3,1,66,0,0.0,0,4,3,122,113,0
3,0,0.0,0.0,0.0,20,18,2,0,0,2,1,0,0,0,0.0,0,3,2,33,29,0
4,2,0.0,1.0,18.0,20,3,3,0,1,1,2,2,0,18,0.0,0,4,2,38,27,0
147,0,0.0,0.0,0.0,59,6,11,0,27,2,25,37,8,0,0.0,0,17,5,448,221,0
78,0,0.0,0.0,0.0,20,20,3,0,32,1,3,0,496,0,0.0,0,4,3,593,171,0
88,0,0.0,0.0,0.0,59,15,3,0,29,1,15,17,3,0,0.0,0,6,3,337,138,1
106,0,0.0,0.0,0.0,59,12,5,0,21,2,21,31,39,0,0.0,0,5,3,275,214,0
45,0,0.0,0.0,0.0,59,6,3,0,11,2,7,19,1,0,0.0,0,3,3,111,90,0
18,0,0.0,0.0,0.0,20,19,3,0,5,3,5,1,4,0,0.0,0,3,1,57,49,0
17,0,0.0,0.0,0.0,20,19,2,0,4,2,4,0,2,0,0.0,0,2,1,52,47,0
46,0,0.0,0.0,0.0,30,13,3,0,12,2,11,7,26,0,0.0,0,6,2,124,102,0
7,0,0.0,0.0,0.0,20,18,6,0,5,1,10,0,10,0,0.0,0,7,3,208,81,0
126,60,-4.5,5.25,34.0,59,0,12,0,3,3,20,14,0,41,1.2568,0,19,6,598,224,0
340,0,0.0,0.0,0.0,59,7,27,0,67,1,39,112,153,0,0.0,0,33,5,1800,643,1
38,0,0.0,0.0,0.0,20,6,4,0,9,2,13,25,1,0,0.0,0,4,3,164,112,1
32,0,0.0,0.0,0.0,59,6,4,0,7,2,6,14,1,0,0.0,0,4,3,91,75,0
438,0,0.0,0.0,0.0,59,15,14,0,152,1,39,123,35,0,0.0,0,16,5,1576,755,0
10,0,0.0,0.0,0.0,19,19,1,0,2,1,1,0,0,0,0.0,0,1,1,35,35,0
92,0,0.0,0.0,0.0,33,18,4,0,11,1,17,46,0,0,0.0,0,5,2,249,209,0
213,0,0.0,0.0,0.0,25,14,5,0,86,1,11,69,55,0,0.0,0,6,4,509,346,0
135,11,0.5,3.0,38.5,59,0,9,0,1,2,13,5,0,40,0.994,0,13,5,482,185,0
25,0,0.0,0.0,0.0,16,16,1,0,6,1,0,0,1,0,0.0,0,1,1,69,69,0
229,479,5.4,50.6,22.2,24,1,8,1,25,4,22,34,2,44,1.7184,0,12,4,906,365,0
80,24,0.5,3.25,18.5,13,0,2,0,11,4,17,17,1,44,1.4183,0,6,2,192,156,0
242,0,0.0,0.0,0.0,59,20,4,0,85,3,37,54,905,0,0.0,0,6,3,625,416,0
49,0,0.0,0.0,0.0,20,19,4,0,16,3,3,1,54,0,0.0,0,4,1,109,94,0
82,0,0.0,0.0,0.0,20,12,8,0,26,2,11,10,325,0,0.0,0,8,4,313,185,0
23,0,0.0,0.0,0.0,59,20,3,0,6,3,6,2,2,0,0.0,0,4,3,78,59,0
145,7,0.5,2.0,38.5,59,0,10,0,11,3,18,21,0,40,0.9852,0,13,5,411,309,0
4,2,0.0,1.0,18.0,20,3,3,0,1,1,2,2,0,18,0.0,0,4,2,36,28,0
91,0,0.0,0.0,0.0,59,20,3,0,42,2,10,25,300,0,0.0,0,5,1,213,168,0
60,0,0.0,0.0,0.0,20,7,9,0,16,1,16,26,0,0,0.0,0,9,5,336,159,1
40,10,-6.0,2.0,9.0,59,2,5,1,9,1,14,13,0,9,0.0,0,5,2,137,89,0
69,0,0.0,0.0,0.0,20,15,8,0,16,1,11,23,1,0,0.0,0,8,3,503,131,0
52,0,0.0,0.0,0.0,20,19,3,0,16,3,6,1,75,0,0.0,0,3,2,112,103,0
46,7,0.5,2.0,38.5,59,0,4,0,6,4,8,9,4,40,0.9852,0,7,5,113,87,0
15,0,0.0,0.0,0.0,20,18,5,0,13,1,11,0,78,0,0.0,0,5,2,161,83,1
17,0,0.0,0.0,0.0,59,20,2,0,4,2,6,0,2,0,0.0,0,2,2,56,55,0
48,0,0.0,0.0,0.0,20,18,6,0,16,2,11,3,46,0,0.0,0,6,3,164,102,0
60,0,0.0,0.0,0.0,20,7,7,0,18,2,12,13,91,0,0.0,0,7,3,209,118,0
41,0,0.0,0.0,0.0,59,20,2,0,15,1,15,7,0,0,0.0,0,2,2,126,110,0
25,0,0.0,0.0,0.0,20,15,4,0,7,1,2,3,2,0,0.0,0,4,2,116,99,0
225,0,0.0,0.0,0.0,59,7,17,0,57,1,25,106,70,0,0.0,0,18,4,1022,315,0
87,9,0.33,1.67,30.33,59,3,17,0,15,4,24,14,9,44,1.5305,0,23,6,367,216,0
31,0,0.0,0.0,0.0,59,20,2,0,5,1,1,10,8,0,0.0,0,2,2,76,75,0
40,0,0.0,0.0,0.0,59,6,4,0,21,2,13,15,1,0,0.0,0,5,4,172,115,0
26,0,0.0,0.0,0.0,59,20,4,0,7,3,6,3,6,0,0.0,0,6,4,90,66,0
11,0,0.0,0.0,0.0,20,18,4,0,3,1,2,2,1,0,0.0,0,4,2,51,40,0
109,0,0.0,0.0,0.0,20,18,5,0,30,3,8,17,98,0,0.0,0,5,3,225,171,0
46,0,0.0,0.0,0.0,20,18,5,0,14,2,10,13,91,0,0.0,0,5,1,135,103,0
176,0,0.0,0.0,0.0,59,10,11,0,50,2,23,7,894,0,0.0,0,12,3,614,356,0
32,0,0.0,0.0,0.0,19,19,3,0,10,2,5,5,0,0,0.0,0,3,2,88,76,0
54,0,0.0,0.0,0.0,59,11,10,0,22,1,17,23,0,0,0.0,0,11,5,189,123,1
147,2,2.0,2.0,18.0,20,3,2,0,46,2,11,10,102,18,0.0,0,3,2,252,242,0
76,84,14.0,21.0,17.33,32,2,10,0,9,2,20,12,0,44,0.5731,0,16,6,307,104,0
130,0,0.0,0.0,0.0,59,7,19,0,28,2,15,39,91,0,0.0,0,19,4,435,180,0
3,0,0.0,0.0,0.0,20,20,1,0,1,1,1,0,0,0,0.0,0,1,1,32,32,0
84,0,0.0,0.0,0.0,25,20,1,0,20,1,5,9,100,0,0.0,0,2,2,158,154,0
24,0,0.0,0.0,0.0,20,19,3,0,6,2,8,0,9,0,0.0,0,3,1,67,53,0
102,0,0.0,0.0,0.0,20,11,8,0,36,2,23,20,120,0,0.0,0,9,4,379,200,0
16,5,5.0,5.0,2.0,20,0,1,0,4,2,3,0,0,2,0.0,0,2,2,54,49,0
25,0,0.0,0.0,0.0,7,7,1,0,4,2,5,1,0,0,0.0,0,1,1,72,72,0
19,0,0.0,0.0,0.0,59,18,3,0,2,6,10,8,0,0,0.0,0,6,4,71,59,0
81,0,0.0,0.0,0.0,19,7,3,0,21,1,12,20,43,0,0.0,0,3,2,223,180,0
36,0,0.0,0.0,0.0,20,19,2,0,10,1,3,1,0,0,0.0,0,2,1,68,65,0
85,20,0.0,10.0,18.0,20,3,2,0,24,3,5,0,170,18,0.0,0,3,2,209,176,0
148,4,0.0,2.0,44.0,24,3,9,0,16,3,17,17,4,44,0.0,0,11,4,369,203,0
42,0,0.0,0.0,0.0,24,14,3,0,11,2,7,13,0,0,0.0,0,3,2,116,93,0
204,30,-2.5,2.5,31.5,59,0,12,0,15,4,24,16,1,44,1.253,0,18,6,578,348,0
400,33,-0.75,3.75,40.5,59,0,17,0,10,7,34,24,1,44,1.4315,0,24,7,1360,576,0
191,0,0.0,0.0,0.0,59,14,6,0,44,2,20,62,11,0,0.0,0,6,2,399,310,1
26,0,0.0,0.0,0.0,59,12,5,0,6,3,9,5,9,0,0.0,0,5,3,85,67,0
14,0,0.0,0.0,0.0,59,12,7,0,2,1,1,0,1,0,0.0,0,7,3,92,43,0
6,0,0.0,0.0,0.0,20,18,4,0,4,1,7,0,6,0,0.0,0,4,1,124,62,0
73,11,0.5,3.0,42.5,59,3,6,0,2,5,13,8,0,44,0.8454,0,9,5,232,119,0
110,0,0.0,0.0,0.0,25,10,5,0,25,1,5,32,8,0,0.0,0,5,3,216,130,0
247,0,0.0,0.0,0.0,9,9,0,0,57,2,8,73,8,0,0.0,0,1,1,376,376,0
73,0,0.0,0.0,0.0,23,20,2,0,7,1,9,25,1,0,0.0,0,2,2,138,126,0
83,14,-2.0,2.5,42.5,59,3,9,0,3,4,12,5,0,44,0.9403,0,12,5,321,114,0
118,0,0.0,0.0,0.0,20,14,10,0,36,1,25,31,30,0,0.0,0,11,4,660,281,0
27,0,0.0,0.0,0.0,64,24,3,0,10,2,7,6,0,0,0.0,0,3,2,99,86,0
42,14,4.0,9.0,7.0,37,4,3,1,7,1,11,19,4,7,0.0,0,3,2,158,143,0
95,0,0.0,0.0,0.0,64,7,19,0,4,4,17,9,0,0,0.0,0,25,6,356,165,0
9,0,0.0,0.0,0.0,24,16,5,0,7,1,10,0,21,0,0.0,0,6,3,138,57,1
136,0,0.0,0.0,0.0,14,14,0,0,36,2,7,22,0,0,0.0,0,1,1,197,197,0
59,0,0.0,0.0,0.0,24,20,3,0,16,2,5,0,104,0,0.0,0,3,2,135,116,0
57,0,0.0,0.0,0.0,64,24,3,0,18,1,10,17,0,0,0.0,0,6,3,306,123,0
152,0,0.0,0.0,0.0,64,5,19,0,30,2,41,43,0,0,0.0,0,22,5,621,244,0
107,0,0.0,0.0,0.0,64,23,7,0,22,1,9,34,31,0,0.0,0,8,4,352,200,0
23,0,0.0,0.0,0.0,64,24,3,0,6,2,6,2,2,0,0.0,0,4,3,79,59,0
269,2,0.0,1.0,7.0,64,4,12,1,53,2,39,55,7,7,0.0,0,15,4,694,461,1
3,0,0.0,0.0,0.0,64,24,3,0,0,3,3,0,0,0,0.0,0,3,2,33,28,0
41,0,0.0,0.0,0.0,64,17,12,0,23,2,9,20,0,0,0.0,0,13,5,408,135,0
272,0,0.0,0.0,0.0,64,6,10,0,94,2,31,47,1311,0,0.0,0,17,6,823,544,0
44,0,0.0,0.0,0.0,28,21,4,0,1,4,12,4,0,0,0.0,0,5,4,119,108,0
4,0,0.0,0.0,0.0,24,8,2,0,1,1,2,2,0,0,0.0,0,3,2,36,27,0
12,0,0.0,0.0,0.0,24,17,5,0,10,1,14,0,45,0,0.0,0,5,3,165,72,0
11,0,0.0,0.0,0.0,64,7,2,0,3,4,5,0,1,0,0.0,0,4,3,69,50,0
89,0,0.0,0.0,0.0,24,23,5,0,27,2,8,3,260,0,0.0,0,5,2,171,154,0
13,0,0.0,0.0,0.0,23,23,1,0,4,1,3,2,0,0,0.0,0,1,1,36,36,0
175,0,0.0,0.0,0.0,64,5,14,0,3,3,24,17,0,0,0.0,0,20,6,706,282,0
11,0,0.0,0.0,0.0,6,6,0,0,2,1,0,3,0,0,0.0,0,1,1,37,37,0
45,0,0.0,0.0,0.0,24,19,4,0,11,2,8,19,0,0,0.0,0,4,2,112,93,0
401,0,0.0,0.0,0.0,34,12,11,0,82,2,37,116,211,0,0.0,0,13,4,872,666,0
134,5,5.0,5.0,8.0,34,0,3,0,41,1,12,21,227,8,0.0,0,4,2,239,216,1
60,0,0.0,0.0,0.0,64,22,4,0,19,1,2,6,57,0,0.0,0,4,3,154,110,0
28,0,0.0,0.0,0.0,34,19,6,0,5,1,7,15,3,0,0.0,0,6,5,133,65,0
48,0,0.0,0.0,0.0,24,23,5,0,14,1,13,23,0,0,0.0,0,5,2,293,186,1
175,0,0.0,0.0,0.0,20,15,4,0,43,1,11,63,0,0,0.0,0,4,1,388,196,0
401,1,-1.0,0.0,10.0,64,4,11,0,3,7,36,19,0,10,0.0,0,17,6,963,711,0
80,0,0.0,0.0,0.0,64,5,15,0,5,4,18,16,3,0,0.0,0,20,6,304,154,0
79,0,0.0,0.0,0.0,64,22,2,0,27,2,10,17,47,0,0.0,0,3,2,151,145,0
78,0,0.0,0.0,0.0,24,16,5,0,25,2,14,19,45,0,0.0,0,6,3,247,122,0
21,0,0.0,0.0,0.0,64,14,4,0,7,2,7,2,6,0,0.0,0,4,2,72,65,0
65,0,0.0,0.0,0.0,64,20,6,0,11,2,18,20,0,0,0.0,0,8,3,224,144,0
17,0,0.0,0.0,0.0,64,64,1,0,4,2,4,0,2,0,0.0,0,1,1,52,52,1
43,0,0.0,0.0,0.0,64,5,4,0,5,4,6,7,3,0,0.0,0,7,5,110,94,0
14,0,0.0,0.0,0.0,24,20,7,0,12,1,13,0,66,0,0.0,0,9,3,223,96,1
17,0,0.0,0.0,0.0,17,16,1,0,4,2,10,1,0,0,0.0,0,2,2,80,62,0
332,0,0.0,0.0,0.0,64,5,15,0,5,6,29,18,0,0,0.0,0,19,6,832,506,1
107,0,0.0,0.0,0.0,24,15,4,0,32,2,10,17,222,0,0.0,0,4,4,255,163,0
90,8,0.0,4.0,8.0,34,0,2,0,27,1,7,14,137,8,0.0,0,3,2,165,156,0
267,0,0.0,0.0,0.0,64,5,8,0,3,7,24,14,0,0,0.0,0,13,6,603,483,0
27,0,0.0,0.0,0.0,64,23,3,0,7,1,1,1,15,0,0.0,0,3,1,71,59,0
31,0,0.0,0.0,0.0,24,24,2,0,8,2,5,0,20,0,0.0,0,2,2,130,125,0
23,0,0.0,0.0,0.0,24,23,2,0,8,2,4,0,3,0,0.0,0,2,1,63,58,0
34,0,0.0,0.0,0.0,64,24,2,0,12,1,10,9,0,0,0.0,0,2,2,97,92,1
3,0,0.0,0.0,0.0,64,24,3,0,0,3,3,0,0,0,0.0,0,3,2,33,31,0
10,0,0.0,0.0,0.0,24,22,3,0,2,3,2,0,0,0,0.0,0,3,2,38,25,0
17,0,0.0,0.0,0.0,24,23,3,0,4,2,3,0,2,0,0.0,0,3,1,52,46,0
126,0,0.0,0.0,0.0,24,16,6,0,35,1,10,34,153,0,0.0,0,6,4,327,115,0
33,0,0.0,0.0,0.0,64,23,2,0,13,1,1,2,2,0,0.0,0,3,3,74,72,0
62,0,0.0,0.0,0.0,17,10,1,0,12,3,6,6,0,0,0.0,0,2,2,149,116,0
176,0,0.0,0.0,0.0,64,5,9,0,4,2,20,16,1,0,0.0,0,15,5,512,263,0
84,0,0.0,0.0,0.0,64,7,9,0,9,3,15,19,15,0,0.0,0,15,5,401,221,0
153,0,0.0,0.0,0.0,64,7,8,0,1,4,17,9,0,0,0.0,0,11,4,600,211,0
70,51,37.0,44.0,8.0,34,0,3,0,21,1,16,5,147,8,0.0,0,7,2,195,120,0
269,0,0.0,0.0,0.0,25,5,9,0,68,2,32,72,13,0,0.0,0,9,4,559,411,1
27,0,0.0,0.0,0.0,24,24,1,0,7,2,7,2,15,0,0.0,0,1,1,73,73,0
130,0,0.0,0.0,0.0,64,5,15,0,3,3,21,14,0,0,0.0,0,22,6,627,234,0
210,0,0.0,0.0,0.0,64,11,11,0,54,2,28,76,13,0,0.0,0,13,4,507,232,0
188,0,0.0,0.0,0.0,29,5,3,0,16,2,17,21,0,0,0.0,0,6,3,335,291,0
93,0,0.0,0.0,0.0,64,5,5,0,1,3,17,12,0,0,0.0,0,8,5,252,194,0
33,0,0.0,0.0,0.0,25,14,3,0,6,1,4,8,3,0,0.0,0,3,2,134,84,0
6,0,0.0,0.0,0.0,24,8,3,0,1,1,2,2,0,0,0.0,0,4,2,125,41,0
11,0,0.0,0.0,0.0,37,37,1,0,0,1,0,0,0,0,0.0,0,1,1,41,41,0
15,0,0.0,0.0,0.0,22,7,1,0,3,6,7,4,3,0,0.0,0,2,2,51,49,0
42,0,0.0,0.0,0.0,24,24,2,0,14,2,2,1,35,0,0.0,0,2,1,89,86,0
10,0,0.0,0.0,0.0,64,24,2,0,3,3,2,0,1,0,0.0,0,2,2,43,40,0
10,0,0.0,0.0,0.0,64,24,2,0,3,3,2,0,1,0,0.0,0,2,2,43,40,0
104,0,0.0,0.0,0.0,64,14,7,0,17,2,22,35,0,0,0.0,0,10,4,332,223,0
23,0,0.0,0.0,0.0,64,24,3,0,6,3,6,2,2,0,0.0,0,4,3,79,59,0
64,0,0.0,0.0,0.0,24,10,5,0,18,1,6,17,0,0,0.0,0,5,2,214,193,0
147,0,0.0,0.0,0.0,64,5,13,0,3,3,24,17,0,0,0.0,0,19,6,659,262,0
8,2,0.0,1.0,5.0,64,3,2,0,2,4,0,0,1,5,0.0,0,3,3,35,31,0
27,0,0.0,0.0,0.0,24,17,11,0,25,1,14,0,300,0,0.0,0,11,5,300,126,1
3,0,0.0,0.0,0.0,64,24,3,0,0,2,4,0,0,0,0.0,0,3,2,35,32,1
50,0,0.0,0.0,0.0,18,7,1,0,1,4,8,2,0,0,0.0,0,2,2,103,101,0
31,0,0.0,0.0,0.0,64,24,4,0,8,3,4,0,20,0,0.0,0,4,3,73,51,0
13,0,0.0,0.0,0.0,8,7,0,0,1,2,5,0,0,0,0.0,0,4,2,85,52,0
60,0,0.0,0.0,0.0,64,23,4,0,8,5,7,10,8,0,0.0,0,5,2,134,111,0
153,0,0.0,0.0,0.0,64,12,12,0,45,3,17,59,208,0,0.0,0,13,5,438,186,1
45,0,0.0,0.0,0.0,64,19,5,0,16,1,2,23,15,0,0.0,0,7,3,178,135,0
18,0,0.0,0.0,0.0,15,11,3,0,3,2,6,9,1,0,0.0,0,3,2,72,53,1
166,0,0.0,0.0,0.0,14,14,1,0,37,2,22,50,45,0,0.0,0,2,1,312,304,0
60,0,0.0,0.0,0.0,64,17,16,0,16,3,15,20,91,0,0.0,0,18,5,511,157,1
108,0,0.0,0.0,0.0,64,5,10,0,5,3,22,28,1,0,0.0,0,14,5,382,219,0
18,0,0.0,0.0,0.0,24,23,3,0,5,3,5,1,4,0,0.0,0,3,1,57,49,0
128,0,0.0,0.0,0.0,24,24,2,0,36,2,5,6,402,0,0.0,0,2,1,299,252,0
27,0,0.0,0.0,0.0,17,17,1,0,5,2,11,12,4,0,0.0,0,1,1,75,75,0
8,0,0.0,0.0,0.0,7,7,0,0,1,1,0,0,0,0,0.0,0,1,1,34,34,0
41,0,0.0,0.0,0.0,64,5,3,0,1,1,0,0,0,0,0.0,0,7,2,130,96,0
27,0,0.0,0.0,0.0,64,24,3,0,7,4,9,2,6,0,0.0,0,4,3,85,69,0
10,0,0.0,0.0,0.0,24,24,2,0,2,3,3,0,0,0,0.0,0,2,1,39,35,0
63,0,0.0,0.0,0.0,64,20,6,0,11,2,18,21,0,0,0.0,0,8,3,267,144,1
20,0,0.0,0.0,0.0,64,19,3,0,7,1,3,7,3,0,0.0,0,3,2,91,54,0
66,0,0.0,0.0,0.0,64,24,5,0,18,3,12,6,100,0,0.0,0,5,3,148,122,0
111,0,0.0,0.0,0.0,64,19,4,0,37,1,9,35,0,0,0.0,0,5,2,401,213,0
10,0,0.0,0.0,0.0,64,22,3,0,3,3,2,0,1,0,0.0,0,3,3,44,40,0
21,0,0.0,0.0,0.0,44,23,5,0,5,1,2,10,3,0,0.0,0,5,4,78,54,0
63,0,0.0,0.0,0.0,64,7,10,0,4,5,18,10,1,0,0.0,0,13,5,241,119,0
58,0,0.0,0.0,0.0,64,7,7,0,4,5,16,8,1,0,0.0,0,11,5,225,114,0
3,0,0.0,0.0,0.0,64,24,3,0,0,2,3,0,0,0,0.0,0,3,2,33,31,1
38,0,0.0,0.0,0.0,64,7,6,0,2,6,13,10,0,0,0.0,0,9,4,163,112,0
35,0,0.0,0.0,0.0,24,23,2,0,14,2,5,0,12,0,0.0,0,2,1,94,86,0
88,0,0.0,0.0,0.0,64,20,7,0,1,3,14,8,0,0,0.0,0,8,5,255,195,0
235,0,0.0,0.0,0.0,64,6,19,0,55,2,34,99,66,0,0.0,0,23,7,822,411,0
11,0,0.0,0.0,0.0,64,25,2,0,2,4,0,0,0,0,0.0,0,2,2,40,33,0
81,0,0.0,0.0,0.0,64,16,12,0,23,2,17,20,136,0,0.0,0,15,6,467,178,1
9,0,0.0,0.0,0.0,24,23,3,0,2,1,1,0,0,0,0.0,0,3,1,41,37,0
110,0,0.0,0.0,0.0,64,16,11,0,24,2,25,23,0,0,0.0,0,13,4,446,264,0
25,0,0.0,0.0,0.0,64,14,7,0,6,2,9,2,11,0,0.0,0,7,3,94,75,0
50,0,0.0,0.0,0.0,14,14,1,0,8,1,5,10,0,0,0.0,0,2,1,218,110,1
37,0,0.0,0.0,0.0,64,5,6,0,7,4,9,11,15,0,0.0,0,9,5,116,79,0
90,0,0.0,0.0,0.0,64,5,8,0,1,2,14,4,0,0,0.0,0,13,5,349,176,0
146,0,0.0,0.0,0.0,64,16,10,0,32,2,12,17,171,0,0.0,0,11,4,550,300,0
160,8,0.0,4.0,1.0,64,2,6,1,40,1,2,15,0,1,0.0,0,8,4,426,282,0
91,0,0.0,0.0,0.0,64,7,9,0,16,2,33,25,15,0,0.0,0,11,4,361,175,0
257,0,0.0,0.0,0.0,36,7,4,0,8,2,23,16,0,0,0.0,0,6,3,416,271,0
66,0,0.0,0.0,0.0,24,23,3,0,19,3,4,1,135,0,0.0,0,3,2,133,124,0
30,0,0.0,0.0,0.0,24,12,5,0,1,1,0,0,0,0,0.0,0,7,3,277,244,0
509,0,0.0,0.0,0.0,64,12,10,0,143,1,44,22,0,0,0.0,0,11,3,780,401,1
66,0,0.0,0.0,0.0,29,18,4,0,3,3,5,6,1,0,0.0,0,5,4,165,80,0
38,0,0.0,0.0,0.0,64,11,3,0,8,2,9,12,1,0,0.0,0,3,3,93,79,1
54,0,0.0,0.0,0.0,21,19,2,0,16,1,4,19,0,0,0.0,0,2,2,225,161,0
53,0,0.0,0.0,0.0,64,24,4,0,4,2,15,11,0,0,0.0,0,5,3,207,107,0
18,0,0.0,0.0,0.0,24,23,3,0,5,3,5,1,4,0,0.0,0,3,1,57,49,0
79,0,0.0,0.0,0.0,64,64,1,0,20,1,3,25,5,0,0.0,0,1,1,178,178,0
174,0,0.0,0.0,0.0,32,17,4,0,36,2,18,62,15,0,0.0,0,6,4,388,341,1
143,0,0.0,0.0,0.0,64,12,9,0,32,3,13,44,105,0,0.0,0,13,7,928,532,1
41,0,0.0,0.0,0.0,15,15,1,0,9,1,6,22,0,0,0.0,0,1,1,103,103,0
55,0,0.0,0.0,0.0,24,20,8,0,14,1,16,23,0,0,0.0,0,9,3,320,163,1
3,2,0.0,1.0,8.0,34,0,1,0,1,1,1,0,0,8,0.0,0,2,1,28,26,0
32,0,0.0,0.0,0.0,64,24,2,0,10,2,6,8,28,0,0.0,0,2,2,105,104,0
11,0,0.0,0.0,0.0,23,20,3,0,1,4,5,3,0,0,0.0,0,3,2,83,44,0
3,0,0.0,0.0,0.0,64,24,3,0,0,3,2,0,0,0,0.0,0,3,2,31,29,0
3,0,0.0,0.0,0.0,64,24,3,0,0,3,3,0,0,0,0.0,0,3,2,33,28,0
27,0,0.0,0.0,0.0,24,15,2,0,5,2,4,6,6,0,0.0,0,2,2,113,101,0
32,0,0.0,0.0,0.0,64,23,4,0,9,2,5,2,32,0,0.0,0,4,2,86,72,1
39,0,0.0,0.0,0.0,25,14,6,0,6,2,7,14,1,0,0.0,0,8,3,604,222,0
94,0,0.0,0.0,0.0,64,5,2,0,6,3,7,5,2,0,0.0,0,5,4,176,165,0
77,0,0.0,0.0,0.0,24,24,2,0,22,2,4,2,170,0,0.0,0,2,1,139,134,0
44,0,0.0,0.0,0.0,24,16,6,0,14,2,8,12,78,0,0.0,0,7,3,176,111,0
79,0,0.0,0.0,0.0,24,23,4,0,27,2,8,18,44,0,0.0,0,5,4,151,124,0
72,0,0.0,0.0,0.0,64,14,10,0,22,4,12,6,168,0,0.0,0,11,5,202,152,0
243,0,0.0,0.0,0.0,52,24,2,0,67,2,15,57,0,0,0.0,0,3,2,323,318,0
60,0,0.0,0.0,0.0,12,12,1,0,19,2,7,12,6,0,0.0,0,1,1,114,114,0
29,0,0.0,0.0,0.0,64,32,3,0,8,2,16,7,0,0,0.0,0,3,2,91,83,0
45,0,0.0,0.0,0.0,24,24,2,0,14,2,10,16,0,0,0.0,0,3,2,107,100,0
81,0,0.0,0.0,0.0,34,18,9,0,19,2,13,15,105,0,0.0,0,9,3,245,199,1
396,0,0.0,0.0,0.0,25,12,10,0,97,1,29,65,0,0,0.0,0,11,4,1071,539,0
70,0,0.0,0.0,0.0,19,19,2,0,15,1,1,17,48,0,0.0,0,2,1,197,132,0
183,0,0.0,0.0,0.0,24,8,2,0,52,3,5,0,1080,0,0.0,0,4,3,417,354,0
3,0,0.0,0.0,0.0,64,24,3,0,0,2,4,0,0,0,0.0,0,3,2,35,32,1
90,0,0.0,0.0,0.0,24,4,1,0,37,3,7,2,224,0,0.0,0,2,2,166,156,0
525,2,0.0,1.0,1.0,25,0,17,1,131,1,53,145,125,1,0.0,0,22,4,1351,718,1
23,0,0.0,0.0,0.0,64,11,5,0,7,2,5,11,1,0,0.0,0,5,4,93,61,1
234,0,0.0,0.0,0.0,24,24,1,0,54,1,15,125,66,0,0.0,0,2,2,414,411,0
39,0,0.0,0.0,0.0,64,7,11,0,7,5,19,21,0,0,0.0,0,14,4,188,90,0
27,0,0.0,0.0,0.0,64,19,3,0,2,5,7,5,0,0,0.0,0,6,4,97,67,0
305,4,2.0,3.0,1.0,34,1,12,1,99,1,39,82,39,1,0.0,0,20,4,913,338,0
17,0,0.0,0.0,0.0,24,24,1,0,4,2,3,0,2,0,0.0,0,1,1,51,51,0
33,0,0.0,0.0,0.0,64,11,6,0,8,2,7,10,1,0,0.0,0,7,5,97,71,1
138,0,0.0,0.0,0.0,64,7,15,0,8,3,32,32,4,0,0.0,0,17,5,422,271,0
37,0,0.0,0.0,0.0,24,22,5,0,14,2,5,3,8,0,0.0,0,5,1,140,112,0
190,0,0.0,0.0,0.0,25,11,12,0,55,1,24,80,156,0,0.0,0,14,4,1062,699,0
145,0,0.0,0.0,0.0,29,5,8,0,14,2,26,29,21,0,0.0,0,12,5,601,439,0
18,0,0.0,0.0,0.0,24,8,5,0,6,1,2,4,0,0,0.0,0,6,2,94,49,0
4,0,0.0,0.0,0.0,24,8,3,0,1,1,2,2,0,0,0.0,0,4,2,46,35,0
44,0,0.0,0.0,0.0,64,5,4,0,10,2,5,18,0,0,0.0,0,4,2,85,78,0
99,0,0.0,0.0,0.0,64,7,10,0,33,1,11,36,26,0,0.0,0,14,3,562,184,0
49,10,0.0,5.0,9.0,24,0,4,1,12,3,8,0,40,9,0.0,0,4,3,143,113,0
83,0,0.0,0.0,0.0,34,20,5,0,25,2,12,4,127,0,0.0,0,5,3,197,155,0
8,0,0.0,0.0,0.0,64,23,3,0,2,2,5,1,1,0,0.0,0,3,2,45,42,0
63,0,0.0,0.0,0.0,24,24,5,0,18,3,6,4,96,0,0.0,0,5,2,163,116,0
242,0,0.0,0.0,0.0,64,5,9,0,10,6,28,15,6,0,0.0,0,17,6,1937,871,0
66,0,0.0,0.0,0.0,37,24,6,0,20,1,6,7,73,0,0.0,0,6,4,483,136,0
87,0,0.0,0.0,0.0,64,24,5,0,21,2,13,24,55,0,0.0,0,6,3,260,164,1
162,0,0.0,0.0,0.0,64,5,12,0,9,3,28,14,1,0,0.0,0,18,6,482,334,0
394,0,0.0,0.0,0.0,64,5,30,0,47,2,32,51,14,0,0.0,0,37,7,1981,553,0
88,0,0.0,0.0,0.0,64,5,11,0,6,4,18,21,1,0,0.0,0,16,6,363,96,0
67,3,-1.0,1.0,10.0,64,4,8,0,9,2,10,5,0,10,0.0,0,12,4,489,140,0
43,0,0.0,0.0,0.0,24,8,4,0,12,3,7,0,37,0,0.0,0,5,4,130,79,0
15,0,0.0,0.0,0.0,24,12,8,0,13,1,16,0,78,0,0.0,0,8,3,272,87,0
37,0,0.0,0.0,0.0,34,20,7,0,13,1,10,11,58,0,0.0,0,8,5,147,118,0
66,0,0.0,0.0,0.0,64,24,7,0,18,3,11,2,135,0,0.0,0,7,3,258,139,0
84,0,0.0,0.0,0.0,62,24,2,0,5,4,5,3,0,0,0.0,0,3,3,144,140,0
66,0,0.0,0.0,0.0,64,24,4,0,20,2,13,8,40,0,0.0,0,5,3,198,150,0
123,0,0.0,0.0,0.0,24,24,6,0,38,4,7,11,417,0,0.0,0,6,3,273,207,1
27,0,0.0,0.0,0.0,64,24,3,0,7,2,9,2,6,0,0.0,0,4,3,85,69,0
164,0,0.0,0.0,0.0,64,20,15,0,50,1,28,74,19,0,0.0,0,18,7,515,236,0
12,0,0.0,0.0,0.0,28,7,2,0,3,5,8,4,0,0,0.0,0,3,3,63,54,0
68,0,0.0,0.0,0.0,24,24,3,0,25,3,8,11,44,0,0.0,0,3,2,193,98,0
69,0,0.0,0.0,0.0,64,24,4,0,20,3,14,9,40,0,0.0,0,5,3,184,132,0
24,0,0.0,0.0,0.0,64,22,2,0,8,3,9,4,11,0,0.0,0,3,2,78,74,0
108,0,0.0,0.0,0.0,64,19,5,0,48,2,13,31,96,0,0.0,0,7,3,329,164,0
122,0,0.0,0.0,0.0,64,24,4,0,32,2,7,32,25,0,0.0,0,4,3,209,202,0
8,0,0.0,0.0,0.0,24,24,2,0,2,1,1,0,0,0,0.0,0,2,1,38,35,0
96,0,0.0,0.0,0.0,24,22,4,0,28,2,8,13,176,0,0.0,0,4,3,186,151,0
67,0,0.0,0.0,0.0,64,7,4,0,16,5,16,26,4,0,0.0,0,6,3,180,138,0
24,0,0.0,0.0,0.0,64,5,1,0,4,4,6,7,1,0,0.0,0,3,2,71,64,0
92,0,0.0,0.0,0.0,64,20,6,0,23,1,16,40,17,0,0.0,0,8,4,216,157,0
4,0,0.0,0.0,0.0,64,24,2,0,1,1,5,1,0,0,0.0,0,2,2,41,36,0
189,0,0.0,0.0,0.0,64,5,14,0,13,5,29,32,6,0,0.0,0,21,7,568,239,0
164,0,0.0,0.0,0.0,64,7,12,0,7,4,16,8,0,0,0.0,0,14,5,636,304,0
45,0,0.0,0.0,0.0,64,23,3,0,8,1,6,22,0,0,0.0,0,4,4,106,102,0
160,0,0.0,0.0,0.0,24,23,4,0,43,2,7,0,833,0,0.0,0,4,2,271,241,0
85,0,0.0,0.0,0.0,23,17,7,0,24,1,23,34,0,0,0.0,0,8,5,256,153,1
12,0,0.0,0.0,0.0,24,24,1,0,3,1,0,3,3,0,0.0,0,1,1,45,45,0
52,0,0.0,0.0,0.0,64,15,3,0,9,1,7,17,0,0,0.0,0,3,1,120,101,0
29,0,0.0,0.0,0.0,64,24,4,0,8,2,6,2,6,0,0.0,0,5,3,90,69,0
359,0,0.0,0.0,0.0,29,6,16,0,130,1,44,125,62,0,0.0,0,20,7,1016,556,1
66,0,0.0,0.0,0.0,24,24,4,0,18,4,5,0,135,0,0.0,0,4,1,129,114,0
16,0,0.0,0.0,0.0,24,17,5,0,14,1,18,0,91,0,0.0,0,6,4,275,99,1
411,33,21.0,27.0,2.0,32,0,6,1,111,2,23,84,116,2,0.0,0,10,2,790,565,1
66,0,0.0,0.0,0.0,24,24,4,0,18,3,6,0,135,0,0.0,0,4,1,134,119,0
12,0,0.0,0.0,0.0,64,19,3,0,1,5,4,3,0,0,0.0,0,4,2,59,45,0
7,0,0.0,0.0,0.0,24,8,5,0,4,1,2,2,1,0,0.0,0,6,2,57,42,0
4,0,0.0,0.0,0.0,24,8,5,0,1,1,2,2,0,0,0.0,0,6,2,43,26,0
84,0,0.0,0.0,0.0,23,17,8,0,26,1,14,32,0,0,0.0,0,9,4,354,197,1
32,0,0.0,0.0,0.0,64,22,5,0,9,2,7,4,28,0,0.0,0,5,3,92,58,1
19,0,0.0,0.0,0.0,64,12,9,0,17,1,7,0,136,0,0.0,0,9,4,87,52,1
21,0,0.0,0.0,0.0,25,17,5,0,3,1,12,13,0,0,0.0,0,6,4,108,84,0
10,0,0.0,0.0,0.0,24,20,2,0,2,2,7,0,0,0,0.0,0,3,2,46,40,0
115,0,0.0,0.0,0.0,64,24,6,0,58,2,7,39,66,0,0.0,0,6,5,650,216,0
109,0,0.0,0.0,0.0,25,20,5,0,27,2,30,61,15,0,0.0,0,5,4,397,292,0
41,0,0.0,0.0,0.0,36,7,1,0,6,2,14,4,11,0,0.0,0,4,2,114,75,0
123,0,0.0,0.0,0.0,64,7,10,0,27,5,25,20,3,0,0.0,0,15,6,334,198,0
63,0,0.0,0.0,0.0,24,24,1,0,17,2,4,1,91,0,0.0,0,1,1,112,112,0
72,0,0.0,0.0,0.0,64,6,10,0,16,2,38,13,73,0,0.0,0,12,5,286,96,0
148,0,0.0,0.0,0.0,64,5,12,0,11,4,28,40,1,0,0.0,0,21,6,528,209,0
109,0,0.0,0.0,0.0,64,12,4,0,19,1,24,52,0,0,0.0,0,5,1,400,258,0
116,0,0.0,0.0,0.0,64,15,9,0,31,1,12,51,4,0,0.0,0,10,4,365,182,0
3,0,0.0,0.0,0.0,64,24,3,0,0,3,3,0,0,0,0.0,0,3,2,33,31,0
64,0,0.0,0.0,0.0,34,24,3,0,23,2,9,16,33,0,0.0,0,4,2,148,135,0
13,0,0.0,0.0,0.0,37,37,1,0,0,1,0,1,0,0,0.0,0,1,1,46,46,0
143,51,1.5,13.5,4.5,64,4,14,2,34,1,24,58,58,7,0.9997,0,23,6,474,224,0
228,0,0.0,0.0,0.0,29,13,4,0,36,2,26,68,14,0,0.0,0,5,3,474,370,0
66,0,0.0,0.0,0.0,64,24,4,0,20,3,14,8,40,0,0.0,0,5,3,181,129,0
90,0,0.0,0.0,0.0,64,5,7,0,4,5,13,6,0,0,0.0,0,13,5,329,119,0
98,0,0.0,0.0,0.0,64,24,4,0,31,2,16,9,230,0,0.0,0,6,3,236,207,0
17,0,0.0,0.0,0.0,24,24,2,0,4,2,4,3,0,0,0.0,0,2,2,49,46,0
27,0,0.0,0.0,0.0,64,24,3,0,7,4,9,2,6,0,0.0,0,4,3,82,69,0
16,0,0.0,0.0,0.0,64,5,1,0,2,4,5,4,0,0,0.0,0,3,2,58,51,0
115,0,0.0,0.0,0.0,37,22,5,0,28,1,16,54,0,0,0.0,0,5,2,277,239,0
147,0,0.0,0.0,0.0,64,11,15,0,28,1,34,48,0,0,0.0,0,17,4,835,247,1
59,0,0.0,0.0,0.0,64,7,8,0,2,4,16,7,0,0,0.0,0,9,5,173,116,0
97,0,0.0,0.0,0.0,64,14,11,0,23,2,16,39,15,0,0.0,0,12,5,295,170,0
29,0,0.0,0.0,0.0,64,24,5,0,8,3,6,2,6,0,0.0,0,7,4,96,66,0
88,0,0.0,0.0,0.0,64,5,4,0,20,2,11,18,4,0,0.0,0,6,4,279,183,0
296,0,0.0,0.0,0.0,64,5,16,0,31,4,33,52,0,0,0.0,0,24,6,1316,436,0
255,0,0.0,0.0,0.0,64,17,8,0,38,2,11,8,17,0,0.0,0,8,2,612,254,0
37,0,0.0,0.0,0.0,64,7,6,0,16,2,5,7,11,0,0.0,0,8,4,344,150,0
98,0,0.0,0.0,0.0,24,23,4,0,33,2,10,5,234,0,0.0,0,4,2,205,169,0
174,0,0.0,0.0,0.0,64,5,8,0,19,2,24,37,7,0,0.0,0,14,4,586,174,0
113,0,0.0,0.0,0.0,64,24,3,0,37,3,15,16,226,0,0.0,0,6,4,309,196,0
50,0,0.0,0.0,0.0,34,24,5,0,19,3,8,11,14,0,0.0,0,6,2,131,118,0
69,8,2.0,5.0,10.0,64,4,13,0,16,2,11,18,21,10,0.0,0,16,4,530,181,1
232,0,0.0,0.0,0.0,64,14,10,0,40,2,33,63,0,0,0.0,0,16,4,791,434,1
44,0,0.0,0.0,0.0,64,11,7,0,10,2,7,12,1,0,0.0,0,8,6,131,86,1
63,0,0.0,0.0,0.0,64,20,6,0,11,2,18,22,0,0,0.0,0,9,4,306,144,0
121,0,0.0,0.0,0.0,64,7,13,0,6,5,24,15,1,0,0.0,0,18,6,530,235,0
66,0,0.0,0.0,0.0,64,11,9,0,18,2,9,20,6,0,0.0,0,9,5,249,109,1
14,0,0.0,0.0,0.0,24,8,2,0,3,1,2,2,1,0,0.0,0,3,2,60,49,0
93,0,0.0,0.0,0.0,64,11,6,0,24,2,15,28,4,0,0.0,0,8,5,630,188,1
107,0,0.0,0.0,0.0,64,19,7,0,29,2,15,16,191,0,0.0,0,8,3,314,231,1
15,0,0.0,0.0,0.0,64,23,6,0,13,1,4,0,78,0,0.0,0,6,4,63,56,1
98,0,0.0,0.0,0.0,64,15,6,0,30,2,12,14,222,0,0.0,0,6,3,307,188,0
7,0,0.0,0.0,0.0,24,5,7,0,0,1,0,0,0,0,0.0,0,11,3,90,34,0
4,0,0.0,0.0,0.0,24,8,4,0,1,1,2,2,0,0,0.0,0,5,3,46,31,0
92,0,0.0,0.0,0.0,64,5,10,0,3,6,16,7,3,0,0.0,0,14,6,339,179,1
14,0,0.0,0.0,0.0,34,34,1,0,2,1,9,4,1,0,0.0,0,1,1,61,61,0
44,0,0.0,0.0,0.0,64,64,1,0,6,2,8,22,1,0,0.0,0,1,1,100,100,0
107,0,0.0,0.0,0.0,24,23,5,0,29,4,9,10,262,0,0.0,0,5,2,213,181,0
207,0,0.0,0.0,0.0,64,12,19,0,36,2,35,72,0,0,0.0,0,20,6,903,438,0
38,0,0.0,0.0,0.0,64,5,4,0,5,5,7,12,3,0,0.0,0,6,5,311,190,0
33,0,0.0,0.0,0.0,29,16,5,0,3,4,9,1,1,0,0.0,0,6,4,127,101,0
120,0,0.0,0.0,0.0,64,19,6,0,22,3,9,22,20,0,0.0,0,6,4,227,214,0
38,0,0.0,0.0,0.0,64,7,10,0,1,4,14,5,0,0,0.0,0,12,5,179,102,0
34,0,0.0,0.0,0.0,64,24,2,0,13,2,5,2,20,0,0.0,0,3,2,103,93,0
57,4,0.0,2.0,2.0,64,4,5,0,4,2,17,12,0,2,0.0,0,6,4,164,107,0
228,0,0.0,0.0,0.0,25,12,7,0,61,1,28,79,15,0,0.0,0,10,4,544,451,0
66,0,0.0,0.0,0.0,20,13,5,0,13,1,14,29,15,0,0.0,0,5,1,193,142,0
63,0,0.0,0.0,0.0,64,6,13,0,13,1,17,25,9,0,0.0,0,16,5,406,157,0
55,0,0.0,0.0,0.0,24,8,3,0,16,2,5,15,8,0,0.0,0,4,3,115,101,0
59,0,0.0,0.0,0.0,24,24,2,0,15,2,10,11,10,0,0.0,0,2,1,143,78,0
110,1,-1.0,0.0,5.0,64,3,6,0,12,6,10,14,4,5,0.0,0,11,6,513,322,0
24,0,0.0,0.0,0.0,64,24,2,0,6,2,7,0,9,0,0.0,0,2,2,74,69,0
277,28,-4.0,12.0,10.0,64,4,11,0,5,6,32,18,4,10,0.0,0,19,6,839,493,0
51,0,0.0,0.0,0.0,24,15,2,0,14,2,6,2,69,0,0.0,0,2,2,143,97,0
52,0,0.0,0.0,0.0,24,24,3,0,17,2,6,0,21,0,0.0,0,3,2,119,84,0
64,0,0.0,0.0,0.0,31,31,0,0,11,1,8,15,0,0,0.0,0,1,1,127,127,0
66,0,0.0,0.0,0.0,64,64,1,0,14,1,4,13,0,0,0.0,0,1,1,112,112,0
87,0,0.0,0.0,0.0,64,7,15,0,11,4,21,25,0,0,0.0,0,21,6,380,121,0
54,0,0.0,0.0,0.0,37,37,1,0,12,2,12,26,0,0,0.0,0,1,1,109,109,0
50,0,0.0,0.0,0.0,64,11,4,0,13,2,3,25,0,0,0.0,0,4,3,117,92,1
125,3,-3.0,0.0,8.0,64,0,19,0,25,1,25,59,7,8,0.0,0,21,6,480,270,1
63,0,0.0,0.0,0.0,64,24,5,0,19,1,8,24,36,0,0.0,0,7,3,144,91,0
134,0,0.0,0.0,0.0,36,20,6,0,2,2,19,8,1,0,0.0,0,7,3,404,185,0
3,0,0.0,0.0,0.0,64,24,3,0,0,3,3,0,0,0,0.0,0,3,2,33,31,0
53,0,0.0,0.0,0.0,64,5,8,0,2,3,6,1,1,0,0.0,0,9,4,1337,600,0
13,0,0.0,0.0,0.0,64,24,2,0,2,3,4,2,0,0,0.0,0,2,2,47,46,0
78,3,-1.0,1.0,10.0,64,4,7,0,3,2,10,4,0,10,0.0,0,9,4,262,149,0
16,0,0.0,0.0,0.0,64,7,2,0,4,5,8,6,1,0,0.0,0,5,3,77,62,0
50,0,0.0,0.0,0.0,64,23,3,0,13,1,3,1,66,0,0.0,0,4,3,122,113,0
3,0,0.0,0.0,0.0,24,22,2,0,0,2,1,0,0,0,0.0,0,3,2,33,29,0
4,0,0.0,0.0,0.0,24,8,3,0,1,1,2,2,0,0,0.0,0,4,2,38,27,0
147,0,0.0,0.0,0.0,64,11,11,0,27,2,25,37,8,0,0.0,0,17,5,448,221,0
78,0,0.0,0.0,0.0,25,24,3,0,32,1,3,0,496,0,0.0,0,4,3,593,171,0
88,0,0.0,0.0,0.0,64,20,3,0,29,1,15,17,3,0,0.0,0,6,3,337,138,1
106,0,0.0,0.0,0.0,64,16,5,0,21,2,21,31,39,0,0.0,0,5,3,275,214,0
45,0,0.0,0.0,0.0,64,11,3,0,11,2,7,19,1,0,0.0,0,3,3,111,90,1
18,0,0.0,0.0,0.0,24,23,3,0,5,3,5,1,4,0,0.0,0,3,1,57,49,0
17,0,0.0,0.0,0.0,24,24,2,0,4,2,4,0,2,0,0.0,0,2,1,52,47,0
49,59,15.0,37.0,8.0,34,0,3,0,15,1,12,5,78,8,0.0,0,7,2,183,102,0
7,0,0.0,0.0,0.0,24,22,6,0,5,1,10,0,10,0,0.0,0,7,3,208,81,0
126,0,0.0,0.0,0.0,64,5,12,0,3,3,20,14,0,0,0.0,0,19,6,598,224,0
343,19,11.0,15.0,4.0,64,2,28,1,67,1,39,114,153,4,0.0,0,34,5,1819,643,1
45,13,11.0,12.0,4.0,25,2,5,1,11,2,13,29,1,4,0.0,0,5,4,177,112,0
32,0,0.0,0.0,0.0,64,11,4,0,7,2,6,14,1,0,0.0,0,4,3,91,75,1
438,0,0.0,0.0,0.0,64,20,14,0,152,1,39,123,35,0,0.0,0,16,5,1576,755,0
10,0,0.0,0.0,0.0,24,24,1,0,2,1,1,0,0,0,0.0,0,1,1,35,35,0
92,0,0.0,0.0,0.0,37,22,4,0,11,1,17,46,0,0,0.0,0,5,2,249,209,0
213,0,0.0,0.0,0.0,29,18,5,0,86,1,11,69,55,0,0.0,0,6,4,509,346,0
135,0,0.0,0.0,0.0,64,5,9,0,1,2,13,5,0,0,0.0,0,13,5,482,185,0
25,0,0.0,0.0,0.0,21,21,1,0,6,1,0,0,1,0,0.0,0,1,1,69,69,0
229,0,0.0,0.0,0.0,29,6,8,0,25,4,22,34,2,0,0.0,0,12,4,906,365,0
80,0,0.0,0.0,0.0,17,5,2,0,11,4,17,17,1,0,0.0,0,6,2,192,156,0
242,0,0.0,0.0,0.0,64,24,4,0,85,3,37,54,905,0,0.0,0,6,3,625,416,0
49,0,0.0,0.0,0.0,24,24,4,0,16,3,3,1,54,0,0.0,0,4,1,109,94,0
82,0,0.0,0.0,0.0,24,17,8,0,26,2,11,10,325,0,0.0,0,8,4,313,185,0
23,0,0.0,0.0,0.0,64,24,3,0,6,3,6,2,2,0,0.0,0,4,3,78,59,0
145,0,0.0,0.0,0.0,64,5,10,0,11,3,18,21,0,0,0.0,0,13,5,411,309,0
4,0,0.0,0.0,0.0,24,8,3,0,1,1,2,2,0,0,0.0,0,4,2,36,28,0
91,0,0.0,0.0,0.0,64,24,3,0,42,2,10,25,300,0,0.0,0,5,1,213,168,0
49,126,126.0,126.0,9.0,0,0,1,1,12,3,8,0,40,9,0.0,0,1,1,126,126,0
60,0,0.0,0.0,0.0,24,12,9,0,16,1,16,26,0,0,0.0,0,9,5,336,159,1
40,0,0.0,0.0,0.0,64,6,5,0,9,1,14,13,0,0,0.0,0,5,2,137,89,0
69,0,0.0,0.0,0.0,24,20,8,0,16,1,11,23,1,0,0.0,0,8,3,503,131,0
52,0,0.0,0.0,0.0,24,23,3,0,16,3,6,1,75,0,0.0,0,3,2,112,103,0
46,0,0.0,0.0,0.0,64,5,4,0,6,4,8,9,4,0,0.0,0,7,5,113,87,0
15,0,0.0,0.0,0.0,24,23,5,0,13,1,11,0,78,0,0.0,0,5,2,161,83,1
17,0,0.0,0.0,0.0,64,24,2,0,4,2,6,0,2,0,0.0,0,2,2,56,55,0
48,0,0.0,0.0,0.0,24,23,6,0,16,2,11,3,46,0,0.0,0,6,3,164,102,0
60,0,0.0,0.0,0.0,24,12,7,0,18,2,12,13,91,0,0.0,0,7,3,209,118,0
41,0,0.0,0.0,0.0,64,24,2,0,15,1,15,7,0,0,0.0,0,2,2,126,110,0
25,0,0.0,0.0,0.0,24,20,4,0,7,1,2,3,2,0,0.0,0,4,2,116,99,1
225,0,0.0,0.0,0.0,64,12,17,0,57,1,25,106,70,0,0.0,0,18,4,1022,315,0
87,0,0.0,0.0,0.0,64,7,17,0,15,4,24,14,9,0,0.0,0,23,6,367,216,0
31,0,0.0,0.0,0.0,64,24,2,0,5,1,1,10,8,0,0.0,0,2,2,76,75,0
40,0,0.0,0.0,0.0,64,11,4,0,21,2,13,15,1,0,0.0,0,5,4,172,115,1
26,0,0.0,0.0,0.0,64,24,4,0,7,3,6,3,6,0,0.0,0,6,4,90,66,0
11,0,0.0,0.0,0.0,24,23,4,0,3,1,2,2,1,0,0.0,0,4,2,51,40,0
109,0,0.0,0.0,0.0,24,23,5,0,30,3,8,17,98,0,0.0,0,5,3,225,171,0
46,0,0.0,0.0,0.0,24,23,5,0,14,2,10,13,91,0,0.0,0,5,1,135,103,0
176,0,0.0,0.0,0.0,64,14,11,0,50,2,23,7,894,0,0.0,0,12,3,614,356,0
32,0,0.0,0.0,0.0,24,23,3,0,10,2,5,5,0,0,0.0,0,3,2,88,76,0
54,14,-4.0,5.0,7.0,64,4,11,1,20,1,15,21,0,7,0.0,0,12,5,203,123,0
147,0,0.0,0.0,0.0,24,8,2,0,46,2,11,10,102,0,0.0,0,3,2,252,242,0
76,0,0.0,0.0,0.0,36,7,10,0,9,2,20,12,0,0,0.0,0,16,6,307,104,0
130,0,0.0,0.0,0.0,64,12,19,0,28,2,15,39,91,0,0.0,0,19,4,435,180,0
3,0,0.0,0.0,0.0,24,24,1,0,1,1,1,0,0,0,0.0,0,1,1,32,32,0
90,22,6.0,14.0,10.0,29,4,1,0,20,1,5,9,100,10,0.0,0,3,3,180,154,0
24,0,0.0,0.0,0.0,24,23,3,0,6,2,8,0,9,0,0.0,0,3,1,67,53,0
102,0,0.0,0.0,0.0,24,16,8,0,36,2,23,20,120,0,0.0,0,9,4,379,200,0
16,0,0.0,0.0,0.0,24,4,1,0,4,2,3,0,0,0,0.0,0,2,2,54,49,0
25,0,0.0,0.0,0.0,12,12,1,0,4,2,5,1,0,0,0.0,0,1,1,72,72,0
19,0,0.0,0.0,0.0,64,23,3,0,2,6,10,8,0,0,0.0,0,6,4,71,59,0
81,0,0.0,0.0,0.0,24,12,3,0,21,1,12,20,43,0,0.0,0,3,2,223,180,0
36,0,0.0,0.0,0.0,24,24,2,0,10,1,3,1,0,0,0.0,0,2,1,68,65,0
85,0,0.0,0.0,0.0,24,8,2,0,24,3,5,0,170,0,0.0,0,3,2,209,176,0
148,0,0.0,0.0,0.0,29,7,9,0,16,3,17,17,4,0,0.0,0,11,4,369,203,0
42,0,0.0,0.0,0.0,29,18,3,0,11,2,7,13,0,0,0.0,0,3,2,116,93,0
204,0,0.0,0.0,0.0,64,5,12,0,15,4,24,16,1,0,0.0,0,18,6,578,348,0
169,287,287.0,287.0,9.0,0,0,1,1,36,2,17,49,7,9,0.0,0,1,1,287,287,1
400,0,0.0,0.0,0.0,64,5,17,0,10,7,34,24,1,0,0.0,0,24,7,1360,576,0
191,0,0.0,0.0,0.0,64,19,6,0,44,2,20,62,11,0,0.0,0,6,2,399,310,1
26,0,0.0,0.0,0.0,64,16,5,0,6,3,9,5,9,0,0.0,0,5,3,85,67,0
14,0,0.0,0.0,0.0,64,17,7,0,2,1,1,0,1,0,0.0,0,7,3,92,43,0
6,0,0.0,0.0,0.0,24,23,4,0,4,1,7,0,6,0,0.0,0,4,1,124,62,0
73,0,0.0,0.0,0.0,64,7,6,0,2,5,13,8,0,0,0.0,0,9,5,232,119,0
110,0,0.0,0.0,0.0,29,14,5,0,25,1,5,32,8,0,0.0,0,5,3,216,130,0
247,0,0.0,0.0,0.0,14,14,0,0,57,2,8,73,8,0,0.0,0,1,1,376,376,0
73,0,0.0,0.0,0.0,28,24,2,0,7,1,9,25,1,0,0.0,0,2,2,138,126,0
83,0,0.0,0.0,0.0,64,7,9,0,3,4,12,5,0,0,0.0,0,12,5,321,114,0
118,0,0.0,0.0,0.0,24,19,10,0,36,1,25,31,30,0,0.0,0,11,4,660,281,1
27,0,0.0,0.0,0.0,75,35,3,0,10,2,7,6,0,0,0.0,0,3,2,99,86,0
42,0,0.0,0.0,0.0,48,15,3,0,7,1,11,19,4,0,0.0,0,3,2,158,143,0
95,0,0.0,0.0,0.0,75,18,19,0,4,4,17,9,0,0,0.0,0,25,6,356,165,0
9,0,0.0,0.0,0.0,35,27,5,0,7,1,10,0,21,0,0.0,0,6,3,138,57,0
136,0,0.0,0.0,0.0,25,25,0,0,36,2,7,22,0,0,0.0,0,1,1,197,197,0
59,0,0.0,0.0,0.0,35,31,3,0,16,2,5,0,104,0,0.0,0,3,2,135,116,0
57,0,0.0,0.0,0.0,75,35,3,0,18,1,10,17,0,0,0.0,0,6,3,306,123,0
152,0,0.0,0.0,0.0,75,16,19,0,30,2,41,43,0,0,0.0,0,22,5,621,244,0
107,0,0.0,0.0,0.0,75,34,7,0,22,1,9,34,31,0,0.0,0,8,4,352,200,0
23,0,0.0,0.0,0.0,75,35,3,0,6,2,6,2,2,0,0.0,0,4,3,79,59,0
269,0,0.0,0.0,0.0,75,15,12,0,53,2,40,58,7,0,0.0,0,15,4,694,461,1
3,0,0.0,0.0,0.0,75,35,3,0,0,3,3,0,0,0,0.0,0,3,2,33,28,0
46,23,3.0,13.0,7.0,75,7,13,1,24,2,9,24,0,7,0.0,0,14,5,431,135,0
272,0,0.0,0.0,0.0,75,17,10,0,94,2,31,47,1311,0,0.0,0,17,6,823,544,1
44,0,0.0,0.0,0.0,39,32,4,0,1,4,12,4,0,0,0.0,0,5,4,119,108,0
4,0,0.0,0.0,0.0,35,19,2,0,1,1,2,2,0,0,0.0,0,3,2,36,27,0
12,0,0.0,0.0,0.0,35,28,5,0,10,1,14,0,45,0,0.0,0,5,3,165,72,0
11,0,0.0,0.0,0.0,75,18,2,0,3,4,5,0,1,0,0.0,0,4,3,69,50,0
89,0,0.0,0.0,0.0,35,34,5,0,27,2,8,3,260,0,0.0,0,5,2,171,154,0
13,0,0.0,0.0,0.0,34,34,1,0,4,1,3,2,0,0,0.0,0,1,1,36,36,0
175,0,0.0,0.0,0.0,75,16,14,0,3,3,24,17,0,0,0.0,0,20,6,706,282,0
11,0,0.0,0.0,0.0,17,17,0,0,2,1,0,3,0,0,0.0,0,1,1,37,37,0
45,0,0.0,0.0,0.0,35,30,4,0,11,2,8,19,0,0,0.0,0,4,2,112,93,0
402,2,2.0,2.0,1.0,45,1,12,1,82,2,37,117,209,1,0.0,0,14,5,874,666,0
134,0,0.0,0.0,0.0,45,11,3,0,41,1,12,21,227,0,0.0,0,4,2,239,216,1
60,0,0.0,0.0,0.0,75,33,4,0,19,1,2,6,57,0,0.0,0,4,3,154,110,0
28,0,0.0,0.0,0.0,45,30,6,0,5,1,7,15,3,0,0.0,0,6,5,133,65,0
48,0,0.0,0.0,0.0,35,34,5,0,14,1,13,23,0,0,0.0,0,5,2,293,186,1
175,0,0.0,0.0,0.0,31,26,4,0,43,1,11,63,0,0,0.0,0,4,1,388,196,0
401,0,0.0,0.0,0.0,75,15,11,0,3,7,36,19,0,0,0.0,0,17,6,963,711,0
80,0,0.0,0.0,0.0,75,16,15,0,5,4,18,16,3,0,0.0,0,20,6,304,154,0
79,0,0.0,0.0,0.0,75,33,2,0,27,2,10,17,47,0,0.0,0,3,2,151,145,0
78,0,0.0,0.0,0.0,35,27,5,0,25,2,14,19,45,0,0.0,0,6,3,247,122,0
21,0,0.0,0.0,0.0,75,25,4,0,7,2,7,2,6,0,0.0,0,4,2,72,65,0
65,0,0.0,0.0,0.0,75,31,6,0,11,2,18,20,0,0,0.0,0,8,3,224,144,0
17,6,2.0,4.0,48.0,75,1,2,1,4,2,5,0,2,48,0.0,0,2,1,58,52,0
43,0,0.0,0.0,0.0,75,16,4,0,5,4,6,7,3,0,0.0,0,7,5,110,94,0
14,0,0.0,0.0,0.0,35,31,7,0,12,1,13,0,66,0,0.0,0,9,3,223,96,1
17,0,0.0,0.0,0.0,28,27,1,0,4,2,10,1,0,0,0.0,0,2,2,80,62,0
332,0,0.0,0.0,0.0,75,16,15,0,5,6,29,18,0,0,0.0,0,19,6,832,506,1
107,0,0.0,0.0,0.0,35,26,4,0,32,2,10,17,222,0,0.0,0,4,4,255,163,0
90,0,0.0,0.0,0.0,45,11,2,0,27,1,7,14,137,0,0.0,0,3,2,165,156,0
267,0,0.0,0.0,0.0,75,16,8,0,3,7,24,14,0,0,0.0,0,13,6,603,483,0
27,0,0.0,0.0,0.0,75,34,3,0,7,1,1,1,15,0,0.0,0,3,1,71,59,0
38,41,11.5,16.0,7.0,35,10,4,2,10,2,5,0,35,9,0.9892,0,4,3,171,125,0
23,0,0.0,0.0,0.0,35,34,2,0,8,2,4,0,3,0,0.0,0,2,1,63,58,0
34,0,0.0,0.0,0.0,75,35,2,0,12,1,10,9,0,0,0.0,0,2,2,97,92,1
3,0,0.0,0.0,0.0,75,35,3,0,0,3,3,0,0,0,0.0,0,3,2,33,31,0
10,0,0.0,0.0,0.0,35,33,3,0,2,3,2,0,0,0,0.0,0,3,2,38,25,0
17,0,0.0,0.0,0.0,35,34,3,0,4,2,3,0,2,0,0.0,0,3,1,52,46,0
126,0,0.0,0.0,0.0,35,27,6,0,35,1,10,34,153,0,0.0,0,6,4,327,115,0
33,0,0.0,0.0,0.0,75,34,2,0,13,1,1,2,2,0,0.0,0,3,3,74,72,0
62,0,0.0,0.0,0.0,28,21,1,0,12,3,6,6,0,0,0.0,0,2,2,149,116,0
181,19,9.0,14.0,7.0,75,7,10,1,4,2,20,16,1,7,0.0,0,16,5,531,263,0
84,0,0.0,0.0,0.0,75,18,9,0,9,3,15,19,15,0,0.0,0,15,5,401,221,0
153,0,0.0,0.0,0.0,75,18,8,0,1,4,17,9,0,0,0.0,0,11,4,600,211,0
70,0,0.0,0.0,0.0,45,11,3,0,21,1,16,5,147,0,0.0,0,7,2,195,120,0
269,0,0.0,0.0,0.0,36,16,9,0,68,2,32,72,13,0,0.0,0,9,4,559,411,1
27,0,0.0,0.0,0.0,35,35,1,0,7,2,7,2,15,0,0.0,0,1,1,73,73,0
130,0,0.0,0.0,0.0,75,16,15,0,3,3,21,14,0,0,0.0,0,22,6,627,234,0
210,0,0.0,0.0,0.0,75,22,11,0,54,2,28,76,13,0,0.0,0,13,4,507,232,1
188,0,0.0,0.0,0.0,40,16,3,0,16,2,17,21,0,0,0.0,0,6,3,335,291,0
93,0,0.0,0.0,0.0,75,16,5,0,1,3,17,12,0,0,0.0,0,8,5,252,194,0
33,0,0.0,0.0,0.0,36,25,3,0,6,1,4,8,3,0,0.0,0,3,2,134,84,0
6,0,0.0,0.0,0.0,35,19,3,0,1,1,2,2,0,0,0.0,0,4,2,125,41,0
11,0,0.0,0.0,0.0,48,48,1,0,0,1,0,0,0,0,0.0,0,1,1,41,41,0
15,0,0.0,0.0,0.0,33,18,1,0,3,6,7,4,3,0,0.0,0,2,2,51,49,0
42,0,0.0,0.0,0.0,35,35,2,0,14,2,2,1,35,0,0.0,0,2,1,89,86,0
10,0,0.0,0.0,0.0,75,35,2,0,3,3,2,0,1,0,0.0,0,2,2,43,40,0
10,0,0.0,0.0,0.0,75,35,2,0,3,3,2,0,1,0,0.0,0,2,2,43,40,0
104,0,0.0,0.0,0.0,75,25,7,0,17,2,22,35,0,0,0.0,0,10,4,332,223,0
23,0,0.0,0.0,0.0,75,35,3,0,6,3,6,2,2,0,0.0,0,4,3,79,59,0
64,0,0.0,0.0,0.0,35,21,5,0,18,1,6,17,0,0,0.0,0,5,2,214,193,0
147,0,0.0,0.0,0.0,75,16,13,0,3,3,24,17,0,0,0.0,0,19,6,659,262,0
8,0,0.0,0.0,0.0,75,14,2,0,2,4,0,0,1,0,0.0,0,3,3,35,31,0
27,0,0.0,0.0,0.0,35,28,11,0,25,1,14,0,300,0,0.0,0,11,5,300,126,1
3,2,-2.0,0.0,48.0,75,1,4,1,0,2,3,0,0,48,0.0,0,4,2,37,32,0
50,0,0.0,0.0,0.0,29,18,1,0,1,4,8,2,0,0,0.0,0,2,2,103,101,0
31,0,0.0,0.0,0.0,75,35,4,0,8,2,4,0,20,0,0.0,0,4,3,73,51,0
13,0,0.0,0.0,0.0,19,18,0,0,1,2,5,0,0,0,0.0,0,4,2,85,52,0
60,0,0.0,0.0,0.0,75,34,4,0,8,5,7,10,8,0,0.0,0,5,2,134,111,0
153,0,0.0,0.0,0.0,75,23,12,0,45,3,17,59,208,0,0.0,0,13,5,438,186,1
45,0,0.0,0.0,0.0,75,30,5,0,16,1,2,23,15,0,0.0,0,7,3,178,135,0
15,11,-7.0,2.0,48.0,26,1,4,1,2,2,5,9,0,48,0.0,0,4,2,83,53,0
166,0,0.0,0.0,0.0,25,25,1,0,37,2,22,50,45,0,0.0,0,2,1,312,304,0
60,0,0.0,0.0,0.0,75,28,16,0,16,3,15,20,91,0,0.0,0,18,5,511,157,1
108,0,0.0,0.0,0.0,75,16,10,0,5,3,22,28,1,0,0.0,0,14,5,382,219,0
18,0,0.0,0.0,0.0,35,34,3,0,5,3,5,1,4,0,0.0,0,3,1,57,49,0
128,0,0.0,0.0,0.0,35,35,2,0,36,2,5,6,402,0,0.0,0,2,1,299,252,0
27,0,0.0,0.0,0.0,28,28,1,0,5,2,11,12,4,0,0.0,0,1,1,75,75,0
8,0,0.0,0.0,0.0,18,18,0,0,1,1,0,0,0,0,0.0,0,1,1,34,34,0
41,0,0.0,0.0,0.0,75,16,3,0,1,1,0,0,0,0,0.0,0,7,2,130,96,0
27,0,0.0,0.0,0.0,75,35,3,0,7,4,9,2,6,0,0.0,0,4,3,85,69,0
10,0,0.0,0.0,0.0,35,35,2,0,2,3,3,0,0,0,0.0,0,2,1,39,35,0
63,1,-1.0,0.0,48.0,75,1,7,1,11,2,18,21,0,48,0.0,0,9,3,268,144,0
20,0,0.0,0.0,0.0,75,30,3,0,7,1,3,7,3,0,0.0,0,3,2,91,54,0
66,0,0.0,0.0,0.0,75,35,5,0,18,2,11,6,100,0,0.0,0,5,3,148,122,0
111,0,0.0,0.0,0.0,75,30,4,0,37,1,9,35,0,0,0.0,0,5,2,401,213,1
10,0,0.0,0.0,0.0,75,33,3,0,3,3,2,0,1,0,0.0,0,3,3,44,40,0
21,0,0.0,0.0,0.0,55,34,5,0,5,1,2,10,3,0,0.0,0,5,4,78,54,0
63,0,0.0,0.0,0.0,75,18,10,0,4,5,18,10,1,0,0.0,0,13,5,241,119,0
58,0,0.0,0.0,0.0,75,18,7,0,4,5,16,8,1,0,0.0,0,11,5,225,114,0
3,2,-2.0,0.0,48.0,75,1,4,1,0,2,2,0,0,48,0.0,0,4,2,35,31,0
38,0,0.0,0.0,0.0,75,18,6,0,2,6,13,10,0,0,0.0,0,9,4,163,112,0
35,0,0.0,0.0,0.0,35,34,2,0,14,2,5,0,12,0,0.0,0,2,1,94,86,0
88,0,0.0,0.0,0.0,75,31,7,0,1,3,14,8,0,0,0.0,0,8,5,255,195,0
235,0,0.0,0.0,0.0,75,17,19,0,55,2,34,99,66,0,0.0,0,23,7,822,411,1
11,0,0.0,0.0,0.0,75,36,2,0,2,4,0,0,0,0,0.0,0,2,2,40,33,0
81,0,0.0,0.0,0.0,75,27,12,0,23,2,17,20,136,0,0.0,0,15,6,467,178,1
9,0,0.0,0.0,0.0,35,34,3,0,2,1,1,0,0,0,0.0,0,3,1,41,37,0
110,0,0.0,0.0,0.0,75,27,11,0,24,2,25,23,0,0,0.0,0,13,4,446,264,0
25,0,0.0,0.0,0.0,75,25,7,0,6,2,9,2,11,0,0.0,0,7,3,94,75,0
50,2,0.0,1.0,11.0,25,1,2,1,8,1,5,10,0,11,0.0,0,3,1,220,110,0
37,0,0.0,0.0,0.0,75,16,6,0,7,4,9,11,15,0,0.0,0,9,5,116,79,0
90,0,0.0,0.0,0.0,75,16,8,0,1,2,14,4,0,0,0.0,0,13,5,349,176,0
146,0,0.0,0.0,0.0,75,27,10,0,32,2,12,17,171,0,0.0,0,11,4,550,300,0
160,0,0.0,0.0,0.0,75,13,6,0,40,1,2,15,0,0,0.0,0,8,4,426,282,0
91,0,0.0,0.0,0.0,75,18,9,0,16,2,33,25,15,0,0.0,0,11,4,361,175,0
257,0,0.0,0.0,0.0,47,18,4,0,8,2,23,16,0,0,0.0,0,6,3,416,271,0
66,0,0.0,0.0,0.0,35,34,3,0,19,3,4,1,135,0,0.0,0,3,2,133,124,0
30,3,1.0,2.0,6.0,35,6,6,1,1,1,0,0,0,6,0.0,0,8,3,280,244,0
509,0,0.0,0.0,0.0,75,23,10,0,143,1,44,22,0,0,0.0,0,11,3,780,401,1
66,0,0.0,0.0,0.0,40,29,4,0,3,3,5,6,1,0,0.0,0,5,4,165,80,0
54,0,0.0,0.0,0.0,32,30,2,0,16,1,4,19,0,0,0.0,0,2,2,225,161,0
53,0,0.0,0.0,0.0,75,35,4,0,4,2,15,11,0,0,0.0,0,5,3,207,107,0
18,0,0.0,0.0,0.0,35,34,3,0,5,3,5,1,4,0,0.0,0,3,1,57,49,0
79,0,0.0,0.0,0.0,75,75,1,0,20,1,3,25,5,0,0.0,0,1,1,178,178,0
174,0,0.0,0.0,0.0,43,28,4,0,36,2,18,62,15,0,0.0,0,6,4,388,341,1
143,0,0.0,0.0,0.0,75,23,9,0,32,3,13,44,105,0,0.0,0,13,7,928,532,1
76,127,127.0,127.0,48.0,1,1,1,1,18,2,16,19,1,48,0.0,0,1,1,127,127,0
41,0,0.0,0.0,0.0,26,26,1,0,9,1,6,22,0,0,0.0,0,1,1,103,103,0
55,0,0.0,0.0,0.0,35,31,8,0,14,1,16,23,0,0,0.0,0,9,3,320,163,1
3,0,0.0,0.0,0.0,45,11,1,0,1,1,1,0,0,0,0.0,0,2,1,28,26,0
32,0,0.0,0.0,0.0,75,35,2,0,10,2,6,8,28,0,0.0,0,2,2,105,104,0
11,0,0.0,0.0,0.0,34,31,3,0,1,4,5,3,0,0,0.0,0,3,2,83,44,0
3,0,0.0,0.0,0.0,75,35,3,0,0,3,2,0,0,0,0.0,0,3,2,31,29,0
3,0,0.0,0.0,0.0,75,35,3,0,0,3,3,0,0,0,0.0,0,3,2,33,28,0
27,0,0.0,0.0,0.0,35,26,2,0,5,2,4,6,6,0,0.0,0,2,2,113,101,0
32,2,2.0,2.0,48.0,75,1,5,1,9,2,6,2,32,48,0.0,0,5,2,88,72,0
39,0,0.0,0.0,0.0,36,25,6,0,6,2,7,14,1,0,0.0,0,8,3,604,222,0
94,0,0.0,0.0,0.0,75,16,2,0,6,3,7,5,2,0,0.0,0,5,4,176,165,0
77,0,0.0,0.0,0.0,35,35,2,0,22,2,4,2,170,0,0.0,0,2,1,139,134,0
44,0,0.0,0.0,0.0,35,27,6,0,14,2,8,12,78,0,0.0,0,7,3,176,111,0
79,0,0.0,0.0,0.0,35,34,4,0,27,2,8,18,44,0,0.0,0,5,4,151,124,0
72,0,0.0,0.0,0.0,75,25,10,0,22,3,11,6,168,0,0.0,0,11,5,202,152,0
243,0,0.0,0.0,0.0,63,35,2,0,67,2,15,57,0,0,0.0,0,3,2,323,318,0
60,0,0.0,0.0,0.0,23,23,1,0,19,2,7,12,6,0,0.0,0,1,1,114,114,0
29,0,0.0,0.0,0.0,75,43,3,0,8,2,16,7,0,0,0.0,0,3,2,91,83,0
45,0,0.0,0.0,0.0,35,35,2,0,14,2,10,16,0,0,0.0,0,3,2,107,100,0
81,4,0.0,2.0,1.0,45,1,10,1,19,2,13,16,105,1,0.0,0,10,3,249,199,0
396,0,0.0,0.0,0.0,36,23,10,0,97,1,29,65,0,0,0.0,0,11,4,1071,539,0
70,0,0.0,0.0,0.0,30,30,2,0,15,1,1,17,48,0,0.0,0,2,1,197,132,0
183,0,0.0,0.0,0.0,35,19,2,0,52,3,5,0,1080,0,0.0,0,4,3,417,354,0
3,2,-2.0,0.0,48.0,75,1,4,1,0,2,3,0,0,48,0.0,0,4,2,37,32,0
90,0,0.0,0.0,0.0,35,15,1,0,37,3,7,2,224,0,0.0,0,2,2,166,156,0
525,0,0.0,0.0,0.0,36,11,17,0,131,1,53,145,125,0,0.0,0,22,4,1351,718,1
21,11,-3.5,1.0,28.5,75,1,7,2,7,2,4,11,0,48,0.684,0,7,4,104,61,0
234,0,0.0,0.0,0.0,35,35,1,0,54,1,15,125,66,0,0.0,0,2,2,414,411,1
39,0,0.0,0.0,0.0,75,18,11,0,7,5,19,21,0,0,0.0,0,14,4,188,90,0
27,0,0.0,0.0,0.0,75,30,3,0,2,5,7,5,0,0,0.0,0,6,4,97,67,0
305,0,0.0,0.0,0.0,45,12,12,0,99,1,39,82,39,0,0.0,0,20,4,913,338,1
17,0,0.0,0.0,0.0,35,35,1,0,4,2,3,0,2,0,0.0,0,1,1,51,51,0
31,10,-6.0,2.0,48.0,75,1,7,1,7,2,6,10,0,48,0.0,0,8,5,107,71,0
138,0,0.0,0.0,0.0,75,18,15,0,8,3,32,32,4,0,0.0,0,17,5,422,271,0
37,0,0.0,0.0,0.0,35,33,5,0,14,2,5,3,8,0,0.0,0,5,1,140,112,0
190,0,0.0,0.0,0.0,36,22,12,0,55,1,24,80,156,0,0.0,0,14,4,1062,699,1
145,0,0.0,0.0,0.0,40,16,8,0,14,2,26,29,21,0,0.0,0,12,5,601,439,0
18,0,0.0,0.0,0.0,35,19,5,0,6,1,2,4,0,0,0.0,0,6,2,94,49,0
4,0,0.0,0.0,0.0,35,19,3,0,1,1,2,2,0,0,0.0,0,4,2,46,35,0
44,0,0.0,0.0,0.0,75,16,4,0,10,2,5,18,0,0,0.0,0,4,2,85,78,0
99,0,0.0,0.0,0.0,75,18,10,0,33,1,11,36,26,0,0.0,0,14,3,562,184,0
49,0,0.0,0.0,0.0,35,11,4,0,12,3,8,0,40,0,0.0,0,4,3,143,113,0
83,0,0.0,0.0,0.0,45,31,5,0,25,2,12,4,127,0,0.0,0,5,3,197,155,0
8,0,0.0,0.0,0.0,75,34,3,0,2,2,5,1,1,0,0.0,0,3,2,45,42,0
63,0,0.0,0.0,0.0,35,35,5,0,18,3,6,4,96,0,0.0,0,5,2,163,116,0
242,0,0.0,0.0,0.0,75,16,9,0,10,6,28,15,6,0,0.0,0,17,6,1937,871,0
66,0,0.0,0.0,0.0,48,35,6,0,20,1,6,7,73,0,0.0,0,6,4,483,136,0
87,0,0.0,0.0,0.0,75,35,5,0,21,2,13,25,55,0,0.0,0,6,3,260,164,1
162,0,0.0,0.0,0.0,75,16,12,0,9,3,28,14,1,0,0.0,0,18,6,482,334,0
394,0,0.0,0.0,0.0,75,16,30,0,47,2,32,51,14,0,0.0,0,37,7,1981,553,0
88,0,0.0,0.0,0.0,75,16,11,0,6,4,18,21,1,0,0.0,0,16,6,363,96,0
67,0,0.0,0.0,0.0,75,15,8,0,9,2,10,5,0,0,0.0,0,12,4,489,140,0
43,0,0.0,0.0,0.0,35,19,4,0,12,3,7,0,37,0,0.0,0,5,4,130,79,0
15,0,0.0,0.0,0.0,35,23,8,0,13,1,16,0,78,0,0.0,0,8,3,272,87,0
37,0,0.0,0.0,0.0,45,31,7,0,13,1,10,11,58,0,0.0,0,8,5,147,118,0
66,0,0.0,0.0,0.0,75,35,7,0,18,2,11,2,135,0,0.0,0,7,3,258,139,0
84,0,0.0,0.0,0.0,73,35,2,0,5,4,5,3,0,0,0.0,0,3,3,144,140,0
66,0,0.0,0.0,0.0,75,35,4,0,20,2,13,8,40,0,0.0,0,5,3,198,150,0
124,2,2.0,2.0,2.0,35,9,7,1,38,4,7,11,417,2,0.0,0,7,3,275,207,0
27,0,0.0,0.0,0.0,75,35,3,0,7,2,9,2,6,0,0.0,0,4,3,85,69,0
164,0,0.0,0.0,0.0,75,31,15,0,50,1,28,76,19,0,0.0,0,18,7,515,236,1
12,0,0.0,0.0,0.0,39,18,2,0,3,5,8,4,0,0,0.0,0,3,3,63,54,0
68,0,0.0,0.0,0.0,35,35,3,0,25,3,8,11,44,0,0.0,0,3,2,193,98,0
69,0,0.0,0.0,0.0,75,35,4,0,20,3,14,9,40,0,0.0,0,5,3,184,132,0
24,0,0.0,0.0,0.0,75,33,2,0,8,3,9,4,11,0,0.0,0,3,2,78,74,0
108,0,0.0,0.0,0.0,75,30,5,0,48,2,13,31,96,0,0.0,0,7,3,329,164,0
122,0,0.0,0.0,0.0,75,35,4,0,32,2,7,32,25,0,0.0,0,4,3,209,202,0
8,0,0.0,0.0,0.0,35,35,2,0,2,1,1,0,0,0,0.0,0,2,1,38,35,0
96,0,0.0,0.0,0.0,35,33,4,0,28,2,8,13,176,0,0.0,0,4,3,186,151,0
67,0,0.0,0.0,0.0,75,18,4,0,16,5,16,26,4,0,0.0,0,6,3,180,138,0
24,0,0.0,0.0,0.0,75,16,1,0,4,4,6,7,1,0,0.0,0,3,2,71,64,0
92,0,0.0,0.0,0.0,75,31,6,0,23,1,16,40,17,0,0.0,0,8,4,216,157,0
4,0,0.0,0.0,0.0,75,35,2,0,1,1,5,1,0,0,0.0,0,2,2,41,36,0
189,0,0.0,0.0,0.0,75,16,14,0,13,5,29,32,6,0,0.0,0,21,7,568,239,0
164,0,0.0,0.0,0.0,75,18,12,0,7,4,16,8,0,0,0.0,0,14,5,636,304,0
45,0,0.0,0.0,0.0,75,34,3,0,8,1,6,22,0,0,0.0,0,4,4,106,102,0
160,0,0.0,0.0,0.0,35,34,4,0,43,2,7,0,833,0,0.0,0,4,2,271,241,0
85,0,0.0,0.0,0.0,34,28,7,0,24,1,23,34,0,0,0.0,0,8,5,256,153,1
12,0,0.0,0.0,0.0,35,35,1,0,3,1,0,3,3,0,0.0,0,1,1,45,45,0
52,0,0.0,0.0,0.0,75,26,3,0,9,1,7,17,0,0,0.0,0,3,1,120,101,0
29,0,0.0,0.0,0.0,75,35,4,0,8,2,6,2,6,0,0.0,0,5,3,90,69,0
360,6,4.0,5.0,2.0,40,9,17,1,130,1,44,125,62,2,0.0,0,21,7,1022,556,1
66,0,0.0,0.0,0.0,35,35,4,0,18,4,5,0,135,0,0.0,0,4,1,129,114,0
16,0,0.0,0.0,0.0,35,28,5,0,14,1,18,0,91,0,0.0,0,6,4,275,99,1
411,4,0.0,2.0,1.0,43,1,7,1,111,2,23,84,116,1,0.0,0,11,2,794,565,1
66,0,0.0,0.0,0.0,35,35,4,0,18,3,6,0,135,0,0.0,0,4,1,134,119,0
12,0,0.0,0.0,0.0,75,30,3,0,1,5,4,3,0,0,0.0,0,4,2,59,45,0
7,0,0.0,0.0,0.0,35,19,5,0,4,1,2,2,1,0,0.0,0,6,2,57,42,0
4,0,0.0,0.0,0.0,35,19,5,0,1,1,2,2,0,0,0.0,0,6,2,43,26,1
84,0,0.0,0.0,0.0,34,28,8,0,26,1,14,32,0,0,0.0,0,9,4,354,197,1
32,5,1.0,3.0,48.0,75,1,6,1,9,2,8,4,28,48,0.0,0,6,3,97,58,0
19,0,0.0,0.0,0.0,75,23,9,0,17,1,7,0,136,0,0.0,0,9,4,87,52,1
21,0,0.0,0.0,0.0,36,28,5,0,3,1,12,13,0,0,0.0,0,6,4,108,84,0
10,0,0.0,0.0,0.0,35,31,2,0,2,2,7,0,0,0,0.0,0,3,2,46,40,0
115,0,0.0,0.0,0.0,75,35,6,0,58,2,7,39,66,0,0.0,0,6,5,650,216,0
109,0,0.0,0.0,0.0,36,31,5,0,27,2,30,61,15,0,0.0,0,5,4,397,292,0
41,0,0.0,0.0,0.0,47,18,1,0,6,2,14,4,11,0,0.0,0,4,2,114,75,0
123,0,0.0,0.0,0.0,75,18,10,0,27,5,25,20,3,0,0.0,0,15,6,334,198,0
63,0,0.0,0.0,0.0,35,35,1,0,17,2,4,1,91,0,0.0,0,1,1,112,112,0
72,0,0.0,0.0,0.0,75,17,10,0,16,2,38,13,73,0,0.0,0,12,5,286,96,0
163,27,23.0,25.0,9.0,75,7,13,1,12,4,28,40,1,9,0.0,0,22,6,555,209,0
109,0,0.0,0.0,0.0,75,23,4,0,19,1,24,52,0,0,0.0,0,5,1,400,258,0
116,0,0.0,0.0,0.0,75,26,9,0,31,1,12,51,4,0,0.0,0,10,4,365,182,0
3,0,0.0,0.0,0.0,75,35,3,0,0,3,3,0,0,0,0.0,0,3,2,33,31,0
64,0,0.0,0.0,0.0,45,35,3,0,23,2,9,16,33,0,0.0,0,4,2,148,135,0
13,0,0.0,0.0,0.0,48,48,1,0,0,1,0,1,0,0,0.0,0,1,1,46,46,0
143,0,0.0,0.0,0.0,75,15,14,0,34,1,24,58,58,0,0.0,0,23,6,474,224,0
228,0,0.0,0.0,0.0,40,24,4,0,36,2,26,68,14,0,0.0,0,5,3,474,370,0
66,0,0.0,0.0,0.0,75,35,4,0,20,3,14,8,40,0,0.0,0,5,3,181,129,0
90,0,0.0,0.0,0.0,75,16,7,0,4,5,13,6,0,0,0.0,0,13,5,329,119,0
91,13,-9.0,2.0,9.0,75,7,5,1,31,2,16,9,230,9,0.0,0,7,3,249,207,1
17,0,0.0,0.0,0.0,35,35,2,0,4,2,4,3,0,0,0.0,0,2,2,49,46,0
27,0,0.0,0.0,0.0,75,35,3,0,7,4,9,2,6,0,0.0,0,4,3,82,69,0
16,0,0.0,0.0,0.0,75,16,1,0,2,4,5,4,0,0,0.0,0,3,2,58,51,0
143,44,38.0,41.0,6.0,48,6,6,1,34,1,16,57,0,6,0.0,0,6,2,321,239,0
168,26,18.0,22.0,3.0,75,10,16,1,31,1,34,49,0,3,0.0,0,18,5,861,247,1
60,178,-30.0,74.0,11.0,75,1,4,1,6,2,10,28,0,11,0.0,0,4,2,371,178,0
59,0,0.0,0.0,0.0,75,18,8,0,2,4,16,7,0,0,0.0,0,9,5,173,116,0
97,0,0.0,0.0,0.0,75,25,11,0,23,2,16,39,15,0,0.0,0,12,5,295,170,0
29,0,0.0,0.0,0.0,75,35,5,0,8,3,6,2,6,0,0.0,0,7,4,96,66,0
88,0,0.0,0.0,0.0,75,16,4,0,20,2,11,18,4,0,0.0,0,6,4,279,183,0
296,0,0.0,0.0,0.0,75,16,16,0,31,4,33,52,0,0,0.0,0,24,6,1316,436,0
255,0,0.0,0.0,0.0,75,28,8,0,38,2,11,8,17,0,0.0,0,8,2,612,254,0
37,0,0.0,0.0,0.0,75,18,6,0,16,2,5,7,11,0,0.0,0,8,4,344,150,0
98,0,0.0,0.0,0.0,35,34,4,0,33,2,10,5,234,0,0.0,0,4,2,205,169,0
174,0,0.0,0.0,0.0,75,16,8,0,19,2,24,37,7,0,0.0,0,14,4,586,174,0
113,0,0.0,0.0,0.0,75,35,3,0,37,3,15,16,226,0,0.0,0,6,4,309,196,0
50,0,0.0,0.0,0.0,45,35,5,0,19,3,8,11,14,0,0.0,0,6,2,131,118,0
69,0,0.0,0.0,0.0,75,15,13,0,16,2,11,18,21,0,0.0,0,16,4,530,181,0
232,0,0.0,0.0,0.0,75,25,10,0,40,2,33,63,0,0,0.0,0,16,4,791,434,1
36,64,-12.0,26.0,48.0,75,1,8,1,8,2,6,12,0,48,0.0,0,9,6,195,86,0
63,0,0.0,0.0,0.0,75,31,6,0,11,2,18,22,0,0,0.0,0,9,4,306,144,0
121,0,0.0,0.0,0.0,75,18,13,0,6,5,24,15,1,0,0.0,0,18,6,530,235,0
68,15,1.0,8.0,48.0,75,1,10,1,18,2,8,23,3,48,0.0,0,10,5,264,109,0
14,0,0.0,0.0,0.0,35,19,2,0,3,1,2,2,1,0,0.0,0,3,2,60,49,0
91,8,-6.0,1.0,48.0,75,1,7,1,23,2,14,28,1,48,0.0,0,9,5,638,188,0
107,4,2.0,3.0,48.0,75,1,8,1,29,2,16,16,191,48,0.0,0,9,3,318,231,0
15,0,0.0,0.0,0.0,75,34,6,0,13,1,4,0,78,0,0.0,0,6,4,63,56,1
98,0,0.0,0.0,0.0,75,26,6,0,30,2,12,14,222,0,0.0,0,6,3,307,188,0
7,0,0.0,0.0,0.0,35,16,7,0,0,1,0,0,0,0,0.0,0,11,3,90,34,0
4,0,0.0,0.0,0.0,35,19,4,0,1,1,2,2,0,0,0.0,0,5,3,46,31,0
92,0,0.0,0.0,0.0,75,16,10,0,3,6,16,7,3,0,0.0,0,14,6,339,179,1
14,0,0.0,0.0,0.0,45,45,1,0,2,1,9,4,1,0,0.0,0,1,1,61,61,0
44,0,0.0,0.0,0.0,75,75,1,0,6,2,8,22,1,0,0.0,0,1,1,100,100,0
107,0,0.0,0.0,0.0,35,34,5,0,29,4,9,10,262,0,0.0,0,5,2,213,181,0
207,0,0.0,0.0,0.0,75,23,19,0,36,2,35,72,0,0,0.0,0,20,6,903,438,0
38,0,0.0,0.0,0.0,75,16,4,0,5,5,7,12,3,0,0.0,0,6,5,311,190,0
33,0,0.0,0.0,0.0,40,27,5,0,3,4,9,1,1,0,0.0,0,6,4,127,101,0
120,0,0.0,0.0,0.0,75,30,6,0,22,3,9,22,20,0,0.0,0,6,4,227,214,0
38,0,0.0,0.0,0.0,75,18,10,0,1,4,14,5,0,0,0.0,0,12,5,179,102,0
34,0,0.0,0.0,0.0,75,35,2,0,13,2,5,2,20,0,0.0,0,3,2,103,93,0
57,0,0.0,0.0,0.0,75,15,5,0,4,2,17,12,0,0,0.0,0,6,4,164,107,0
236,28,4.0,9.0,7.0,36,10,9,2,62,1,28,80,15,9,0.9666,0,12,5,572,451,1
66,0,0.0,0.0,0.0,31,24,5,0,13,1,14,29,15,0,0.0,0,5,1,193,142,0
63,0,0.0,0.0,0.0,75,17,13,0,13,1,17,25,9,0,0.0,0,16,5,406,157,1
55,0,0.0,0.0,0.0,35,19,3,0,16,2,5,15,8,0,0.0,0,4,3,115,101,0
59,0,0.0,0.0,0.0,35,35,2,0,15,2,10,11,10,0,0.0,0,2,1,143,78,0
110,0,0.0,0.0,0.0,75,14,6,0,12,6,10,14,4,0,0.0,0,11,6,513,322,0
24,0,0.0,0.0,0.0,75,35,2,0,6,2,7,0,9,0,0.0,0,2,2,74,69,0
277,0,0.0,0.0,0.0,75,15,11,0,5,6,32,18,4,0,0.0,0,19,6,839,493,0
51,0,0.0,0.0,0.0,35,26,2,0,14,2,6,2,69,0,0.0,0,2,2,143,97,0
52,0,0.0,0.0,0.0,35,35,3,0,17,2,6,0,21,0,0.0,0,3,2,119,84,0
64,0,0.0,0.0,0.0,42,42,0,0,11,1,8,15,0,0,0.0,0,1,1,127,127,0
66,0,0.0,0.0,0.0,75,75,1,0,14,1,4,13,0,0,0.0,0,1,1,112,112,0
87,0,0.0,0.0,0.0,75,18,15,0,11,4,21,25,0,0,0.0,0,21,6,380,121,0
54,0,0.0,0.0,0.0,48,48,1,0,12,2,12,26,0,0,0.0,0,1,1,109,109,0
50,10,0.0,5.0,48.0,75,1,5,1,13,2,3,25,0,48,0.0,0,5,3,127,92,0
141,41,13.5,17.0,7.5,75,6,21,2,31,1,24,62,7,9,0.5349,0,23,6,521,270,1
63,0,0.0,0.0,0.0,75,35,5,0,19,1,8,24,36,0,0.0,0,7,3,144,91,0
134,0,0.0,0.0,0.0,47,31,6,0,2,2,19,8,1,0,0.0,0,7,3,404,185,0
3,0,0.0,0.0,0.0,75,35,3,0,0,3,3,0,0,0,0.0,0,3,2,33,31,0
53,0,0.0,0.0,0.0,75,16,8,0,2,3,6,1,1,0,0.0,0,9,4,1337,600,0
13,0,0.0,0.0,0.0,75,35,2,0,2,3,4,2,0,0,0.0,0,2,2,47,46,0
78,0,0.0,0.0,0.0,75,15,7,0,3,2,10,4,0,0,0.0,0,9,4,262,149,0
16,0,0.0,0.0,0.0,75,18,2,0,4,5,8,6,1,0,0.0,0,5,3,77,62,0
50,0,0.0,0.0,0.0,75,34,3,0,13,1,3,1,66,0,0.0,0,4,3,122,113,0
3,0,0.0,0.0,0.0,35,33,2,0,0,2,1,0,0,0,0.0,0,3,2,33,29,0
4,0,0.0,0.0,0.0,35,19,3,0,1,1,2,2,0,0,0.0,0,4,2,38,27,0
147,0,0.0,0.0,0.0,75,22,11,0,27,2,25,37,8,0,0.0,0,17,5,448,221,0
78,0,0.0,0.0,0.0,36,35,3,0,32,1,3,0,496,0,0.0,0,4,3,593,171,0
88,0,0.0,0.0,0.0,75,31,3,0,29,1,15,17,3,0,0.0,0,6,3,337,138,0
106,0,0.0,0.0,0.0,75,27,5,0,21,2,21,31,39,0,0.0,0,5,3,275,214,0
43,9,-7.0,1.0,48.0,75,1,4,1,10,2,6,19,0,48,0.0,0,4,3,120,90,0
18,0,0.0,0.0,0.0,35,34,3,0,5,3,5,1,4,0,0.0,0,3,1,57,49,0
17,0,0.0,0.0,0.0,35,35,2,0,4,2,4,0,2,0,0.0,0,2,1,52,47,0
49,0,0.0,0.0,0.0,45,11,3,0,15,1,12,5,78,0,0.0,0,7,2,183,102,0
7,0,0.0,0.0,0.0,35,33,6,0,5,1,10,0,10,0,0.0,0,7,3,208,81,0
126,0,0.0,0.0,0.0,75,16,12,0,3,3,20,14,0,0,0.0,0,19,6,598,224,0
364,106,10.0,31.5,3.0,75,10,30,2,70,1,39,115,153,3,0.9742,0,36,6,1925,643,1
45,0,0.0,0.0,0.0,36,13,5,0,11,2,13,29,1,0,0.0,0,5,4,177,112,1
438,0,0.0,0.0,0.0,75,31,14,0,152,1,39,123,35,0,0.0,0,16,5,1576,755,1
10,0,0.0,0.0,0.0,35,35,1,0,2,1,1,0,0,0,0.0,0,1,1,35,35,0
92,0,0.0,0.0,0.0,48,33,4,0,11,1,17,46,0,0,0.0,0,5,2,249,209,0
213,0,0.0,0.0,0.0,40,29,5,0,86,1,11,69,55,0,0.0,0,6,4,509,346,0
135,0,0.0,0.0,0.0,75,16,9,0,1,2,13,5,0,0,0.0,0,13,5,482,185,0
25,0,0.0,0.0,0.0,32,32,1,0,6,1,0,0,1,0,0.0,0,1,1,69,69,0
257,39,37.0,38.0,9.0,40,10,9,1,25,4,22,34,2,9,0.0,0,13,4,945,365,0
80,0,0.0,0.0,0.0,28,16,2,0,11,4,17,17,1,0,0.0,0,6,2,192,156,0
242,0,0.0,0.0,0.0,75,35,4,0,85,3,37,54,905,0,0.0,0,6,3,625,416,0
49,0,0.0,0.0,0.0,35,35,4,0,16,3,3,1,54,0,0.0,0,4,1,109,94,0
82,0,0.0,0.0,0.0,35,28,8,0,26,2,11,10,325,0,0.0,0,8,4,313,185,1
23,0,0.0,0.0,0.0,75,35,3,0,6,3,6,2,2,0,0.0,0,4,3,78,59,0
145,0,0.0,0.0,0.0,75,16,10,0,11,3,18,21,0,0,0.0,0,13,5,411,309,0
4,0,0.0,0.0,0.0,35,19,3,0,1,1,2,2,0,0,0.0,0,4,2,36,28,0
91,0,0.0,0.0,0.0,75,35,3,0,42,2,10,25,300,0,0.0,0,5,1,213,168,0
49,0,0.0,0.0,0.0,11,11,1,0,12,3,8,0,40,0,0.0,0,1,1,126,126,0
60,0,0.0,0.0,0.0,35,23,9,0,16,1,16,26,0,0,0.0,0,9,5,336,159,0
40,0,0.0,0.0,0.0,75,17,5,0,9,1,14,13,0,0,0.0,0,5,2,137,89,0
69,0,0.0,0.0,0.0,35,31,8,0,16,1,11,23,1,0,0.0,0,8,3,503,131,0
52,0,0.0,0.0,0.0,35,34,3,0,16,3,6,1,75,0,0.0,0,3,2,112,103,0
46,0,0.0,0.0,0.0,75,16,4,0,6,4,8,9,4,0,0.0,0,7,5,113,87,0
15,0,0.0,0.0,0.0,35,34,5,0,13,1,11,0,78,0,0.0,0,5,2,161,83,1
17,0,0.0,0.0,0.0,75,35,2,0,4,2,6,0,2,0,0.0,0,2,2,56,55,0
48,0,0.0,0.0,0.0,35,34,6,0,16,2,11,3,46,0,0.0,0,6,3,164,102,0
60,0,0.0,0.0,0.0,35,23,7,0,18,2,12,13,91,0,0.0,0,7,3,209,118,0
41,0,0.0,0.0,0.0,75,35,2,0,15,1,15,9,0,0,0.0,0,2,2,126,110,0
25,22,0.0,5.5,26.0,35,1,6,2,7,1,2,3,2,48,0.2668,0,6,3,138,99,1
225,0,0.0,0.0,0.0,75,23,17,0,57,1,25,106,70,0,0.0,0,18,4,1022,315,1
87,0,0.0,0.0,0.0,75,18,17,0,15,4,24,14,9,0,0.0,0,23,6,367,216,0
31,0,0.0,0.0,0.0,75,35,2,0,5,1,1,10,8,0,0.0,0,2,2,76,75,0
38,7,-5.0,1.0,48.0,75,1,5,1,20,2,12,15,0,48,0.0,0,6,4,179,115,0
26,0,0.0,0.0,0.0,75,35,4,0,7,3,6,3,6,0,0.0,0,6,4,90,66,0
11,0,0.0,0.0,0.0,35,34,4,0,3,1,2,2,1,0,0.0,0,4,2,51,40,0
109,0,0.0,0.0,0.0,35,34,5,0,30,3,8,17,98,0,0.0,0,5,3,225,171,0
46,0,0.0,0.0,0.0,35,34,5,0,14,2,10,13,91,0,0.0,0,5,1,135,103,1
176,0,0.0,0.0,0.0,75,25,11,0,50,2,23,7,894,0,0.0,0,12,3,614,356,0
32,0,0.0,0.0,0.0,35,34,3,0,10,2,5,5,0,0,0.0,0,3,2,88,76,0
54,0,0.0,0.0,0.0,75,15,11,0,20,1,15,21,0,0,0.0,0,12,5,203,123,0
147,0,0.0,0.0,0.0,35,19,2,0,46,2,11,10,102,0,0.0,0,3,2,252,242,0
76,0,0.0,0.0,0.0,47,18,10,0,9,2,20,12,0,0,0.0,0,16,6,307,104,0
130,0,0.0,0.0,0.0,75,23,19,0,28,2,15,39,91,0,0.0,0,19,4,435,180,0
3,0,0.0,0.0,0.0,35,35,1,0,1,1,1,0,0,0,0.0,0,1,1,32,32,0
90,0,0.0,0.0,0.0,40,15,1,0,20,1,5,9,100,0,0.0,0,3,3,180,154,0
24,0,0.0,0.0,0.0,35,34,3,0,6,2,8,0,9,0,0.0,0,3,1,67,53,0
102,0,0.0,0.0,0.0,35,27,8,0,36,2,23,20,120,0,0.0,0,9,4,379,200,0
16,0,0.0,0.0,0.0,35,15,1,0,4,2,3,0,0,0,0.0,0,2,2,54,49,0
25,0,0.0,0.0,0.0,23,23,1,0,4,2,5,1,0,0,0.0,0,1,1,72,72,0
19,0,0.0,0.0,0.0,75,34,3,0,2,6,10,8,0,0,0.0,0,6,4,71,59,0
81,0,0.0,0.0,0.0,35,23,3,0,21,1,12,20,43,0,0.0,0,3,2,223,180,0
36,0,0.0,0.0,0.0,35,35,2,0,10,1,3,1,0,0,0.0,0,2,1,68,65,0
92,13,13.0,13.0,7.0,35,7,3,1,26,3,5,0,209,7,0.0,0,4,3,222,176,0
148,0,0.0,0.0,0.0,40,18,9,0,16,3,17,17,4,0,0.0,0,11,4,369,203,0
42,0,0.0,0.0,0.0,40,29,3,0,11,2,7,13,0,0,0.0,0,3,2,116,93,0
204,0,0.0,0.0,0.0,75,16,12,0,15,4,24,16,1,0,0.0,0,18,6,578,348,0
169,0,0.0,0.0,0.0,11,11,1,0,36,2,17,49,7,0,0.0,0,1,1,287,287,1
400,0,0.0,0.0,0.0,75,16,17,0,10,7,34,24,1,0,0.0,0,24,7,1360,576,0
191,0,0.0,0.0,0.0,75,30,6,0,44,2,20,62,11,0,0.0,0,6,2,399,310,1
26,0,0.0,0.0,0.0,75,27,5,0,6,3,9,5,9,0,0.0,0,5,3,85,67,0
14,0,0.0,0.0,0.0,75,28,7,0,2,1,1,0,1,0,0.0,0,7,3,92,43,0
6,0,0.0,0.0,0.0,35,34,4,0,4,1,7,0,6,0,0.0,0,4,1,124,62,0
73,0,0.0,0.0,0.0,75,18,6,0,2,5,13,8,0,0,0.0,0,9,5,232,119,0
110,0,0.0,0.0,0.0,40,25,5,0,25,1,5,32,8,0,0.0,0,5,3,216,130,0
247,0,0.0,0.0,0.0,25,25,0,0,57,2,8,73,8,0,0.0,0,1,1,376,376,0
73,0,0.0,0.0,0.0,39,35,2,0,7,1,9,25,1,0,0.0,0,2,2,138,126,0
83,0,0.0,0.0,0.0,75,18,9,0,3,4,12,5,0,0,0.0,0,12,5,321,114,0
27,0,0.0,0.0,0.0,84,44,3,0,10,2,7,6,0,0,0.0,0,3,2,99,86,0
49,39,37.0,38.0,68.0,57,3,4,1,7,1,14,23,4,68,0.0,0,4,3,197,143,0
95,2,0.0,1.0,49.0,84,1,19,0,4,4,17,9,0,49,0.0,0,26,6,358,165,0
9,0,0.0,0.0,0.0,44,35,5,0,7,1,10,0,21,0,0.0,0,6,3,138,57,0
136,0,0.0,0.0,0.0,34,34,0,0,36,2,7,22,0,0,0.0,0,1,1,197,197,0
59,0,0.0,0.0,0.0,44,40,3,0,16,2,5,0,104,0,0.0,0,3,2,135,116,0
57,0,0.0,0.0,0.0,84,44,3,0,18,1,10,17,0,0,0.0,0,6,3,306,123,0
162,88,-5.0,19.5,47.0,84,0,21,2,37,3,41,41,0,68,0.5436,0,24,5,709,244,0
107,0,0.0,0.0,0.0,84,42,7,0,22,1,9,34,31,0,0.0,0,8,4,352,200,0
23,0,0.0,0.0,0.0,84,44,3,0,6,2,6,2,2,0,0.0,0,4,3,79,59,0
269,119,-17.5,21.0,47.0,84,0,14,2,63,3,41,57,43,68,0.3866,0,17,4,813,461,1
3,0,0.0,0.0,0.0,84,44,3,0,0,3,3,0,0,0,0.0,0,3,2,33,28,0
46,0,0.0,0.0,0.0,84,15,13,0,24,2,9,24,0,0,0.0,0,14,5,431,135,0
272,8,0.0,4.0,19.0,84,2,11,1,94,2,31,49,1311,19,0.0,0,18,6,831,544,0
44,0,0.0,0.0,0.0,48,41,4,0,1,4,12,4,0,0,0.0,0,5,4,119,108,0
4,0,0.0,0.0,0.0,44,27,2,0,1,1,2,2,0,0,0.0,0,3,2,36,27,0
12,0,0.0,0.0,0.0,44,37,5,0,10,1,14,0,45,0,0.0,0,5,3,165,72,0
11,0,0.0,0.0,0.0,84,27,2,0,3,4,5,0,1,0,0.0,0,4,3,69,50,0
89,0,0.0,0.0,0.0,44,43,5,0,27,2,8,3,260,0,0.0,0,5,2,171,154,0
13,0,0.0,0.0,0.0,43,43,1,0,4,1,3,2,0,0,0.0,0,1,1,36,36,0
175,0,0.0,0.0,0.0,84,25,14,0,3,3,24,17,0,0,0.0,0,20,6,706,282,0
11,0,0.0,0.0,0.0,26,26,0,0,2,1,0,3,0,0,0.0,0,1,1,37,37,0
45,2,0.0,1.0,49.0,44,1,4,0,11,2,8,19,0,49,0.0,0,5,2,114,93,0
382,44,-17.0,2.5,15.0,54,1,13,1,80,2,33,106,190,28,0.5746,0,16,5,918,666,0
134,0,0.0,0.0,0.0,54,20,3,0,41,1,12,21,227,0,0.0,0,4,2,239,216,1
46,22,6.0,14.0,68.0,84,3,7,1,11,2,9,16,28,68,0.0,0,7,3,179,73,0
60,0,0.0,0.0,0.0,84,42,4,0,19,1,2,6,57,0,0.0,0,4,3,154,110,0
28,0,0.0,0.0,0.0,54,39,6,0,5,1,7,15,3,0,0.0,0,6,5,133,65,0
49,1,1.0,1.0,5.0,43,4,6,1,14,1,13,24,0,5,0.0,0,6,3,294,186,1
175,0,0.0,0.0,0.0,40,35,4,0,43,1,11,63,0,0,0.0,0,4,1,388,196,0
401,45,7.0,26.0,68.0,84,3,12,1,3,7,38,19,0,68,0.0,0,18,6,1008,711,1
80,0,0.0,0.0,0.0,84,25,15,0,5,4,18,16,3,0,0.0,0,20,6,304,154,1
79,0,0.0,0.0,0.0,84,42,2,0,27,2,10,17,47,0,0.0,0,3,2,151,145,0
78,0,0.0,0.0,0.0,44,35,5,0,25,2,14,19,45,0,0.0,0,6,3,247,122,0
21,0,0.0,0.0,0.0,84,34,4,0,7,2,7,2,6,0,0.0,0,4,2,72,65,0
87,76,6.0,22.0,47.0,84,0,8,2,21,3,19,21,0,68,0.35,0,10,4,300,144,0
17,0,0.0,0.0,0.0,84,9,2,0,4,2,5,0,2,0,0.0,0,2,1,58,52,0
43,0,0.0,0.0,0.0,84,25,4,0,5,4,6,7,3,0,0.0,0,7,5,110,94,0
14,0,0.0,0.0,0.0,44,40,7,0,12,1,13,0,66,0,0.0,0,9,3,223,96,1
17,0,0.0,0.0,0.0,37,36,1,0,4,2,10,1,0,0,0.0,0,2,2,80,62,0
332,0,0.0,0.0,0.0,84,25,15,0,5,6,29,18,0,0,0.0,0,19,6,832,506,1
107,0,0.0,0.0,0.0,44,35,4,0,32,2,10,17,222,0,0.0,0,4,4,255,163,0
90,0,0.0,0.0,0.0,54,20,2,0,27,1,7,14,137,0,0.0,0,3,2,165,156,0
267,0,0.0,0.0,0.0,84,25,8,0,3,7,24,14,0,0,0.0,0,13,6,603,483,1
27,4,0.0,2.0,49.0,84,1,3,0,7,1,1,1,15,49,0.0,0,4,1,75,59,0
38,0,0.0,0.0,0.0,44,18,4,0,10,2,5,0,35,0,0.0,0,4,3,171,125,0
23,0,0.0,0.0,0.0,44,43,2,0,8,2,4,0,3,0,0.0,0,2,1,63,58,0
34,0,0.0,0.0,0.0,84,44,2,0,12,1,10,9,0,0,0.0,0,2,2,97,92,1
3,0,0.0,0.0,0.0,84,44,3,0,0,3,3,0,0,0,0.0,0,3,2,33,31,0
10,0,0.0,0.0,0.0,44,41,3,0,2,3,2,0,0,0,0.0,0,3,2,38,25,0
17,0,0.0,0.0,0.0,44,43,3,0,4,2,3,0,2,0,0.0,0,3,1,52,46,0
128,9,7.0,8.0,68.0,44,3,7,1,35,1,12,36,153,68,0.0,0,7,4,336,115,0
33,2,0.0,1.0,49.0,84,1,2,0,13,1,1,2,2,49,0.0,0,4,3,76,72,0
62,0,0.0,0.0,0.0,37,29,1,0,12,3,6,6,0,0,0.0,0,2,2,149,116,0
181,0,0.0,0.0,0.0,84,15,10,0,4,2,20,16,1,0,0.0,0,16,5,531,263,0
84,0,0.0,0.0,0.0,84,27,9,0,9,3,15,19,15,0,0.0,0,15,5,401,221,1
153,2,0.0,1.0,49.0,84,1,8,0,1,4,17,9,0,49,0.0,0,12,4,602,211,1
70,0,0.0,0.0,0.0,54,20,3,0,21,1,16,5,147,0,0.0,0,7,2,195,120,0
277,16,10.0,13.0,1.0,45,1,10,1,72,2,33,72,13,1,0.0,0,10,4,575,411,0
27,0,0.0,0.0,0.0,44,44,1,0,7,2,7,2,15,0,0.0,0,1,1,73,73,0
130,0,0.0,0.0,0.0,84,25,15,0,3,3,21,14,0,0,0.0,0,22,6,627,234,0
210,0,0.0,0.0,0.0,84,31,11,0,54,2,28,104,13,0,0.0,0,13,4,507,232,1
188,0,0.0,0.0,0.0,49,25,3,0,16,2,17,21,0,0,0.0,0,6,3,335,291,0
93,0,0.0,0.0,0.0,84,25,5,0,1,3,17,12,0,0,0.0,0,8,5,252,194,0
33,0,0.0,0.0,0.0,45,34,3,0,6,1,4,8,3,0,0.0,0,3,2,134,84,0
6,0,0.0,0.0,0.0,44,27,3,0,1,1,2,2,0,0,0.0,0,4,2,125,41,0
71,61,3.5,17.0,47.0,84,0,8,2,18,3,15,16,0,68,0.3492,0,9,4,266,143,0
11,0,0.0,0.0,0.0,57,57,1,0,0,1,0,0,0,0,0.0,0,1,1,41,41,0
15,0,0.0,0.0,0.0,41,27,1,0,3,6,7,4,3,0,0.0,0,2,2,51,49,0
105,133,107.0,120.0,10.0,84,4,12,1,1,2,20,11,0,10,0.0,0,15,5,343,133,0
42,0,0.0,0.0,0.0,44,43,2,0,14,2,2,1,35,0,0.0,0,2,1,89,86,0
10,0,0.0,0.0,0.0,84,44,2,0,3,3,2,0,1,0,0.0,0,2,2,43,40,0
10,0,0.0,0.0,0.0,84,44,2,0,3,3,2,0,1,0,0.0,0,2,2,43,40,0
114,79,-3.5,18.0,47.0,84,0,9,2,25,3,23,34,15,68,0.0979,0,12,5,411,223,0
23,0,0.0,0.0,0.0,84,44,3,0,6,3,6,2,2,0,0.0,0,4,3,79,59,0
64,0,0.0,0.0,0.0,44,30,5,0,18,1,6,17,0,0,0.0,0,5,2,214,193,0
147,0,0.0,0.0,0.0,84,25,13,0,3,3,24,17,0,0,0.0,0,19,6,659,262,0
8,0,0.0,0.0,0.0,84,22,2,0,2,4,0,0,1,0,0.0,0,3,3,35,31,0
27,0,0.0,0.0,0.0,44,37,11,0,25,1,14,0,300,0,0.0,0,11,5,300,126,1
3,0,0.0,0.0,0.0,84,9,4,0,0,2,3,0,0,0,0.0,0,4,2,37,32,0
50,0,0.0,0.0,0.0,38,27,1,0,1,4,8,2,0,0,0.0,0,2,2,103,101,0
31,0,0.0,0.0,0.0,84,44,4,0,8,3,4,0,20,0,0.0,0,4,3,73,51,0
83,85,-16.5,13.0,47.0,84,0,9,2,21,2,21,22,0,68,0.4874,0,11,4,554,221,0
13,0,0.0,0.0,0.0,27,27,0,0,1,2,5,0,0,0,0.0,0,4,2,85,52,0
60,0,0.0,0.0,0.0,84,43,4,0,8,5,7,10,8,0,0.0,0,5,2,134,111,0
153,0,0.0,0.0,0.0,84,32,12,0,45,3,17,59,208,0,0.0,0,13,5,438,186,1
45,0,0.0,0.0,0.0,84,39,5,0,16,1,2,23,15,0,0.0,0,7,3,178,135,0
15,0,0.0,0.0,0.0,35,9,4,0,2,2,5,9,0,0,0.0,0,4,2,83,53,0
166,0,0.0,0.0,0.0,34,34,1,0,37,2,22,50,45,0,0.0,0,2,1,312,304,0
60,0,0.0,0.0,0.0,84,37,16,0,16,3,15,20,91,0,0.0,0,18,5,511,157,1
108,0,0.0,0.0,0.0,84,25,10,0,5,3,22,28,1,0,0.0,0,14,5,382,219,0
18,0,0.0,0.0,0.0,44,43,3,0,5,3,5,1,4,0,0.0,0,3,1,57,49,0
128,36,0.0,9.0,13.0,44,6,4,2,36,2,5,6,402,24,1.0,0,4,2,335,252,0
27,0,0.0,0.0,0.0,37,37,1,0,5,2,11,12,4,0,0.0,0,1,1,75,75,0
8,0,0.0,0.0,0.0,27,27,0,0,1,1,0,0,0,0,0.0,0,1,1,34,34,0
41,0,0.0,0.0,0.0,84,25,3,0,1,1,0,0,0,0,0.0,0,7,2,130,96,0
27,0,0.0,0.0,0.0,84,44,3,0,7,4,9,2,6,0,0.0,0,4,3,85,69,0
10,0,0.0,0.0,0.0,44,44,2,0,2,3,3,0,0,0,0.0,0,2,1,39,35,0
86,62,12.0,37.0,68.0,84,3,8,1,21,3,19,22,0,68,0.0,0,10,4,330,144,0
20,0,0.0,0.0,0.0,84,39,3,0,7,1,3,7,3,0,0.0,0,3,2,91,54,0
66,0,0.0,0.0,0.0,84,44,5,0,18,2,11,6,100,0,0.0,0,5,3,148,122,0
119,101,1.0,51.0,19.0,84,2,5,1,37,1,10,42,0,19,0.0,0,6,2,502,213,0
10,0,0.0,0.0,0.0,84,42,3,0,3,2,2,0,1,0,0.0,0,3,3,44,40,0
21,0,0.0,0.0,0.0,64,42,5,0,5,1,2,10,3,0,0.0,0,5,4,78,54,0
63,0,0.0,0.0,0.0,84,27,10,0,4,5,18,10,1,0,0.0,0,13,5,241,119,0
58,0,0.0,0.0,0.0,84,27,7,0,4,5,16,8,1,0,0.0,0,11,5,225,114,0
3,0,0.0,0.0,0.0,84,9,4,0,0,2,2,0,0,0,0.0,0,4,2,35,31,0
38,0,0.0,0.0,0.0,84,27,6,0,2,6,13,10,0,0,0.0,0,9,4,163,112,0
35,0,0.0,0.0,0.0,44,43,2,0,14,2,5,0,12,0,0.0,0,2,1,94,86,0
88,0,0.0,0.0,0.0,84,40,7,0,1,3,14,8,0,0,0.0,0,8,5,255,195,0
235,3,-1.5,0.0,43.5,84,2,21,2,55,2,35,100,66,68,0.9183,0,25,7,825,411,1
11,0,0.0,0.0,0.0,84,44,2,0,2,4,0,0,0,0,0.0,0,2,2,40,33,0
81,0,0.0,0.0,0.0,84,35,12,0,23,2,17,20,136,0,0.0,0,15,6,467,178,1
9,0,0.0,0.0,0.0,44,43,3,0,2,1,1,0,0,0,0.0,0,3,1,41,37,0
42,28,24.0,26.0,28.0,49,1,4,1,2,3,4,1,1,28,0.0,0,6,4,120,72,0
114,95,-10.5,18.5,47.0,84,0,13,2,32,3,25,19,0,68,0.6541,0,15,4,541,264,0
25,0,0.0,0.0,0.0,84,34,7,0,6,2,9,2,11,0,0.0,0,7,3,94,75,0
50,0,0.0,0.0,0.0,34,10,2,0,8,1,5,10,0,0,0.0,0,3,1,220,110,0
37,0,0.0,0.0,0.0,84,25,6,0,7,4,9,11,15,0,0.0,0,9,5,116,79,0
90,0,0.0,0.0,0.0,84,25,8,0,1,2,14,4,0,0,0.0,0,13,5,349,176,0
146,0,0.0,0.0,0.0,84,35,10,0,32,2,12,17,171,0,0.0,0,11,4,550,300,1
160,0,0.0,0.0,0.0,84,22,6,0,40,1,2,15,0,0,0.0,0,8,4,426,282,0
91,0,0.0,0.0,0.0,84,27,9,0,16,2,33,25,15,0,0.0,0,11,4,361,175,1
257,0,0.0,0.0,0.0,56,27,4,0,8,2,23,16,0,0,0.0,0,6,3,416,271,1
66,2,0.0,1.0,49.0,44,1,3,0,19,3,4,1,135,49,0.0,0,4,3,135,124,0
14,248,-68.67,7.0,48.33,44,1,8,2,1,1,0,0,0,68,0.1619,0,11,3,528,244,0
510,3,3.0,3.0,19.0,84,2,11,1,143,1,44,22,0,19,0.0,0,12,3,783,401,1
66,0,0.0,0.0,0.0,49,38,4,0,3,3,5,6,1,0,0.0,0,5,4,165,80,0
53,18,2.0,10.0,11.0,41,0,3,1,15,1,4,18,0,11,0.0,0,3,2,243,161,0
53,0,0.0,0.0,0.0,84,44,4,0,4,2,15,11,0,0,0.0,0,5,3,207,107,0
18,0,0.0,0.0,0.0,44,43,3,0,5,3,5,1,4,0,0.0,0,3,1,57,49,0
79,0,0.0,0.0,0.0,84,84,1,0,20,1,3,25,5,0,0.0,0,1,1,178,178,0
174,0,0.0,0.0,0.0,52,37,4,0,36,2,18,62,15,0,0.0,0,6,4,388,341,1
143,0,0.0,0.0,0.0,84,32,9,0,32,3,13,44,105,0,0.0,0,13,7,928,532,1
76,0,0.0,0.0,0.0,9,9,1,0,18,2,16,19,1,0,0.0,0,1,1,127,127,0
41,0,0.0,0.0,0.0,35,35,1,0,9,1,6,22,0,0,0.0,0,1,1,103,103,0
55,0,0.0,0.0,0.0,44,40,8,0,14,1,16,23,0,0,0.0,0,9,3,320,163,1
3,0,0.0,0.0,0.0,54,20,1,0,1,1,1,0,0,0,0.0,0,2,1,28,26,0
32,0,0.0,0.0,0.0,84,44,2,0,10,2,6,8,28,0,0.0,0,2,2,105,104,0
11,0,0.0,0.0,0.0,43,40,3,0,1,4,5,3,0,0,0.0,0,3,2,83,44,0
3,0,0.0,0.0,0.0,84,44,3,0,0,3,2,0,0,0,0.0,0,3,2,31,29,0
3,0,0.0,0.0,0.0,84,44,3,0,0,3,3,0,0,0,0.0,0,3,2,33,28,0
27,0,0.0,0.0,0.0,44,35,2,0,5,2,4,6,6,0,0.0,0,2,2,113,101,0
32,0,0.0,0.0,0.0,84,9,5,0,9,2,6,2,32,0,0.0,0,5,2,88,72,0
39,1,-1.0,0.0,49.0,45,1,6,0,6,2,7,14,1,49,0.0,0,9,3,605,222,0
94,0,0.0,0.0,0.0,84,25,2,0,6,3,7,5,2,0,0.0,0,5,4,176,165,0
77,0,0.0,0.0,0.0,44,43,2,0,22,2,4,2,170,0,0.0,0,2,1,139,134,0
44,0,0.0,0.0,0.0,44,35,6,0,14,2,8,12,78,0,0.0,0,7,3,176,111,0
79,0,0.0,0.0,0.0,44,43,4,0,27,2,8,18,44,0,0.0,0,5,4,151,124,0
72,0,0.0,0.0,0.0,84,34,10,0,22,4,12,5,168,0,0.0,0,11,5,202,152,0
89,207,55.67,62.33,33.0,3,0,3,3,6,2,9,11,0,68,1.383,0,3,2,207,110,0
40,116,30.0,34.33,40.67,3,0,3,3,12,2,4,0,27,68,0.9018,0,3,2,116,87,0
243,0,0.0,0.0,0.0,71,44,2,0,67,2,15,57,0,0,0.0,0,3,2,323,318,0
60,0,0.0,0.0,0.0,32,32,1,0,19,2,7,12,6,0,0.0,0,1,1,114,114,0
29,0,0.0,0.0,0.0,84,52,3,0,8,2,16,7,0,0,0.0,0,3,2,91,83,1
45,84,6.67,17.33,48.33,44,1,4,2,13,2,13,20,6,68,0.7175,0,6,3,191,100,0
77,11,-11.0,0.0,28.0,54,1,11,1,18,2,13,15,91,28,0.0,0,11,4,260,199,0
396,0,0.0,0.0,0.0,45,31,10,0,97,1,29,65,0,0,0.0,0,11,4,1071,539,0
70,0,0.0,0.0,0.0,39,38,2,0,15,1,1,17,48,0,0.0,0,2,1,197,132,0
183,0,0.0,0.0,0.0,44,27,2,0,52,3,5,0,1080,0,0.0,0,4,3,417,354,0
3,0,0.0,0.0,0.0,84,9,4,0,0,2,3,0,0,0,0.0,0,4,2,37,32,0
90,0,0.0,0.0,0.0,44,24,1,0,37,3,7,2,224,0,0.0,0,2,2,166,156,0
570,242,28.0,44.25,23.5,45,2,21,4,133,1,56,150,123,68,1.4898,0,26,4,1593,718,1
21,0,0.0,0.0,0.0,84,9,7,0,7,2,4,11,0,0,0.0,0,7,4,104,61,0
234,2,0.0,1.0,49.0,44,1,1,0,54,1,15,125,66,49,0.0,0,3,2,416,411,1
39,1,-1.0,0.0,49.0,84,1,11,0,7,5,19,21,0,49,0.0,0,15,4,189,90,1
27,0,0.0,0.0,0.0,84,39,3,0,2,5,7,5,0,0,0.0,0,6,4,97,67,0
315,61,2.25,8.75,19.25,54,1,13,1,104,1,41,85,39,49,1.6364,0,24,5,974,338,1
17,0,0.0,0.0,0.0,44,44,1,0,4,2,3,0,2,0,0.0,0,1,1,51,51,0
31,0,0.0,0.0,0.0,84,9,7,0,7,2,6,10,0,0,0.0,0,8,5,107,71,0
138,0,0.0,0.0,0.0,84,27,15,0,8,3,32,32,4,0,0.0,0,17,5,422,271,1
37,0,0.0,0.0,0.0,44,42,5,0,14,2,5,3,8,0,0.0,0,5,1,140,112,0
208,55,13.5,20.5,21.5,45,2,14,2,63,1,25,86,156,24,0.5499,0,16,4,1117,699,1
145,0,0.0,0.0,0.0,49,25,8,0,14,2,26,29,21,0,0.0,0,12,5,601,439,1
18,0,0.0,0.0,0.0,44,27,5,0,6,1,2,4,0,0,0.0,0,6,2,94,49,0
4,0,0.0,0.0,0.0,44,27,3,0,1,1,2,2,0,0,0.0,0,4,2,46,35,0
73,51,41.0,46.0,11.0,84,4,5,1,11,2,7,19,1,11,0.0,0,5,3,136,78,0
99,0,0.0,0.0,0.0,84,27,10,0,33,1,11,36,26,0,0.0,0,14,3,562,184,0
49,0,0.0,0.0,0.0,44,20,4,0,12,3,8,0,40,0,0.0,0,4,3,143,113,0
110,246,80.67,81.33,40.67,3,1,2,2,10,2,14,17,6,68,0.3311,0,3,2,246,233,0
83,0,0.0,0.0,0.0,54,40,5,0,25,2,12,4,127,0,0.0,0,5,3,197,155,0
8,0,0.0,0.0,0.0,84,43,3,0,2,2,5,1,1,0,0.0,0,3,2,45,42,0
63,0,0.0,0.0,0.0,44,44,5,0,18,3,6,4,96,0,0.0,0,5,2,163,116,0
242,2,0.0,1.0,49.0,84,1,9,0,10,6,28,15,6,49,0.0,0,18,6,1939,871,1
262,502,93.6,97.0,30.2,3,1,4,4,32,2,27,59,21,68,1.3306,0,5,3,502,316,0
66,0,0.0,0.0,0.0,57,44,6,0,20,1,6,7,73,0,0.0,0,6,4,483,136,0
87,0,0.0,0.0,0.0,84,44,5,0,21,2,13,25,55,0,0.0,0,6,3,260,164,1
162,6,-2.0,2.0,26.0,84,0,13,1,9,3,28,14,1,26,0.0,0,19,6,488,334,0
394,0,0.0,0.0,0.0,84,25,30,0,47,2,32,51,14,0,0.0,0,37,7,1981,553,0
88,2,0.0,1.0,28.0,84,1,12,1,6,4,19,22,1,28,0.0,0,17,6,365,96,1
81,63,29.0,46.0,10.0,84,4,9,1,9,2,13,7,0,10,0.0,0,13,4,552,140,0
43,0,0.0,0.0,0.0,44,27,4,0,12,3,7,0,37,0,0.0,0,5,4,130,79,0
15,0,0.0,0.0,0.0,44,31,8,0,13,1,16,0,78,0,0.0,0,8,3,272,87,0
37,0,0.0,0.0,0.0,54,40,7,0,13,1,10,11,58,0,0.0,0,8,5,147,118,0
66,0,0.0,0.0,0.0,84,44,7,0,18,2,11,2,135,0,0.0,0,7,3,258,139,0
84,0,0.0,0.0,0.0,82,44,2,0,5,4,5,3,0,0,0.0,0,3,3,144,140,0
66,0,0.0,0.0,0.0,84,44,4,0,20,2,13,8,40,0,0.0,0,5,3,198,150,1
124,0,0.0,0.0,0.0,44,18,7,0,38,4,7,11,417,0,0.0,0,7,3,275,207,0
27,0,0.0,0.0,0.0,84,44,3,0,7,2,9,2,6,0,0.0,0,4,3,85,69,0
164,19,-0.5,4.5,10.0,84,2,16,1,50,1,29,82,21,19,0.4855,0,20,7,534,236,0
12,0,0.0,0.0,0.0,48,27,2,0,3,5,8,4,0,0,0.0,0,3,3,63,54,0
68,0,0.0,0.0,0.0,44,43,3,0,25,3,8,11,44,0,0.0,0,3,2,193,98,0
69,0,0.0,0.0,0.0,84,44,4,0,20,3,14,9,40,0,0.0,0,5,3,184,132,1
24,0,0.0,0.0,0.0,84,41,2,0,8,3,9,4,11,0,0.0,0,3,2,78,74,0
108,0,0.0,0.0,0.0,84,39,5,0,48,2,13,31,96,0,0.0,0,7,3,329,164,0
122,0,0.0,0.0,0.0,84,44,4,0,32,2,7,32,25,0,0.0,0,4,3,209,202,0
8,0,0.0,0.0,0.0,44,43,2,0,2,1,1,0,0,0,0.0,0,2,1,38,35,0
96,0,0.0,0.0,0.0,44,41,4,0,28,2,8,13,176,0,0.0,0,4,3,186,151,0
67,0,0.0,0.0,0.0,84,27,4,0,16,5,16,26,4,0,0.0,0,6,3,180,138,1
24,0,0.0,0.0,0.0,84,25,1,0,4,4,6,7,1,0,0.0,0,3,2,71,64,0
92,0,0.0,0.0,0.0,84,39,6,0,23,1,16,40,17,0,0.0,0,8,4,216,157,0
4,0,0.0,0.0,0.0,84,44,2,0,1,1,5,1,0,0,0.0,0,2,2,41,36,0
189,2,0.0,1.0,49.0,84,1,14,0,13,5,29,32,6,49,0.0,0,22,7,570,239,0
164,2,0.0,1.0,49.0,84,1,12,0,7,4,16,8,0,49,0.0,0,15,5,638,304,0
45,0,0.0,0.0,0.0,84,42,3,0,8,1,6,22,0,0,0.0,0,4,4,106,102,0
160,0,0.0,0.0,0.0,44,42,4,0,43,2,7,0,833,0,0.0,0,4,2,271,241,0
85,0,0.0,0.0,0.0,43,37,7,0,24,1,23,34,0,0,0.0,0,8,5,256,153,1
12,10,0.0,5.0,49.0,44,1,1,0,3,1,0,3,3,49,0.0,0,2,2,55,45,0
52,0,0.0,0.0,0.0,84,35,3,0,9,1,7,17,0,0,0.0,0,3,1,120,101,0
29,0,0.0,0.0,0.0,84,44,4,0,8,2,6,2,6,0,0.0,0,5,3,90,69,0
371,53,5.5,16.0,15.0,49,0,19,2,132,1,44,132,64,19,0.8329,0,23,7,1075,556,1
66,0,0.0,0.0,0.0,44,44,4,0,18,4,5,0,135,0,0.0,0,4,1,129,114,0
16,0,0.0,0.0,0.0,44,37,5,0,14,1,18,0,91,0,0.0,0,6,4,275,99,1
418,44,3.0,12.5,35.0,52,3,9,2,112,2,23,86,116,68,0.976,0,13,3,838,565,1
66,0,0.0,0.0,0.0,44,44,4,0,18,3,6,0,135,0,0.0,0,4,1,134,119,0
12,0,0.0,0.0,0.0,84,39,3,0,1,5,4,3,0,0,0.0,0,4,2,59,45,0
7,0,0.0,0.0,0.0,44,27,5,0,4,1,2,2,1,0,0.0,0,6,2,57,42,0
4,0,0.0,0.0,0.0,44,27,5,0,1,1,2,2,0,0,0.0,0,6,2,43,26,0
85,1,1.0,1.0,5.0,43,4,9,1,26,1,14,33,0,5,0.0,0,10,5,355,197,1
32,0,0.0,0.0,0.0,84,9,6,0,9,2,8,4,28,0,0.0,0,6,3,97,58,0
19,0,0.0,0.0,0.0,84,32,9,0,17,1,7,0,136,0,0.0,0,9,4,87,52,1
20,5,-5.0,0.0,68.0,45,3,6,1,3,1,11,13,0,68,0.0,0,7,4,113,84,0
10,0,0.0,0.0,0.0,44,39,2,0,2,2,7,0,0,0,0.0,0,3,2,46,40,0
115,0,0.0,0.0,0.0,84,44,6,0,58,2,7,39,66,0,0.0,0,6,5,650,216,0
116,46,34.0,40.0,68.0,45,3,6,1,29,2,32,63,15,68,0.0,0,6,5,443,292,1
41,0,0.0,0.0,0.0,56,27,1,0,6,2,14,4,11,0,0.0,0,4,2,114,75,0
123,0,0.0,0.0,0.0,84,26,10,0,27,5,25,20,3,0,0.0,0,15,6,334,198,0
63,0,0.0,0.0,0.0,44,44,1,0,17,2,4,1,91,0,0.0,0,1,1,112,112,0
72,0,0.0,0.0,0.0,84,25,10,0,16,2,38,13,73,0,0.0,0,12,5,286,96,0
175,50,13.0,19.0,48.0,84,1,15,2,13,4,29,40,3,68,0.4022,0,24,6,605,209,1
109,0,0.0,0.0,0.0,84,31,4,0,19,1,24,52,0,0,0.0,0,5,1,400,258,0
116,0,0.0,0.0,0.0,84,35,9,0,31,1,12,51,4,0,0.0,0,10,4,365,182,0
3,0,0.0,0.0,0.0,84,44,3,0,0,3,3,0,0,0,0.0,0,3,2,33,31,0
64,0,0.0,0.0,0.0,54,44,3,0,23,2,9,16,33,0,0.0,0,4,2,148,135,0
13,0,0.0,0.0,0.0,57,57,1,0,0,1,0,1,0,0,0.0,0,1,1,46,46,0
143,3,-3.0,0.0,49.0,84,1,14,0,34,1,24,58,58,49,0.0,0,24,6,477,224,0
228,2,0.0,1.0,49.0,49,1,4,0,36,2,26,68,14,49,0.0,0,6,3,476,370,0
66,0,0.0,0.0,0.0,84,44,4,0,20,3,14,8,40,0,0.0,0,5,3,181,129,1
90,0,0.0,0.0,0.0,84,25,7,0,4,5,13,6,0,0,0.0,0,13,5,329,119,0
91,3,-3.0,0.0,7.0,84,2,6,1,31,2,15,9,230,7,0.0,0,8,3,252,207,0
17,0,0.0,0.0,0.0,44,43,2,0,4,2,4,3,0,0,0.0,0,2,2,49,46,0
27,0,0.0,0.0,0.0,84,44,3,0,7,4,9,2,6,0,0.0,0,4,3,82,69,0
16,0,0.0,0.0,0.0,84,25,1,0,2,4,5,4,0,0,0.0,0,3,2,58,51,0
143,43,31.0,37.0,68.0,57,3,7,1,34,1,16,56,0,68,0.0,0,7,3,364,239,1
177,201,-2.25,24.0,41.75,84,0,19,3,39,2,35,54,0,68,1.5313,0,22,6,1062,247,1
60,0,0.0,0.0,0.0,84,10,4,0,6,2,10,28,0,0,0.0,0,4,2,371,178,0
59,0,0.0,0.0,0.0,84,27,8,0,2,4,16,7,0,0,0.0,0,9,5,173,116,0
97,0,0.0,0.0,0.0,84,33,11,0,23,2,16,39,15,0,0.0,0,12,5,295,170,0
29,0,0.0,0.0,0.0,84,44,5,0,8,3,6,2,6,0,0.0,0,7,4,96,66,0
88,0,0.0,0.0,0.0,84,25,4,0,20,2,11,18,4,0,0.0,0,6,4,279,183,0
296,5,-1.0,2.0,49.0,84,1,16,0,31,4,33,52,0,49,0.0,0,25,6,1321,436,0
255,0,0.0,0.0,0.0,84,36,8,0,38,2,11,8,17,0,0.0,0,8,2,612,254,0
37,2,0.0,1.0,49.0,84,1,6,0,16,2,5,7,11,49,0.0,0,9,4,346,150,0
49,46,30.0,38.0,68.0,84,3,4,1,12,1,6,16,0,68,0.0,0,4,3,125,67,0
98,0,0.0,0.0,0.0,44,43,4,0,33,2,10,5,234,0,0.0,0,4,2,205,169,0
174,2,0.0,1.0,49.0,84,1,8,0,19,2,24,37,7,49,0.0,0,15,4,588,174,1
113,0,0.0,0.0,0.0,84,44,3,0,37,3,15,16,226,0,0.0,0,6,4,309,196,0
50,0,0.0,0.0,0.0,54,44,5,0,19,3,8,11,14,0,0.0,0,6,2,131,118,0
69,0,0.0,0.0,0.0,84,24,13,0,16,2,11,18,21,0,0.0,0,16,4,530,181,0
243,118,-4.5,12.5,38.5,84,0,13,3,53,3,34,64,12,68,1.1259,0,20,6,909,434,1
36,0,0.0,0.0,0.0,84,9,8,0,8,2,6,12,0,0,0.0,0,9,6,195,86,0
85,73,5.5,21.0,47.0,84,0,8,2,21,3,19,22,0,68,0.3603,0,11,5,379,144,0
121,0,0.0,0.0,0.0,84,27,13,0,6,5,24,15,1,0,0.0,0,18,6,530,235,1
68,0,0.0,0.0,0.0,84,9,10,0,18,2,8,23,3,0,0.0,0,10,5,264,109,0
14,0,0.0,0.0,0.0,44,27,2,0,3,1,2,2,1,0,0.0,0,3,2,60,49,0
91,0,0.0,0.0,0.0,84,9,7,0,23,2,15,30,1,0,0.0,0,9,5,638,188,0
107,7,-1.0,3.0,49.0,84,1,8,0,29,2,16,16,191,49,0.0,0,10,3,325,231,0
15,0,0.0,0.0,0.0,84,42,6,0,13,1,4,0,78,0,0.0,0,6,4,63,56,1
98,0,0.0,0.0,0.0,84,35,6,0,30,2,12,14,222,0,0.0,0,6,3,307,188,0
7,0,0.0,0.0,0.0,44,25,7,0,0,1,0,0,0,0,0.0,0,11,3,90,34,0
4,0,0.0,0.0,0.0,44,27,4,0,1,1,2,2,0,0,0.0,0,5,3,46,31,0
92,0,0.0,0.0,0.0,84,25,10,0,3,6,16,7,3,0,0.0,0,14,6,339,179,1
14,0,0.0,0.0,0.0,54,54,1,0,2,1,9,4,1,0,0.0,0,1,1,61,61,0
44,0,0.0,0.0,0.0,84,84,1,0,6,2,8,22,1,0,0.0,0,1,1,100,100,0
107,4,0.0,2.0,49.0,44,1,5,0,29,4,9,10,262,49,0.0,0,6,2,217,181,0
209,102,-16.0,17.5,47.0,84,0,21,2,43,3,35,71,0,68,0.3228,0,22,6,1005,438,0
38,0,0.0,0.0,0.0,84,25,4,0,5,5,7,12,3,0,0.0,0,6,5,311,190,0
33,0,0.0,0.0,0.0,49,35,5,0,3,4,9,1,1,0,0.0,0,6,4,127,101,0
2,36,16.0,17.0,47.0,3,0,2,2,0,2,3,0,0,68,0.8524,0,2,2,36,26,0
120,0,0.0,0.0,0.0,84,39,6,0,22,3,9,22,20,0,0.0,0,6,4,227,214,0
38,0,0.0,0.0,0.0,84,27,10,0,1,4,14,5,0,0,0.0,0,12,5,179,102,0
34,0,0.0,0.0,0.0,84,44,2,0,13,2,5,2,20,0,0.0,0,3,2,103,93,0
57,0,0.0,0.0,0.0,84,24,5,0,4,2,17,12,0,0,0.0,0,6,4,164,107,1
259,96,15.5,19.75,28.25,45,2,12,3,66,1,31,85,15,68,1.7114,0,16,5,668,451,0
66,0,0.0,0.0,0.0,40,33,5,0,13,1,14,29,15,0,0.0,0,5,1,193,142,0
71,44,15.0,18.5,36.0,84,3,15,2,15,1,19,30,9,68,0.9985,0,18,5,450,157,0
55,0,0.0,0.0,0.0,44,27,3,0,16,2,5,15,8,0,0.0,0,4,3,115,101,0
62,6,6.0,6.0,68.0,44,3,3,1,16,2,11,11,15,68,0.0,0,3,2,149,78,0
110,0,0.0,0.0,0.0,84,22,6,0,12,6,10,14,4,0,0.0,0,11,6,513,322,0
24,0,0.0,0.0,0.0,84,44,2,0,6,2,7,0,9,0,0.0,0,2,2,74,69,0
206,274,-32.0,29.67,48.33,84,1,13,2,4,5,28,24,1,68,0.1218,0,22,6,1113,493,1
51,0,0.0,0.0,0.0,44,35,2,0,14,2,6,2,69,0,0.0,0,2,2,143,97,0
52,0,0.0,0.0,0.0,44,43,3,0,17,2,6,0,21,0,0.0,0,3,2,119,84,0
64,0,0.0,0.0,0.0,50,50,0,0,11,1,8,15,0,0,0.0,0,1,1,127,127,0
66,0,0.0,0.0,0.0,84,84,1,0,14,1,4,13,0,0,0.0,0,1,1,112,112,0
87,0,0.0,0.0,0.0,84,27,15,0,11,4,21,25,0,0,0.0,0,21,6,380,121,1
54,0,0.0,0.0,0.0,57,57,1,0,12,2,12,26,0,0,0.0,0,1,1,109,109,0
50,0,0.0,0.0,0.0,84,9,5,0,13,2,3,25,0,0,0.0,0,5,3,127,92,0
168,182,10.0,23.2,15.0,84,2,25,4,39,1,30,64,7,68,1.6608,0,28,6,703,270,1
63,0,0.0,0.0,0.0,84,44,5,0,19,1,8,24,36,0,0.0,0,7,3,144,91,0
134,0,0.0,0.0,0.0,56,40,6,0,2,2,19,8,1,0,0.0,0,7,3,404,185,1
3,0,0.0,0.0,0.0,84,44,3,0,0,3,3,0,0,0,0.0,0,3,2,33,31,0
53,0,0.0,0.0,0.0,84,25,8,0,2,3,6,1,1,0,0.0,0,9,4,1337,600,0
13,0,0.0,0.0,0.0,84,44,2,0,2,3,4,2,0,0,0.0,0,2,2,47,46,0
16,0,0.0,0.0,0.0,84,27,2,0,4,5,8,6,1,0,0.0,0,5,3,77,62,0
50,4,0.0,2.0,49.0,84,1,3,0,13,1,3,1,66,49,0.0,0,5,3,126,113,0
3,0,0.0,0.0,0.0,44,42,2,0,0,2,1,0,0,0,0.0,0,3,2,33,29,0
4,0,0.0,0.0,0.0,44,27,3,0,1,1,2,2,0,0,0.0,0,4,2,38,27,0
147,2,0.0,1.0,49.0,84,1,11,0,27,2,25,37,8,49,0.0,0,18,5,450,221,0
78,0,0.0,0.0,0.0,44,44,3,0,32,1,3,0,496,0,0.0,0,4,3,593,171,0
88,3,-3.0,0.0,49.0,84,1,3,0,29,1,15,17,3,49,0.0,0,7,3,340,138,1
164,136,49.0,58.5,34.5,84,1,6,1,34,3,32,56,60,68,0.0627,0,7,4,411,214,0
39,108,108.0,108.0,26.0,0,0,1,1,5,1,11,14,0,26,0.0,0,1,1,108,108,0
43,0,0.0,0.0,0.0,84,9,4,0,10,2,6,19,0,0,0.0,0,4,3,120,90,0
18,0,0.0,0.0,0.0,44,43,3,0,5,3,5,1,4,0,0.0,0,3,1,57,49,0
17,0,0.0,0.0,0.0,44,43,2,0,4,2,4,0,2,0,0.0,0,2,1,52,47,0
49,0,0.0,0.0,0.0,54,20,3,0,15,1,12,5,78,0,0.0,0,7,2,183,102,0
7,0,0.0,0.0,0.0,44,42,6,0,5,1,10,0,10,0,0.0,0,7,3,208,81,0
126,0,0.0,0.0,0.0,84,25,12,0,3,3,20,14,0,0,0.0,0,19,6,598,224,0
356,1026,-15.2,95.0,33.8,84,0,34,4,85,2,44,121,270,68,1.8689,0,41,6,2951,643,1
44,13,-1.5,2.5,10.0,45,2,6,1,11,2,14,30,1,19,0.6194,0,7,4,190,112,0
426,28,-6.67,1.33,16.67,84,1,16,2,150,1,37,118,22,24,1.1981,0,19,6,1604,755,1
10,0,0.0,0.0,0.0,43,43,1,0,2,1,1,0,0,0,0.0,0,1,1,35,35,0
92,10,-4.0,3.0,49.0,57,1,4,0,11,1,17,46,0,49,0.0,0,6,2,259,209,0
213,0,0.0,0.0,0.0,49,38,5,0,86,1,10,71,55,0,0.0,0,6,4,509,346,0
135,0,0.0,0.0,0.0,84,25,9,0,1,2,13,5,0,0,0.0,0,13,5,482,185,0
35,29,17.0,23.0,11.0,41,0,2,1,9,1,0,4,4,11,0.0,0,2,1,98,69,0
87,227,39.25,48.0,42.75,3,0,3,3,18,1,5,22,1,68,1.3481,0,4,2,227,140,0
257,6,-4.0,1.0,49.0,49,1,9,0,25,4,22,34,2,49,0.0,0,14,4,951,365,0
80,0,0.0,0.0,0.0,37,25,2,0,11,4,17,17,1,0,0.0,0,6,2,192,156,1
242,0,0.0,0.0,0.0,84,44,4,0,85,2,36,33,905,0,0.0,0,6,3,625,416,0
49,0,0.0,0.0,0.0,44,44,4,0,16,3,3,1,54,0,0.0,0,4,1,109,94,0
83,1,1.0,1.0,5.0,44,4,9,1,26,2,12,11,325,5,0.0,0,9,4,314,185,0
23,0,0.0,0.0,0.0,84,44,3,0,6,3,6,2,2,0,0.0,0,4,3,78,59,0
145,0,0.0,0.0,0.0,84,25,10,0,11,3,18,21,0,0,0.0,0,13,5,411,309,0
4,0,0.0,0.0,0.0,44,27,3,0,1,1,2,2,0,0,0.0,0,4,2,36,28,0
91,0,0.0,0.0,0.0,84,44,3,0,42,2,10,25,300,0,0.0,0,5,1,213,168,0
49,2,0.0,1.0,2.0,20,7,2,1,12,3,8,0,40,2,0.0,0,2,1,128,126,0
60,0,0.0,0.0,0.0,44,31,9,0,16,1,16,26,0,0,0.0,0,9,5,336,159,0
40,0,0.0,0.0,0.0,84,26,5,0,9,1,14,13,0,0,0.0,0,5,2,137,89,0
69,0,0.0,0.0,0.0,44,39,8,0,16,1,11,23,1,0,0.0,0,8,3,503,131,0
52,0,0.0,0.0,0.0,44,43,3,0,16,3,6,1,75,0,0.0,0,3,2,112,103,0
46,0,0.0,0.0,0.0,84,25,4,0,6,4,8,9,4,0,0.0,0,7,5,113,87,0
15,0,0.0,0.0,0.0,44,42,5,0,13,1,11,0,78,0,0.0,0,5,2,161,83,1
17,0,0.0,0.0,0.0,84,44,2,0,4,2,6,0,2,0,0.0,0,2,2,56,55,0
48,0,0.0,0.0,0.0,44,42,6,0,16,2,11,3,46,0,0.0,0,6,3,164,102,0
60,0,0.0,0.0,0.0,44,31,7,0,18,2,12,13,91,0,0.0,0,7,3,209,118,0
49,50,13.0,19.0,47.0,84,0,4,2,19,1,17,12,3,68,0.469,0,4,3,176,110,0
25,1,1.0,1.0,2.0,44,8,7,1,7,1,2,3,2,2,0.0,0,7,3,139,99,1
224,7,-3.0,2.0,19.0,84,2,18,1,57,1,25,106,70,19,0.0,0,19,4,1029,315,0
87,0,0.0,0.0,0.0,84,27,17,0,15,4,24,14,9,0,0.0,0,23,6,367,216,1
31,0,0.0,0.0,0.0,84,44,2,0,5,1,1,10,8,0,0.0,0,2,2,76,75,0
38,0,0.0,0.0,0.0,84,9,5,0,20,2,12,15,0,0,0.0,0,6,4,179,115,0
26,0,0.0,0.0,0.0,84,44,4,0,7,3,6,3,6,0,0.0,0,6,4,90,66,1
11,0,0.0,0.0,0.0,44,42,4,0,3,1,2,2,1,0,0.0,0,4,2,51,40,0
109,22,0.0,5.5,13.0,44,6,7,2,30,3,8,17,98,24,1.0,0,7,3,247,171,0
47,1,1.0,1.0,5.0,44,4,6,1,14,2,11,14,91,5,0.0,0,6,2,136,103,0
176,0,0.0,0.0,0.0,84,34,11,0,50,2,23,7,894,0,0.0,0,12,3,614,356,0
32,0,0.0,0.0,0.0,44,43,3,0,10,2,5,5,0,0,0.0,0,3,2,88,76,0
54,0,0.0,0.0,0.0,84,24,11,0,20,1,15,21,0,0,0.0,0,12,5,203,123,0
147,0,0.0,0.0,0.0,44,27,2,0,46,2,11,10,102,0,0.0,0,3,2,252,242,0
76,2,-2.0,0.0,49.0,56,1,10,0,9,2,20,12,0,49,0.0,0,17,6,309,104,0
130,0,0.0,0.0,0.0,84,31,19,0,28,2,15,39,91,0,0.0,0,19,4,435,180,0
3,0,0.0,0.0,0.0,44,44,1,0,1,1,1,0,0,0,0.0,0,1,1,32,32,0
90,0,0.0,0.0,0.0,49,24,1,0,20,1,5,9,100,0,0.0,0,3,3,180,154,0
24,0,0.0,0.0,0.0,44,43,3,0,6,2,8,0,9,0,0.0,0,3,1,67,53,0
102,0,0.0,0.0,0.0,44,35,8,0,36,2,23,20,120,0,0.0,0,9,4,379,200,0
16,0,0.0,0.0,0.0,44,24,1,0,4,2,3,0,0,0,0.0,0,2,2,54,49,0
25,0,0.0,0.0,0.0,31,31,1,0,4,2,5,1,0,0,0.0,0,1,1,72,72,0
19,0,0.0,0.0,0.0,84,42,3,0,2,6,10,8,0,0,0.0,0,6,4,71,59,0
81,0,0.0,0.0,0.0,44,31,3,0,21,1,12,20,43,0,0.0,0,3,2,223,180,0
36,0,0.0,0.0,0.0,44,43,2,0,10,1,3,1,0,0,0.0,0,2,1,68,65,0
92,0,0.0,0.0,0.0,44,15,3,0,26,3,5,0,209,0,0.0,0,4,3,222,176,0
148,0,0.0,0.0,0.0,49,27,9,0,16,3,17,17,4,0,0.0,0,11,4,369,203,1
42,0,0.0,0.0,0.0,49,38,3,0,11,2,7,13,0,0,0.0,0,3,2,116,93,0
204,57,0.5,14.5,37.5,84,0,13,1,15,4,24,16,1,49,0.2193,0,20,6,635,348,0
204,79,13.0,19.67,20.67,20,1,3,2,42,2,17,53,13,49,1.1249,0,4,2,366,287,1
400,0,0.0,0.0,0.0,84,25,17,0,10,7,34,24,1,0,0.0,0,24,7,1360,576,1
223,81,16.5,28.5,30.0,84,1,7,1,49,2,20,65,17,49,0.9999,0,8,3,480,310,1
26,0,0.0,0.0,0.0,84,36,5,0,6,3,9,5,9,0,0.0,0,5,3,85,67,0
14,0,0.0,0.0,0.0,84,36,7,0,2,1,1,0,1,0,0.0,0,7,3,92,43,0
7,13,2.5,4.5,36.0,44,3,6,2,5,1,8,0,10,68,0.7793,0,6,2,137,62,0
73,0,0.0,0.0,0.0,84,27,6,0,2,5,13,8,0,0,0.0,0,9,5,232,119,0
110,0,0.0,0.0,0.0,49,34,5,0,25,1,5,32,8,0,0.0,0,5,3,216,130,0
247,0,0.0,0.0,0.0,34,34,0,0,57,2,8,73,8,0,0.0,0,1,1,376,376,0
73,0,0.0,0.0,0.0,48,44,2,0,7,1,9,25,1,0,0.0,0,2,2,138,126,0
83,0,0.0,0.0,0.0,84,27,9,0,3,4,12,5,0,0,0.0,0,12,5,321,114,0
27,0,0.0,0.0,0.0,96,56,3,0,10,2,7,6,0,0,0.0,0,3,2,99,86,0
49,2,0.0,1.0,14.0,69,7,5,1,7,1,14,23,4,14,0.0,0,5,3,199,143,0
97,8,2.0,5.0,39.0,96,6,20,1,4,4,17,9,0,39,0.0,0,27,6,366,165,0
9,0,0.0,0.0,0.0,56,48,5,0,7,1,10,0,21,0,0.0,0,6,3,138,57,0
136,0,0.0,0.0,0.0,46,46,0,0,36,2,7,22,0,0,0.0,0,1,1,197,197,0
59,0,0.0,0.0,0.0,56,52,3,0,16,2,5,0,104,0,0.0,0,3,2,135,116,0
57,0,0.0,0.0,0.0,96,56,3,0,18,1,10,17,0,0,0.0,0,6,3,306,123,0
162,0,0.0,0.0,0.0,96,13,21,0,37,3,41,41,0,0,0.0,0,24,5,709,244,0
107,0,0.0,0.0,0.0,96,55,7,0,22,1,9,34,31,0,0.0,0,8,4,352,200,0
23,0,0.0,0.0,0.0,96,56,3,0,6,2,6,2,2,0,0.0,0,4,3,79,59,0
269,0,0.0,0.0,0.0,96,13,14,0,63,3,41,57,43,0,0.0,0,17,4,813,461,0
3,0,0.0,0.0,0.0,96,56,3,0,0,3,3,0,0,0,0.0,0,3,2,33,28,0
46,0,0.0,0.0,0.0,96,28,13,0,24,2,9,24,0,0,0.0,0,14,5,431,135,0
272,0,0.0,0.0,0.0,96,14,11,0,94,2,31,49,1311,0,0.0,0,18,6,831,544,0
44,0,0.0,0.0,0.0,60,53,4,0,1,4,12,4,0,0,0.0,0,5,4,119,108,0
4,0,0.0,0.0,0.0,56,40,2,0,1,1,2,2,0,0,0.0,0,3,2,36,27,0
12,0,0.0,0.0,0.0,56,49,5,0,10,1,14,0,45,0,0.0,0,5,3,165,72,0
11,0,0.0,0.0,0.0,96,39,2,0,3,4,5,0,1,0,0.0,0,4,3,69,50,0
89,0,0.0,0.0,0.0,56,55,5,0,27,2,8,3,260,0,0.0,0,5,2,171,154,0
13,0,0.0,0.0,0.0,55,55,1,0,4,1,3,2,0,0,0.0,0,1,1,36,36,0
175,0,0.0,0.0,0.0,96,37,14,0,3,3,24,17,0,0,0.0,0,20,6,706,282,0
11,0,0.0,0.0,0.0,38,38,0,0,2,1,0,3,0,0,0.0,0,1,1,37,37,0
45,0,0.0,0.0,0.0,56,13,4,0,11,2,8,19,0,0,0.0,0,5,2,114,93,0
382,0,0.0,0.0,0.0,66,13,13,0,80,2,33,106,190,0,0.0,0,16,5,918,666,0
134,0,0.0,0.0,0.0,66,32,3,0,41,1,12,21,227,0,0.0,0,4,2,239,216,0
46,0,0.0,0.0,0.0,96,15,7,0,11,2,9,16,28,0,0.0,0,7,3,179,73,0
60,0,0.0,0.0,0.0,96,54,4,0,19,1,2,6,57,0,0.0,0,4,3,154,110,0
28,0,0.0,0.0,0.0,66,51,6,0,5,1,7,15,3,0,0.0,0,6,5,133,65,0
49,0,0.0,0.0,0.0,56,17,6,0,14,1,13,24,0,0,0.0,0,6,3,294,186,0
175,0,0.0,0.0,0.0,52,47,4,0,43,1,11,63,0,0,0.0,0,4,1,388,196,0
401,134,0.0,33.5,25.5,96,5,14,2,3,7,38,19,0,26,1.0,0,20,6,1142,711,0
80,138,0.0,34.5,25.5,96,5,17,2,5,4,18,16,3,26,1.0,0,22,6,442,154,0
79,0,0.0,0.0,0.0,96,54,2,0,27,2,10,17,47,0,0.0,0,3,2,151,145,0
78,0,0.0,0.0,0.0,56,48,5,0,25,2,14,19,45,0,0.0,0,6,3,247,122,0
21,0,0.0,0.0,0.0,96,46,4,0,7,2,7,2,6,0,0.0,0,4,2,72,65,0
87,0,0.0,0.0,0.0,96,13,8,0,21,3,19,21,0,0,0.0,0,10,4,300,144,0
17,0,0.0,0.0,0.0,96,22,2,0,4,2,5,0,2,0,0.0,0,2,1,58,52,0
43,0,0.0,0.0,0.0,96,37,4,0,5,4,6,7,3,0,0.0,0,7,5,110,94,0
14,0,0.0,0.0,0.0,56,52,7,0,12,1,13,0,66,0,0.0,0,9,3,223,96,0
17,0,0.0,0.0,0.0,49,48,1,0,4,2,10,1,0,0,0.0,0,2,2,80,62,0
330,345,0.25,43.25,23.0,96,5,19,4,5,6,29,18,0,39,1.8812,0,23,6,1177,506,0
107,0,0.0,0.0,0.0,56,47,4,0,32,2,10,17,222,0,0.0,0,4,4,255,163,0
90,0,0.0,0.0,0.0,66,32,2,0,27,1,7,14,137,0,0.0,0,3,2,165,156,0
267,36,0.0,9.0,25.5,96,5,10,2,3,7,24,14,0,26,1.0,0,15,6,639,483,0
27,0,0.0,0.0,0.0,96,13,3,0,7,1,1,1,15,0,0.0,0,4,1,75,59,0
38,0,0.0,0.0,0.0,56,31,4,0,10,2,5,0,35,0,0.0,0,4,3,171,125,0
23,0,0.0,0.0,0.0,56,55,2,0,8,2,4,0,3,0,0.0,0,2,1,63,58,0
34,0,0.0,0.0,0.0,96,56,2,0,12,1,10,9,0,0,0.0,0,2,2,97,92,0
3,0,0.0,0.0,0.0,96,56,3,0,0,3,3,0,0,0,0.0,0,3,2,33,31,0
10,0,0.0,0.0,0.0,56,54,3,0,2,3,2,0,0,0,0.0,0,3,2,38,25,0
17,0,0.0,0.0,0.0,56,55,3,0,4,2,3,0,2,0,0.0,0,3,1,52,46,0
128,0,0.0,0.0,0.0,56,15,7,0,35,1,12,36,153,0,0.0,0,7,4,336,115,0
33,0,0.0,0.0,0.0,96,13,2,0,13,1,1,2,2,0,0.0,0,4,3,76,72,0
62,0,0.0,0.0,0.0,49,42,1,0,12,3,6,6,0,0,0.0,0,2,2,149,116,0
181,0,0.0,0.0,0.0,96,28,10,0,4,2,20,16,1,0,0.0,0,16,5,531,263,0
84,6,0.0,1.5,25.5,96,5,11,2,9,3,15,19,15,26,1.0,0,17,5,407,221,0
153,168,0.0,28.0,30.0,96,5,11,3,1,4,17,9,0,39,0.3851,0,15,4,770,211,0
70,0,0.0,0.0,0.0,66,32,3,0,21,1,16,5,147,0,0.0,0,7,2,195,120,0
277,0,0.0,0.0,0.0,57,13,10,0,72,2,33,72,13,0,0.0,0,10,4,575,411,0
27,0,0.0,0.0,0.0,56,56,1,0,7,2,7,2,15,0,0.0,0,1,1,73,73,0
130,0,0.0,0.0,0.0,96,37,15,0,3,3,21,14,0,0,0.0,0,22,6,627,234,0
210,2,0.0,1.0,6.0,96,10,12,1,54,2,28,104,13,6,0.0,0,14,5,509,232,0
188,0,0.0,0.0,0.0,61,37,3,0,16,2,17,21,0,0,0.0,0,6,3,335,291,0
93,0,0.0,0.0,0.0,96,37,5,0,1,3,17,12,0,0,0.0,0,8,5,252,194,0
33,0,0.0,0.0,0.0,57,46,3,0,6,1,4,8,3,0,0.0,0,3,2,134,84,0
6,0,0.0,0.0,0.0,56,40,3,0,1,1,2,2,0,0,0.0,0,4,2,125,41,0
71,0,0.0,0.0,0.0,96,13,8,0,18,3,15,16,0,0,0.0,0,9,4,266,143,0
11,0,0.0,0.0,0.0,69,69,1,0,0,1,0,0,0,0,0.0,0,1,1,41,41,0
15,0,0.0,0.0,0.0,54,39,1,0,3,6,7,4,3,0,0.0,0,2,2,51,49,0
105,0,0.0,0.0,0.0,96,16,12,0,1,2,20,11,0,0,0.0,0,15,5,343,133,0
42,0,0.0,0.0,0.0,56,56,2,0,14,2,2,1,35,0,0.0,0,2,1,89,86,0
10,0,0.0,0.0,0.0,96,56,2,0,3,3,2,0,1,0,0.0,0,2,2,43,40,0
10,0,0.0,0.0,0.0,96,56,2,0,3,3,2,0,1,0,0.0,0,2,2,43,40,0
114,0,0.0,0.0,0.0,96,13,9,0,25,3,23,34,15,0,0.0,0,12,5,411,223,0
23,0,0.0,0.0,0.0,96,56,3,0,6,3,6,2,2,0,0.0,0,4,3,79,59,0
64,0,0.0,0.0,0.0,56,42,5,0,18,1,6,17,0,0,0.0,0,5,2,214,193,0
147,0,0.0,0.0,0.0,96,37,13,0,3,3,24,17,0,0,0.0,0,19,6,659,262,0
8,0,0.0,0.0,0.0,96,35,2,0,2,4,0,0,1,0,0.0,0,3,3,35,31,0
27,0,0.0,0.0,0.0,56,49,11,0,25,1,14,0,300,0,0.0,0,11,5,300,126,0
3,0,0.0,0.0,0.0,96,22,4,0,0,2,3,0,0,0,0.0,0,4,2,37,32,0
50,0,0.0,0.0,0.0,50,39,1,0,1,4,8,2,0,0,0.0,0,2,2,103,101,0
31,0,0.0,0.0,0.0,96,56,4,0,8,3,4,0,20,0,0.0,0,4,3,73,51,0
83,0,0.0,0.0,0.0,96,13,9,0,21,2,21,22,0,0,0.0,0,11,4,554,221,0
13,0,0.0,0.0,0.0,40,39,0,0,1,2,5,0,0,0,0.0,0,4,2,85,52,0
60,0,0.0,0.0,0.0,96,55,4,0,8,5,7,10,8,0,0.0,0,5,2,134,111,0
201,82,76.0,79.0,39.0,96,6,13,1,60,3,19,66,298,39,0.0,0,14,5,520,186,0
45,0,0.0,0.0,0.0,96,51,5,0,16,1,2,23,15,0,0.0,0,7,3,178,135,0
15,0,0.0,0.0,0.0,47,22,4,0,2,2,5,9,0,0,0.0,0,4,2,83,53,0
166,0,0.0,0.0,0.0,46,46,1,0,37,2,22,50,45,0,0.0,0,2,1,312,304,0
60,0,0.0,0.0,0.0,96,49,16,0,16,3,15,20,91,0,0.0,0,18,5,511,157,0
108,0,0.0,0.0,0.0,96,37,10,0,5,3,22,28,1,0,0.0,0,14,5,382,219,0
18,0,0.0,0.0,0.0,56,55,3,0,5,3,5,1,4,0,0.0,0,3,1,57,49,0
128,0,0.0,0.0,0.0,56,18,4,0,36,2,5,6,402,0,0.0,0,4,2,335,252,0
27,0,0.0,0.0,0.0,49,49,1,0,5,2,11,12,4,0,0.0,0,1,1,75,75,0
8,0,0.0,0.0,0.0,40,40,0,0,1,1,0,0,0,0,0.0,0,1,1,34,34,0
41,0,0.0,0.0,0.0,96,37,3,0,1,1,0,0,0,0,0.0,0,7,2,130,96,0
27,0,0.0,0.0,0.0,96,56,3,0,7,4,9,2,6,0,0.0,0,4,3,85,69,0
10,0,0.0,0.0,0.0,56,56,2,0,2,3,3,0,0,0,0.0,0,2,1,39,35,0
86,0,0.0,0.0,0.0,96,15,8,0,21,3,19,22,0,0,0.0,0,10,4,330,144,0
20,0,0.0,0.0,0.0,96,51,3,0,7,1,3,7,3,0,0.0,0,3,2,91,54,0
66,0,0.0,0.0,0.0,96,56,5,0,18,2,11,6,100,0,0.0,0,5,3,148,122,0
119,0,0.0,0.0,0.0,96,14,5,0,37,1,10,42,0,0,0.0,0,6,2,502,213,0
10,0,0.0,0.0,0.0,96,54,3,0,3,2,2,0,1,0,0.0,0,3,3,44,40,0
21,0,0.0,0.0,0.0,76,55,5,0,5,1,2,10,3,0,0.0,0,5,4,78,54,0
63,0,0.0,0.0,0.0,96,39,10,0,4,5,18,10,1,0,0.0,0,13,5,241,119,0
58,0,0.0,0.0,0.0,96,39,7,0,4,5,16,8,1,0,0.0,0,11,5,225,114,0
3,0,0.0,0.0,0.0,96,22,4,0,0,2,2,0,0,0,0.0,0,4,2,35,31,0
38,0,0.0,0.0,0.0,96,39,6,0,2,6,13,10,0,0,0.0,0,9,4,163,112,0
35,0,0.0,0.0,0.0,56,55,2,0,14,2,5,0,12,0,0.0,0,2,1,94,86,0
88,0,0.0,0.0,0.0,96,52,7,0,1,3,14,8,0,0,0.0,0,8,5,255,195,0
239,83,10.5,26.0,4.5,96,6,23,2,57,2,36,102,91,6,0.9101,0,27,7,908,411,1
11,0,0.0,0.0,0.0,96,57,2,0,2,4,0,0,0,0,0.0,0,2,2,40,33,0
81,0,0.0,0.0,0.0,96,48,12,0,23,2,17,20,136,0,0.0,0,15,6,467,178,0
9,0,0.0,0.0,0.0,56,55,3,0,2,1,1,0,0,0,0.0,0,3,1,41,37,0
42,0,0.0,0.0,0.0,61,13,4,0,2,3,4,1,1,0,0.0,0,6,4,120,72,0
114,0,0.0,0.0,0.0,96,13,13,0,32,3,25,19,0,0,0.0,0,15,4,541,264,0
25,0,0.0,0.0,0.0,96,46,7,0,6,2,9,2,11,0,0.0,0,7,3,94,75,0
50,0,0.0,0.0,0.0,46,22,2,0,8,1,5,10,0,0,0.0,0,3,1,220,110,0
37,0,0.0,0.0,0.0,96,37,6,0,7,4,9,11,15,0,0.0,0,9,5,116,79,0
90,0,0.0,0.0,0.0,96,37,8,0,1,2,14,4,0,0,0.0,0,13,5,349,176,0
146,0,0.0,0.0,0.0,96,48,10,0,32,2,12,17,171,0,0.0,0,11,4,550,300,1
160,0,0.0,0.0,0.0,96,34,6,0,40,1,2,15,0,0,0.0,0,8,4,426,282,0
91,0,0.0,0.0,0.0,96,40,9,0,16,2,33,25,15,0,0.0,0,11,4,361,175,0
257,14,0.0,3.5,25.5,68,5,6,2,8,2,23,16,0,26,1.0,0,8,3,430,271,0
66,0,0.0,0.0,0.0,56,13,3,0,19,3,4,1,135,0,0.0,0,4,3,135,124,0
14,0,0.0,0.0,0.0,56,13,8,0,1,1,0,0,0,0,0.0,0,11,3,528,244,0
510,0,0.0,0.0,0.0,96,14,11,0,143,1,44,22,0,0,0.0,0,12,3,783,401,1
66,0,0.0,0.0,0.0,61,50,4,0,3,3,5,6,1,0,0.0,0,5,4,165,80,0
53,0,0.0,0.0,0.0,53,12,3,0,15,1,4,18,0,0,0.0,0,3,2,243,161,0
53,0,0.0,0.0,0.0,96,56,4,0,4,2,15,11,0,0,0.0,0,5,3,207,107,0
18,0,0.0,0.0,0.0,56,55,3,0,5,3,5,1,4,0,0.0,0,3,1,57,49,0
79,0,0.0,0.0,0.0,96,96,1,0,20,1,3,25,5,0,0.0,0,1,1,178,178,0
174,0,0.0,0.0,0.0,64,49,4,0,36,2,18,62,15,0,0.0,0,6,4,388,341,0
143,0,0.0,0.0,0.0,96,44,9,0,32,3,13,44,105,0,0.0,0,13,7,928,532,0
76,0,0.0,0.0,0.0,22,22,1,0,18,2,16,19,1,0,0.0,0,1,1,127,127,0
41,0,0.0,0.0,0.0,47,47,1,0,9,1,6,22,0,0,0.0,0,1,1,103,103,0
55,0,0.0,0.0,0.0,56,52,8,0,14,1,16,23,0,0,0.0,0,9,3,320,163,0
3,0,0.0,0.0,0.0,66,32,1,0,1,1,1,0,0,0,0.0,0,2,1,28,26,0
32,0,0.0,0.0,0.0,96,56,2,0,10,2,6,8,28,0,0.0,0,2,2,105,104,0
11,0,0.0,0.0,0.0,55,52,3,0,1,4,5,3,0,0,0.0,0,3,2,83,44,0
3,0,0.0,0.0,0.0,96,56,3,0,0,3,2,0,0,0,0.0,0,3,2,31,29,0
3,0,0.0,0.0,0.0,96,56,3,0,0,3,3,0,0,0,0.0,0,3,2,33,28,0
27,0,0.0,0.0,0.0,56,47,2,0,5,2,4,6,6,0,0.0,0,2,2,113,101,0
32,0,0.0,0.0,0.0,96,22,5,0,9,2,6,2,32,0,0.0,0,5,2,88,72,0
39,0,0.0,0.0,0.0,57,13,6,0,6,2,7,14,1,0,0.0,0,9,3,605,222,0
94,0,0.0,0.0,0.0,96,37,2,0,6,3,7,5,2,0,0.0,0,5,4,176,165,0
77,0,0.0,0.0,0.0,56,56,2,0,22,2,4,2,170,0,0.0,0,2,1,139,134,0
44,0,0.0,0.0,0.0,56,48,6,0,14,2,8,12,78,0,0.0,0,7,3,176,111,0
79,0,0.0,0.0,0.0,56,55,4,0,27,2,8,18,44,0,0.0,0,5,4,151,124,0
72,0,0.0,0.0,0.0,96,46,10,0,22,4,12,5,168,0,0.0,0,11,5,202,152,0
89,0,0.0,0.0,0.0,15,13,3,0,6,2,9,11,0,0,0.0,0,3,2,207,110,0
40,0,0.0,0.0,0.0,15,13,3,0,12,2,4,0,27,0,0.0,0,3,2,116,87,0
243,0,0.0,0.0,0.0,84,56,2,0,67,2,15,57,0,0,0.0,0,3,2,323,318,0
60,0,0.0,0.0,0.0,44,44,1,0,19,2,7,12,6,0,0.0,0,1,1,114,114,0
29,11,-1.0,5.0,2.0,96,6,4,1,7,2,17,7,0,2,0.0,0,4,2,102,83,0
45,0,0.0,0.0,0.0,56,13,4,0,13,2,13,20,6,0,0.0,0,6,3,191,100,0
77,0,0.0,0.0,0.0,66,13,11,0,18,2,13,15,91,0,0.0,0,11,4,260,199,0
396,0,0.0,0.0,0.0,57,44,10,0,97,1,29,65,0,0,0.0,0,11,4,1071,539,0
70,0,0.0,0.0,0.0,51,51,2,0,15,1,1,17,48,0,0.0,0,2,1,197,132,0
183,0,0.0,0.0,0.0,56,40,2,0,52,3,5,0,1080,0,0.0,0,4,3,417,354,0
3,0,0.0,0.0,0.0,96,22,4,0,0,2,3,0,0,0,0.0,0,4,2,37,32,0
90,0,0.0,0.0,0.0,56,36,1,0,37,3,7,2,224,0,0.0,0,2,2,166,156,0
570,4,0.0,2.0,14.0,57,11,22,1,134,1,56,150,123,14,0.0,0,27,4,1597,718,1
21,0,0.0,0.0,0.0,96,22,7,0,7,2,4,11,0,0,0.0,0,7,4,104,61,0
241,21,3.5,7.0,22.5,56,6,3,2,55,1,15,124,55,39,0.9587,0,5,3,437,411,0
39,19,0.75,2.75,26.0,96,5,15,4,7,5,19,21,0,39,1.8238,0,19,4,208,90,0
27,0,0.0,0.0,0.0,96,51,3,0,2,5,7,5,0,0,0.0,0,6,4,97,67,0
324,25,3.67,6.0,6.0,66,11,15,2,106,1,42,86,39,14,1.1239,0,27,5,999,338,1
17,0,0.0,0.0,0.0,56,56,1,0,4,2,3,0,2,0,0.0,0,1,1,51,51,0
31,0,0.0,0.0,0.0,96,22,7,0,7,2,6,10,0,0,0.0,0,8,5,107,71,0
138,64,0.0,16.0,25.5,96,5,17,2,8,3,32,32,4,26,1.0,0,19,5,486,271,1
37,0,0.0,0.0,0.0,56,54,5,0,14,2,5,3,8,0,0.0,0,5,1,140,112,0
214,57,4.33,11.67,6.67,57,11,17,3,67,1,25,86,156,14,0.7967,0,19,4,1174,699,1
145,6,0.0,1.5,25.5,61,5,10,2,14,2,26,29,21,26,1.0,0,14,5,607,439,0
18,0,0.0,0.0,0.0,56,40,5,0,6,1,2,4,0,0,0.0,0,6,2,94,49,0
4,0,0.0,0.0,0.0,56,40,3,0,1,1,2,2,0,0,0.0,0,4,2,46,35,0
73,0,0.0,0.0,0.0,96,16,5,0,11,2,7,19,1,0,0.0,0,5,3,136,78,0
99,0,0.0,0.0,0.0,96,40,10,0,33,1,11,36,26,0,0.0,0,14,3,562,184,0
49,0,0.0,0.0,0.0,56,32,4,0,12,3,8,0,40,0,0.0,0,4,3,143,113,0
110,0,0.0,0.0,0.0,15,13,2,0,10,2,14,17,6,0,0.0,0,3,2,246,233,0
83,0,0.0,0.0,0.0,66,52,5,0,25,2,12,4,127,0,0.0,0,5,3,197,155,0
8,0,0.0,0.0,0.0,96,55,3,0,2,2,5,1,1,0,0.0,0,3,2,45,42,0
63,0,0.0,0.0,0.0,56,56,5,0,18,3,6,4,96,0,0.0,0,5,2,163,116,0
242,142,0.0,35.5,25.5,96,5,11,2,10,6,28,15,6,26,1.0,0,20,6,2081,871,0
262,0,0.0,0.0,0.0,15,13,4,0,32,2,27,59,21,0,0.0,0,5,3,502,316,0
66,0,0.0,0.0,0.0,69,56,6,0,20,1,6,7,73,0,0.0,0,6,4,483,136,0
87,0,0.0,0.0,0.0,96,56,5,0,21,2,13,25,55,0,0.0,0,6,3,260,164,0
162,8,0.0,4.0,39.0,96,6,14,1,9,3,28,14,1,39,0.0,0,20,6,496,334,0
394,0,0.0,0.0,0.0,96,37,30,0,47,2,32,51,14,0,0.0,0,37,7,1981,553,0
88,80,0.0,20.0,25.5,96,5,14,2,6,4,19,22,1,26,1.0,0,19,6,445,96,0
81,0,0.0,0.0,0.0,96,16,9,0,9,2,13,7,0,0,0.0,0,13,4,552,140,0
43,0,0.0,0.0,0.0,56,40,4,0,12,3,7,0,37,0,0.0,0,5,4,130,79,0
15,0,0.0,0.0,0.0,56,44,8,0,13,1,16,0,78,0,0.0,0,8,3,272,87,0
37,0,0.0,0.0,0.0,66,52,7,0,13,1,10,11,58,0,0.0,0,8,5,147,118,0
66,0,0.0,0.0,0.0,96,56,7,0,18,2,11,2,135,0,0.0,0,7,3,258,139,0
84,0,0.0,0.0,0.0,94,56,2,0,5,4,5,3,0,0,0.0,0,3,3,144,140,0
66,0,0.0,0.0,0.0,96,56,4,0,20,2,13,8,40,0,0.0,0,5,3,198,150,1
124,0,0.0,0.0,0.0,56,30,7,0,38,4,7,11,417,0,0.0,0,7,3,275,207,0
27,0,0.0,0.0,0.0,96,56,3,0,7,2,9,2,6,0,0.0,0,4,3,85,69,0
164,0,0.0,0.0,0.0,96,14,16,0,50,1,29,82,21,0,0.0,0,20,7,534,236,0
12,0,0.0,0.0,0.0,60,39,2,0,3,5,8,4,0,0,0.0,0,3,3,63,54,0
68,0,0.0,0.0,0.0,56,56,3,0,25,3,8,11,44,0,0.0,0,3,2,193,98,0
69,0,0.0,0.0,0.0,96,56,4,0,20,3,14,9,40,0,0.0,0,5,3,184,132,1
24,0,0.0,0.0,0.0,96,54,2,0,8,3,9,4,11,0,0.0,0,3,2,78,74,0
108,0,0.0,0.0,0.0,96,51,5,0,48,2,13,31,96,0,0.0,0,7,3,329,164,0
122,0,0.0,0.0,0.0,96,56,4,0,32,2,7,32,25,0,0.0,0,4,3,209,202,0
8,0,0.0,0.0,0.0,56,56,2,0,2,1,1,0,0,0,0.0,0,2,1,38,35,0
96,0,0.0,0.0,0.0,56,54,4,0,28,2,8,13,176,0,0.0,0,4,3,186,151,0
67,5,0.5,1.5,21.0,96,6,6,2,16,5,16,26,4,39,0.971,0,8,3,185,138,0
24,0,0.0,0.0,0.0,96,37,1,0,4,4,6,7,1,0,0.0,0,3,2,71,64,0
92,0,0.0,0.0,0.0,96,52,6,0,23,1,16,40,17,0,0.0,0,8,4,216,157,0
4,0,0.0,0.0,0.0,96,56,2,0,1,1,5,1,0,0,0.0,0,2,2,41,36,0
189,0,0.0,0.0,0.0,96,13,14,0,13,5,29,32,6,0,0.0,0,22,7,570,239,0
164,0,0.0,0.0,0.0,96,13,12,0,7,4,16,8,0,0,0.0,0,15,5,638,304,0
45,0,0.0,0.0,0.0,96,55,3,0,8,1,6,22,0,0,0.0,0,4,4,106,102,0
160,0,0.0,0.0,0.0,56,55,4,0,43,2,7,0,833,0,0.0,0,4,2,271,241,0
85,0,0.0,0.0,0.0,55,49,7,0,24,1,23,34,0,0,0.0,0,8,5,256,153,0
12,0,0.0,0.0,0.0,56,13,1,0,3,1,0,3,3,0,0.0,0,2,2,55,45,0
52,0,0.0,0.0,0.0,96,47,3,0,9,1,7,17,0,0,0.0,0,3,1,120,101,0
29,0,0.0,0.0,0.0,96,56,4,0,8,2,6,2,6,0,0.0,0,5,3,90,69,0
371,0,0.0,0.0,0.0,61,12,19,0,132,1,44,132,64,0,0.0,0,23,7,1075,556,1
66,0,0.0,0.0,0.0,56,56,4,0,18,4,5,0,135,0,0.0,0,4,1,129,114,0
16,0,0.0,0.0,0.0,56,49,5,0,14,1,18,0,91,0,0.0,0,6,4,275,99,0
418,0,0.0,0.0,0.0,64,15,9,0,112,2,23,86,116,0,0.0,0,13,3,838,565,0
66,0,0.0,0.0,0.0,56,56,4,0,18,3,6,0,135,0,0.0,0,4,1,134,119,0
12,0,0.0,0.0,0.0,96,51,3,0,1,5,4,3,0,0,0.0,0,4,2,59,45,0
7,0,0.0,0.0,0.0,56,40,5,0,4,1,2,2,1,0,0.0,0,6,2,57,42,0
4,0,0.0,0.0,0.0,56,40,5,0,1,1,2,2,0,0,0.0,0,6,2,43,26,0
103,91,20.5,33.0,1.5,49,7,4,2,9,2,22,18,0,2,0.9449,0,8,3,309,173,0
85,0,0.0,0.0,0.0,55,17,9,0,26,1,14,33,0,0,0.0,0,10,5,355,197,0
32,0,0.0,0.0,0.0,96,22,6,0,9,2,8,4,28,0,0.0,0,6,3,97,58,0
21,8,6.0,7.0,39.0,96,6,10,1,19,1,9,0,171,39,0.0,0,10,4,95,52,0
20,0,0.0,0.0,0.0,57,15,6,0,3,1,11,13,0,0,0.0,0,7,4,113,84,0
10,0,0.0,0.0,0.0,56,52,2,0,2,2,7,0,0,0,0.0,0,3,2,46,40,0
115,0,0.0,0.0,0.0,96,56,6,0,58,2,7,39,66,0,0.0,0,6,5,650,216,0
116,4,2.0,3.0,14.0,57,11,7,1,29,2,32,62,15,14,0.0,0,7,5,447,292,0
41,0,0.0,0.0,0.0,68,39,1,0,6,2,14,4,11,0,0.0,0,4,2,114,75,0
245,246,70.67,76.33,30.0,96,5,13,3,27,5,34,25,3,39,0.5925,0,18,6,580,220,0
63,0,0.0,0.0,0.0,56,56,1,0,17,2,4,1,91,0,0.0,0,1,1,112,112,0
72,0,0.0,0.0,0.0,96,38,10,0,16,2,38,13,73,0,0.0,0,12,5,286,96,0
175,6,0.0,1.5,25.5,96,5,17,2,13,4,29,40,3,26,1.0,0,26,6,611,209,0
109,0,0.0,0.0,0.0,96,44,4,0,19,1,24,52,0,0,0.0,0,5,1,400,258,0
116,0,0.0,0.0,0.0,96,47,9,0,31,1,12,51,4,0,0.0,0,10,4,365,182,0
3,0,0.0,0.0,0.0,96,56,3,0,0,3,3,0,0,0,0.0,0,3,2,33,31,0
64,0,0.0,0.0,0.0,66,56,3,0,23,2,9,16,33,0,0.0,0,4,2,148,135,0
13,0,0.0,0.0,0.0,69,69,1,0,0,1,0,1,0,0,0.0,0,1,1,46,46,0
161,23,23.0,23.0,14.0,96,7,15,1,38,1,25,58,81,14,0.0,0,25,6,500,224,0
228,0,0.0,0.0,0.0,61,13,4,0,36,2,26,68,14,0,0.0,0,6,3,476,370,0
66,0,0.0,0.0,0.0,96,56,4,0,20,3,14,8,40,0,0.0,0,5,3,181,129,1
90,0,0.0,0.0,0.0,96,37,7,0,4,5,13,6,0,0,0.0,0,13,5,329,119,0
91,0,0.0,0.0,0.0,96,14,6,0,31,2,15,9,230,0,0.0,0,8,3,252,207,0
17,0,0.0,0.0,0.0,56,56,2,0,4,2,4,3,0,0,0.0,0,2,2,49,46,0
27,0,0.0,0.0,0.0,96,56,3,0,7,4,9,2,6,0,0.0,0,4,3,82,69,0
16,0,0.0,0.0,0.0,96,37,1,0,2,4,5,4,0,0,0.0,0,3,2,58,51,0
143,0,0.0,0.0,0.0,69,15,7,0,34,1,16,56,0,0,0.0,0,7,3,364,239,0
188,44,8.0,15.0,8.5,96,11,21,2,42,2,35,58,0,14,0.684,0,24,6,1106,247,0
60,0,0.0,0.0,0.0,96,22,4,0,6,2,10,28,0,0,0.0,0,4,2,371,178,0
59,0,0.0,0.0,0.0,96,39,8,0,2,4,16,7,0,0,0.0,0,9,5,173,116,0
126,57,41.0,49.0,39.0,96,6,12,1,32,2,18,44,36,39,0.0,0,13,5,352,170,0
29,0,0.0,0.0,0.0,96,56,5,0,8,3,6,2,6,0,0.0,0,7,4,96,66,0
88,0,0.0,0.0,0.0,96,37,4,0,20,2,11,18,4,0,0.0,0,6,4,279,183,0
296,0,0.0,0.0,0.0,96,13,16,0,31,4,33,52,0,0,0.0,0,25,6,1321,436,0
255,0,0.0,0.0,0.0,96,49,8,0,38,2,11,8,17,0,0.0,0,8,2,612,254,0
37,0,0.0,0.0,0.0,96,13,6,0,16,2,5,7,11,0,0.0,0,9,4,346,150,0
49,0,0.0,0.0,0.0,96,15,4,0,12,1,6,16,0,0,0.0,0,4,3,125,67,0
98,0,0.0,0.0,0.0,56,55,4,0,33,2,10,5,234,0,0.0,0,4,2,205,169,0
174,3,-1.0,1.0,14.0,96,11,9,1,19,2,24,37,7,14,0.0,0,16,4,591,174,0
113,0,0.0,0.0,0.0,96,56,3,0,37,3,15,16,226,0,0.0,0,6,4,309,196,0
50,0,0.0,0.0,0.0,66,56,5,0,19,3,8,11,14,0,0.0,0,6,2,131,118,0
79,10,10.0,10.0,39.0,96,6,14,1,18,2,11,19,28,39,0.0,0,17,4,540,181,0
243,0,0.0,0.0,0.0,96,13,13,0,53,3,34,64,12,0,0.0,0,20,6,909,434,0
36,0,0.0,0.0,0.0,96,22,8,0,8,2,6,12,0,0,0.0,0,9,6,195,86,0
85,0,0.0,0.0,0.0,96,13,8,0,21,3,19,22,0,0,0.0,0,11,5,379,144,0
121,18,0.0,4.5,25.5,96,5,15,2,6,5,24,15,1,26,1.0,0,20,6,548,235,0
68,0,0.0,0.0,0.0,96,22,10,0,18,2,8,23,3,0,0.0,0,10,5,264,109,0
14,0,0.0,0.0,0.0,56,40,2,0,3,1,2,2,1,0,0.0,0,3,2,60,49,0
91,0,0.0,0.0,0.0,96,22,7,0,23,2,15,30,1,0,0.0,0,9,5,638,188,0
107,0,0.0,0.0,0.0,96,13,8,0,29,2,16,16,191,0,0.0,0,10,3,325,231,0
15,0,0.0,0.0,0.0,96,55,6,0,13,1,4,0,78,0,0.0,0,6,4,63,56,0
98,0,0.0,0.0,0.0,96,47,6,0,30,2,12,14,222,0,0.0,0,6,3,307,188,0
7,0,0.0,0.0,0.0,56,37,7,0,0,1,0,0,0,0,0.0,0,11,3,90,34,0
4,0,0.0,0.0,0.0,56,40,4,0,1,1,2,2,0,0,0.0,0,5,3,46,31,0
92,30,0.0,7.5,25.5,96,5,12,2,3,6,16,7,3,26,1.0,0,16,6,369,179,0
14,0,0.0,0.0,0.0,66,66,1,0,2,1,9,4,1,0,0.0,0,1,1,61,61,0
44,0,0.0,0.0,0.0,96,96,1,0,6,2,8,22,1,0,0.0,0,1,1,100,100,0
107,0,0.0,0.0,0.0,56,13,5,0,29,4,9,10,262,0,0.0,0,6,2,217,181,0
209,0,0.0,0.0,0.0,96,13,21,0,43,3,35,71,0,0,0.0,0,22,6,1005,438,0
38,0,0.0,0.0,0.0,96,37,4,0,5,5,7,12,3,0,0.0,0,6,5,311,190,0
33,0,0.0,0.0,0.0,61,48,5,0,3,4,9,1,1,0,0.0,0,6,4,127,101,0
2,0,0.0,0.0,0.0,15,13,2,0,0,2,3,0,0,0,0.0,0,2,2,36,26,0
120,0,0.0,0.0,0.0,96,51,6,0,22,3,9,22,20,0,0.0,0,6,4,227,214,0
38,0,0.0,0.0,0.0,96,39,10,0,1,4,14,5,0,0,0.0,0,12,5,179,102,0
34,0,0.0,0.0,0.0,96,56,2,0,13,2,5,2,20,0,0.0,0,3,2,103,93,0
57,1,-1.0,0.0,3.0,96,6,6,1,4,2,17,12,0,3,0.0,0,7,4,165,107,0
259,0,0.0,0.0,0.0,57,14,12,0,66,1,31,85,15,0,0.0,0,16,5,668,451,0
66,0,0.0,0.0,0.0,52,45,5,0,13,1,14,29,15,0,0.0,0,5,1,193,142,0
71,0,0.0,0.0,0.0,96,15,15,0,15,1,19,30,9,0,0.0,0,18,5,450,157,0
55,0,0.0,0.0,0.0,56,40,3,0,16,2,5,15,8,0,0.0,0,4,3,115,101,0
62,0,0.0,0.0,0.0,56,15,3,0,16,2,11,11,15,0,0.0,0,3,2,149,78,0
110,0,0.0,0.0,0.0,96,35,6,0,12,6,10,14,4,0,0.0,0,11,6,513,322,0
24,0,0.0,0.0,0.0,96,56,2,0,6,2,7,0,9,0,0.0,0,2,2,74,69,0
207,135,1.0,23.0,21.67,96,5,16,3,4,5,28,24,1,26,0.9864,0,25,6,1248,493,0
51,0,0.0,0.0,0.0,56,47,2,0,14,2,6,2,69,0,0.0,0,2,2,143,97,0
52,0,0.0,0.0,0.0,56,56,3,0,17,2,6,0,21,0,0.0,0,3,2,119,84,0
64,0,0.0,0.0,0.0,63,63,0,0,11,1,8,15,0,0,0.0,0,1,1,127,127,0
66,0,0.0,0.0,0.0,96,96,1,0,14,1,4,13,0,0,0.0,0,1,1,112,112,0
87,13,0.33,2.33,30.0,96,5,18,3,11,4,21,25,0,39,1.4573,0,24,6,393,121,0
50,19,-13.0,3.0,14.0,69,7,2,1,12,2,8,23,0,14,0.0,0,2,1,128,109,0
50,0,0.0,0.0,0.0,96,22,5,0,13,2,3,25,0,0,0.0,0,5,3,127,92,0
168,0,0.0,0.0,0.0,96,14,25,0,39,1,30,64,7,0,0.0,0,28,6,703,270,0
63,0,0.0,0.0,0.0,96,56,5,0,19,1,8,24,36,0,0.0,0,7,3,144,91,0
134,180,0.0,45.0,25.5,68,5,8,2,2,2,19,8,1,26,1.0,0,9,3,584,185,0
3,0,0.0,0.0,0.0,96,56,3,0,0,3,3,0,0,0,0.0,0,3,2,33,31,0
53,0,0.0,0.0,0.0,96,37,8,0,2,3,6,1,1,0,0.0,0,9,4,1337,600,0
13,0,0.0,0.0,0.0,96,56,2,0,2,3,4,2,0,0,0.0,0,2,2,47,46,0
16,0,0.0,0.0,0.0,96,39,2,0,4,5,8,6,1,0,0.0,0,5,3,77,62,0
50,0,0.0,0.0,0.0,96,13,3,0,13,1,3,1,66,0,0.0,0,5,3,126,113,0
3,0,0.0,0.0,0.0,56,54,2,0,0,2,1,0,0,0,0.0,0,3,2,33,29,0
4,0,0.0,0.0,0.0,56,40,3,0,1,1,2,2,0,0,0.0,0,4,2,38,27,0
147,0,0.0,0.0,0.0,96,13,11,0,27,2,25,37,8,0,0.0,0,18,5,450,221,0
78,0,0.0,0.0,0.0,57,56,3,0,32,1,3,0,496,0,0.0,0,4,3,593,171,0
110,40,18.0,19.0,22.5,96,6,5,2,35,1,21,27,3,39,0.8813,0,9,3,380,138,0
164,0,0.0,0.0,0.0,96,13,6,0,34,3,32,56,60,0,0.0,0,7,4,411,214,0
39,0,0.0,0.0,0.0,13,13,1,0,5,1,11,14,0,0,0.0,0,1,1,108,108,0
43,0,0.0,0.0,0.0,96,22,4,0,10,2,6,19,0,0,0.0,0,4,3,120,90,0
18,0,0.0,0.0,0.0,56,55,3,0,5,3,5,1,4,0,0.0,0,3,1,57,49,0
17,0,0.0,0.0,0.0,56,56,2,0,4,2,4,0,2,0,0.0,0,2,1,52,47,0
49,0,0.0,0.0,0.0,66,32,3,0,15,1,12,5,78,0,0.0,0,7,2,183,102,0
7,0,0.0,0.0,0.0,56,54,6,0,5,1,10,0,10,0,0.0,0,7,3,208,81,0
126,0,0.0,0.0,0.0,96,37,12,0,3,3,20,14,0,0,0.0,0,19,6,598,224,0
361,33,6.5,11.5,10.0,96,10,36,2,86,2,44,123,270,14,0.4395,0,43,6,2984,643,1
44,0,0.0,0.0,0.0,57,14,6,0,11,2,14,30,1,0,0.0,0,7,4,190,112,0
426,2,0.0,1.0,6.0,96,10,17,1,150,1,37,118,22,6,0.0,0,20,6,1606,755,1
10,0,0.0,0.0,0.0,56,56,1,0,2,1,1,0,0,0,0.0,0,1,1,35,35,0
92,0,0.0,0.0,0.0,69,13,4,0,11,1,17,46,0,0,0.0,0,6,2,259,209,0
213,0,0.0,0.0,0.0,61,50,5,0,86,1,10,71,55,0,0.0,0,6,4,509,346,0
135,0,0.0,0.0,0.0,96,37,9,0,1,2,13,5,0,0,0.0,0,13,5,482,185,0
35,0,0.0,0.0,0.0,53,12,2,0,9,1,0,4,4,0,0.0,0,2,1,98,69,0
87,0,0.0,0.0,0.0,15,13,3,0,18,1,5,22,1,0,0.0,0,4,2,227,140,0
257,0,0.0,0.0,0.0,61,13,9,0,25,4,22,34,2,0,0.0,0,14,4,951,365,0
80,40,0.0,10.0,25.5,49,5,4,2,11,4,17,17,1,26,1.0,0,8,3,232,156,0
242,14,0.0,7.0,39.0,96,6,5,1,85,2,36,33,905,39,0.0,0,7,3,639,416,0
49,0,0.0,0.0,0.0,56,56,4,0,16,3,3,1,54,0,0.0,0,4,1,109,94,0
83,0,0.0,0.0,0.0,56,17,9,0,26,2,12,11,325,0,0.0,0,9,4,314,185,0
23,0,0.0,0.0,0.0,96,56,3,0,6,3,6,2,2,0,0.0,0,4,3,78,59,0
145,0,0.0,0.0,0.0,96,37,10,0,11,3,18,21,0,0,0.0,0,13,5,411,309,0
4,0,0.0,0.0,0.0,56,40,3,0,1,1,2,2,0,0,0.0,0,4,2,36,28,0
91,0,0.0,0.0,0.0,96,56,3,0,42,2,10,25,300,0,0.0,0,5,1,213,168,0
49,0,0.0,0.0,0.0,32,19,2,0,12,3,8,0,40,0,0.0,0,2,1,128,126,0
60,0,0.0,0.0,0.0,56,44,9,0,16,1,16,26,0,0,0.0,0,9,5,336,159,0
40,0,0.0,0.0,0.0,96,38,5,0,9,1,14,13,0,0,0.0,0,5,2,137,89,0
69,0,0.0,0.0,0.0,56,52,8,0,16,1,11,23,1,0,0.0,0,8,3,503,131,0
52,0,0.0,0.0,0.0,56,55,3,0,16,3,6,1,75,0,0.0,0,3,2,112,103,0
46,0,0.0,0.0,0.0,96,37,4,0,6,4,8,9,4,0,0.0,0,7,5,113,87,0
15,0,0.0,0.0,0.0,56,55,5,0,13,1,11,0,78,0,0.0,0,5,2,161,83,0
17,0,0.0,0.0,0.0,96,56,2,0,4,2,6,0,2,0,0.0,0,2,2,56,55,0
48,0,0.0,0.0,0.0,56,55,6,0,16,2,11,3,46,0,0.0,0,6,3,164,102,0
60,0,0.0,0.0,0.0,56,44,7,0,18,2,12,13,91,0,0.0,0,7,3,209,118,0
49,0,0.0,0.0,0.0,96,13,4,0,19,1,17,12,3,0,0.0,0,4,3,176,110,0
25,8,-2.0,3.0,6.0,56,7,8,1,7,1,2,3,2,6,0.0,0,8,3,147,99,0
224,0,0.0,0.0,0.0,96,14,18,0,57,1,25,106,70,0,0.0,0,19,4,1029,315,0
87,8,0.0,2.0,25.5,96,5,19,2,15,4,24,14,9,26,1.0,0,25,6,375,216,0
31,0,0.0,0.0,0.0,96,56,2,0,5,1,1,10,8,0,0.0,0,2,2,76,75,0
38,0,0.0,0.0,0.0,96,22,5,0,20,2,12,15,0,0,0.0,0,6,4,179,115,0
26,0,0.0,0.0,0.0,96,56,4,0,7,3,6,3,6,0,0.0,0,6,4,90,66,1
11,0,0.0,0.0,0.0,56,55,4,0,3,1,2,2,1,0,0.0,0,4,2,51,40,0
109,0,0.0,0.0,0.0,56,18,7,0,30,3,8,17,98,0,0.0,0,7,3,247,171,0
47,0,0.0,0.0,0.0,56,17,6,0,14,2,11,14,91,0,0.0,0,6,2,136,103,0
176,2,0.0,1.0,39.0,96,6,12,1,50,2,23,7,894,39,0.0,0,13,3,616,356,0
32,0,0.0,0.0,0.0,56,55,3,0,10,2,5,5,0,0,0.0,0,3,2,88,76,0
54,0,0.0,0.0,0.0,96,36,11,0,20,1,15,21,0,0,0.0,0,12,5,203,123,0
147,0,0.0,0.0,0.0,56,40,2,0,46,2,11,10,102,0,0.0,0,3,2,252,242,0
76,0,0.0,0.0,0.0,68,13,10,0,9,2,20,12,0,0,0.0,0,17,6,309,104,0
130,0,0.0,0.0,0.0,96,44,19,0,28,2,15,39,91,0,0.0,0,19,4,435,180,0
3,0,0.0,0.0,0.0,56,56,1,0,1,1,1,0,0,0,0.0,0,1,1,32,32,0
90,0,0.0,0.0,0.0,61,36,1,0,20,1,5,9,100,0,0.0,0,3,3,180,154,0
32,26,24.0,25.0,39.0,56,6,4,1,8,2,11,0,22,39,0.0,0,4,2,93,53,0
102,0,0.0,0.0,0.0,56,48,8,0,36,2,23,20,120,0,0.0,0,9,4,379,200,0
16,0,0.0,0.0,0.0,56,36,1,0,4,2,3,0,0,0,0.0,0,2,2,54,49,0
25,0,0.0,0.0,0.0,44,44,1,0,4,2,5,1,0,0,0.0,0,1,1,72,72,0
19,0,0.0,0.0,0.0,96,55,3,0,2,6,10,8,0,0,0.0,0,6,4,71,59,0
81,0,0.0,0.0,0.0,56,44,3,0,21,1,12,20,43,0,0.0,0,3,2,223,180,0
36,0,0.0,0.0,0.0,56,56,2,0,10,1,3,1,0,0,0.0,0,2,1,68,65,0
92,0,0.0,0.0,0.0,56,28,3,0,26,3,5,0,209,0,0.0,0,4,3,222,176,0
148,28,0.0,7.0,25.5,61,5,11,2,16,3,17,17,4,26,1.0,0,13,4,397,203,0
42,0,0.0,0.0,0.0,61,50,3,0,11,2,7,13,0,0,0.0,0,3,2,116,93,0
204,0,0.0,0.0,0.0,96,13,13,0,15,4,24,16,1,0,0.0,0,20,6,635,348,0
204,0,0.0,0.0,0.0,32,13,3,0,42,2,17,53,13,0,0.0,0,4,2,366,287,0
400,92,0.0,23.0,25.5,96,5,19,2,10,7,34,24,1,26,1.0,0,26,7,1452,576,0
223,0,0.0,0.0,0.0,96,13,7,0,49,2,20,65,17,0,0.0,0,8,3,480,310,0
26,0,0.0,0.0,0.0,96,48,5,0,6,3,9,5,9,0,0.0,0,5,3,85,67,0
14,0,0.0,0.0,0.0,96,49,7,0,2,1,1,0,1,0,0.0,0,7,3,92,43,0
7,0,0.0,0.0,0.0,56,15,6,0,5,1,8,0,10,0,0.0,0,6,2,137,62,0
73,0,0.0,0.0,0.0,96,39,6,0,2,5,13,8,0,0,0.0,0,9,5,232,119,0
110,0,0.0,0.0,0.0,61,46,5,0,25,1,5,32,8,0,0.0,0,5,3,216,130,0
247,0,0.0,0.0,0.0,46,46,0,0,57,2,8,73,8,0,0.0,0,1,1,376,376,0
73,0,0.0,0.0,0.0,60,56,2,0,7,1,9,25,1,0,0.0,0,2,2,138,126,0
83,0,0.0,0.0,0.0,96,39,9,0,3,4,12,5,0,0,0.0,0,12,5,321,114,0
115,8,2.0,5.0,6.0,56,7,13,1,36,1,24,31,30,6,0.0,0,14,5,674,281,0
27,0,0.0,0.0,0.0,103,63,3,0,10,2,7,6,0,0,0.0,0,3,2,99,86,0
49,0,0.0,0.0,0.0,76,14,5,0,7,1,14,23,4,0,0.0,0,5,3,199,143,0
97,0,0.0,0.0,0.0,103,13,20,0,4,4,17,9,0,0,0.0,0,27,6,366,165,0
9,0,0.0,0.0,0.0,63,55,5,0,7,1,10,0,21,0,0.0,0,6,3,138,57,0
136,0,0.0,0.0,0.0,53,53,0,0,36,2,7,22,0,0,0.0,0,1,1,197,197,0
59,0,0.0,0.0,0.0,63,59,3,0,16,2,5,0,104,0,0.0,0,3,2,135,116,0
57,0,0.0,0.0,0.0,103,63,3,0,18,1,10,17,0,0,0.0,0,6,3,306,123,0
162,0,0.0,0.0,0.0,103,20,21,0,37,3,41,41,0,0,0.0,0,24,5,709,244,0
107,0,0.0,0.0,0.0,103,62,7,0,22,1,9,34,31,0,0.0,0,8,4,352,200,0
23,0,0.0,0.0,0.0,103,63,3,0,6,2,6,2,2,0,0.0,0,4,3,79,59,0
269,0,0.0,0.0,0.0,103,20,14,0,63,3,41,57,43,0,0.0,0,17,4,813,461,0
3,0,0.0,0.0,0.0,103,63,3,0,0,3,3,0,0,0,0.0,0,3,2,33,28,0
46,0,0.0,0.0,0.0,103,35,13,0,24,2,9,24,0,0,0.0,0,14,5,431,135,0
272,0,0.0,0.0,0.0,103,21,11,0,94,2,31,49,1311,0,0.0,0,18,6,831,544,0
44,0,0.0,0.0,0.0,67,60,4,0,1,4,12,4,0,0,0.0,0,5,4,119,108,0
4,0,0.0,0.0,0.0,63,47,2,0,1,1,2,2,0,0,0.0,0,3,2,36,27,0
12,0,0.0,0.0,0.0,63,56,5,0,10,1,14,0,45,0,0.0,0,5,3,165,72,0
11,0,0.0,0.0,0.0,103,46,2,0,3,4,5,0,1,0,0.0,0,4,3,69,50,0
89,0,0.0,0.0,0.0,63,62,5,0,27,2,8,3,260,0,0.0,0,5,2,171,154,0
13,0,0.0,0.0,0.0,62,62,1,0,4,1,3,2,0,0,0.0,0,1,1,36,36,0
175,0,0.0,0.0,0.0,103,44,14,0,3,3,24,17,0,0,0.0,0,20,6,706,282,0
11,0,0.0,0.0,0.0,45,45,0,0,2,1,0,3,0,0,0.0,0,1,1,37,37,0
45,0,0.0,0.0,0.0,63,20,4,0,11,2,8,19,0,0,0.0,0,5,2,114,93,0
382,0,0.0,0.0,0.0,73,20,13,0,80,2,33,106,190,0,0.0,0,16,5,918,666,0
134,0,0.0,0.0,0.0,73,39,3,0,41,1,12,21,227,0,0.0,0,4,2,239,216,0
46,0,0.0,0.0,0.0,103,22,7,0,11,2,9,16,28,0,0.0,0,7,3,179,73,0
60,0,0.0,0.0,0.0,103,61,4,0,19,1,2,6,57,0,0.0,0,4,3,154,110,0
28,0,0.0,0.0,0.0,73,58,6,0,5,1,7,15,3,0,0.0,0,6,5,133,65,0
49,0,0.0,0.0,0.0,63,24,6,0,14,1,13,24,0,0,0.0,0,6,3,294,186,0
175,0,0.0,0.0,0.0,59,54,4,0,43,1,11,63,0,0,0.0,0,4,1,388,196,0
401,0,0.0,0.0,0.0,103,12,14,0,3,7,38,19,0,0,0.0,0,20,6,1142,711,0
80,0,0.0,0.0,0.0,103,12,17,0,5,4,18,16,3,0,0.0,0,22,6,442,154,0
79,0,0.0,0.0,0.0,103,61,2,0,27,2,10,17,47,0,0.0,0,3,2,151,145,0
78,0,0.0,0.0,0.0,63,55,5,0,25,2,14,19,45,0,0.0,0,6,3,247,122,0
21,0,0.0,0.0,0.0,103,53,4,0,7,2,7,2,6,0,0.0,0,4,2,72,65,0
87,0,0.0,0.0,0.0,103,20,8,0,21,3,19,21,0,0,0.0,0,10,4,300,144,0
17,0,0.0,0.0,0.0,103,29,2,0,4,2,5,0,2,0,0.0,0,2,1,58,52,0
43,0,0.0,0.0,0.0,103,44,4,0,5,4,6,7,3,0,0.0,0,7,5,110,94,1
14,0,0.0,0.0,0.0,63,59,7,0,12,1,13,0,66,0,0.0,0,9,3,223,96,0
17,0,0.0,0.0,0.0,56,55,1,0,4,2,10,1,0,0,0.0,0,2,2,80,62,0
330,0,0.0,0.0,0.0,103,12,19,0,5,6,29,18,0,0,0.0,0,23,6,1177,506,0
107,0,0.0,0.0,0.0,63,54,4,0,32,2,10,17,222,0,0.0,0,4,4,255,163,0
90,0,0.0,0.0,0.0,73,39,2,0,27,1,7,14,137,0,0.0,0,3,2,165,156,0
267,0,0.0,0.0,0.0,103,12,10,0,3,7,24,14,0,0,0.0,0,15,6,639,483,0
27,0,0.0,0.0,0.0,103,20,3,0,7,1,1,1,15,0,0.0,0,4,1,75,59,0
38,0,0.0,0.0,0.0,63,38,4,0,10,2,5,0,35,0,0.0,0,4,3,171,125,0
23,0,0.0,0.0,0.0,63,62,2,0,8,2,4,0,3,0,0.0,0,2,1,63,58,0
34,0,0.0,0.0,0.0,103,63,2,0,12,1,10,9,0,0,0.0,0,2,2,97,92,0
3,0,0.0,0.0,0.0,103,63,3,0,0,3,3,0,0,0,0.0,0,3,2,33,31,0
10,0,0.0,0.0,0.0,63,61,3,0,2,3,2,0,0,0,0.0,0,3,2,38,25,0
17,0,0.0,0.0,0.0,63,62,3,0,4,2,3,0,2,0,0.0,0,3,1,52,46,0
128,0,0.0,0.0,0.0,63,22,7,0,35,1,12,36,153,0,0.0,0,7,4,336,115,0
33,0,0.0,0.0,0.0,103,20,2,0,13,1,1,2,2,0,0.0,0,4,3,76,72,0
62,0,0.0,0.0,0.0,56,49,1,0,12,3,6,6,0,0,0.0,0,2,2,149,116,0
181,0,0.0,0.0,0.0,103,35,10,0,4,2,20,16,1,0,0.0,0,16,5,531,263,1
84,0,0.0,0.0,0.0,103,12,11,0,9,3,15,19,15,0,0.0,0,17,5,407,221,0
153,0,0.0,0.0,0.0,103,12,11,0,1,4,17,9,0,0,0.0,0,15,4,770,211,1
70,0,0.0,0.0,0.0,73,39,3,0,21,1,16,5,147,0,0.0,0,7,2,195,120,0
277,0,0.0,0.0,0.0,64,20,10,0,72,2,33,72,13,0,0.0,0,10,4,575,411,1
27,0,0.0,0.0,0.0,63,63,1,0,7,2,7,2,15,0,0.0,0,1,1,73,73,0
130,0,0.0,0.0,0.0,103,44,15,0,3,3,21,14,0,0,0.0,0,22,6,627,234,0
210,0,0.0,0.0,0.0,103,16,12,0,54,2,28,104,13,0,0.0,0,14,5,509,232,0
188,0,0.0,0.0,0.0,68,44,3,0,16,2,17,21,0,0,0.0,0,6,3,335,291,0
93,0,0.0,0.0,0.0,103,44,5,0,1,3,17,12,0,0,0.0,0,8,5,252,194,0
33,0,0.0,0.0,0.0,64,53,3,0,6,1,4,8,3,0,0.0,0,3,2,134,84,0
6,0,0.0,0.0,0.0,63,47,3,0,1,1,2,2,0,0,0.0,0,4,2,125,41,0
71,0,0.0,0.0,0.0,103,20,8,0,18,3,15,16,0,0,0.0,0,9,4,266,143,0
11,0,0.0,0.0,0.0,76,76,1,0,0,1,0,0,0,0,0.0,0,1,1,41,41,0
15,0,0.0,0.0,0.0,61,46,1,0,3,6,7,4,3,0,0.0,0,2,2,51,49,0
105,0,0.0,0.0,0.0,103,23,12,0,1,2,20,11,0,0,0.0,0,15,5,343,133,0
42,0,0.0,0.0,0.0,63,63,2,0,14,2,2,1,35,0,0.0,0,2,1,89,86,0
10,0,0.0,0.0,0.0,103,63,2,0,3,3,2,0,1,0,0.0,0,2,2,43,40,0
10,0,0.0,0.0,0.0,103,63,2,0,3,3,2,0,1,0,0.0,0,2,2,43,40,0
114,0,0.0,0.0,0.0,103,20,9,0,25,3,23,34,15,0,0.0,0,12,5,411,223,0
23,0,0.0,0.0,0.0,103,63,3,0,6,3,6,2,2,0,0.0,0,4,3,79,59,0
64,0,0.0,0.0,0.0,63,49,5,0,18,1,6,17,0,0,0.0,0,5,2,214,193,0
147,0,0.0,0.0,0.0,103,44,13,0,3,3,24,17,0,0,0.0,0,19,6,659,262,0
8,0,0.0,0.0,0.0,103,42,2,0,2,4,0,0,1,0,0.0,0,3,3,35,31,0
27,0,0.0,0.0,0.0,63,56,11,0,25,1,14,0,300,0,0.0,0,11,5,300,126,0
3,0,0.0,0.0,0.0,103,29,4,0,0,2,3,0,0,0,0.0,0,4,2,37,32,0
50,0,0.0,0.0,0.0,57,46,1,0,1,4,8,2,0,0,0.0,0,2,2,103,101,0
31,0,0.0,0.0,0.0,103,63,4,0,8,3,4,0,20,0,0.0,0,4,3,73,51,0
83,0,0.0,0.0,0.0,103,20,9,0,21,2,21,22,0,0,0.0,0,11,4,554,221,0
13,0,0.0,0.0,0.0,47,46,0,0,1,2,5,0,0,0,0.0,0,4,2,85,52,0
60,0,0.0,0.0,0.0,103,62,4,0,8,5,7,10,8,0,0.0,0,5,2,134,111,0
201,0,0.0,0.0,0.0,103,13,13,0,60,3,19,66,298,0,0.0,0,14,5,520,186,0
45,0,0.0,0.0,0.0,103,58,5,0,16,1,2,23,15,0,0.0,0,7,3,178,135,0
15,0,0.0,0.0,0.0,54,29,4,0,2,2,5,9,0,0,0.0,0,4,2,83,53,0
166,0,0.0,0.0,0.0,53,53,1,0,37,2,22,50,45,0,0.0,0,2,1,312,304,0
60,0,0.0,0.0,0.0,103,56,16,0,16,3,15,20,91,0,0.0,0,18,5,511,157,0
108,0,0.0,0.0,0.0,103,44,10,0,5,3,22,28,1,0,0.0,0,14,5,382,219,1
18,0,0.0,0.0,0.0,63,62,3,0,5,3,5,1,4,0,0.0,0,3,1,57,49,0
128,0,0.0,0.0,0.0,63,25,4,0,36,2,5,6,402,0,0.0,0,4,2,335,252,0
27,0,0.0,0.0,0.0,56,56,1,0,5,2,11,12,4,0,0.0,0,1,1,75,75,0
8,0,0.0,0.0,0.0,46,46,0,0,1,1,0,0,0,0,0.0,0,1,1,34,34,0
41,0,0.0,0.0,0.0,103,44,3,0,1,1,0,0,0,0,0.0,0,7,2,130,96,0
27,0,0.0,0.0,0.0,103,63,3,0,7,4,9,2,6,0,0.0,0,4,3,85,69,0
10,0,0.0,0.0,0.0,63,63,2,0,2,3,3,0,0,0,0.0,0,2,1,39,35,0
86,0,0.0,0.0,0.0,103,22,8,0,21,3,19,22,0,0,0.0,0,10,4,330,144,0
20,0,0.0,0.0,0.0,103,58,3,0,7,1,3,7,3,0,0.0,0,3,2,91,54,0
66,0,0.0,0.0,0.0,103,63,5,0,18,2,11,6,100,0,0.0,0,5,3,148,122,0
10,0,0.0,0.0,0.0,103,61,3,0,3,2,2,0,1,0,0.0,0,3,3,44,40,0
21,0,0.0,0.0,0.0,83,62,5,0,5,1,2,10,3,0,0.0,0,5,4,78,54,0
63,0,0.0,0.0,0.0,103,46,10,0,4,5,18,10,1,0,0.0,0,13,5,241,119,0
58,0,0.0,0.0,0.0,103,46,7,0,4,5,16,8,1,0,0.0,0,11,5,225,114,0
3,0,0.0,0.0,0.0,103,29,4,0,0,2,2,0,0,0,0.0,0,4,2,35,31,0
38,0,0.0,0.0,0.0,103,46,6,0,2,6,13,10,0,0,0.0,0,9,4,163,112,0
35,0,0.0,0.0,0.0,63,62,2,0,14,2,5,0,12,0,0.0,0,2,1,94,86,0
88,0,0.0,0.0,0.0,103,59,7,0,1,3,14,8,0,0,0.0,0,8,5,255,195,0
239,0,0.0,0.0,0.0,103,13,23,0,57,2,36,102,91,0,0.0,0,27,7,908,411,1
11,0,0.0,0.0,0.0,103,64,2,0,2,4,0,0,0,0,0.0,0,2,2,40,33,0
81,0,0.0,0.0,0.0,103,55,12,0,23,2,17,20,136,0,0.0,0,15,6,467,178,0
9,0,0.0,0.0,0.0,63,62,3,0,2,1,1,0,0,0,0.0,0,3,1,41,37,0
42,0,0.0,0.0,0.0,68,20,4,0,2,3,4,1,1,0,0.0,0,6,4,120,72,0
114,0,0.0,0.0,0.0,103,20,13,0,32,3,25,19,0,0,0.0,0,15,4,541,264,0
25,0,0.0,0.0,0.0,103,53,7,0,6,2,9,2,11,0,0.0,0,7,3,94,75,0
50,0,0.0,0.0,0.0,53,29,2,0,8,1,5,10,0,0,0.0,0,3,1,220,110,0
37,0,0.0,0.0,0.0,103,44,6,0,7,4,9,11,15,0,0.0,0,9,5,116,79,1
90,0,0.0,0.0,0.0,103,44,8,0,1,2,14,4,0,0,0.0,0,13,5,349,176,0
146,0,0.0,0.0,0.0,103,55,10,0,32,2,12,17,171,0,0.0,0,11,4,550,300,1
160,0,0.0,0.0,0.0,103,41,6,0,40,1,2,15,0,0,0.0,0,8,4,426,282,0
91,0,0.0,0.0,0.0,103,46,9,0,16,2,33,25,15,0,0.0,0,11,4,361,175,0
257,0,0.0,0.0,0.0,75,12,6,0,8,2,23,16,0,0,0.0,0,8,3,430,271,1
66,0,0.0,0.0,0.0,63,20,3,0,19,3,4,1,135,0,0.0,0,4,3,135,124,0
14,0,0.0,0.0,0.0,63,20,8,0,1,1,0,0,0,0,0.0,0,11,3,528,244,0
510,0,0.0,0.0,0.0,103,21,11,0,143,1,44,22,0,0,0.0,0,12,3,783,401,1
66,0,0.0,0.0,0.0,68,57,4,0,3,3,5,6,1,0,0.0,0,5,4,165,80,0
53,0,0.0,0.0,0.0,60,19,3,0,15,1,4,18,0,0,0.0,0,3,2,243,161,0
53,0,0.0,0.0,0.0,103,63,4,0,4,2,15,11,0,0,0.0,0,5,3,207,107,0
18,0,0.0,0.0,0.0,63,62,3,0,5,3,5,1,4,0,0.0,0,3,1,57,49,0
79,0,0.0,0.0,0.0,103,103,1,0,20,1,3,25,5,0,0.0,0,1,1,178,178,0
174,0,0.0,0.0,0.0,71,56,4,0,36,2,18,62,15,0,0.0,0,6,4,388,341,0
143,0,0.0,0.0,0.0,103,51,9,0,32,3,13,44,105,0,0.0,0,13,7,928,532,0
76,0,0.0,0.0,0.0,29,29,1,0,18,2,16,19,1,0,0.0,0,1,1,127,127,0
41,0,0.0,0.0,0.0,54,54,1,0,9,1,6,22,0,0,0.0,0,1,1,103,103,0
55,0,0.0,0.0,0.0,63,59,8,0,14,1,16,23,0,0,0.0,0,9,3,320,163,0
3,0,0.0,0.0,0.0,73,39,1,0,1,1,1,0,0,0,0.0,0,2,1,28,26,0
32,0,0.0,0.0,0.0,103,63,2,0,10,2,6,8,28,0,0.0,0,2,2,105,104,0
11,0,0.0,0.0,0.0,62,59,3,0,1,4,5,3,0,0,0.0,0,3,2,83,44,0
3,0,0.0,0.0,0.0,103,63,3,0,0,3,2,0,0,0,0.0,0,3,2,31,29,0
3,0,0.0,0.0,0.0,103,63,3,0,0,3,3,0,0,0,0.0,0,3,2,33,28,0
27,0,0.0,0.0,0.0,63,54,2,0,5,2,4,6,6,0,0.0,0,2,2,113,101,0
32,0,0.0,0.0,0.0,103,29,5,0,9,2,6,2,32,0,0.0,0,5,2,88,72,0
39,0,0.0,0.0,0.0,64,20,6,0,6,2,7,14,1,0,0.0,0,9,3,605,222,0
94,0,0.0,0.0,0.0,103,44,2,0,6,3,7,5,2,0,0.0,0,5,4,176,165,0
77,0,0.0,0.0,0.0,63,63,2,0,22,2,4,2,170,0,0.0,0,2,1,139,134,0
44,0,0.0,0.0,0.0,63,55,6,0,14,2,8,12,78,0,0.0,0,7,3,176,111,0
79,0,0.0,0.0,0.0,63,62,4,0,27,2,8,18,44,0,0.0,0,5,4,151,124,0
72,0,0.0,0.0,0.0,103,53,10,0,22,4,12,5,168,0,0.0,0,11,5,202,152,1
89,0,0.0,0.0,0.0,22,20,3,0,6,2,9,11,0,0,0.0,0,3,2,207,110,0
40,0,0.0,0.0,0.0,22,20,3,0,12,2,4,0,27,0,0.0,0,3,2,116,87,0
243,0,0.0,0.0,0.0,91,63,2,0,67,2,15,57,0,0,0.0,0,3,2,323,318,0
60,0,0.0,0.0,0.0,51,51,1,0,19,2,7,12,6,0,0.0,0,1,1,114,114,0
29,0,0.0,0.0,0.0,103,13,4,0,7,2,17,7,0,0,0.0,0,4,2,102,83,0
45,0,0.0,0.0,0.0,63,20,4,0,13,2,13,20,6,0,0.0,0,6,3,191,100,0
77,0,0.0,0.0,0.0,73,20,11,0,18,2,13,15,91,0,0.0,0,11,4,260,199,0
396,0,0.0,0.0,0.0,64,51,10,0,97,1,29,65,0,0,0.0,0,11,4,1071,539,0
70,0,0.0,0.0,0.0,58,58,2,0,15,1,1,17,48,0,0.0,0,2,1,197,132,0
183,0,0.0,0.0,0.0,63,47,2,0,52,3,5,0,1080,0,0.0,0,4,3,417,354,0
3,0,0.0,0.0,0.0,103,29,4,0,0,2,3,0,0,0,0.0,0,4,2,37,32,0
90,0,0.0,0.0,0.0,63,43,1,0,37,3,7,2,224,0,0.0,0,2,2,166,156,0
570,0,0.0,0.0,0.0,64,18,22,0,134,1,56,150,123,0,0.0,0,27,4,1597,718,1
21,0,0.0,0.0,0.0,103,29,7,0,7,2,4,11,0,0,0.0,0,7,4,104,61,0
241,0,0.0,0.0,0.0,63,13,3,0,55,1,15,124,55,0,0.0,0,5,3,437,411,0
39,0,0.0,0.0,0.0,103,12,15,0,7,5,19,21,0,0,0.0,0,19,4,208,90,0
27,0,0.0,0.0,0.0,103,58,3,0,2,5,7,5,0,0,0.0,0,6,4,97,67,0
324,1,1.0,1.0,16.0,73,0,15,0,106,1,42,86,39,16,0.0,0,28,5,1000,338,1
17,0,0.0,0.0,0.0,63,63,1,0,4,2,3,0,2,0,0.0,0,1,1,51,51,0
31,0,0.0,0.0,0.0,103,29,7,0,7,2,6,10,0,0,0.0,0,8,5,107,71,0
138,2,0.0,1.0,3.0,103,4,18,1,8,3,32,32,4,3,0.0,0,20,5,488,271,0
37,0,0.0,0.0,0.0,63,61,5,0,14,2,5,3,8,0,0.0,0,5,1,140,112,0
214,2,0.0,1.0,16.0,64,0,17,0,67,1,25,86,156,16,0.0,0,20,4,1176,699,1
145,0,0.0,0.0,0.0,68,12,10,0,14,2,26,29,21,0,0.0,0,14,5,607,439,0
18,0,0.0,0.0,0.0,63,47,5,0,6,1,2,4,0,0,0.0,0,6,2,94,49,0
4,0,0.0,0.0,0.0,63,47,3,0,1,1,2,2,0,0,0.0,0,4,2,46,35,0
73,0,0.0,0.0,0.0,103,23,5,0,11,2,7,19,1,0,0.0,0,5,3,136,78,0
99,0,0.0,0.0,0.0,103,46,10,0,33,1,11,36,26,0,0.0,0,14,3,562,184,0
49,0,0.0,0.0,0.0,63,39,4,0,12,3,8,0,40,0,0.0,0,4,3,143,113,0
110,0,0.0,0.0,0.0,22,20,2,0,10,2,14,17,6,0,0.0,0,3,2,246,233,0
83,0,0.0,0.0,0.0,73,59,5,0,25,2,12,4,127,0,0.0,0,5,3,197,155,0
8,0,0.0,0.0,0.0,103,62,3,0,2,2,5,1,1,0,0.0,0,3,2,45,42,0
63,0,0.0,0.0,0.0,63,63,5,0,18,3,6,4,96,0,0.0,0,5,2,163,116,0
242,0,0.0,0.0,0.0,103,12,11,0,10,6,28,15,6,0,0.0,0,20,6,2081,871,0
262,0,0.0,0.0,0.0,22,20,4,0,32,2,27,59,21,0,0.0,0,5,3,502,316,0
66,0,0.0,0.0,0.0,76,63,6,0,20,1,6,7,73,0,0.0,0,6,4,483,136,0
87,0,0.0,0.0,0.0,103,63,5,0,21,2,13,25,55,0,0.0,0,6,3,260,164,0
162,0,0.0,0.0,0.0,103,13,14,0,9,3,28,14,1,0,0.0,0,20,6,496,334,0
394,0,0.0,0.0,0.0,103,44,30,0,47,2,32,51,14,0,0.0,0,37,7,1981,553,1
88,0,0.0,0.0,0.0,103,12,14,0,6,4,19,22,1,0,0.0,0,19,6,445,96,0
81,0,0.0,0.0,0.0,103,23,9,0,9,2,13,7,0,0,0.0,0,13,4,552,140,0
43,0,0.0,0.0,0.0,63,47,4,0,12,3,7,0,37,0,0.0,0,5,4,130,79,0
15,0,0.0,0.0,0.0,63,51,8,0,13,1,16,0,78,0,0.0,0,8,3,272,87,0
37,0,0.0,0.0,0.0,73,59,7,0,13,1,10,11,58,0,0.0,0,8,5,147,118,0
66,0,0.0,0.0,0.0,103,63,7,0,18,2,11,2,135,0,0.0,0,7,3,258,139,0
84,0,0.0,0.0,0.0,101,63,2,0,5,4,5,3,0,0,0.0,0,3,3,144,140,1
66,0,0.0,0.0,0.0,103,63,4,0,20,2,13,8,40,0,0.0,0,5,3,198,150,1
124,0,0.0,0.0,0.0,63,37,7,0,38,4,7,11,417,0,0.0,0,7,3,275,207,0
27,0,0.0,0.0,0.0,103,63,3,0,7,2,9,2,6,0,0.0,0,4,3,85,69,0
164,2,0.0,1.0,16.0,103,0,16,0,50,1,29,82,21,16,0.0,0,21,7,536,236,0
12,0,0.0,0.0,0.0,67,46,2,0,3,5,8,4,0,0,0.0,0,3,3,63,54,0
68,0,0.0,0.0,0.0,63,63,3,0,25,3,8,11,44,0,0.0,0,3,2,193,98,0
69,0,0.0,0.0,0.0,103,63,4,0,20,3,14,9,40,0,0.0,0,5,3,184,132,1
24,0,0.0,0.0,0.0,103,61,2,0,8,3,9,4,11,0,0.0,0,3,2,78,74,0
108,0,0.0,0.0,0.0,103,58,5,0,48,2,13,31,96,0,0.0,0,7,3,329,164,0
122,0,0.0,0.0,0.0,103,63,4,0,32,2,7,32,25,0,0.0,0,4,3,209,202,0
8,0,0.0,0.0,0.0,63,63,2,0,2,1,1,0,0,0,0.0,0,2,1,38,35,0
96,0,0.0,0.0,0.0,63,61,4,0,28,2,8,13,176,0,0.0,0,4,3,186,151,0
67,0,0.0,0.0,0.0,103,13,6,0,16,5,16,26,4,0,0.0,0,8,3,185,138,0
24,0,0.0,0.0,0.0,103,44,1,0,4,4,6,7,1,0,0.0,0,3,2,71,64,1
92,0,0.0,0.0,0.0,103,59,6,0,23,1,16,40,17,0,0.0,0,8,4,216,157,0
4,0,0.0,0.0,0.0,103,63,2,0,1,1,5,1,0,0,0.0,0,2,2,41,36,0
189,0,0.0,0.0,0.0,103,20,14,0,13,5,29,32,6,0,0.0,0,22,7,570,239,1
164,0,0.0,0.0,0.0,103,20,12,0,7,4,16,8,0,0,0.0,0,15,5,638,304,0
45,0,0.0,0.0,0.0,103,62,3,0,8,1,6,22,0,0,0.0,0,4,4,106,102,0
160,0,0.0,0.0,0.0,63,62,4,0,43,2,7,0,833,0,0.0,0,4,2,271,241,0
85,0,0.0,0.0,0.0,62,56,7,0,24,1,23,34,0,0,0.0,0,8,5,256,153,0
12,0,0.0,0.0,0.0,63,20,1,0,3,1,0,3,3,0,0.0,0,2,2,55,45,0
52,0,0.0,0.0,0.0,103,54,3,0,9,1,7,17,0,0,0.0,0,3,1,120,101,0
29,0,0.0,0.0,0.0,103,63,4,0,8,2,6,2,6,0,0.0,0,5,3,90,69,0
371,2,0.0,1.0,16.0,68,0,19,0,132,1,44,132,64,16,0.0,0,24,7,1077,556,1
66,0,0.0,0.0,0.0,63,63,4,0,18,4,5,0,135,0,0.0,0,4,1,129,114,0
16,0,0.0,0.0,0.0,63,56,5,0,14,1,18,0,91,0,0.0,0,6,4,275,99,0
418,0,0.0,0.0,0.0,71,22,9,0,112,2,23,86,116,0,0.0,0,13,3,838,565,0
66,0,0.0,0.0,0.0,63,63,4,0,18,3,6,0,135,0,0.0,0,4,1,134,119,0
12,0,0.0,0.0,0.0,103,58,3,0,1,5,4,3,0,0,0.0,0,4,2,59,45,0
7,0,0.0,0.0,0.0,63,47,5,0,4,1,2,2,1,0,0.0,0,6,2,57,42,0
4,0,0.0,0.0,0.0,63,47,5,0,1,1,2,2,0,0,0.0,0,6,2,43,26,0
103,0,0.0,0.0,0.0,56,14,4,0,9,2,22,18,0,0,0.0,0,8,3,309,173,0
85,0,0.0,0.0,0.0,62,24,9,0,26,1,14,33,0,0,0.0,0,10,5,355,197,0
32,0,0.0,0.0,0.0,103,29,6,0,9,2,8,4,28,0,0.0,0,6,3,97,58,0
21,0,0.0,0.0,0.0,103,13,10,0,19,1,9,0,171,0,0.0,0,10,4,95,52,0
20,0,0.0,0.0,0.0,64,22,6,0,3,1,11,13,0,0,0.0,0,7,4,113,84,0
10,0,0.0,0.0,0.0,63,59,2,0,2,2,7,0,0,0,0.0,0,3,2,46,40,0
115,0,0.0,0.0,0.0,103,63,6,0,58,2,7,39,66,0,0.0,0,6,5,650,216,0
116,0,0.0,0.0,0.0,64,18,7,0,29,2,32,62,15,0,0.0,0,7,5,447,292,1
41,0,0.0,0.0,0.0,75,46,1,0,6,2,14,4,11,0,0.0,0,4,2,114,75,1
245,0,0.0,0.0,0.0,103,12,13,0,27,5,34,25,3,0,0.0,0,18,6,580,220,0
63,0,0.0,0.0,0.0,63,63,1,0,17,2,4,1,91,0,0.0,0,1,1,112,112,0
11,43,43.0,43.0,16.0,0,0,0,0,5,2,5,3,3,16,0.0,0,1,1,43,43,0
72,0,0.0,0.0,0.0,103,45,10,0,16,2,38,13,73,0,0.0,0,12,5,286,96,0
175,0,0.0,0.0,0.0,103,12,17,0,13,4,29,40,3,0,0.0,0,26,6,611,209,0
109,0,0.0,0.0,0.0,103,51,4,0,19,1,24,52,0,0,0.0,0,5,1,400,258,0
116,0,0.0,0.0,0.0,103,54,9,0,31,1,12,51,4,0,0.0,0,10,4,365,182,0
3,0,0.0,0.0,0.0,103,63,3,0,0,3,3,0,0,0,0.0,0,3,2,33,31,0
64,0,0.0,0.0,0.0,73,63,3,0,23,2,9,16,33,0,0.0,0,4,2,148,135,0
13,0,0.0,0.0,0.0,76,76,1,0,0,1,0,1,0,0,0.0,0,1,1,46,46,0
161,0,0.0,0.0,0.0,103,14,15,0,38,1,25,58,81,0,0.0,0,25,6,500,224,0
228,0,0.0,0.0,0.0,68,20,4,0,36,2,26,68,14,0,0.0,0,6,3,476,370,0
66,0,0.0,0.0,0.0,103,63,4,0,20,3,14,8,40,0,0.0,0,5,3,181,129,1
90,0,0.0,0.0,0.0,103,44,7,0,4,5,13,6,0,0,0.0,0,13,5,329,119,0
91,0,0.0,0.0,0.0,103,21,6,0,31,2,15,9,230,0,0.0,0,8,3,252,207,0
17,0,0.0,0.0,0.0,63,63,2,0,4,2,4,3,0,0,0.0,0,2,2,49,46,0
27,0,0.0,0.0,0.0,103,63,3,0,7,4,9,2,6,0,0.0,0,4,3,82,69,0
16,0,0.0,0.0,0.0,103,44,1,0,2,4,5,4,0,0,0.0,0,3,2,58,51,1
143,0,0.0,0.0,0.0,76,22,7,0,34,1,16,56,0,0,0.0,0,7,3,364,239,0
188,0,0.0,0.0,0.0,103,18,21,0,42,2,35,58,0,0,0.0,0,24,6,1106,247,0
60,0,0.0,0.0,0.0,103,29,4,0,6,2,10,28,0,0,0.0,0,4,2,371,178,0
59,0,0.0,0.0,0.0,103,46,8,0,2,4,16,7,0,0,0.0,0,9,5,173,116,0
126,0,0.0,0.0,0.0,103,13,12,0,32,2,18,44,36,0,0.0,0,13,5,352,170,0
29,0,0.0,0.0,0.0,103,63,5,0,8,3,6,2,6,0,0.0,0,7,4,96,66,0
88,0,0.0,0.0,0.0,103,44,4,0,20,2,11,18,4,0,0.0,0,6,4,279,183,0
296,0,0.0,0.0,0.0,103,20,16,0,31,4,33,52,0,0,0.0,0,25,6,1321,436,1
255,0,0.0,0.0,0.0,103,56,8,0,38,2,11,8,17,0,0.0,0,8,2,612,254,0
37,0,0.0,0.0,0.0,103,20,6,0,16,2,5,7,11,0,0.0,0,9,4,346,150,0
49,0,0.0,0.0,0.0,103,22,4,0,12,1,6,16,0,0,0.0,0,4,3,125,67,0
98,0,0.0,0.0,0.0,63,62,4,0,33,2,10,5,234,0,0.0,0,4,2,205,169,0
174,0,0.0,0.0,0.0,103,18,9,0,19,2,24,37,7,0,0.0,0,16,4,591,174,0
113,0,0.0,0.0,0.0,103,63,3,0,37,3,15,16,226,0,0.0,0,6,4,309,196,0
50,0,0.0,0.0,0.0,73,63,5,0,19,3,8,11,14,0,0.0,0,6,2,131,118,0
79,0,0.0,0.0,0.0,103,13,14,0,18,2,11,19,28,0,0.0,0,17,4,540,181,0
243,0,0.0,0.0,0.0,103,20,13,0,53,3,34,64,12,0,0.0,0,20,6,909,434,0
36,0,0.0,0.0,0.0,103,29,8,0,8,2,6,12,0,0,0.0,0,9,6,195,86,0
123,233,233.0,233.0,16.0,0,0,0,0,37,1,11,44,0,16,0.0,0,1,1,233,233,0
85,0,0.0,0.0,0.0,103,20,8,0,21,3,19,22,0,0,0.0,0,11,5,379,144,0
121,0,0.0,0.0,0.0,103,12,15,0,6,5,24,15,1,0,0.0,0,20,6,548,235,0
68,0,0.0,0.0,0.0,103,29,10,0,18,2,8,23,3,0,0.0,0,10,5,264,109,0
14,0,0.0,0.0,0.0,63,47,2,0,3,1,2,2,1,0,0.0,0,3,2,60,49,0
91,0,0.0,0.0,0.0,103,29,7,0,23,2,15,30,1,0,0.0,0,9,5,638,188,0
107,0,0.0,0.0,0.0,103,20,8,0,29,2,16,16,191,0,0.0,0,10,3,325,231,0
15,0,0.0,0.0,0.0,103,62,6,0,13,1,4,0,78,0,0.0,0,6,4,63,56,0
98,0,0.0,0.0,0.0,103,54,6,0,30,2,12,14,222,0,0.0,0,6,3,307,188,0
7,0,0.0,0.0,0.0,63,44,7,0,0,1,0,0,0,0,0.0,0,11,3,90,34,0
4,0,0.0,0.0,0.0,63,47,4,0,1,1,2,2,0,0,0.0,0,5,3,46,31,0
92,0,0.0,0.0,0.0,103,12,12,0,3,6,16,7,3,0,0.0,0,16,6,369,179,0
14,0,0.0,0.0,0.0,73,73,1,0,2,1,9,4,1,0,0.0,0,1,1,61,61,0
44,0,0.0,0.0,0.0,103,103,1,0,6,2,8,22,1,0,0.0,0,1,1,100,100,0
107,0,0.0,0.0,0.0,63,20,5,0,29,4,9,10,262,0,0.0,0,6,2,217,181,0
209,0,0.0,0.0,0.0,103,20,21,0,43,3,35,71,0,0,0.0,0,22,6,1005,438,0
38,0,0.0,0.0,0.0,103,44,4,0,5,5,7,12,3,0,0.0,0,6,5,311,190,1
33,0,0.0,0.0,0.0,68,55,5,0,3,4,9,1,1,0,0.0,0,6,4,127,101,0
2,0,0.0,0.0,0.0,22,20,2,0,0,2,3,0,0,0,0.0,0,2,2,36,26,0
120,0,0.0,0.0,0.0,103,58,6,0,22,3,9,22,20,0,0.0,0,6,4,227,214,1
38,0,0.0,0.0,0.0,103,46,10,0,1,4,14,5,0,0,0.0,0,12,5,179,102,0
34,0,0.0,0.0,0.0,103,63,2,0,13,2,5,2,20,0,0.0,0,3,2,103,93,0
57,0,0.0,0.0,0.0,103,13,6,0,4,2,17,12,0,0,0.0,0,7,4,165,107,1
259,0,0.0,0.0,0.0,64,21,12,0,66,1,31,85,15,0,0.0,0,16,5,668,451,0
66,0,0.0,0.0,0.0,59,52,5,0,13,1,14,29,15,0,0.0,0,5,1,193,142,0
71,0,0.0,0.0,0.0,103,22,15,0,15,1,19,30,9,0,0.0,0,18,5,450,157,0
55,0,0.0,0.0,0.0,63,47,3,0,16,2,5,15,8,0,0.0,0,4,3,115,101,0
62,0,0.0,0.0,0.0,63,22,3,0,16,2,11,11,15,0,0.0,0,3,2,149,78,0
110,0,0.0,0.0,0.0,103,42,6,0,12,6,10,14,4,0,0.0,0,11,6,513,322,0
24,0,0.0,0.0,0.0,103,63,2,0,6,2,7,0,9,0,0.0,0,2,2,74,69,0
207,0,0.0,0.0,0.0,103,12,16,0,4,5,28,24,1,0,0.0,0,25,6,1248,493,0
51,0,0.0,0.0,0.0,63,54,2,0,14,2,6,2,69,0,0.0,0,2,2,143,97,0
52,0,0.0,0.0,0.0,63,63,3,0,17,2,6,0,21,0,0.0,0,3,2,119,84,0
64,0,0.0,0.0,0.0,70,70,0,0,11,1,8,15,0,0,0.0,0,1,1,127,127,0
66,0,0.0,0.0,0.0,103,103,1,0,14,1,4,13,0,0,0.0,0,1,1,112,112,0
87,0,0.0,0.0,0.0,103,12,18,0,11,4,21,25,0,0,0.0,0,24,6,393,121,0
50,0,0.0,0.0,0.0,76,14,2,0,12,2,8,23,0,0,0.0,0,2,1,128,109,0
50,0,0.0,0.0,0.0,103,29,5,0,13,2,3,25,0,0,0.0,0,5,3,127,92,0
181,124,14.0,38.0,6.0,103,2,27,2,43,1,33,68,18,8,0.9932,0,30,7,827,270,0
63,0,0.0,0.0,0.0,103,63,5,0,19,1,8,24,36,0,0.0,0,7,3,144,91,0
134,0,0.0,0.0,0.0,75,12,8,0,2,2,19,8,1,0,0.0,0,9,3,584,185,0
3,0,0.0,0.0,0.0,103,63,3,0,0,3,3,0,0,0,0.0,0,3,2,33,31,0
53,0,0.0,0.0,0.0,103,44,8,0,2,3,6,1,1,0,0.0,0,9,4,1337,600,0
13,0,0.0,0.0,0.0,103,63,2,0,2,3,4,2,0,0,0.0,0,2,2,47,46,0
16,0,0.0,0.0,0.0,103,46,2,0,4,5,8,6,1,0,0.0,0,5,3,77,62,0
50,0,0.0,0.0,0.0,103,20,3,0,13,1,3,1,66,0,0.0,0,5,3,126,113,0
3,0,0.0,0.0,0.0,63,61,2,0,0,2,1,0,0,0,0.0,0,3,2,33,29,0
4,0,0.0,0.0,0.0,63,47,3,0,1,1,2,2,0,0,0.0,0,4,2,38,27,0
147,0,0.0,0.0,0.0,103,20,11,0,27,2,25,37,8,0,0.0,0,18,5,450,221,1
78,0,0.0,0.0,0.0,64,63,3,0,32,1,3,0,496,0,0.0,0,4,3,593,171,0
110,0,0.0,0.0,0.0,103,13,5,0,35,1,21,27,3,0,0.0,0,9,3,380,138,0
164,0,0.0,0.0,0.0,103,20,6,0,34,3,32,56,60,0,0.0,0,7,4,411,214,0
39,0,0.0,0.0,0.0,20,20,1,0,5,1,11,14,0,0,0.0,0,1,1,108,108,0
43,0,0.0,0.0,0.0,103,29,4,0,10,2,6,19,0,0,0.0,0,4,3,120,90,0
18,0,0.0,0.0,0.0,63,62,3,0,5,3,5,1,4,0,0.0,0,3,1,57,49,0
17,0,0.0,0.0,0.0,63,63,2,0,4,2,4,0,2,0,0.0,0,2,1,52,47,0
49,0,0.0,0.0,0.0,73,39,3,0,15,1,12,5,78,0,0.0,0,7,2,183,102,0
7,0,0.0,0.0,0.0,63,61,6,0,5,1,10,0,10,0,0.0,0,7,3,208,81,0
126,0,0.0,0.0,0.0,103,44,12,0,3,3,20,14,0,0,0.0,0,19,6,598,224,0
361,0,0.0,0.0,0.0,103,16,36,0,86,2,44,123,270,0,0.0,0,43,6,2984,643,1
44,2,0.0,1.0,16.0,64,0,6,0,11,2,14,30,1,16,0.0,0,8,4,192,112,0
426,2,0.0,1.0,16.0,103,0,17,0,150,1,37,118,22,16,0.0,0,21,6,1608,755,1
10,0,0.0,0.0,0.0,63,63,1,0,2,1,1,0,0,0,0.0,0,1,1,35,35,0
92,0,0.0,0.0,0.0,76,20,4,0,11,1,17,46,0,0,0.0,0,6,2,259,209,0
213,0,0.0,0.0,0.0,68,57,5,0,86,1,10,71,55,0,0.0,0,6,4,509,346,0
135,0,0.0,0.0,0.0,103,44,9,0,1,2,13,5,0,0,0.0,0,13,5,482,185,0
35,0,0.0,0.0,0.0,60,19,2,0,9,1,0,4,4,0,0.0,0,2,1,98,69,0
87,0,0.0,0.0,0.0,22,20,3,0,18,1,5,22,1,0,0.0,0,4,2,227,140,0
257,0,0.0,0.0,0.0,68,20,9,0,25,4,22,34,2,0,0.0,0,14,4,951,365,0
80,0,0.0,0.0,0.0,56,12,4,0,11,4,17,17,1,0,0.0,0,8,3,232,156,0
242,0,0.0,0.0,0.0,103,13,5,0,85,2,36,33,905,0,0.0,0,7,3,639,416,0
49,0,0.0,0.0,0.0,63,63,4,0,16,3,3,1,54,0,0.0,0,4,1,109,94,0
83,0,0.0,0.0,0.0,63,24,9,0,26,2,12,11,325,0,0.0,0,9,4,314,185,0
23,0,0.0,0.0,0.0,103,63,3,0,6,3,6,2,2,0,0.0,0,4,3,78,59,0
145,0,0.0,0.0,0.0,103,44,10,0,11,3,18,21,0,0,0.0,0,13,5,411,309,1
4,0,0.0,0.0,0.0,63,47,3,0,1,1,2,2,0,0,0.0,0,4,2,36,28,0
91,0,0.0,0.0,0.0,103,63,3,0,42,2,10,25,300,0,0.0,0,5,1,213,168,0
49,0,0.0,0.0,0.0,39,26,2,0,12,3,8,0,40,0,0.0,0,2,1,128,126,0
60,0,0.0,0.0,0.0,63,51,9,0,16,1,16,26,0,0,0.0,0,9,5,336,159,0
40,0,0.0,0.0,0.0,103,45,5,0,9,1,14,13,0,0,0.0,0,5,2,137,89,0
69,0,0.0,0.0,0.0,63,59,8,0,16,1,11,23,1,0,0.0,0,8,3,503,131,0
52,0,0.0,0.0,0.0,63,62,3,0,16,3,6,1,75,0,0.0,0,3,2,112,103,0
46,0,0.0,0.0,0.0,103,44,4,0,6,4,8,9,4,0,0.0,0,7,5,113,87,1
15,0,0.0,0.0,0.0,63,62,5,0,13,1,11,0,78,0,0.0,0,5,2,161,83,0
17,0,0.0,0.0,0.0,103,63,2,0,4,2,6,0,2,0,0.0,0,2,2,56,55,0
48,0,0.0,0.0,0.0,63,62,6,0,16,2,11,3,46,0,0.0,0,6,3,164,102,0
60,0,0.0,0.0,0.0,63,51,7,0,18,2,12,13,91,0,0.0,0,7,3,209,118,0
49,0,0.0,0.0,0.0,103,20,4,0,19,1,17,12,3,0,0.0,0,4,3,176,110,0
25,0,0.0,0.0,0.0,63,14,8,0,7,1,2,3,2,0,0.0,0,8,3,147,99,0
224,2,0.0,1.0,16.0,103,0,18,0,57,1,25,106,70,16,0.0,0,20,4,1031,315,0
87,0,0.0,0.0,0.0,103,12,19,0,15,4,24,14,9,0,0.0,0,25,6,375,216,0
31,0,0.0,0.0,0.0,103,63,2,0,5,1,1,10,8,0,0.0,0,2,2,76,75,0
38,0,0.0,0.0,0.0,103,29,5,0,20,2,12,15,0,0,0.0,0,6,4,179,115,0
26,0,0.0,0.0,0.0,103,63,4,0,7,3,6,3,6,0,0.0,0,6,4,90,66,1
11,0,0.0,0.0,0.0,63,62,4,0,3,1,2,2,1,0,0.0,0,4,2,51,40,0
109,0,0.0,0.0,0.0,63,25,7,0,30,3,8,17,98,0,0.0,0,7,3,247,171,0
47,0,0.0,0.0,0.0,63,24,6,0,14,2,11,14,91,0,0.0,0,6,2,136,103,0
176,0,0.0,0.0,0.0,103,13,12,0,50,2,23,7,894,0,0.0,0,13,3,616,356,0
32,0,0.0,0.0,0.0,63,62,3,0,10,2,5,5,0,0,0.0,0,3,2,88,76,0
54,0,0.0,0.0,0.0,103,43,11,0,20,1,15,21,0,0,0.0,0,12,5,203,123,0
147,0,0.0,0.0,0.0,63,47,2,0,46,2,11,10,102,0,0.0,0,3,2,252,242,0
76,0,0.0,0.0,0.0,75,20,10,0,9,2,20,12,0,0,0.0,0,17,6,309,104,1
130,0,0.0,0.0,0.0,103,51,19,0,28,2,15,39,91,0,0.0,0,19,4,435,180,0
3,0,0.0,0.0,0.0,63,63,1,0,1,1,1,0,0,0,0.0,0,1,1,32,32,0
90,0,0.0,0.0,0.0,68,43,1,0,20,1,5,9,100,0,0.0,0,3,3,180,154,0
32,0,0.0,0.0,0.0,63,13,4,0,8,2,11,0,22,0,0.0,0,4,2,93,53,0
102,0,0.0,0.0,0.0,63,55,8,0,36,2,23,20,120,0,0.0,0,9,4,379,200,0
16,0,0.0,0.0,0.0,63,43,1,0,4,2,3,0,0,0,0.0,0,2,2,54,49,0
25,0,0.0,0.0,0.0,51,51,1,0,4,2,5,1,0,0,0.0,0,1,1,72,72,0
19,0,0.0,0.0,0.0,103,62,3,0,2,6,10,8,0,0,0.0,0,6,4,71,59,0
81,0,0.0,0.0,0.0,63,51,3,0,21,1,12,20,43,0,0.0,0,3,2,223,180,0
36,0,0.0,0.0,0.0,63,63,2,0,10,1,3,1,0,0,0.0,0,2,1,68,65,0
92,0,0.0,0.0,0.0,63,35,3,0,26,3,5,0,209,0,0.0,0,4,3,222,176,0
148,0,0.0,0.0,0.0,68,12,11,0,16,3,17,17,4,0,0.0,0,13,4,397,203,0
42,0,0.0,0.0,0.0,68,57,3,0,11,2,7,13,0,0,0.0,0,3,2,116,93,0
204,0,0.0,0.0,0.0,103,20,13,0,15,4,24,16,1,0,0.0,0,20,6,635,348,1
204,0,0.0,0.0,0.0,39,20,3,0,42,2,17,53,13,0,0.0,0,4,2,366,287,0
400,0,0.0,0.0,0.0,103,12,19,0,10,7,34,24,1,0,0.0,0,26,7,1452,576,0
223,0,0.0,0.0,0.0,103,20,7,0,49,2,20,65,17,0,0.0,0,8,3,480,310,0
26,0,0.0,0.0,0.0,103,55,5,0,6,3,9,5,9,0,0.0,0,5,3,85,67,0
14,0,0.0,0.0,0.0,103,56,7,0,2,1,1,0,1,0,0.0,0,7,3,92,43,0
7,0,0.0,0.0,0.0,63,22,6,0,5,1,8,0,10,0,0.0,0,6,2,137,62,0
73,0,0.0,0.0,0.0,103,46,6,0,2,5,13,8,0,0,0.0,0,9,5,232,119,0
110,0,0.0,0.0,0.0,68,53,5,0,25,1,5,32,8,0,0.0,0,5,3,216,130,0
247,0,0.0,0.0,0.0,53,53,0,0,57,2,8,73,8,0,0.0,0,1,1,376,376,0
73,0,0.0,0.0,0.0,67,63,2,0,7,1,9,25,1,0,0.0,0,2,2,138,126,0
83,0,0.0,0.0,0.0,103,46,9,0,3,4,12,5,0,0,0.0,0,12,5,321,114,0
115,0,0.0,0.0,0.0,63,14,13,0,36,1,24,31,30,0,0.0,0,14,5,674,281,0
27,0,0.0,0.0,0.0,115,75,3,0,10,2,7,6,0,0,0.0,0,3,2,99,86,0
49,0,0.0,0.0,0.0,88,26,5,0,7,1,14,23,4,0,0.0,0,5,3,199,143,0
97,0,0.0,0.0,0.0,115,25,20,0,4,4,17,9,0,0,0.0,0,27,6,366,165,0
9,0,0.0,0.0,0.0,75,66,5,0,7,1,10,0,21,0,0.0,0,6,3,138,57,0
136,0,0.0,0.0,0.0,65,65,0,0,36,2,7,22,0,0,0.0,0,1,1,197,197,0
59,0,0.0,0.0,0.0,75,71,3,0,16,2,5,0,104,0,0.0,0,3,2,135,116,0
57,0,0.0,0.0,0.0,115,75,3,0,18,1,10,17,0,0,0.0,0,6,3,306,123,0
162,2,0.0,1.0,36.0,115,1,21,0,37,3,41,41,0,36,0.0,0,25,5,711,244,0
107,0,0.0,0.0,0.0,115,73,7,0,22,1,9,34,31,0,0.0,0,8,4,352,200,0
23,0,0.0,0.0,0.0,115,75,3,0,6,2,6,2,2,0,0.0,0,4,3,79,59,0
269,0,0.0,0.0,0.0,115,31,14,0,63,3,41,57,43,0,0.0,0,17,4,813,461,0
3,0,0.0,0.0,0.0,115,75,3,0,0,3,3,0,0,0,0.0,0,3,2,33,28,0
46,0,0.0,0.0,0.0,115,46,13,0,24,2,9,24,0,0,0.0,0,14,5,431,135,0
276,9,2.5,3.5,1.5,115,0,12,1,95,2,31,49,1350,2,0.7642,0,20,7,840,544,0
44,0,0.0,0.0,0.0,79,72,4,0,1,4,12,4,0,0,0.0,0,5,4,119,108,0
4,0,0.0,0.0,0.0,75,58,2,0,1,1,2,2,0,0,0.0,0,3,2,36,27,0
12,0,0.0,0.0,0.0,75,68,5,0,10,1,14,0,45,0,0.0,0,5,3,165,72,0
11,0,0.0,0.0,0.0,115,58,2,0,3,4,5,0,1,0,0.0,0,4,3,69,50,0
89,0,0.0,0.0,0.0,75,74,5,0,27,2,8,3,260,0,0.0,0,5,2,171,154,0
13,0,0.0,0.0,0.0,74,74,1,0,4,1,3,2,0,0,0.0,0,1,1,36,36,0
177,142,2.0,72.0,5.0,115,2,15,1,4,3,25,18,1,5,0.0,0,21,6,848,282,0
15,27,7.0,17.0,2.0,57,6,0,0,4,1,1,1,0,2,0.0,0,2,2,64,37,0
45,0,0.0,0.0,0.0,75,32,4,0,11,2,8,19,0,0,0.0,0,5,2,114,93,0
382,2,0.0,1.0,36.0,85,1,13,0,80,2,33,106,190,36,0.0,0,17,5,920,666,1
134,0,0.0,0.0,0.0,85,51,3,0,41,1,12,21,227,0,0.0,0,4,2,239,216,0
46,0,0.0,0.0,0.0,115,34,7,0,11,2,9,16,28,0,0.0,0,7,3,179,73,0
60,4,0.0,2.0,36.0,115,1,4,0,19,1,2,6,57,36,0.0,0,5,3,158,110,0
28,0,0.0,0.0,0.0,85,70,6,0,5,1,7,15,3,0,0.0,0,6,5,133,65,0
49,0,0.0,0.0,0.0,74,35,6,0,14,1,13,24,0,0,0.0,0,6,3,294,186,0
175,2,0.0,1.0,36.0,71,1,4,0,43,1,11,63,0,36,0.0,0,5,1,390,196,0
401,0,0.0,0.0,0.0,115,24,14,0,3,7,38,19,0,0,0.0,0,20,6,1142,711,0
80,0,0.0,0.0,0.0,115,24,17,0,5,4,18,16,3,0,0.0,0,22,6,442,154,0
79,0,0.0,0.0,0.0,115,73,2,0,27,2,10,17,47,0,0.0,0,3,2,151,145,0
78,0,0.0,0.0,0.0,75,66,5,0,25,2,14,19,45,0,0.0,0,6,3,247,122,0
21,0,0.0,0.0,0.0,115,65,4,0,7,2,7,2,6,0,0.0,0,4,2,72,65,0
87,2,0.0,1.0,36.0,115,1,8,0,21,3,19,21,0,36,0.0,0,11,4,302,144,0
17,0,0.0,0.0,0.0,115,40,2,0,4,2,5,0,2,0,0.0,0,2,1,58,52,0
43,0,0.0,0.0,0.0,115,56,4,0,5,4,6,7,3,0,0.0,0,7,5,110,94,1
14,0,0.0,0.0,0.0,75,71,7,0,12,1,13,0,66,0,0.0,0,9,3,223,96,0
17,0,0.0,0.0,0.0,68,67,1,0,4,2,10,1,0,0,0.0,0,2,2,80,62,0
348,22,22.0,22.0,17.0,115,0,20,1,5,6,29,18,0,17,0.0,0,24,6,1199,506,0
107,0,0.0,0.0,0.0,75,66,4,0,32,2,10,17,222,0,0.0,0,4,4,255,163,0
90,0,0.0,0.0,0.0,85,51,2,0,27,1,7,14,137,0,0.0,0,3,2,165,156,0
267,0,0.0,0.0,0.0,115,24,10,0,3,7,24,14,0,0,0.0,0,15,6,639,483,0
27,0,0.0,0.0,0.0,115,32,3,0,7,1,1,1,15,0,0.0,0,4,1,75,59,0
38,0,0.0,0.0,0.0,75,49,4,0,10,2,5,0,35,0,0.0,0,4,3,171,125,0
23,0,0.0,0.0,0.0,75,74,2,0,8,2,4,0,3,0,0.0,0,2,1,63,58,0
34,0,0.0,0.0,0.0,115,75,2,0,12,1,10,9,0,0,0.0,0,2,2,97,92,0
3,0,0.0,0.0,0.0,115,75,3,0,0,3,3,0,0,0,0.0,0,3,2,33,31,0
10,0,0.0,0.0,0.0,75,72,3,0,2,3,2,0,0,0,0.0,0,3,2,38,25,0
17,0,0.0,0.0,0.0,75,74,3,0,4,2,3,0,2,0,0.0,0,3,1,52,46,0
128,0,0.0,0.0,0.0,75,34,7,0,35,1,12,36,153,0,0.0,0,7,4,336,115,0
33,0,0.0,0.0,0.0,115,32,2,0,13,1,1,2,2,0,0.0,0,4,3,76,72,0
62,0,0.0,0.0,0.0,68,60,1,0,12,3,6,6,0,0,0.0,0,2,2,149,116,0
181,0,0.0,0.0,0.0,115,46,10,0,4,2,20,16,1,0,0.0,0,16,5,531,263,0
84,0,0.0,0.0,0.0,115,24,11,0,9,3,15,19,15,0,0.0,0,17,5,407,221,0
153,0,0.0,0.0,0.0,115,24,11,0,1,4,17,9,0,0,0.0,0,15,4,770,211,0
79,18,16.0,17.0,3.0,85,7,4,1,24,1,17,5,204,3,0.0,0,8,3,213,120,0
277,2,0.0,1.0,36.0,76,1,10,0,72,2,33,72,13,36,0.0,0,11,4,577,411,0
24,14,-2.0,2.5,9.0,75,0,3,2,6,2,8,2,11,10,0.9852,0,3,2,87,73,0
132,126,2.0,64.0,5.0,115,2,16,1,4,3,22,15,1,5,0.0,0,23,6,753,234,0
210,0,0.0,0.0,0.0,115,28,12,0,54,2,28,104,13,0,0.0,0,14,5,509,232,1
188,0,0.0,0.0,0.0,80,56,3,0,16,2,17,21,0,0,0.0,0,6,3,335,291,0
93,0,0.0,0.0,0.0,115,56,5,0,1,3,17,12,0,0,0.0,0,8,5,252,194,0
33,0,0.0,0.0,0.0,76,65,3,0,6,1,4,8,3,0,0.0,0,3,2,134,84,0
6,0,0.0,0.0,0.0,75,58,3,0,1,1,2,2,0,0,0.0,0,4,2,125,41,0
71,0,0.0,0.0,0.0,115,31,8,0,18,3,15,16,0,0,0.0,0,9,4,266,143,0
11,0,0.0,0.0,0.0,88,88,1,0,0,1,0,0,0,0,0.0,0,1,1,41,41,0
15,0,0.0,0.0,0.0,72,58,1,0,3,6,7,4,3,0,0.0,0,2,2,51,49,0
105,0,0.0,0.0,0.0,115,35,12,0,1,2,20,11,0,0,0.0,0,15,5,343,133,0
42,0,0.0,0.0,0.0,75,74,2,0,14,2,2,1,35,0,0.0,0,2,1,89,86,0
10,0,0.0,0.0,0.0,115,75,2,0,3,3,2,0,1,0,0.0,0,2,2,43,40,0
10,0,0.0,0.0,0.0,115,75,2,0,3,3,2,0,1,0,0.0,0,2,2,43,40,0
114,0,0.0,0.0,0.0,115,31,9,0,25,3,23,34,15,0,0.0,0,12,5,411,223,0
23,0,0.0,0.0,0.0,115,75,3,0,6,3,6,2,2,0,0.0,0,4,3,79,59,0
64,0,0.0,0.0,0.0,75,61,5,0,18,1,6,17,0,0,0.0,0,5,2,214,193,0
149,141,1.0,71.0,5.0,115,2,14,1,4,3,25,18,1,5,0.0,0,20,6,800,262,0
8,0,0.0,0.0,0.0,115,53,2,0,2,4,0,0,1,0,0.0,0,3,3,35,31,0
27,0,0.0,0.0,0.0,75,68,11,0,25,1,14,0,300,0,0.0,0,11,5,300,126,0
3,0,0.0,0.0,0.0,115,40,4,0,0,2,3,0,0,0,0.0,0,4,2,37,32,0
50,0,0.0,0.0,0.0,69,58,1,0,1,4,8,2,0,0,0.0,0,2,2,103,101,0
31,0,0.0,0.0,0.0,115,75,4,0,8,3,4,0,20,0,0.0,0,4,3,73,51,0
83,0,0.0,0.0,0.0,115,31,9,0,21,2,21,22,0,0,0.0,0,11,4,554,221,0
15,6,4.0,5.0,5.0,58,2,1,1,1,2,6,0,0,5,0.0,0,5,3,91,52,0
60,0,0.0,0.0,0.0,115,74,4,0,8,5,7,10,8,0,0.0,0,5,2,134,111,0
201,0,0.0,0.0,0.0,115,25,13,0,60,3,19,66,298,0,0.0,0,14,5,520,186,0
45,4,0.0,2.0,36.0,115,1,5,0,16,1,2,23,15,36,0.0,0,8,3,182,135,0
15,0,0.0,0.0,0.0,66,40,4,0,2,2,5,9,0,0,0.0,0,4,2,83,53,0
166,2,0.0,1.0,36.0,65,1,1,0,37,2,22,50,45,36,0.0,0,3,1,314,304,0
60,0,0.0,0.0,0.0,115,68,16,0,16,3,15,20,91,0,0.0,0,18,5,511,157,0
96,24,-18.0,3.0,17.0,115,0,11,1,5,3,21,27,1,17,0.0,0,15,5,406,219,0
18,0,0.0,0.0,0.0,75,74,3,0,5,3,5,1,4,0,0.0,0,3,1,57,49,0
128,0,0.0,0.0,0.0,75,37,4,0,36,2,5,6,402,0,0.0,0,4,2,335,252,0
27,0,0.0,0.0,0.0,68,68,1,0,5,2,11,12,4,0,0.0,0,1,1,75,75,0
8,0,0.0,0.0,0.0,58,58,0,0,1,1,0,0,0,0,0.0,0,1,1,34,34,0
41,0,0.0,0.0,0.0,115,56,3,0,1,1,0,0,0,0,0.0,0,7,2,130,96,0
27,0,0.0,0.0,0.0,115,75,3,0,7,4,9,2,6,0,0.0,0,4,3,85,69,0
10,0,0.0,0.0,0.0,75,75,2,0,2,3,3,0,0,0,0.0,0,2,1,39,35,0
86,2,0.0,1.0,36.0,115,1,8,0,21,3,19,22,0,36,0.0,0,11,4,332,144,0
20,0,0.0,0.0,0.0,115,70,3,0,7,1,3,7,3,0,0.0,0,3,2,91,54,0
66,0,0.0,0.0,0.0,115,75,5,0,18,2,11,6,100,0,0.0,0,5,3,148,122,0
10,0,0.0,0.0,0.0,115,73,3,0,3,2,2,0,1,0,0.0,0,3,3,44,40,0
21,0,0.0,0.0,0.0,95,73,5,0,5,1,2,10,3,0,0.0,0,5,4,78,54,0
63,0,0.0,0.0,0.0,115,58,10,0,4,5,18,10,1,0,0.0,0,13,5,241,119,0
58,0,0.0,0.0,0.0,115,58,7,0,4,5,16,8,1,0,0.0,0,11,5,225,114,0
3,0,0.0,0.0,0.0,115,40,4,0,0,2,2,0,0,0,0.0,0,4,2,35,31,0
38,0,0.0,0.0,0.0,115,58,6,0,2,6,13,10,0,0,0.0,0,9,4,163,112,0
35,0,0.0,0.0,0.0,75,74,2,0,14,2,5,0,12,0,0.0,0,2,1,94,86,0
88,0,0.0,0.0,0.0,115,71,7,0,1,3,14,8,0,0,0.0,0,8,5,255,195,0
239,6,0.0,1.5,19.5,115,1,24,1,57,2,36,102,91,36,0.9183,0,29,8,914,411,1
11,0,0.0,0.0,0.0,115,75,2,0,2,4,0,0,0,0,0.0,0,2,2,40,33,0
81,0,0.0,0.0,0.0,115,66,12,0,23,2,17,20,136,0,0.0,0,15,6,467,178,0
9,0,0.0,0.0,0.0,75,74,3,0,2,1,1,0,0,0,0.0,0,3,1,41,37,0
42,0,0.0,0.0,0.0,80,32,4,0,2,3,4,1,1,0,0.0,0,6,4,120,72,0
114,0,0.0,0.0,0.0,115,31,13,0,32,3,25,19,0,0,0.0,0,15,4,541,264,0
25,0,0.0,0.0,0.0,115,65,7,0,6,2,9,2,11,0,0.0,0,7,3,94,75,0
50,0,0.0,0.0,0.0,65,41,2,0,8,1,5,10,0,0,0.0,0,3,1,220,110,0
37,0,0.0,0.0,0.0,115,56,6,0,7,4,9,11,15,0,0.0,0,9,5,116,79,1
90,0,0.0,0.0,0.0,115,56,8,0,1,2,14,4,0,0,0.0,0,13,5,349,176,0
146,0,0.0,0.0,0.0,115,66,10,0,32,2,12,17,171,0,0.0,0,11,4,550,300,0
160,0,0.0,0.0,0.0,115,53,6,0,40,1,2,15,0,0,0.0,0,8,4,426,282,0
91,0,0.0,0.0,0.0,115,58,9,0,16,2,33,25,15,0,0.0,0,11,4,361,175,0
275,50,20.0,35.0,5.0,87,4,7,1,8,2,25,17,0,5,0.0,0,9,3,480,271,0
66,0,0.0,0.0,0.0,75,32,3,0,19,3,4,1,135,0,0.0,0,4,3,135,124,0
14,0,0.0,0.0,0.0,75,32,8,0,1,1,0,0,0,0,0.0,0,11,3,528,244,0
510,0,0.0,0.0,0.0,115,33,11,0,143,1,44,22,0,0,0.0,0,12,3,783,401,0
66,0,0.0,0.0,0.0,80,69,4,0,3,3,5,6,1,0,0.0,0,5,4,165,80,0
53,0,0.0,0.0,0.0,72,31,3,0,15,1,4,18,0,0,0.0,0,3,2,243,161,0
53,0,0.0,0.0,0.0,115,75,4,0,4,2,15,11,0,0,0.0,0,5,3,207,107,0
18,0,0.0,0.0,0.0,75,74,3,0,5,3,5,1,4,0,0.0,0,3,1,57,49,0
79,0,0.0,0.0,0.0,115,115,1,0,20,1,3,25,5,0,0.0,0,1,1,178,178,0
174,0,0.0,0.0,0.0,83,68,4,0,36,2,18,62,15,0,0.0,0,6,4,388,341,0
143,0,0.0,0.0,0.0,115,63,9,0,32,3,13,44,105,0,0.0,0,13,7,928,532,0
76,0,0.0,0.0,0.0,40,40,1,0,18,2,16,19,1,0,0.0,0,1,1,127,127,0
41,0,0.0,0.0,0.0,66,66,1,0,9,1,6,22,0,0,0.0,0,1,1,103,103,0
55,0,0.0,0.0,0.0,75,71,8,0,14,1,16,23,0,0,0.0,0,9,3,320,163,0
3,0,0.0,0.0,0.0,85,51,1,0,1,1,1,0,0,0,0.0,0,2,1,28,26,0
32,0,0.0,0.0,0.0,115,75,2,0,10,2,6,8,28,0,0.0,0,2,2,105,104,0
11,0,0.0,0.0,0.0,74,71,3,0,1,4,5,3,0,0,0.0,0,3,2,83,44,0
3,0,0.0,0.0,0.0,115,75,3,0,0,3,2,0,0,0,0.0,0,3,2,31,29,0
3,0,0.0,0.0,0.0,115,75,3,0,0,3,3,0,0,0,0.0,0,3,2,33,28,0
27,0,0.0,0.0,0.0,75,66,2,0,5,2,4,6,6,0,0.0,0,2,2,113,101,0
32,0,0.0,0.0,0.0,115,40,5,0,9,2,6,2,32,0,0.0,0,5,2,88,72,0
39,0,0.0,0.0,0.0,76,32,6,0,6,2,7,14,1,0,0.0,0,9,3,605,222,0
94,0,0.0,0.0,0.0,115,56,2,0,6,3,7,5,2,0,0.0,0,5,4,176,165,0
77,0,0.0,0.0,0.0,75,74,2,0,22,2,4,2,170,0,0.0,0,2,1,139,134,0
44,0,0.0,0.0,0.0,75,66,6,0,14,2,8,12,78,0,0.0,0,7,3,176,111,0
79,0,0.0,0.0,0.0,75,74,4,0,27,2,8,18,44,0,0.0,0,5,4,151,124,0
72,5,1.0,3.0,5.0,115,4,11,1,22,4,13,6,168,5,0.0,0,12,5,207,152,0
89,0,0.0,0.0,0.0,34,31,3,0,6,2,9,11,0,0,0.0,0,3,2,207,110,0
40,0,0.0,0.0,0.0,34,31,3,0,12,2,4,0,27,0,0.0,0,3,2,116,87,0
243,0,0.0,0.0,0.0,102,75,2,0,67,2,15,57,0,0,0.0,0,3,2,323,318,0
60,0,0.0,0.0,0.0,63,63,1,0,19,2,7,12,6,0,0.0,0,1,1,114,114,0
29,0,0.0,0.0,0.0,115,25,4,0,7,2,17,7,0,0,0.0,0,4,2,102,83,0
45,0,0.0,0.0,0.0,75,32,4,0,13,2,13,20,6,0,0.0,0,6,3,191,100,0
77,0,0.0,0.0,0.0,85,32,11,0,18,2,13,15,91,0,0.0,0,11,4,260,199,0
396,0,0.0,0.0,0.0,76,62,10,0,97,1,29,65,0,0,0.0,0,11,4,1071,539,0
70,2,0.0,1.0,36.0,70,1,2,0,15,1,1,17,48,36,0.0,0,3,1,199,132,0
183,0,0.0,0.0,0.0,75,58,2,0,52,3,5,0,1080,0,0.0,0,4,3,417,354,0
3,0,0.0,0.0,0.0,115,40,4,0,0,2,3,0,0,0,0.0,0,4,2,37,32,0
90,0,0.0,0.0,0.0,75,55,1,0,37,3,7,2,224,0,0.0,0,2,2,166,156,0
571,94,2.0,16.67,1.67,76,1,25,3,134,1,56,150,123,2,0.8509,0,30,4,1691,718,1
21,0,0.0,0.0,0.0,115,40,7,0,7,2,4,11,0,0,0.0,0,7,4,104,61,0
241,0,0.0,0.0,0.0,75,25,3,0,55,1,15,124,55,0,0.0,0,5,3,437,411,0
39,0,0.0,0.0,0.0,115,24,15,0,7,5,19,21,0,0,0.0,0,19,4,208,90,0
27,0,0.0,0.0,0.0,115,70,3,0,2,5,7,5,0,0,0.0,0,6,4,97,67,0
324,2,0.0,1.0,36.0,85,1,15,0,106,1,42,86,39,36,0.0,0,29,5,1002,338,0
17,0,0.0,0.0,0.0,75,75,1,0,4,2,3,0,2,0,0.0,0,1,1,51,51,0
31,0,0.0,0.0,0.0,115,40,7,0,7,2,6,10,0,0,0.0,0,8,5,107,71,0
138,0,0.0,0.0,0.0,115,16,18,0,8,3,32,32,4,0,0.0,0,20,5,488,271,0
37,0,0.0,0.0,0.0,75,73,5,0,14,2,5,3,8,0,0.0,0,5,1,140,112,0
214,0,0.0,0.0,0.0,76,12,17,0,67,1,25,86,156,0,0.0,0,20,4,1176,699,0
145,0,0.0,0.0,0.0,80,24,10,0,14,2,26,29,21,0,0.0,0,14,5,607,439,0
18,0,0.0,0.0,0.0,75,58,5,0,6,1,2,4,0,0,0.0,0,6,2,94,49,0
4,0,0.0,0.0,0.0,75,58,3,0,1,1,2,2,0,0,0.0,0,4,2,46,35,0
73,0,0.0,0.0,0.0,115,35,5,0,11,2,7,19,1,0,0.0,0,5,3,136,78,0
99,0,0.0,0.0,0.0,115,58,10,0,33,1,11,36,26,0,0.0,0,14,3,562,184,0
49,0,0.0,0.0,0.0,75,51,4,0,12,3,8,0,40,0,0.0,0,4,3,143,113,0
110,0,0.0,0.0,0.0,34,32,2,0,10,2,14,17,6,0,0.0,0,3,2,246,233,0
83,0,0.0,0.0,0.0,85,71,5,0,25,2,12,4,127,0,0.0,0,5,3,197,155,0
8,0,0.0,0.0,0.0,115,74,3,0,2,2,5,1,1,0,0.0,0,3,2,45,42,0
63,0,0.0,0.0,0.0,75,75,5,0,18,3,6,4,96,0,0.0,0,5,2,163,116,0
242,0,0.0,0.0,0.0,115,24,11,0,10,6,28,15,6,0,0.0,0,20,6,2081,871,0
262,0,0.0,0.0,0.0,34,32,4,0,32,2,27,59,21,0,0.0,0,5,3,502,316,0
66,6,0.0,3.0,36.0,88,1,6,0,20,1,6,7,73,36,0.0,0,7,4,489,136,0
87,0,0.0,0.0,0.0,115,75,5,0,21,2,13,25,55,0,0.0,0,6,3,260,164,0
162,0,0.0,0.0,0.0,115,25,14,0,9,3,28,14,1,0,0.0,0,20,6,496,334,0
394,0,0.0,0.0,0.0,115,56,30,0,47,2,32,51,14,0,0.0,0,37,7,1981,553,0
88,0,0.0,0.0,0.0,115,24,14,0,6,4,19,22,1,0,0.0,0,19,6,445,96,0
81,0,0.0,0.0,0.0,115,35,9,0,9,2,13,7,0,0,0.0,0,13,4,552,140,0
43,0,0.0,0.0,0.0,75,58,4,0,12,3,7,0,37,0,0.0,0,5,4,130,79,0
15,0,0.0,0.0,0.0,75,62,8,0,13,1,16,0,78,0,0.0,0,8,3,272,87,0
37,0,0.0,0.0,0.0,85,71,7,0,13,1,10,11,58,0,0.0,0,8,5,147,118,0
66,0,0.0,0.0,0.0,115,75,7,0,18,2,11,2,135,0,0.0,0,7,3,258,139,0
84,0,0.0,0.0,0.0,113,75,2,0,5,4,5,3,0,0,0.0,0,3,3,144,140,1
66,0,0.0,0.0,0.0,115,75,4,0,20,2,13,8,40,0,0.0,0,5,3,198,150,1
124,0,0.0,0.0,0.0,75,49,7,0,38,4,7,11,417,0,0.0,0,7,3,275,207,0
27,0,0.0,0.0,0.0,115,75,3,0,7,2,9,2,6,0,0.0,0,4,3,85,69,0
164,2,0.0,1.0,36.0,115,1,16,0,50,1,29,82,21,36,0.0,0,22,7,538,236,0
12,0,0.0,0.0,0.0,79,58,2,0,3,5,8,4,0,0,0.0,0,3,3,63,54,0
68,0,0.0,0.0,0.0,75,74,3,0,25,3,8,11,44,0,0.0,0,3,2,193,98,0
69,0,0.0,0.0,0.0,115,75,4,0,20,3,14,9,40,0,0.0,0,5,3,184,132,1
24,2,0.0,1.0,36.0,115,1,2,0,8,3,9,4,11,36,0.0,0,4,2,80,74,0
108,4,0.0,2.0,36.0,115,1,5,0,48,2,13,31,96,36,0.0,0,8,3,333,164,0
122,0,0.0,0.0,0.0,115,75,4,0,32,2,7,32,25,0,0.0,0,4,3,209,202,0
8,0,0.0,0.0,0.0,75,74,2,0,2,1,1,0,0,0,0.0,0,2,1,38,35,0
96,0,0.0,0.0,0.0,75,72,4,0,28,2,8,13,176,0,0.0,0,4,3,186,151,0
67,0,0.0,0.0,0.0,115,25,6,0,16,5,16,26,4,0,0.0,0,8,3,185,138,0
24,0,0.0,0.0,0.0,115,56,1,0,4,4,6,7,1,0,0.0,0,3,2,71,64,1
92,0,0.0,0.0,0.0,115,70,6,0,23,1,16,40,17,0,0.0,0,8,4,216,157,0
4,0,0.0,0.0,0.0,115,75,2,0,1,1,5,1,0,0,0.0,0,2,2,41,36,0
189,0,0.0,0.0,0.0,115,32,14,0,13,5,29,32,6,0,0.0,0,22,7,570,239,0
164,0,0.0,0.0,0.0,115,32,12,0,7,4,16,8,0,0,0.0,0,15,5,638,304,0
45,0,0.0,0.0,0.0,115,73,3,0,8,1,6,22,0,0,0.0,0,4,4,106,102,0
160,0,0.0,0.0,0.0,75,73,4,0,43,2,7,0,833,0,0.0,0,4,2,271,241,0
85,0,0.0,0.0,0.0,74,68,7,0,24,1,23,34,0,0,0.0,0,8,5,256,153,0
12,0,0.0,0.0,0.0,75,32,1,0,3,1,0,3,3,0,0.0,0,2,2,55,45,0
51,4,-2.0,1.0,1.0,115,1,3,0,9,1,7,16,0,1,0.0,0,4,1,124,101,0
29,0,0.0,0.0,0.0,115,75,4,0,8,2,6,2,6,0,0.0,0,5,3,90,69,0
387,31,6.33,8.33,14.0,80,1,20,1,138,1,45,134,62,36,0.6838,0,27,8,1108,556,0
66,0,0.0,0.0,0.0,75,75,4,0,18,4,5,0,135,0,0.0,0,4,1,129,114,0
16,0,0.0,0.0,0.0,75,68,5,0,14,1,18,0,91,0,0.0,0,6,4,275,99,0
418,0,0.0,0.0,0.0,83,34,9,0,112,2,23,86,116,0,0.0,0,13,3,838,565,0
66,0,0.0,0.0,0.0,75,75,4,0,18,3,6,0,135,0,0.0,0,4,1,134,119,0
12,0,0.0,0.0,0.0,115,70,3,0,1,5,4,3,0,0,0.0,0,4,2,59,45,0
7,0,0.0,0.0,0.0,75,58,5,0,4,1,2,2,1,0,0.0,0,6,2,57,42,0
4,0,0.0,0.0,0.0,75,58,5,0,1,1,2,2,0,0,0.0,0,6,2,43,26,0
103,0,0.0,0.0,0.0,68,26,4,0,9,2,22,18,0,0,0.0,0,8,3,309,173,0
85,0,0.0,0.0,0.0,74,35,9,0,26,1,14,33,0,0,0.0,0,10,5,355,197,0
32,0,0.0,0.0,0.0,115,40,6,0,9,2,8,4,28,0,0.0,0,6,3,97,58,0
21,0,0.0,0.0,0.0,115,25,10,0,19,1,9,0,171,0,0.0,0,10,4,95,52,0
20,0,0.0,0.0,0.0,76,34,6,0,3,1,11,13,0,0,0.0,0,7,4,113,84,0
10,0,0.0,0.0,0.0,75,70,2,0,2,2,7,0,0,0,0.0,0,3,2,46,40,0
115,0,0.0,0.0,0.0,115,75,6,0,58,2,7,39,66,0,0.0,0,6,5,650,216,0
116,0,0.0,0.0,0.0,76,30,7,0,29,2,32,62,15,0,0.0,0,7,5,447,292,0
41,0,0.0,0.0,0.0,87,58,1,0,6,2,14,4,11,0,0.0,0,4,2,114,75,0
245,0,0.0,0.0,0.0,115,24,13,0,27,5,34,25,3,0,0.0,0,18,6,580,220,0
67,29,6.5,10.5,9.0,75,0,3,2,18,2,7,1,102,10,0.9294,0,3,2,141,112,0
11,0,0.0,0.0,0.0,12,12,0,0,5,2,5,3,3,0,0.0,0,1,1,43,43,0
72,0,0.0,0.0,0.0,115,56,10,0,16,2,38,13,73,0,0.0,0,12,5,286,96,0
175,0,0.0,0.0,0.0,115,24,17,0,13,4,29,40,3,0,0.0,0,26,6,611,209,0
109,0,0.0,0.0,0.0,115,62,4,0,19,1,24,52,0,0,0.0,0,5,1,400,258,0
131,70,8.0,21.5,9.0,115,0,11,2,35,1,14,57,8,10,0.7755,0,12,4,435,182,0
3,0,0.0,0.0,0.0,115,75,3,0,0,3,3,0,0,0,0.0,0,3,2,33,31,0
64,0,0.0,0.0,0.0,85,75,3,0,23,2,9,16,33,0,0.0,0,4,2,148,135,0
13,0,0.0,0.0,0.0,88,88,1,0,0,1,0,1,0,0,0.0,0,1,1,46,46,0
161,2,0.0,1.0,36.0,115,1,15,0,38,1,25,58,81,36,0.0,0,26,6,502,224,0
228,0,0.0,0.0,0.0,80,32,4,0,36,2,26,68,14,0,0.0,0,6,3,476,370,0
66,0,0.0,0.0,0.0,115,75,4,0,20,3,14,8,40,0,0.0,0,5,3,181,129,1
90,0,0.0,0.0,0.0,115,56,7,0,4,5,13,6,0,0,0.0,0,13,5,329,119,0
91,0,0.0,0.0,0.0,115,33,6,0,31,2,15,9,230,0,0.0,0,8,3,252,207,0
17,0,0.0,0.0,0.0,75,74,2,0,4,2,4,3,0,0,0.0,0,2,2,49,46,0
27,0,0.0,0.0,0.0,115,75,3,0,7,4,9,2,6,0,0.0,0,4,3,82,69,0
16,0,0.0,0.0,0.0,115,56,1,0,2,4,5,4,0,0,0.0,0,3,2,58,51,1
143,2,0.0,1.0,36.0,88,1,7,0,34,1,16,56,0,36,0.0,0,8,3,366,239,1
187,5,-1.0,2.0,1.0,115,5,21,0,42,2,35,56,0,1,0.0,0,25,7,1111,247,0
60,0,0.0,0.0,0.0,115,41,4,0,6,2,10,28,0,0,0.0,0,4,2,371,178,0
59,0,0.0,0.0,0.0,115,58,8,0,2,4,16,7,0,0,0.0,0,9,5,173,116,0
126,0,0.0,0.0,0.0,115,25,12,0,32,2,18,44,36,0,0.0,0,13,5,352,170,0
29,0,0.0,0.0,0.0,115,75,5,0,8,3,6,2,6,0,0.0,0,7,4,96,66,0
88,0,0.0,0.0,0.0,115,56,4,0,20,2,11,18,4,0,0.0,0,6,4,279,183,0
299,215,2.5,55.0,9.0,115,0,18,2,33,4,33,54,0,10,0.3293,0,27,6,1536,436,1
266,37,15.0,26.0,17.0,115,0,9,1,39,2,11,8,17,17,0.0,0,9,2,649,254,0
37,0,0.0,0.0,0.0,115,32,6,0,16,2,5,7,11,0,0.0,0,9,4,346,150,0
49,0,0.0,0.0,0.0,115,34,4,0,12,1,6,16,0,0,0.0,0,4,3,125,67,0
98,0,0.0,0.0,0.0,75,74,4,0,33,2,10,5,234,0,0.0,0,4,2,205,169,0
174,0,0.0,0.0,0.0,115,30,9,0,19,2,24,37,7,0,0.0,0,16,4,591,174,0
113,0,0.0,0.0,0.0,115,75,3,0,37,3,15,16,226,0,0.0,0,6,4,309,196,0
50,0,0.0,0.0,0.0,85,75,5,0,19,3,8,11,14,0,0.0,0,6,2,131,118,0
79,0,0.0,0.0,0.0,115,25,14,0,18,2,11,19,28,0,0.0,0,17,4,540,181,0
243,0,0.0,0.0,0.0,115,31,13,0,53,3,34,64,12,0,0.0,0,20,6,909,434,0
36,2,0.0,1.0,36.0,115,1,8,0,8,2,6,12,0,36,0.0,0,10,6,197,86,0
123,4,0.0,2.0,36.0,12,1,0,0,37,1,11,44,0,36,0.0,0,2,1,237,233,0
85,2,0.0,1.0,36.0,115,1,8,0,21,3,19,22,0,36,0.0,0,12,5,381,144,0
121,0,0.0,0.0,0.0,115,24,15,0,6,5,24,15,1,0,0.0,0,20,6,548,235,0
68,2,0.0,1.0,36.0,115,1,10,0,18,2,8,23,3,36,0.0,0,11,5,266,109,0
14,0,0.0,0.0,0.0,75,58,2,0,3,1,2,2,1,0,0.0,0,3,2,60,49,0
91,0,0.0,0.0,0.0,115,40,7,0,23,2,15,30,1,0,0.0,0,9,5,638,188,1
107,0,0.0,0.0,0.0,115,32,8,0,29,2,16,16,191,0,0.0,0,10,3,325,231,0
15,0,0.0,0.0,0.0,115,73,6,0,13,1,4,0,78,0,0.0,0,6,4,63,56,0
98,0,0.0,0.0,0.0,115,66,6,0,30,2,12,14,222,0,0.0,0,6,3,307,188,0
7,0,0.0,0.0,0.0,75,56,7,0,0,1,0,0,0,0,0.0,0,11,3,90,34,0
4,0,0.0,0.0,0.0,75,58,4,0,1,1,2,2,0,0,0.0,0,5,3,46,31,0
92,0,0.0,0.0,0.0,115,24,12,0,3,6,16,7,3,0,0.0,0,16,6,369,179,0
14,0,0.0,0.0,0.0,85,85,1,0,2,1,9,4,1,0,0.0,0,1,1,61,61,0
44,0,0.0,0.0,0.0,115,115,1,0,6,2,8,22,1,0,0.0,0,1,1,100,100,0
107,0,0.0,0.0,0.0,75,32,5,0,29,4,9,10,262,0,0.0,0,6,2,217,181,0
200,31,-5.0,2.67,18.0,115,0,23,2,43,3,33,60,0,36,1.3546,0,25,6,1036,438,0
38,0,0.0,0.0,0.0,115,56,4,0,5,5,7,12,3,0,0.0,0,6,5,311,190,1
33,0,0.0,0.0,0.0,80,66,5,0,3,4,9,1,1,0,0.0,0,6,4,127,101,0
2,0,0.0,0.0,0.0,34,31,2,0,0,2,3,0,0,0,0.0,0,2,2,36,26,0
120,0,0.0,0.0,0.0,115,70,6,0,22,3,9,22,20,0,0.0,0,6,4,227,214,1
39,1,1.0,1.0,1.0,115,3,11,1,1,4,14,6,0,1,0.0,0,13,5,180,102,0
34,0,0.0,0.0,0.0,115,75,2,0,13,2,5,2,20,0,0.0,0,3,2,103,93,0
57,0,0.0,0.0,0.0,115,25,6,0,4,2,17,12,0,0,0.0,0,7,4,165,107,0
259,2,0.0,1.0,36.0,76,1,12,0,66,1,31,85,15,36,0.0,0,17,5,670,451,0
66,2,0.0,1.0,36.0,71,1,5,0,13,1,14,29,15,36,0.0,0,6,1,195,142,0
71,4,0.0,1.0,19.5,115,1,16,1,16,1,19,32,9,36,1.0,0,20,5,454,157,1
55,0,0.0,0.0,0.0,75,58,3,0,16,2,5,15,8,0,0.0,0,4,3,115,101,0
62,0,0.0,0.0,0.0,75,34,3,0,16,2,11,11,15,0,0.0,0,3,2,149,78,0
110,0,0.0,0.0,0.0,115,53,6,0,12,6,10,14,4,0,0.0,0,11,6,513,322,0
24,0,0.0,0.0,0.0,115,75,2,0,6,2,7,0,9,0,0.0,0,2,2,74,69,0
207,0,0.0,0.0,0.0,115,24,16,0,4,5,28,24,1,0,0.0,0,25,6,1248,493,0
51,0,0.0,0.0,0.0,75,66,2,0,14,2,6,2,69,0,0.0,0,2,2,143,97,0
52,0,0.0,0.0,0.0,75,74,3,0,17,2,6,0,21,0,0.0,0,3,2,119,84,0
64,0,0.0,0.0,0.0,81,81,0,0,11,1,8,15,0,0,0.0,0,1,1,127,127,0
66,0,0.0,0.0,0.0,115,115,1,0,14,1,4,13,0,0,0.0,0,1,1,112,112,0
87,0,0.0,0.0,0.0,115,24,18,0,11,4,21,25,0,0,0.0,0,24,6,393,121,0
50,0,0.0,0.0,0.0,88,26,2,0,12,2,8,23,0,0,0.0,0,2,1,128,109,0
50,0,0.0,0.0,0.0,115,40,5,0,13,2,3,25,0,0,0.0,0,5,3,127,92,0
181,0,0.0,0.0,0.0,115,14,27,0,43,1,33,68,18,0,0.0,0,30,7,827,270,0
63,0,0.0,0.0,0.0,115,75,5,0,19,1,8,24,36,0,0.0,0,7,3,144,91,0
136,34,2.0,18.0,1.0,87,1,8,0,2,2,19,8,1,1,0.0,0,10,4,618,185,0
3,0,0.0,0.0,0.0,115,75,3,0,0,3,3,0,0,0,0.0,0,3,2,33,31,0
53,0,0.0,0.0,0.0,115,56,8,0,2,3,6,1,1,0,0.0,0,9,4,1337,600,0
13,0,0.0,0.0,0.0,115,75,2,0,2,3,4,2,0,0,0.0,0,2,2,47,46,0
16,0,0.0,0.0,0.0,115,58,2,0,4,5,8,6,1,0,0.0,0,5,3,77,62,0
50,0,0.0,0.0,0.0,115,32,3,0,13,1,3,1,66,0,0.0,0,5,3,126,113,0
3,0,0.0,0.0,0.0,75,73,2,0,0,2,1,0,0,0,0.0,0,3,2,33,29,0
4,0,0.0,0.0,0.0,75,58,3,0,1,1,2,2,0,0,0.0,0,4,2,38,27,0
147,0,0.0,0.0,0.0,115,32,11,0,27,2,25,37,8,0,0.0,0,18,5,450,221,0
78,0,0.0,0.0,0.0,75,75,3,0,32,1,3,0,496,0,0.0,0,4,3,593,171,0
110,0,0.0,0.0,0.0,115,25,5,0,35,1,21,27,3,0,0.0,0,9,3,380,138,0
164,0,0.0,0.0,0.0,115,32,6,0,34,3,32,56,60,0,0.0,0,7,4,411,214,0
39,0,0.0,0.0,0.0,31,31,1,0,5,1,11,14,0,0,0.0,0,1,1,108,108,0
43,0,0.0,0.0,0.0,115,40,4,0,10,2,6,19,0,0,0.0,0,4,3,120,90,0
18,0,0.0,0.0,0.0,75,74,3,0,5,3,5,1,4,0,0.0,0,3,1,57,49,0
17,0,0.0,0.0,0.0,75,74,2,0,4,2,4,0,2,0,0.0,0,2,1,52,47,0
52,7,5.0,6.0,3.0,85,7,4,1,16,1,12,5,91,3,0.0,0,8,3,190,102,0
7,0,0.0,0.0,0.0,75,73,6,0,5,1,10,0,10,0,0.0,0,7,3,208,81,0
128,134,2.0,68.0,5.0,115,2,13,1,4,3,21,15,1,5,0.0,0,20,6,732,224,0
362,10,6.0,8.0,3.0,115,3,37,1,88,2,44,124,270,3,0.0,0,44,7,2994,643,0
44,2,0.0,1.0,36.0,76,1,6,0,11,2,14,30,1,36,0.0,0,9,4,194,112,0
426,2,0.0,1.0,36.0,115,1,17,0,150,1,37,118,22,36,0.0,0,22,6,1610,755,1
10,0,0.0,0.0,0.0,74,74,1,0,2,1,1,0,0,0,0.0,0,1,1,35,35,0
92,0,0.0,0.0,0.0,88,32,4,0,11,1,17,46,0,0,0.0,0,6,2,259,209,0
209,45,-1.5,10.5,19.0,80,1,5,0,84,1,11,70,45,36,0.2623,0,8,4,554,346,0
135,0,0.0,0.0,0.0,115,56,9,0,1,2,13,5,0,0,0.0,0,13,5,482,185,0
35,0,0.0,0.0,0.0,72,31,2,0,9,1,0,4,4,0,0.0,0,2,1,98,69,0
87,0,0.0,0.0,0.0,34,31,3,0,18,1,5,22,1,0,0.0,0,4,2,227,140,0
257,0,0.0,0.0,0.0,80,32,9,0,25,4,22,34,2,0,0.0,0,14,4,951,365,0
80,0,0.0,0.0,0.0,68,24,4,0,11,4,17,17,1,0,0.0,0,8,3,232,156,0
242,0,0.0,0.0,0.0,115,25,5,0,85,2,36,33,905,0,0.0,0,7,3,639,416,1
49,0,0.0,0.0,0.0,75,75,4,0,16,3,3,1,54,0,0.0,0,4,1,109,94,0
83,0,0.0,0.0,0.0,75,35,9,0,26,2,12,11,325,0,0.0,0,9,4,314,185,0
23,0,0.0,0.0,0.0,115,75,3,0,6,3,6,2,2,0,0.0,0,4,3,78,59,0
145,0,0.0,0.0,0.0,115,56,10,0,11,3,18,21,0,0,0.0,0,13,5,411,309,0
4,0,0.0,0.0,0.0,75,58,3,0,1,1,2,2,0,0,0.0,0,4,2,36,28,0
91,0,0.0,0.0,0.0,115,75,3,0,42,2,10,25,300,0,0.0,0,5,1,213,168,0
49,0,0.0,0.0,0.0,51,38,2,0,12,3,8,0,40,0,0.0,0,2,1,128,126,0
60,0,0.0,0.0,0.0,75,62,9,0,16,1,16,26,0,0,0.0,0,9,5,336,159,0
40,0,0.0,0.0,0.0,115,57,5,0,9,1,14,13,0,0,0.0,0,5,2,137,89,0
69,0,0.0,0.0,0.0,75,70,8,0,16,1,11,23,1,0,0.0,0,8,3,503,131,0
52,0,0.0,0.0,0.0,75,74,3,0,16,3,6,1,75,0,0.0,0,3,2,112,103,0
46,0,0.0,0.0,0.0,115,56,4,0,6,4,8,9,4,0,0.0,0,7,5,113,87,1
15,0,0.0,0.0,0.0,75,73,5,0,13,1,11,0,78,0,0.0,0,5,2,161,83,0
17,0,0.0,0.0,0.0,115,75,2,0,4,2,6,0,2,0,0.0,0,2,2,56,55,0
48,0,0.0,0.0,0.0,75,73,6,0,16,2,11,3,46,0,0.0,0,6,3,164,102,0
60,0,0.0,0.0,0.0,75,62,7,0,18,2,12,13,91,0,0.0,0,7,3,209,118,0
49,0,0.0,0.0,0.0,115,31,4,0,19,1,17,12,3,0,0.0,0,4,3,176,110,0
25,0,0.0,0.0,0.0,75,26,8,0,7,1,2,3,2,0,0.0,0,8,3,147,99,0
224,2,0.0,1.0,36.0,115,1,18,0,57,1,25,106,70,36,0.0,0,21,4,1033,315,0
87,0,0.0,0.0,0.0,115,24,19,0,15,4,24,14,9,0,0.0,0,25,6,375,216,0
31,0,0.0,0.0,0.0,115,75,2,0,5,1,1,10,8,0,0.0,0,2,2,76,75,0
38,0,0.0,0.0,0.0,115,40,5,0,20,2,12,15,0,0,0.0,0,6,4,179,115,0
26,0,0.0,0.0,0.0,115,75,4,0,7,3,6,3,6,0,0.0,0,6,4,90,66,0
11,1,1.0,1.0,2.0,75,3,5,1,3,1,2,2,1,2,0.0,0,5,3,52,40,0
109,2,0.0,1.0,1.0,75,3,7,0,30,3,8,17,108,1,0.0,0,8,4,249,171,0
47,0,0.0,0.0,0.0,75,35,6,0,14,2,11,14,91,0,0.0,0,6,2,136,103,0
176,2,0.0,1.0,36.0,115,1,12,0,50,2,23,7,894,36,0.0,0,14,3,618,356,0
32,0,0.0,0.0,0.0,75,74,3,0,10,2,5,5,0,0,0.0,0,3,2,88,76,0
54,0,0.0,0.0,0.0,115,55,11,0,20,1,15,21,0,0,0.0,0,12,5,203,123,0
147,0,0.0,0.0,0.0,75,58,2,0,46,2,11,10,102,0,0.0,0,3,2,252,242,0
76,9,-3.0,3.0,5.0,87,4,11,1,9,2,20,12,0,5,0.0,0,18,6,318,104,0
131,3,1.0,2.0,8.0,115,0,20,1,28,2,15,40,91,8,0.0,0,20,4,438,180,0
3,0,0.0,0.0,0.0,75,75,1,0,1,1,1,0,0,0,0.0,0,1,1,32,32,0
90,0,0.0,0.0,0.0,80,55,1,0,20,1,5,9,100,0,0.0,0,3,3,180,154,0
32,0,0.0,0.0,0.0,75,25,4,0,8,2,11,0,22,0,0.0,0,4,2,93,53,0
102,0,0.0,0.0,0.0,75,66,8,0,36,2,23,20,120,0,0.0,0,9,4,379,200,0
16,0,0.0,0.0,0.0,75,55,1,0,4,2,3,0,0,0,0.0,0,2,2,54,49,0
25,0,0.0,0.0,0.0,62,62,1,0,4,2,5,1,0,0,0.0,0,1,1,72,72,0
19,0,0.0,0.0,0.0,115,73,3,0,2,6,10,8,0,0,0.0,0,6,4,71,59,0
81,0,0.0,0.0,0.0,75,62,3,0,21,1,12,20,43,0,0.0,0,3,2,223,180,0
36,0,0.0,0.0,0.0,75,74,2,0,10,1,3,1,0,0,0.0,0,2,1,68,65,0
92,0,0.0,0.0,0.0,75,46,3,0,26,3,5,0,209,0,0.0,0,4,3,222,176,0
148,0,0.0,0.0,0.0,80,24,11,0,16,3,17,17,4,0,0.0,0,13,4,397,203,0
42,0,0.0,0.0,0.0,80,69,3,0,11,2,7,13,0,0,0.0,0,3,2,116,93,0
204,0,0.0,0.0,0.0,115,31,13,0,15,4,24,16,1,0,0.0,0,20,6,635,348,0
204,0,0.0,0.0,0.0,51,32,3,0,42,2,17,53,13,0,0.0,0,4,2,366,287,0
400,0,0.0,0.0,0.0,115,24,19,0,10,7,34,24,1,0,0.0,0,26,7,1452,576,0
223,0,0.0,0.0,0.0,115,32,7,0,49,2,20,65,17,0,0.0,0,8,3,480,310,0
26,0,0.0,0.0,0.0,115,67,5,0,6,3,9,5,9,0,0.0,0,5,3,85,67,0
14,1,1.0,1.0,17.0,115,0,8,1,2,1,1,0,1,17,0.0,0,8,3,93,43,0
7,0,0.0,0.0,0.0,75,34,6,0,5,1,8,0,10,0,0.0,0,6,2,137,62,0
73,0,0.0,0.0,0.0,115,58,6,0,2,5,13,8,0,0,0.0,0,9,5,232,119,0
110,2,0.0,1.0,36.0,80,1,5,0,25,1,5,32,8,36,0.0,0,6,3,218,130,0
247,2,0.0,1.0,36.0,65,1,0,0,57,2,8,73,8,36,0.0,0,2,1,378,376,1
73,0,0.0,0.0,0.0,79,75,2,0,7,1,9,25,1,0,0.0,0,2,2,138,126,0
83,0,0.0,0.0,0.0,115,58,9,0,3,4,12,5,0,0,0.0,0,12,5,321,114,0
115,0,0.0,0.0,0.0,75,26,13,0,36,1,24,31,30,0,0.0,0,14,5,674,281,0
27,0,0.0,0.0,0.0,124,58,4,0,10,2,7,6,0,0,0.0,0,4,2,104,86,0
57,0,0.0,0.0,0.0,12,9,6,0,18,2,18,22,6,0,0.0,0,6,3,228,112,0
86,0,0.0,0.0,0.0,50,14,2,0,15,1,11,30,1,0,0.0,0,2,1,137,128,0
46,0,0.0,0.0,0.0,97,15,9,0,7,1,16,20,4,0,0.0,0,9,4,229,143,0
83,0,0.0,0.0,0.0,124,12,14,0,20,1,14,24,66,0,0.0,0,16,3,336,115,0
98,0,0.0,0.0,0.0,124,15,24,0,4,4,18,9,0,0,0.0,0,34,7,399,165,0
136,0,0.0,0.0,0.0,74,74,0,0,36,2,7,22,0,0,0.0,0,1,1,197,197,0
59,270,0.0,135.0,136.0,85,4,5,1,16,2,5,0,104,136,0.0,0,5,4,407,270,0
57,0,0.0,0.0,0.0,124,9,6,0,18,1,10,17,0,0,0.0,0,9,3,316,123,0
144,0,0.0,0.0,0.0,124,10,30,0,35,3,35,40,0,0,0.0,0,35,5,954,244,0
103,0,0.0,0.0,0.0,124,36,9,0,21,1,8,34,33,0,0.0,0,11,4,375,200,1
51,6,0.0,3.0,1.0,9,5,2,1,9,2,8,16,0,1,0.0,0,2,2,100,94,0
51,39,1.4,4.6,8.2,9,4,6,4,7,1,5,11,0,11,2.0592,0,7,1,135,78,0
245,0,0.0,0.0,0.0,124,34,22,0,61,3,36,57,10,0,0.0,0,26,4,1062,461,0
22,0,0.0,0.0,0.0,11,11,1,0,8,1,4,7,3,0,0.0,0,1,1,6,6,0
3,0,0.0,0.0,0.0,124,47,4,0,0,4,3,0,0,0,0.0,0,4,2,37,28,0
46,0,0.0,0.0,0.0,124,56,13,0,24,2,9,24,0,0,0.0,0,14,5,431,135,0
269,4,0.0,2.0,42.0,124,8,21,1,91,3,31,51,1243,42,0.0,0,30,8,990,544,0
48,0,0.0,0.0,0.0,11,10,2,0,19,2,15,34,3,0,0.0,0,2,2,151,127,0
44,0,0.0,0.0,0.0,88,81,4,0,1,4,12,4,0,0,0.0,0,5,4,119,108,0
13,368,0.0,184.0,136.0,85,4,11,1,11,1,22,0,55,136,0.0,0,11,3,735,368,0
47,0,0.0,0.0,0.0,38,11,2,0,8,5,8,7,28,0,0.0,0,2,2,123,109,0
11,0,0.0,0.0,0.0,124,36,2,0,3,4,5,0,1,0,0.0,0,6,3,80,50,0
122,0,0.0,0.0,0.0,10,10,1,0,32,2,12,37,19,0,0.0,0,1,1,10,10,0
38,308,0.0,154.0,136.0,15,4,2,1,10,2,5,0,35,136,0.0,0,2,1,310,308,0
95,354,0.0,177.0,136.0,85,4,11,1,26,2,8,0,301,136,0.0,0,11,5,586,354,0
13,0,0.0,0.0,0.0,83,83,1,0,4,1,3,2,0,0,0.0,0,1,1,36,36,0
16,0,0.0,0.0,0.0,0,0,0,0,4,1,1,1,0,0,0.0,0,0,0,0,0,0
15,0,0.0,0.0,0.0,66,15,0,0,4,1,1,1,0,0,0.0,0,3,2,91,37,0
503,26,1.0,7.0,23.0,95,6,20,2,106,2,50,139,425,42,0.9957,0,25,6,1376,666,1
134,0,0.0,0.0,0.0,95,37,4,0,39,1,12,20,227,0,0.0,0,5,2,244,216,0
46,0,0.0,0.0,0.0,124,43,8,0,11,2,9,16,28,0,0.0,0,8,3,193,73,0
29,63,63.0,63.0,9.0,4,4,1,1,7,1,3,2,11,9,0.0,0,1,1,63,63,0
60,0,0.0,0.0,0.0,124,10,4,0,19,1,2,6,57,0,0.0,0,6,3,162,110,0
43,0,0.0,0.0,0.0,95,42,7,0,6,1,13,30,3,0,0.0,0,7,5,175,65,0
119,444,0.0,222.0,136.0,84,4,21,1,31,2,17,37,26,136,0.0,0,21,4,1207,444,1
162,0,0.0,0.0,0.0,80,10,4,0,43,1,11,59,0,0,0.0,0,6,1,392,196,0
328,0,0.0,0.0,0.0,124,10,27,0,5,6,40,34,1,0,0.0,0,37,7,1737,711,0
80,0,0.0,0.0,0.0,124,17,19,0,4,4,17,15,3,0,0.0,0,25,7,490,154,0
79,0,0.0,0.0,0.0,124,82,2,0,27,2,10,17,47,0,0.0,0,3,2,151,145,0
85,0,0.0,0.0,0.0,10,10,1,0,18,3,23,45,39,0,0.0,0,1,1,42,42,0
21,0,0.0,0.0,0.0,124,9,5,0,7,2,8,2,6,0,0.0,0,5,2,78,65,0
39,200,0.0,100.0,136.0,58,4,5,1,13,2,12,1,28,136,0.0,0,6,1,331,200,0
35,0,0.0,0.0,0.0,58,40,3,0,11,2,4,4,28,0,0.0,0,3,2,128,91,0
191,0,0.0,0.0,0.0,124,10,14,0,50,3,24,41,0,0,0.0,0,18,4,618,280,0
15,390,0.0,195.0,136.0,85,4,12,1,13,1,21,0,78,136,0.0,0,15,3,819,390,0
387,0,0.0,0.0,0.0,124,9,28,0,5,6,29,18,0,0,0.0,0,34,7,1476,506,0
86,354,0.0,177.0,136.0,85,4,9,1,22,2,12,7,170,136,0.0,0,10,4,669,354,0
90,0,0.0,0.0,0.0,95,60,2,0,27,1,7,14,137,0,0.0,0,3,2,165,156,0
114,0,0.0,0.0,0.0,124,17,18,0,1,5,21,12,0,0,0.0,0,25,7,1110,483,0
50,0,0.0,0.0,0.0,124,37,4,0,17,1,11,20,0,0,0.0,0,4,2,134,92,0
3,0,0.0,0.0,0.0,124,85,3,0,0,4,3,0,0,0,0.0,0,3,2,33,31,0
13,0,0.0,0.0,0.0,9,9,2,0,2,1,1,6,0,0,0.0,0,2,1,41,23,0
42,164,0.0,41.0,69.0,85,1,12,1,11,1,5,12,15,136,0.1654,0,13,4,655,160,0
33,0,0.0,0.0,0.0,124,41,2,0,13,1,1,2,2,0,0.0,0,5,3,78,72,0
177,0,0.0,0.0,0.0,124,13,12,0,4,2,20,16,1,0,0.0,0,21,5,574,263,0
45,0,0.0,0.0,0.0,94,35,8,0,12,2,13,8,66,0,0.0,0,9,4,192,131,0
52,0,0.0,0.0,0.0,124,17,16,0,7,3,10,10,10,0,0.0,0,24,6,494,221,0
27,0,0.0,0.0,0.0,10,10,1,0,7,2,9,2,6,0,0.0,0,1,1,77,77,0
153,0,0.0,0.0,0.0,124,13,17,0,1,4,17,9,0,0,0.0,0,23,5,968,211,0
79,0,0.0,0.0,0.0,95,17,4,0,24,1,17,5,204,0,0.0,0,8,3,213,120,0
114,4,0.0,2.0,18.0,85,5,15,1,31,3,29,49,3,18,0.0,0,17,5,939,411,0
163,508,0.0,254.0,136.0,10,4,2,1,50,2,8,16,159,136,0.0,0,2,1,526,508,0
24,138,0.0,69.0,136.0,85,4,5,1,6,2,8,2,11,136,0.0,0,7,2,237,138,0
132,0,0.0,0.0,0.0,124,11,20,0,4,3,22,15,1,0,0.0,0,31,7,854,234,0
58,0,0.0,0.0,0.0,38,11,2,0,9,3,7,8,28,0,0.0,0,2,2,96,77,0
282,17,-1.5,3.5,2.5,124,0,20,2,74,2,50,152,19,4,0.6723,0,22,6,734,232,1
304,0,0.0,0.0,0.0,89,37,4,0,14,2,16,21,0,0,0.0,0,8,3,347,291,0
93,0,0.0,0.0,0.0,124,58,5,0,1,3,17,12,0,0,0.0,0,10,5,263,194,0
33,0,0.0,0.0,0.0,86,74,3,0,6,1,4,8,3,0,0.0,0,3,2,134,84,0
10,92,0.0,46.0,136.0,84,4,5,1,2,1,1,0,0,136,0.0,0,7,3,234,92,0
99,0,0.0,0.0,0.0,124,9,21,0,17,3,20,28,136,0,0.0,0,21,5,549,134,1
50,0,0.0,0.0,0.0,12,9,5,0,14,2,17,16,4,0,0.0,0,5,3,184,99,0
66,0,0.0,0.0,0.0,124,41,9,0,17,3,11,14,0,0,0.0,0,10,4,300,143,0
11,0,0.0,0.0,0.0,97,97,1,0,0,1,0,0,0,0,0.0,0,1,1,41,41,0
15,0,0.0,0.0,0.0,82,68,1,0,3,6,7,4,3,0,0.0,0,3,2,53,49,0
102,0,0.0,0.0,0.0,124,10,14,0,1,2,20,11,0,0,0.0,0,18,6,349,133,0
42,178,0.0,89.0,136.0,85,4,3,1,14,2,2,1,35,136,0.0,0,3,2,267,178,0
10,0,0.0,0.0,0.0,124,85,2,0,3,3,2,0,1,0,0.0,0,2,2,43,40,0
34,0,0.0,0.0,0.0,124,10,3,0,10,3,7,7,0,0,0.0,0,3,2,93,50,0
63,232,0.0,116.0,136.0,84,4,11,1,16,2,12,13,0,136,0.0,0,12,4,441,232,0
62,19,3.0,11.0,11.0,124,5,12,1,14,3,19,22,16,11,0.0,0,15,5,576,223,0
23,0,0.0,0.0,0.0,124,47,4,0,7,3,8,3,2,0,0.0,0,5,3,106,59,0
65,402,0.0,201.0,136.0,85,4,7,1,19,1,6,17,0,136,0.0,0,7,2,617,402,0
149,0,0.0,0.0,0.0,124,11,18,0,4,3,25,18,1,0,0.0,0,28,7,915,262,0
32,182,0.0,91.0,136.0,58,4,2,1,8,2,12,0,22,136,0.0,0,3,1,252,182,0
17,0,0.0,0.0,0.0,47,47,1,0,4,2,6,0,2,0,0.0,0,1,1,58,58,0
8,0,0.0,0.0,0.0,124,63,2,0,2,4,0,0,1,0,0.0,0,3,3,35,31,0
20,4,2.0,3.0,42.0,85,8,21,1,18,1,26,0,153,42,0.0,0,21,6,1209,423,0
3,0,0.0,0.0,0.0,124,50,4,0,0,4,3,0,0,0,0.0,0,4,2,37,32,0
25,4,0.0,2.0,42.0,43,8,2,1,7,2,7,10,10,42,0.0,0,2,2,65,61,0
50,0,0.0,0.0,0.0,78,36,2,0,1,4,8,2,0,0,0.0,0,5,2,111,101,0
15,0,0.0,0.0,0.0,44,14,8,0,1,1,0,0,0,0,0.0,0,8,1,148,64,0
31,0,0.0,0.0,0.0,124,85,4,0,8,3,4,0,20,0,0.0,0,4,3,73,51,0
15,0,0.0,0.0,0.0,68,11,1,0,1,2,6,0,0,0,0.0,0,7,3,147,52,0
60,0,0.0,0.0,0.0,124,83,4,0,8,7,7,10,8,0,0.0,0,5,2,134,111,0
304,0,0.0,0.0,0.0,124,10,20,0,89,3,43,93,431,0,0.0,0,21,5,767,186,0
45,0,0.0,0.0,0.0,124,10,5,0,16,1,2,23,15,0,0.0,0,9,3,186,135,0
26,0,0.0,0.0,0.0,75,10,6,0,5,2,5,12,0,0,0.0,0,6,2,103,53,0
131,4,0.0,2.0,42.0,124,8,29,1,19,3,20,32,153,42,0.0,0,32,7,849,161,0
42,0,0.0,0.0,0.0,0,0,0,0,11,2,8,0,45,0,0.0,0,0,0,0,0,0
150,0,0.0,0.0,0.0,124,9,14,0,5,3,25,29,1,0,0.0,0,19,5,514,219,0
37,226,0.0,113.0,136.0,85,4,9,1,9,2,6,2,22,136,0.0,0,9,2,881,252,0
28,0,0.0,0.0,0.0,77,36,2,0,7,2,12,12,4,0,0.0,0,3,2,81,75,0
83,0,0.0,0.0,0.0,10,9,4,0,15,3,21,31,45,0,0.0,0,4,1,219,163,0
8,0,0.0,0.0,0.0,68,68,0,0,1,1,0,0,0,0,0.0,0,1,1,34,34,0
6,0,0.0,0.0,0.0,44,36,2,0,1,4,2,1,0,0,0.0,0,2,2,29,22,0
42,0,0.0,0.0,0.0,124,10,7,0,1,1,0,0,0,0,0.0,0,12,2,156,96,0
27,0,0.0,0.0,0.0,124,47,4,0,7,2,9,2,6,0,0.0,0,5,3,91,69,0
41,0,0.0,0.0,0.0,38,38,1,0,6,5,7,5,15,0,0.0,0,1,1,90,90,0
26,0,0.0,0.0,0.0,44,44,1,0,5,2,7,6,8,0,0.0,0,1,1,69,69,0
20,0,0.0,0.0,0.0,35,35,1,0,4,2,4,3,0,0,0.0,0,1,1,22,22,0
20,0,0.0,0.0,0.0,124,79,3,0,7,1,3,7,3,0,0.0,0,3,2,91,54,0
3,0,0.0,0.0,0.0,10,10,1,0,0,4,3,0,0,0,0.0,0,1,1,31,31,0
70,0,0.0,0.0,0.0,58,15,3,0,24,1,2,25,10,0,0.0,0,3,1,158,126,0
66,0,0.0,0.0,0.0,124,85,5,0,18,3,12,6,100,0,0.0,0,5,3,148,122,0
65,302,0.0,151.0,136.0,84,4,15,1,17,2,18,24,0,136,0.0,0,16,4,708,302,0
10,0,0.0,0.0,0.0,124,83,3,0,3,3,2,0,1,0,0.0,0,3,3,44,40,0
25,0,0.0,0.0,0.0,105,12,6,0,5,1,3,9,3,0,0.0,0,6,4,87,54,0
34,0,0.0,0.0,0.0,9,9,2,0,1,1,2,0,0,0,0.0,0,2,1,70,52,0
3,0,0.0,0.0,0.0,124,50,4,0,0,4,2,0,0,0,0.0,0,4,2,35,31,0
23,0,0.0,0.0,0.0,124,9,11,0,6,7,12,11,3,0,0.0,0,16,6,444,151,0
29,0,0.0,0.0,0.0,10,10,1,0,6,3,6,15,1,0,0.0,0,1,1,70,70,0
32,0,0.0,0.0,0.0,97,9,12,0,11,1,6,0,55,0,0.0,0,13,6,222,63,0
88,0,0.0,0.0,0.0,124,58,7,0,1,3,14,8,0,0,0.0,0,9,5,263,195,0
274,6,0.0,3.0,42.0,124,8,43,1,70,2,44,124,134,42,0.0,0,49,8,1133,411,1
94,0,0.0,0.0,0.0,124,9,19,0,26,2,21,26,153,0,0.0,0,24,6,523,178,0
46,0,0.0,0.0,0.0,124,35,16,0,13,2,12,20,55,0,0.0,0,17,5,271,102,0
9,82,0.0,41.0,136.0,85,4,4,1,2,1,1,0,0,136,0.0,0,4,2,123,82,0
50,0,0.0,0.0,0.0,89,36,6,0,3,3,7,2,3,0,0.0,0,8,4,139,72,0
56,9,9.0,9.0,9.0,9,9,3,1,13,2,3,5,4,9,0.0,0,3,1,91,64,0
105,0,0.0,0.0,0.0,124,41,16,0,29,3,21,15,0,0,0.0,0,19,4,628,264,0
25,0,0.0,0.0,0.0,124,9,9,0,6,2,11,2,11,0,0.0,0,9,3,106,75,0
17,0,0.0,0.0,0.0,47,47,1,0,4,2,6,0,2,0,0.0,0,1,1,58,58,0
45,0,0.0,0.0,0.0,11,11,6,0,19,2,14,33,3,0,0.0,0,6,2,184,78,0
122,0,0.0,0.0,0.0,11,10,2,0,9,4,18,21,0,0,0.0,0,2,2,239,150,0
83,0,0.0,0.0,0.0,10,9,3,0,15,3,21,33,45,0,0.0,0,3,1,224,165,0
38,0,0.0,0.0,0.0,74,50,3,0,6,1,6,10,0,0,0.0,0,4,1,222,110,0
8,0,0.0,0.0,0.0,58,58,1,0,1,1,0,0,0,0,0.0,0,1,1,35,35,0
37,2,0.0,1.0,8.0,124,0,8,1,7,4,9,11,15,8,0.0,0,13,6,130,79,0
109,0,0.0,0.0,0.0,124,12,10,0,6,2,16,6,1,0,0.0,0,16,5,522,176,0
158,0,0.0,0.0,0.0,124,12,16,0,35,2,13,19,190,0,0.0,0,18,5,737,300,0
186,0,0.0,0.0,0.0,44,10,3,0,51,1,16,44,74,0,0.0,0,4,2,347,320,0
167,0,0.0,0.0,0.0,124,43,8,0,42,1,2,15,0,0,0.0,0,10,4,449,282,0
140,0,0.0,0.0,0.0,124,33,13,0,18,2,36,32,21,0,0.0,0,17,4,543,175,0
456,0,0.0,0.0,0.0,10,10,1,0,116,2,28,113,184,0,0.0,0,1,1,719,719,0
286,0,0.0,0.0,0.0,97,13,10,0,8,2,26,18,0,0,0.0,0,14,4,531,271,0
87,312,0.0,156.0,136.0,85,4,6,1,25,3,5,1,252,136,0.0,0,8,3,562,312,0
14,122,0.0,61.0,136.0,85,4,15,1,1,1,0,0,0,136,0.0,0,18,3,690,244,0
644,14,14.0,14.0,18.0,124,5,20,1,194,1,59,27,0,18,0.0,0,22,5,1057,401,0
38,0,0.0,0.0,0.0,0,0,0,0,4,2,8,21,0,0,0.0,0,0,0,0,0,0
66,0,0.0,0.0,0.0,89,47,5,0,3,3,5,6,1,0,0.0,0,6,4,171,80,0
53,3,1.0,2.0,17.0,81,1,4,1,15,1,4,18,0,17,0.0,0,4,2,246,161,0
53,0,0.0,0.0,0.0,124,85,4,0,4,2,15,11,0,0,0.0,0,5,3,207,107,0
79,0,0.0,0.0,0.0,124,124,1,0,20,1,3,25,5,0,0.0,0,1,1,178,178,0
13,96,0.0,48.0,136.0,4,4,1,1,4,1,0,3,6,136,0.0,0,1,1,96,96,0
48,6,0.0,3.0,1.0,9,5,2,1,5,2,7,18,0,1,0.0,0,2,2,96,90,0
133,36,26.0,31.0,9.0,9,4,5,1,18,1,24,35,0,9,0.0,0,5,1,342,136,0
96,0,0.0,0.0,0.0,124,10,13,0,22,3,21,34,118,0,0.0,0,17,7,1073,532,0
82,0,0.0,0.0,0.0,50,10,3,0,19,2,21,21,1,0,0.0,0,3,1,139,127,0
41,1,1.0,1.0,18.0,75,5,2,1,9,1,6,22,0,18,0.0,0,2,2,104,103,0
58,0,0.0,0.0,0.0,36,36,1,0,10,3,9,8,0,0,0.0,0,1,1,14,14,0
55,0,0.0,0.0,0.0,84,37,16,0,14,2,18,29,0,0,0.0,0,17,3,397,163,0
58,0,0.0,0.0,0.0,36,17,1,0,4,5,15,8,1,0,0.0,0,2,2,130,126,0
30,0,0.0,0.0,0.0,124,59,2,0,9,2,5,8,21,0,0.0,0,3,2,133,104,0
11,0,0.0,0.0,0.0,84,80,3,0,1,4,5,3,0,0,0.0,0,3,2,83,44,0
3,0,0.0,0.0,0.0,124,85,3,0,0,4,2,0,0,0,0.0,0,3,2,31,29,0
3,0,0.0,0.0,0.0,124,47,4,0,0,4,3,0,0,0,0.0,0,4,2,37,28,0
27,0,0.0,0.0,0.0,84,75,2,0,5,2,4,6,6,0,0.0,0,2,2,113,101,0
32,0,0.0,0.0,0.0,124,47,6,0,9,3,6,2,32,0,0.0,0,6,2,92,72,0
46,0,0.0,0.0,0.0,86,10,8,0,7,2,9,14,1,0,0.0,0,11,3,608,222,0
63,242,0.0,121.0,136.0,85,4,4,1,17,2,4,0,120,136,0.0,0,4,2,417,242,0
35,168,0.0,84.0,136.0,4,4,1,1,14,2,2,0,12,136,0.0,0,1,1,168,168,0
67,246,0.0,61.5,77.0,85,4,9,2,22,2,9,16,37,136,0.0681,0,10,5,422,244,0
25,0,0.0,0.0,0.0,10,10,1,0,6,1,3,12,0,0,0.0,0,1,1,63,63,0
27,0,0.0,0.0,0.0,124,9,16,0,9,5,11,6,11,0,0.0,0,17,5,352,152,0
89,0,0.0,0.0,0.0,43,41,3,0,6,2,9,11,0,0,0.0,0,3,2,207,110,0
34,0,0.0,0.0,0.0,43,41,3,0,10,2,7,0,20,0,0.0,0,3,2,116,87,0
6,35,15.5,16.5,8.0,9,4,2,2,0,1,0,0,0,10,0.7755,0,2,1,35,27,0
16,0,0.0,0.0,0.0,47,47,1,0,2,1,6,8,0,0,0.0,0,1,1,54,54,0
59,0,0.0,0.0,0.0,11,9,4,0,11,7,20,24,4,0,0.0,0,4,2,179,121,0
127,0,0.0,0.0,0.0,47,11,3,0,35,3,18,16,332,0,0.0,0,3,1,247,209,0
60,228,0.0,114.0,136.0,73,4,2,1,19,2,7,12,6,136,0.0,0,2,1,342,228,0
17,0,0.0,0.0,0.0,47,47,1,0,4,2,6,0,2,0,0.0,0,1,1,57,57,0
29,0,0.0,0.0,0.0,124,34,6,0,8,2,18,7,0,0,0.0,0,6,2,126,83,0
43,220,0.0,110.0,136.0,85,4,6,1,13,2,9,18,6,136,0.0,0,9,3,425,220,0
88,10,0.0,5.0,42.0,95,8,15,1,22,2,14,20,120,42,0.0,0,16,5,308,199,0
425,0,0.0,0.0,0.0,85,9,13,0,102,1,30,73,0,0,0.0,0,14,4,1125,539,0
63,0,0.0,0.0,0.0,36,13,2,0,4,5,17,10,1,0,0.0,0,3,3,146,140,0
70,0,0.0,0.0,0.0,79,10,2,0,15,1,1,17,48,0,0.0,0,4,1,201,132,0
178,747,6.5,190.0,89.0,85,4,6,2,50,3,6,0,993,136,0.1266,0,9,4,1233,734,0
3,0,0.0,0.0,0.0,124,47,5,0,0,4,3,0,0,0,0.0,0,5,2,41,32,0
167,602,0.0,301.0,136.0,85,4,7,1,58,4,8,2,865,136,0.0,0,9,2,971,602,0
318,993,0.5,248.5,89.0,85,4,9,2,68,1,18,132,55,136,0.0296,0,12,4,1706,990,0
39,2,0.0,1.0,42.0,124,8,20,1,7,5,21,23,0,42,0.0,0,26,5,235,90,0
37,0,0.0,0.0,0.0,124,41,12,0,12,3,13,8,43,0,0.0,0,15,4,367,84,0
27,0,0.0,0.0,0.0,124,58,3,0,2,5,7,5,0,0,0.0,0,7,4,101,67,0
6,0,0.0,0.0,0.0,9,9,2,0,0,1,0,0,0,0,0.0,0,2,1,331,313,0
410,8,2.0,3.0,30.0,95,5,26,2,134,1,43,104,43,42,0.8113,0,42,6,1273,338,0
31,0,0.0,0.0,0.0,124,10,8,0,7,2,6,10,0,0,0.0,0,9,5,111,71,0
125,0,0.0,0.0,0.0,124,17,28,0,3,3,24,19,1,0,0.0,0,33,6,726,271,0
70,252,0.0,126.0,136.0,59,4,8,1,17,1,11,31,1,136,0.0,0,8,1,512,252,0
26,188,0.0,94.0,136.0,85,4,8,1,6,2,6,0,5,136,0.0,0,9,2,364,188,0
17,98,0.0,49.0,136.0,85,4,9,1,4,5,3,0,2,136,0.0,0,10,2,273,98,0
31,0,0.0,0.0,0.0,58,47,3,0,12,2,6,1,16,0,0.0,0,3,2,153,104,0
121,0,0.0,0.0,0.0,124,34,4,0,34,1,15,6,3,0,0.0,0,7,3,336,121,0
260,0,0.0,0.0,0.0,85,9,31,0,81,1,30,109,257,0,0.0,0,35,5,1735,699,0
145,0,0.0,0.0,0.0,89,10,14,0,14,2,26,29,21,0,0.0,0,20,6,626,439,0
18,108,0.0,54.0,136.0,85,4,7,1,6,1,2,2,0,136,0.0,0,9,4,212,108,0
73,0,0.0,0.0,0.0,124,44,5,0,11,2,7,19,1,0,0.0,0,5,3,136,78,0
93,0,0.0,0.0,0.0,40,11,4,0,8,4,9,18,4,0,0.0,0,5,1,343,119,0
10,0,0.0,0.0,0.0,13,9,3,0,3,3,2,0,1,0,0.0,0,3,2,45,40,0
33,230,0.0,115.0,136.0,85,4,8,1,8,3,8,0,26,136,0.0,0,8,3,432,230,0
110,0,0.0,0.0,0.0,43,34,3,0,11,2,14,17,6,0,0.0,0,4,2,249,233,0
83,0,0.0,0.0,0.0,95,81,5,0,25,2,12,4,127,0,0.0,0,5,3,197,155,0
8,0,0.0,0.0,0.0,124,36,3,0,2,2,5,1,1,0,0.0,0,4,2,48,42,0
49,212,0.0,106.0,136.0,85,4,8,1,13,3,7,0,66,136,0.0,0,9,4,396,212,0
46,0,0.0,0.0,0.0,9,9,1,0,11,4,2,4,1,0,0.0,0,1,1,79,79,0
17,0,0.0,0.0,0.0,47,47,1,0,4,2,6,0,2,0,0.0,0,1,1,58,58,0
245,0,0.0,0.0,0.0,124,10,16,0,12,6,28,15,6,0,0.0,0,28,7,2248,871,0
262,0,0.0,0.0,0.0,43,41,4,0,32,2,27,59,21,0,0.0,0,5,3,502,316,0
66,0,0.0,0.0,0.0,97,10,6,0,20,1,6,7,73,0,0.0,0,8,4,495,136,0
87,0,0.0,0.0,0.0,124,34,8,0,22,2,15,29,55,0,0.0,0,9,3,282,164,0
170,0,0.0,0.0,0.0,124,10,18,0,9,3,28,14,1,0,0.0,0,28,7,595,334,0
389,10,-6.0,2.0,18.0,124,5,35,1,47,2,32,52,14,18,0.0,0,44,8,2071,553,0
156,0,0.0,0.0,0.0,12,10,2,0,32,1,5,41,3,0,0.0,0,2,1,322,194,0
92,0,0.0,0.0,0.0,124,17,18,0,5,4,19,21,1,0,0.0,0,24,7,523,96,0
81,0,0.0,0.0,0.0,124,44,11,0,9,2,13,7,0,0,0.0,0,15,4,560,140,0
32,194,0.0,97.0,136.0,85,4,8,1,9,3,8,0,22,136,0.0,0,10,5,359,194,0
95,2,0.0,1.0,42.0,10,8,2,1,23,3,22,50,36,42,0.0,0,2,2,53,51,0
15,404,0.0,202.0,136.0,85,4,13,1,13,1,22,0,78,136,0.0,0,14,3,799,404,0
45,4,0.0,2.0,42.0,95,8,9,1,15,1,11,18,85,42,0.0,0,10,6,172,118,0
116,176,4.29,14.71,9.71,9,4,11,7,11,1,10,20,0,13,2.543,0,11,1,401,131,0
66,2,0.0,1.0,17.0,124,1,9,1,19,3,12,5,135,17,0.0,0,9,3,291,139,0
69,32,4.0,18.0,8.0,122,0,4,1,5,4,5,3,0,8,0.0,0,6,5,283,140,0
37,0,0.0,0.0,0.0,124,11,12,0,8,2,8,14,10,0,0.0,0,12,4,173,37,0
21,162,0.0,81.0,136.0,36,4,3,1,5,2,7,0,6,136,0.0,0,3,2,257,162,0
78,0,0.0,0.0,0.0,37,10,2,0,18,1,4,1,39,0,0.0,0,3,1,152,137,0
54,0,0.0,0.0,0.0,124,12,6,0,15,2,13,4,37,0,0.0,0,7,3,223,150,1
137,516,0.0,258.0,136.0,85,4,12,1,39,6,9,6,499,136,0.0,0,13,3,918,516,0
465,781,369.5,380.0,5.5,3,3,0,0,73,1,68,91,0,9,0.3022,0,2,1,781,739,0
27,0,0.0,0.0,0.0,124,47,4,0,7,2,9,2,6,0,0.0,0,5,3,91,69,0
13,0,0.0,0.0,0.0,48,48,1,0,2,2,5,2,0,0,0.0,0,1,1,40,40,0
4,68,0.0,34.0,136.0,11,4,2,1,2,1,2,0,0,136,0.0,0,2,1,102,68,0
193,0,0.0,0.0,0.0,124,9,30,0,67,1,33,104,21,0,0.0,0,38,7,824,236,0
12,0,0.0,0.0,0.0,88,68,2,0,3,5,8,4,0,0,0.0,0,4,3,68,54,0
40,202,0.0,101.0,136.0,85,4,9,1,13,4,9,3,17,136,0.0,0,10,2,471,202,0
60,0,0.0,0.0,0.0,124,12,6,0,17,2,14,7,44,0,0.0,0,7,3,225,132,1
24,0,0.0,0.0,0.0,124,10,2,0,8,3,9,4,11,0,0.0,0,5,2,82,74,0
149,0,0.0,0.0,0.0,124,10,8,0,68,2,17,48,144,0,0.0,0,12,3,421,164,0
122,0,0.0,0.0,0.0,124,36,4,0,32,2,7,31,25,0,0.0,0,5,3,215,202,0
20,0,0.0,0.0,0.0,40,40,2,0,6,1,1,3,0,0,0.0,0,2,1,65,58,0
21,0,0.0,0.0,0.0,9,9,3,0,4,1,3,2,0,0,0.0,0,3,1,56,31,0
11,0,0.0,0.0,0.0,9,9,1,0,7,2,6,13,0,0,0.0,0,1,1,57,57,0
20,0,0.0,0.0,0.0,34,9,5,0,5,5,3,1,6,0,0.0,0,5,1,99,34,0
96,346,0.0,173.0,136.0,85,4,6,1,28,2,9,13,176,136,0.0,0,7,3,536,346,0
108,0,0.0,0.0,0.0,11,9,4,0,3,6,19,24,0,0,0.0,0,5,3,372,201,0
23,2,0.0,1.0,8.0,124,0,3,1,4,4,6,7,1,8,0.0,0,7,3,89,64,0
92,0,0.0,0.0,0.0,124,58,7,0,23,1,17,42,17,0,0.0,0,9,4,220,157,0
80,0,0.0,0.0,0.0,15,15,1,0,6,2,8,3,0,0,0.0,0,1,1,131,131,0
4,0,0.0,0.0,0.0,124,85,2,0,1,1,5,1,0,0,0.0,0,2,2,41,36,0
278,0,0.0,0.0,0.0,124,10,22,0,33,5,30,49,10,0,0.0,0,34,8,1019,246,0
152,0,0.0,0.0,0.0,124,17,14,0,7,4,16,8,0,0,0.0,0,19,6,653,304,0
41,0,0.0,0.0,0.0,124,59,4,0,7,1,5,21,0,0,0.0,0,5,4,119,102,0
154,540,0.0,270.0,136.0,85,4,9,1,41,3,10,0,746,136,0.0,0,10,3,840,540,0
39,0,0.0,0.0,0.0,58,35,4,0,10,3,21,24,0,0,0.0,0,4,2,223,160,0
70,316,0.0,158.0,136.0,83,4,17,1,21,2,24,30,0,136,0.0,0,20,5,732,316,0
12,108,0.0,54.0,136.0,85,4,3,1,3,1,6,3,3,136,0.0,0,5,2,175,108,0
52,0,0.0,0.0,0.0,124,10,3,0,9,1,7,17,0,0,0.0,0,4,1,124,101,0
428,5,-1.0,2.0,18.0,90,5,28,1,149,1,49,142,72,18,0.0,0,36,8,1425,556,0
24,118,0.0,59.0,136.0,85,4,6,1,6,5,5,0,9,136,0.0,0,6,3,311,118,0
18,490,0.0,245.0,136.0,85,4,13,1,16,1,28,0,120,136,0.0,0,16,4,1056,490,0
66,246,0.0,123.0,136.0,85,4,6,1,18,3,6,0,135,136,0.0,0,7,2,407,246,0
36,0,0.0,0.0,0.0,85,41,3,0,9,2,7,0,28,0,0.0,0,4,2,350,121,0
12,0,0.0,0.0,0.0,124,58,3,0,1,5,4,3,0,0,0.0,0,5,2,63,45,0
7,98,0.0,49.0,136.0,85,4,8,1,4,1,2,2,1,136,0.0,0,10,3,165,98,0
11,98,0.0,49.0,136.0,50,4,2,1,3,1,3,2,0,136,0.0,0,2,1,147,98,0
38,0,0.0,0.0,0.0,40,40,1,0,10,2,2,0,35,0,0.0,0,1,1,78,78,0
50,0,0.0,0.0,0.0,44,36,2,0,14,1,4,6,66,0,0.0,0,2,2,91,81,0
88,160,27.6,29.8,9.4,5,4,5,5,15,1,8,27,22,13,1.5409,0,5,1,160,97,0
57,0,0.0,0.0,0.0,77,35,5,0,1,3,16,6,0,0,0.0,0,9,3,345,173,0
126,4,0.0,2.0,42.0,84,8,26,1,32,2,20,44,21,42,0.0,0,27,6,1014,197,0
31,20,-0.67,3.0,8.33,9,4,7,3,5,2,8,8,4,10,1.4388,0,7,1,111,59,0
32,0,0.0,0.0,0.0,124,47,7,0,9,3,9,4,28,0,0.0,0,7,3,101,58,0
24,0,0.0,0.0,0.0,124,10,15,0,22,1,9,0,231,0,0.0,0,15,4,111,52,0
51,0,0.0,0.0,0.0,0,0,0,0,9,2,11,12,1,0,0.0,0,0,0,0,0,0
22,0,0.0,0.0,0.0,86,43,7,0,3,1,12,14,0,0,0.0,0,8,4,128,84,0
10,90,0.0,45.0,136.0,85,4,5,1,2,2,8,0,0,136,0.0,0,8,2,143,90,0
119,188,6.0,97.0,42.0,124,8,7,1,61,2,8,42,66,42,0.0,0,7,6,838,216,0
116,10,2.0,6.0,17.0,85,1,14,1,29,2,35,64,15,17,0.0,0,14,5,508,292,0
44,0,0.0,0.0,0.0,97,10,7,0,6,2,19,5,11,0,0.0,0,12,4,191,75,0
257,0,0.0,0.0,0.0,124,10,18,0,29,5,38,28,3,0,0.0,0,25,7,703,220,0
67,250,0.0,125.0,136.0,85,4,4,1,18,2,7,1,102,136,0.0,0,4,2,391,250,0
11,0,0.0,0.0,0.0,21,21,0,0,5,2,5,3,3,0,0.0,0,1,1,43,43,0
10,76,0.0,38.0,136.0,58,4,2,1,2,3,2,0,0,136,0.0,0,2,1,114,76,0
263,0,0.0,0.0,0.0,124,14,27,0,18,4,31,46,1,0,0.0,0,38,7,899,209,0
109,6,-2.0,2.0,17.0,124,1,5,1,19,1,24,52,0,17,0.0,0,6,1,406,258,0
138,0,0.0,0.0,0.0,124,9,15,0,36,1,14,65,8,0,0.0,0,16,4,522,182,0
3,0,0.0,0.0,0.0,124,85,3,0,0,4,3,0,0,0,0.0,0,3,2,33,31,0
64,0,0.0,0.0,0.0,95,84,3,0,23,3,10,16,33,0,0.0,0,4,2,148,135,0
13,0,0.0,0.0,0.0,97,97,1,0,0,1,0,1,0,0,0.0,0,1,1,46,46,0
38,0,0.0,0.0,0.0,12,10,2,0,11,2,9,13,0,0,0.0,0,2,1,88,84,0
162,0,0.0,0.0,0.0,124,10,21,0,38,1,27,55,81,0,0.0,0,33,6,654,224,0
244,0,0.0,0.0,0.0,89,10,12,0,55,2,25,67,26,0,0.0,0,15,4,561,370,0
57,0,0.0,0.0,0.0,124,12,6,0,17,2,13,5,44,0,0.0,0,7,3,222,129,1
88,0,0.0,0.0,0.0,124,10,12,0,4,5,13,6,0,0,0.0,0,19,6,422,119,0
103,0,0.0,0.0,0.0,58,10,7,0,29,1,20,50,17,0,0.0,0,7,1,179,81,0
123,0,0.0,0.0,0.0,124,15,10,0,38,2,13,7,422,0,0.0,0,12,4,314,207,0
6,178,0.0,89.0,136.0,85,4,11,1,4,1,13,0,6,136,0.0,0,12,4,354,178,0
17,102,0.0,51.0,136.0,85,4,4,1,4,2,8,3,0,136,0.0,0,4,3,153,102,0
27,0,0.0,0.0,0.0,124,47,4,0,7,2,9,2,6,0,0.0,0,5,3,88,69,0
116,0,0.0,0.0,0.0,97,10,10,0,29,1,16,50,0,0,0.0,0,12,3,447,239,1
241,1,-1.0,0.0,42.0,124,8,37,1,50,4,32,71,0,42,0.0,0,41,7,1482,247,1
54,0,0.0,0.0,0.0,0,0,0,0,14,1,4,5,81,0,0.0,0,0,0,0,0,0
131,0,0.0,0.0,0.0,124,10,13,0,33,2,27,51,36,0,0.0,0,14,5,364,170,0
23,0,0.0,0.0,0.0,124,47,6,0,7,3,8,3,2,0,0.0,0,8,4,129,66,0
88,0,0.0,0.0,0.0,124,36,4,0,20,2,11,18,4,0,0.0,0,8,4,339,183,0
327,19,9.0,14.0,1.0,124,6,32,1,36,4,36,59,3,1,0.0,0,46,7,1931,436,1
423,0,0.0,0.0,0.0,10,9,5,0,89,2,18,77,165,0,0.0,0,5,2,608,406,1
392,0,0.0,0.0,0.0,124,9,12,0,57,2,11,10,17,0,0.0,0,12,3,903,254,0
40,0,0.0,0.0,0.0,124,11,11,0,16,2,5,10,9,0,0.0,0,17,4,379,150,0
53,0,0.0,0.0,0.0,124,43,5,0,14,1,9,18,0,0,0.0,0,5,3,160,67,0
75,306,0.0,153.0,136.0,85,4,8,1,26,2,8,1,127,136,0.0,0,8,3,571,306,0
134,0,0.0,0.0,0.0,124,11,12,0,17,2,22,36,0,0,0.0,0,21,5,836,174,0
128,0,0.0,0.0,0.0,124,11,6,0,44,2,20,25,97,0,0.0,0,9,4,463,196,0
50,0,0.0,0.0,0.0,95,84,5,0,19,3,8,11,14,0,0.0,0,6,2,131,118,0
63,0,0.0,0.0,0.0,124,34,16,0,14,2,8,16,21,0,0.0,0,21,4,588,181,0
69,0,0.0,0.0,0.0,48,36,2,0,8,3,21,11,7,0,0.0,0,2,1,190,184,0
204,0,0.0,0.0,0.0,124,37,17,0,45,3,30,53,0,0,0.0,0,24,6,1061,434,0
175,0,0.0,0.0,0.0,10,10,1,0,37,2,17,65,22,0,0.0,0,1,1,335,335,0
150,2,0.0,1.0,17.0,21,1,1,1,45,1,15,50,0,17,0.0,0,3,1,239,233,0
191,0,0.0,0.0,0.0,58,44,5,0,43,3,28,60,0,0,0.0,0,5,1,478,398,0
122,0,0.0,0.0,0.0,124,17,22,0,6,5,24,16,1,0,0.0,0,29,7,624,235,0
17,0,0.0,0.0,0.0,47,47,1,0,4,2,6,0,2,0,0.0,0,1,1,57,57,0
70,0,0.0,0.0,0.0,124,10,12,0,19,2,8,24,3,0,0.0,0,14,5,314,109,0
91,0,0.0,0.0,0.0,36,36,0,0,5,3,7,3,2,0,0.0,0,1,1,164,164,1
15,122,0.0,61.0,136.0,85,4,4,1,3,1,2,2,1,136,0.0,0,6,4,193,122,0
107,0,0.0,0.0,0.0,50,43,2,0,25,1,11,27,151,0,0.0,0,3,1,224,202,0
67,167,25.75,33.75,8.0,5,4,3,3,15,1,3,23,0,11,1.8001,0,4,1,167,74,0
94,60,-2.0,29.0,42.0,124,8,12,1,24,2,19,32,1,42,0.0,0,14,6,750,188,1
61,0,0.0,0.0,0.0,124,9,8,0,27,2,13,16,36,0,0.0,0,9,3,187,86,0
5,0,0.0,0.0,0.0,124,41,9,0,2,2,1,0,1,0,0.0,0,11,3,513,231,0
15,0,0.0,0.0,0.0,124,10,8,0,13,1,5,0,78,0,0.0,0,8,4,70,56,0
101,8,0.0,4.0,3.0,124,5,9,1,32,2,14,16,269,3,0.0,0,9,3,345,188,0
11,104,0.0,52.0,136.0,85,4,14,1,0,1,0,1,0,136,0.0,0,20,4,251,104,0
4,76,0.0,38.0,136.0,85,4,5,1,1,1,2,2,0,136,0.0,0,7,4,124,76,0
94,0,0.0,0.0,0.0,124,11,17,0,3,6,18,7,3,0,0.0,0,24,7,427,179,0
44,0,0.0,0.0,0.0,124,124,1,0,6,2,8,22,1,0,0.0,0,1,1,100,100,0
87,326,0.0,163.0,136.0,85,4,11,1,23,6,10,8,155,136,0.0,0,13,3,611,326,0
26,210,0.0,105.0,136.0,45,4,7,1,8,1,2,4,8,136,0.0,0,7,2,323,210,0
38,5,-1.0,2.0,8.0,124,0,6,1,5,5,7,13,3,8,0.0,0,10,6,332,190,0
33,0,0.0,0.0,0.0,89,76,5,0,3,4,8,1,1,0,0.0,0,6,4,127,101,0
2,0,0.0,0.0,0.0,43,11,3,0,0,2,3,0,0,0,0.0,0,3,2,39,26,0
106,18,-8.0,5.0,8.0,124,0,10,1,20,3,9,15,28,8,0.0,0,11,5,413,214,0
41,0,0.0,0.0,0.0,124,13,17,0,1,4,15,6,0,0,0.0,0,21,7,204,102,0
34,1,-1.0,0.0,17.0,124,1,3,1,13,2,5,2,20,17,0.0,0,4,2,104,93,0
8,0,0.0,0.0,0.0,43,43,1,0,2,1,6,2,1,0,0.0,0,1,1,48,48,0
58,0,0.0,0.0,0.0,10,10,1,0,19,2,8,8,83,0,0.0,0,1,1,133,133,0
55,4,0.0,2.0,42.0,124,8,9,1,4,2,16,10,0,42,0.0,0,10,6,180,107,0
254,25,-21.0,2.0,18.0,85,5,19,1,65,1,34,87,23,18,0.0,0,25,5,845,451,0
67,0,0.0,0.0,0.0,80,10,5,0,13,1,15,29,15,0,0.0,0,7,1,197,142,0
48,0,0.0,0.0,0.0,42,42,1,0,8,1,11,21,0,0,0.0,0,1,1,92,92,0
247,0,0.0,0.0,0.0,10,9,4,0,63,2,32,87,105,0,0.0,0,4,1,624,262,0
145,150,5.0,21.25,1.0,124,9,26,4,37,1,28,56,24,1,1.8206,0,31,7,754,157,0
42,0,0.0,0.0,0.0,10,9,2,0,11,1,6,0,43,0,0.0,0,2,2,19,17,0
12,97,97.0,97.0,13.0,4,4,1,1,2,1,0,1,1,13,0.0,0,1,1,97,97,0
107,40,-2.0,19.0,1.0,124,0,8,1,12,6,10,15,4,1,0.0,0,15,7,578,322,0
171,0,0.0,0.0,0.0,10,9,2,0,50,1,36,71,19,0,0.0,0,2,2,12,11,1
24,0,0.0,0.0,0.0,124,50,3,0,6,2,7,0,9,0,0.0,0,3,2,90,69,0
112,0,0.0,0.0,0.0,9,9,4,0,23,2,5,9,4,0,0.0,0,4,1,208,150,0
208,0,0.0,0.0,0.0,124,17,21,0,4,5,28,24,1,0,0.0,0,34,7,1324,493,0
42,194,0.0,97.0,136.0,85,4,5,1,11,2,7,0,45,136,0.0,0,5,2,351,194,0
64,2,0.0,1.0,17.0,91,1,1,1,11,1,8,15,0,17,0.0,0,2,1,129,127,0
39,0,0.0,0.0,0.0,41,41,1,0,5,2,6,14,0,0,0.0,0,1,1,83,83,0
36,0,0.0,0.0,0.0,9,9,2,0,6,1,1,0,3,0,0.0,0,2,1,72,54,0
85,0,0.0,0.0,0.0,124,10,26,0,10,4,21,29,0,0,0.0,0,33,7,434,121,0
50,0,0.0,0.0,0.0,97,35,3,0,12,2,8,23,0,0,0.0,0,3,1,131,109,0
73,132,64.0,65.0,13.0,3,1,1,1,7,1,9,25,1,17,0.1959,0,2,2,132,128,0
197,12,8.0,10.0,11.0,124,5,34,1,49,1,37,78,18,11,0.0,0,37,8,1014,270,0
64,0,0.0,0.0,0.0,124,47,7,0,20,1,8,25,36,0,0.0,0,9,3,158,91,0
56,234,0.0,117.0,136.0,34,4,7,1,15,4,11,0,91,136,0.0,0,7,2,389,234,0
17,0,0.0,0.0,0.0,47,47,1,0,4,2,6,0,2,0,0.0,0,1,1,57,57,0
140,0,0.0,0.0,0.0,97,11,14,0,2,2,19,8,1,0,0.0,0,16,5,856,185,0
32,0,0.0,0.0,0.0,34,9,4,0,11,1,4,0,55,0,0.0,0,5,2,195,69,0
3,0,0.0,0.0,0.0,124,85,3,0,0,4,3,0,0,0,0.0,0,3,2,33,31,0
56,0,0.0,0.0,0.0,124,36,10,0,3,3,9,2,3,0,0.0,0,11,4,1349,600,0
13,0,0.0,0.0,0.0,124,36,2,0,2,3,5,2,0,0,0.0,0,3,2,60,46,0
16,0,0.0,0.0,0.0,124,68,2,0,4,5,8,6,1,0,0.0,0,6,3,82,62,0
3,54,0.0,27.0,136.0,85,4,3,1,0,2,1,0,0,136,0.0,0,4,2,87,54,0
10,78,0.0,39.0,136.0,58,4,2,1,2,3,3,0,0,136,0.0,0,2,1,117,78,0
34,0,0.0,0.0,0.0,124,37,5,0,10,1,9,22,0,0,0.0,0,6,3,177,82,0
21,0,0.0,0.0,0.0,37,37,0,0,5,2,7,0,6,0,0.0,0,1,1,66,66,0
205,0,0.0,0.0,0.0,124,10,18,0,50,2,32,63,12,0,0.0,0,29,6,707,221,0
115,0,0.0,0.0,0.0,124,9,9,0,36,1,22,40,4,0,0.0,0,14,3,446,138,1
167,0,0.0,0.0,0.0,124,34,12,0,37,3,31,62,60,0,0.0,0,13,4,549,214,0
39,0,0.0,0.0,0.0,41,41,1,0,5,1,11,14,0,0,0.0,0,1,1,108,108,0
46,0,0.0,0.0,0.0,124,10,7,0,11,2,7,20,0,0,0.0,0,7,3,138,90,0
17,104,0.0,52.0,136.0,85,4,4,1,4,2,4,0,2,136,0.0,0,4,2,164,104,0
52,0,0.0,0.0,0.0,95,17,4,0,16,1,12,5,91,0,0.0,0,8,3,190,102,0
7,238,0.0,119.0,136.0,85,4,11,1,5,1,16,0,10,136,0.0,0,13,3,588,238,0
128,0,0.0,0.0,0.0,124,11,17,0,4,3,21,15,1,0,0.0,0,28,7,833,224,0
329,13,-1.0,6.0,42.0,124,8,56,1,73,4,37,104,37,42,0.0,0,63,7,3981,643,0
44,0,0.0,0.0,0.0,85,10,8,0,11,2,17,30,1,0,0.0,0,13,4,213,112,0
54,0,0.0,0.0,0.0,10,10,1,0,15,2,13,4,37,0,0.0,0,1,1,153,153,0
585,0,0.0,0.0,0.0,124,10,26,0,206,1,62,164,46,0,0.0,0,32,7,2299,755,1
82,0,0.0,0.0,0.0,47,47,1,0,8,2,12,8,0,0,0.0,0,1,1,171,171,0
88,0,0.0,0.0,0.0,97,41,6,0,11,1,19,42,0,0,0.0,0,8,2,287,209,0
209,0,0.0,0.0,0.0,90,9,7,0,84,1,9,66,45,0,0.0,0,12,4,629,346,0
171,0,0.0,0.0,0.0,124,36,12,0,6,2,17,6,1,0,0.0,0,18,5,626,185,0
17,98,0.0,49.0,136.0,34,4,3,1,4,5,3,0,2,136,0.0,0,3,2,147,98,0
35,0,0.0,0.0,0.0,81,40,2,0,9,1,0,4,4,0,0.0,0,2,1,98,69,0
78,0,0.0,0.0,0.0,34,9,7,0,16,3,28,30,0,0,0.0,0,7,2,283,159,0
62,0,0.0,0.0,0.0,34,9,5,0,17,4,14,3,122,0,0.0,0,5,2,199,119,0
82,0,0.0,0.0,0.0,43,34,4,0,19,1,3,20,1,0,0.0,0,5,2,229,140,0
249,0,0.0,0.0,0.0,89,11,16,0,26,4,24,36,0,0,0.0,0,24,5,1493,365,0
79,0,0.0,0.0,0.0,77,33,5,0,11,4,17,18,1,0,0.0,0,13,3,276,156,1
304,72,-14.0,29.0,4.0,124,0,9,1,96,3,44,60,1158,4,0.0,0,11,4,1010,416,0
49,202,0.0,101.0,136.0,85,4,6,1,16,3,5,1,54,136,0.0,0,7,2,315,202,0
23,0,0.0,0.0,0.0,124,47,4,0,7,3,8,3,2,0,0.0,0,5,3,105,59,0
38,0,0.0,0.0,0.0,9,9,1,0,16,2,9,29,0,0,0.0,0,1,1,84,84,0
45,109,4.43,10.0,8.14,9,4,10,6,10,2,4,8,0,11,2.3428,0,11,1,190,44,0
155,0,0.0,0.0,0.0,124,13,12,0,14,3,18,22,2,0,0.0,0,18,5,623,309,0
4,68,0.0,34.0,136.0,85,4,4,1,1,1,2,2,0,136,0.0,0,6,3,106,68,0
8,0,0.0,0.0,0.0,81,35,4,0,6,1,10,0,15,0,0.0,0,4,3,164,62,0
67,0,0.0,0.0,0.0,124,11,6,0,37,2,9,11,171,0,0.0,0,8,2,315,168,0
33,0,0.0,0.0,0.0,60,36,5,0,8,3,8,0,26,0,0.0,0,5,1,179,126,0
59,266,0.0,133.0,136.0,85,4,16,1,15,2,14,24,0,136,0.0,0,16,5,660,266,0
44,0,0.0,0.0,0.0,124,43,7,0,10,1,15,14,0,0,0.0,0,7,2,147,89,0
10,15,-0.5,3.5,7.5,9,2,4,2,0,1,0,0,0,13,0.971,0,4,2,105,72,0
48,218,0.0,109.0,136.0,85,4,7,1,15,3,7,1,68,136,0.0,0,7,3,341,218,0
46,2,0.0,1.0,8.0,124,0,8,1,6,4,8,9,4,8,0.0,0,13,6,135,87,0
19,598,0.0,299.0,136.0,85,4,15,1,17,1,21,0,136,136,0.0,0,15,4,1170,598,1
17,0,0.0,0.0,0.0,124,58,3,0,4,2,5,0,2,0,0.0,0,3,2,59,55,0
26,156,0.0,78.0,136.0,85,4,5,1,6,2,7,1,3,136,0.0,0,6,2,284,156,0
11,0,0.0,0.0,0.0,124,41,5,0,4,1,5,4,1,0,0.0,0,5,3,257,110,0
229,0,0.0,0.0,0.0,124,9,25,0,57,1,27,158,70,0,0.0,0,29,4,1088,315,0
95,18,18.0,18.0,42.0,124,8,25,1,17,4,25,14,9,42,0.0,0,34,7,426,216,0
31,0,0.0,0.0,0.0,124,85,2,0,5,1,1,10,8,0,0.0,0,2,2,76,75,0
23,0,0.0,0.0,0.0,124,12,6,0,7,3,8,3,2,0,0.0,0,8,5,154,66,0
61,0,0.0,0.0,0.0,11,11,1,0,5,3,21,18,0,0,0.0,0,1,1,159,159,0
8,57,57.0,57.0,13.0,4,4,1,1,1,1,0,1,0,13,0.0,0,1,1,57,57,0
160,8,0.0,4.0,3.0,124,5,19,1,48,3,27,8,779,3,0.0,0,22,4,709,356,0
57,0,0.0,0.0,0.0,124,27,13,0,23,1,17,22,0,0,0.0,0,15,5,233,123,0
77,0,0.0,0.0,0.0,97,13,14,0,9,2,22,12,0,0,0.0,0,24,6,415,104,0
134,0,0.0,0.0,0.0,124,9,25,0,28,2,16,40,91,0,0.0,0,26,4,478,180,0
3,64,0.0,32.0,136.0,85,4,2,1,1,1,1,0,0,136,0.0,0,3,2,98,64,0
90,0,0.0,0.0,0.0,90,64,1,0,20,1,5,9,100,0,0.0,0,3,3,180,154,0
36,0,0.0,0.0,0.0,9,9,1,0,6,1,14,7,1,0,0.0,0,1,1,77,77,0
44,0,0.0,0.0,0.0,9,9,1,0,10,2,8,16,0,0,0.0,0,1,1,78,78,0
16,108,0.0,54.0,136.0,85,4,4,1,4,2,3,0,0,136,0.0,0,5,2,169,108,0
25,0,0.0,0.0,0.0,72,72,1,0,4,2,5,1,0,0,0.0,0,1,1,72,72,0
27,0,0.0,0.0,0.0,124,11,4,0,4,6,11,10,1,0,0.0,0,7,5,80,59,0
84,0,0.0,0.0,0.0,84,10,4,0,22,1,13,21,54,0,0.0,0,4,2,234,180,0
80,380,0.0,190.0,136.0,85,4,8,1,22,3,6,0,139,136,0.0,0,10,3,648,380,0
4,248,47.0,85.5,11.5,9,4,4,2,0,1,0,0,0,13,0.1191,0,4,1,349,244,0
162,0,0.0,0.0,0.0,89,10,19,0,16,3,16,17,4,0,0.0,0,22,5,465,203,0
42,0,0.0,0.0,0.0,89,47,4,0,11,2,7,13,0,0,0.0,0,4,2,130,93,0
207,0,0.0,0.0,0.0,124,13,18,0,9,4,24,16,1,0,0.0,0,30,7,754,348,0
204,0,0.0,0.0,0.0,60,10,7,0,42,2,20,54,13,0,0.0,0,8,2,429,287,1
400,0,0.0,0.0,0.0,124,17,24,0,10,7,33,24,1,0,0.0,0,35,8,1769,576,0
223,0,0.0,0.0,0.0,124,10,11,0,49,2,21,66,17,0,0.0,0,12,3,559,310,1
26,0,0.0,0.0,0.0,124,36,6,0,6,3,9,5,9,0,0.0,0,7,3,94,67,0
22,0,0.0,0.0,0.0,124,9,11,0,4,1,2,0,4,0,0.0,0,11,3,117,43,0
7,198,0.0,99.0,136.0,85,4,9,1,5,1,12,0,10,136,0.0,0,9,3,405,198,0
59,0,0.0,0.0,0.0,124,11,10,0,3,5,13,8,1,0,0.0,0,14,6,274,119,0
37,0,0.0,0.0,0.0,40,40,1,0,10,2,3,0,35,0,0.0,0,1,1,79,79,0
11,5,1.0,3.0,42.0,95,8,4,1,2,2,6,4,0,42,0.0,0,4,3,67,41,0
191,0,0.0,0.0,0.0,34,9,5,0,50,2,28,37,15,0,0.0,0,5,2,450,313,0
246,0,0.0,0.0,0.0,74,10,1,0,58,2,8,74,8,0,0.0,0,4,1,392,376,1
119,0,0.0,0.0,0.0,48,11,9,0,5,7,26,16,0,0,0.0,0,11,3,416,247,0
375,0,0.0,0.0,0.0,124,10,18,0,9,7,33,23,0,0,0.0,0,23,7,1428,410,0
168,552,0.0,276.0,136.0,84,4,23,1,46,1,31,43,45,136,0.0,0,25,5,1654,552,0
57,0,0.0,0.0,0.0,16,13,6,0,18,2,18,22,6,0,0.0,0,6,3,228,112,0
86,0,0.0,0.0,0.0,54,18,2,0,15,1,11,30,1,0,0.0,0,2,1,137,128,0
46,0,0.0,0.0,0.0,101,19,9,0,7,1,16,20,4,0,0.0,0,9,4,229,143,0
83,0,0.0,0.0,0.0,128,16,14,0,20,1,14,24,66,0,0.0,0,16,3,336,115,0
136,0,0.0,0.0,0.0,78,78,0,0,36,2,7,22,0,0,0.0,0,1,1,197,197,0
57,0,0.0,0.0,0.0,128,13,6,0,18,1,10,17,0,0,0.0,0,9,3,316,123,0
51,0,0.0,0.0,0.0,13,8,2,0,9,2,8,16,0,0,0.0,0,2,2,100,94,0
51,0,0.0,0.0,0.0,13,7,6,0,7,1,5,11,0,0,0.0,0,7,1,135,78,0
245,2,0.0,1.0,8.0,128,0,23,1,62,3,36,58,10,8,0.0,0,27,5,1064,461,0
3,0,0.0,0.0,0.0,128,51,4,0,0,4,3,0,0,0,0.0,0,4,2,37,28,0
46,0,0.0,0.0,0.0,128,60,13,0,24,2,9,24,0,0,0.0,0,14,5,431,135,0
283,33,25.0,29.0,61.0,128,2,22,1,95,5,34,51,1461,61,0.0,0,31,8,1023,544,0
44,0,0.0,0.0,0.0,92,85,4,0,1,4,12,4,0,0,0.0,0,5,4,119,108,0
13,0,0.0,0.0,0.0,88,8,11,0,11,1,22,0,55,0,0.0,0,11,3,735,368,0
122,0,0.0,0.0,0.0,14,14,1,0,32,2,12,37,19,0,0.0,0,1,1,10,10,0
38,0,0.0,0.0,0.0,19,8,2,0,10,2,5,0,35,0,0.0,0,2,1,310,308,0
16,0,0.0,0.0,0.0,0,0,0,0,4,1,1,1,0,0,0.0,0,0,0,0,0,0
15,0,0.0,0.0,0.0,70,19,0,0,4,1,1,1,0,0,0.0,0,3,2,91,37,0
525,43,14.5,18.0,41.0,98,1,22,2,109,2,51,140,484,61,0.3651,0,27,6,1419,666,1
43,0,0.0,0.0,0.0,98,46,7,0,6,1,13,30,3,0,0.0,0,7,5,175,65,0
119,0,0.0,0.0,0.0,88,8,21,0,31,2,17,37,26,0,0.0,0,21,4,1207,444,1
80,0,0.0,0.0,0.0,128,21,19,0,4,4,17,15,3,0,0.0,0,25,7,490,154,0
85,0,0.0,0.0,0.0,14,14,1,0,18,3,23,45,39,0,0.0,0,1,1,42,42,0
35,0,0.0,0.0,0.0,62,43,3,0,11,2,4,4,28,0,0.0,0,3,2,128,91,0
15,0,0.0,0.0,0.0,88,8,12,0,13,1,21,0,78,0,0.0,0,15,3,819,390,0
86,0,0.0,0.0,0.0,88,8,9,0,22,2,12,7,170,0,0.0,0,10,4,669,354,0
90,0,0.0,0.0,0.0,98,64,2,0,27,1,7,14,137,0,0.0,0,3,2,165,156,0
114,0,0.0,0.0,0.0,128,21,18,0,1,5,21,12,0,0,0.0,0,25,7,1110,483,0
50,0,0.0,0.0,0.0,128,41,4,0,17,1,11,20,0,0,0.0,0,4,2,134,92,0
3,0,0.0,0.0,0.0,128,88,3,0,0,4,3,0,0,0,0.0,0,3,2,33,31,0
13,0,0.0,0.0,0.0,13,13,2,0,2,1,1,6,0,0,0.0,0,2,1,41,23,0
52,0,0.0,0.0,0.0,128,21,16,0,7,3,10,10,10,0,0.0,0,24,6,494,221,0
163,0,0.0,0.0,0.0,14,8,2,0,50,2,8,16,159,0,0.0,0,2,1,526,508,0
24,0,0.0,0.0,0.0,88,8,5,0,6,2,8,2,11,0,0.0,0,7,2,237,138,1
132,0,0.0,0.0,0.0,128,15,20,0,4,3,22,15,1,0,0.0,0,31,7,854,234,0
282,0,0.0,0.0,0.0,128,3,20,0,74,2,53,158,19,0,0.0,0,22,6,734,232,1
304,0,0.0,0.0,0.0,93,41,4,0,14,2,16,21,0,0,0.0,0,8,3,347,291,0
93,0,0.0,0.0,0.0,128,62,5,0,1,3,17,12,0,0,0.0,0,10,5,263,194,0
33,0,0.0,0.0,0.0,89,78,3,0,6,1,4,8,3,0,0.0,0,3,2,134,84,0
99,2,0.0,1.0,1.0,128,1,22,1,17,3,20,27,136,1,0.0,0,22,5,551,134,1
50,0,0.0,0.0,0.0,16,13,5,0,14,2,17,16,4,0,0.0,0,5,3,184,99,0
10,0,0.0,0.0,0.0,128,88,2,0,3,3,2,0,1,0,0.0,0,2,2,43,40,0
63,0,0.0,0.0,0.0,88,8,11,0,16,2,12,13,0,0,0.0,0,12,4,441,232,0
65,0,0.0,0.0,0.0,88,8,7,0,19,1,6,17,0,0,0.0,0,7,2,617,402,0
8,0,0.0,0.0,0.0,128,67,2,0,2,4,0,0,1,0,0.0,0,3,3,35,31,0
3,0,0.0,0.0,0.0,128,54,4,0,0,4,3,0,0,0,0.0,0,4,2,37,32,0
17,5,5.0,5.0,61.0,48,2,9,1,1,1,0,0,0,61,0.0,0,9,1,153,64,0
31,0,0.0,0.0,0.0,128,88,4,0,8,3,4,0,20,0,0.0,0,4,3,73,51,0
69,90,18.0,24.0,8.33,13,0,14,3,11,1,5,18,0,11,1.144,0,15,2,264,53,0
304,0,0.0,0.0,0.0,128,14,20,0,89,3,45,94,431,0,0.0,0,21,5,767,186,0
45,0,0.0,0.0,0.0,128,14,5,0,16,1,2,23,15,0,0.0,0,9,3,186,135,0
42,0,0.0,0.0,0.0,0,0,0,0,11,2,8,0,45,0,0.0,0,0,0,0,0,0
83,0,0.0,0.0,0.0,14,13,4,0,15,3,22,32,45,0,0.0,0,4,1,219,163,1
43,2,2.0,2.0,21.0,128,1,8,1,1,1,0,0,0,21,0.0,0,13,2,158,96,0
26,0,0.0,0.0,0.0,48,48,1,0,5,2,7,6,8,0,0.0,0,1,1,69,69,0
20,0,0.0,0.0,0.0,39,39,1,0,4,2,4,3,0,0,0.0,0,1,1,22,22,0
3,0,0.0,0.0,0.0,14,14,1,0,0,4,3,0,0,0,0.0,0,1,1,31,31,0
66,0,0.0,0.0,0.0,128,88,5,0,18,3,12,6,100,0,0.0,0,5,3,148,122,0
65,0,0.0,0.0,0.0,88,8,15,0,17,2,18,24,0,0,0.0,0,16,4,708,302,0
10,0,0.0,0.0,0.0,128,86,3,0,3,3,2,0,1,0,0.0,0,3,3,44,40,0
25,0,0.0,0.0,0.0,108,16,6,0,5,1,3,9,3,0,0.0,0,6,4,87,54,0
29,0,0.0,0.0,0.0,13,13,1,0,6,3,6,15,1,0,0.0,0,1,1,70,70,0
32,0,0.0,0.0,0.0,101,13,12,0,11,1,6,0,55,0,0.0,0,13,6,222,63,0
88,0,0.0,0.0,0.0,128,62,7,0,1,3,14,8,0,0,0.0,0,9,5,263,195,0
9,0,0.0,0.0,0.0,88,8,4,0,2,1,1,0,0,0,0.0,0,4,2,123,82,0
50,0,0.0,0.0,0.0,93,40,6,0,3,3,7,2,3,0,0.0,0,8,4,139,72,0
105,2,0.0,1.0,8.0,128,0,17,1,30,3,21,16,0,8,0.0,0,20,5,630,264,0
25,0,0.0,0.0,0.0,128,13,9,0,6,2,11,2,11,0,0.0,0,9,3,106,75,0
122,0,0.0,0.0,0.0,15,13,2,0,9,4,18,21,0,0,0.0,0,2,2,239,150,0
83,0,0.0,0.0,0.0,14,13,3,0,15,3,22,33,45,0,0.0,0,3,1,224,165,0
38,2,0.0,1.0,1.0,78,2,4,1,6,1,6,10,0,1,0.0,0,5,2,224,110,0
37,0,0.0,0.0,0.0,128,4,8,0,7,4,9,11,15,0,0.0,0,13,6,130,79,0
109,0,0.0,0.0,0.0,128,16,10,0,6,2,16,6,1,0,0.0,0,16,5,522,176,0
158,0,0.0,0.0,0.0,128,16,16,0,35,2,13,19,190,0,0.0,0,18,5,737,300,0
186,0,0.0,0.0,0.0,48,14,3,0,51,1,16,44,74,0,0.0,0,4,2,347,320,0
167,0,0.0,0.0,0.0,128,47,8,0,42,1,2,15,0,0,0.0,0,10,4,449,282,0
140,0,0.0,0.0,0.0,128,37,13,0,18,2,36,32,21,0,0.0,0,17,4,543,175,0
87,0,0.0,0.0,0.0,88,8,6,0,25,3,5,1,252,0,0.0,0,8,3,562,312,0
644,0,0.0,0.0,0.0,128,9,20,0,194,1,59,27,0,0,0.0,0,22,5,1057,401,0
38,0,0.0,0.0,0.0,0,0,0,0,4,2,8,21,0,0,0.0,0,0,0,0,0,0
66,0,0.0,0.0,0.0,93,51,5,0,3,3,5,6,1,0,0.0,0,6,4,171,80,0
53,0,0.0,0.0,0.0,85,5,4,0,15,1,4,18,0,0,0.0,0,4,2,246,161,0
53,0,0.0,0.0,0.0,128,88,4,0,4,2,15,11,0,0,0.0,0,5,3,207,107,0
79,0,0.0,0.0,0.0,128,128,1,0,20,1,3,25,5,0,0.0,0,1,1,178,178,0
13,0,0.0,0.0,0.0,8,8,1,0,4,1,0,3,6,0,0.0,0,1,1,96,96,0
48,0,0.0,0.0,0.0,13,8,2,0,5,2,7,18,0,0,0.0,0,2,2,96,90,0
82,0,0.0,0.0,0.0,54,14,3,0,19,2,21,21,1,0,0.0,0,3,1,139,127,0
58,0,0.0,0.0,0.0,39,39,1,0,10,3,9,8,0,0,0.0,0,1,1,14,14,0
30,0,0.0,0.0,0.0,128,63,2,0,9,2,5,8,21,0,0.0,0,3,2,133,104,0
3,0,0.0,0.0,0.0,128,51,4,0,0,4,3,0,0,0,0.0,0,4,2,37,28,0
27,0,0.0,0.0,0.0,88,79,2,0,5,2,4,6,6,0,0.0,0,2,2,113,101,0
32,0,0.0,0.0,0.0,128,51,6,0,9,3,6,2,32,0,0.0,0,6,2,92,72,0
46,0,0.0,0.0,0.0,89,14,8,0,7,2,9,14,1,0,0.0,0,11,3,608,222,0
67,0,0.0,0.0,0.0,88,8,9,0,22,2,9,16,37,0,0.0,0,10,5,422,244,0
25,0,0.0,0.0,0.0,13,13,1,0,6,1,3,12,0,0,0.0,0,1,1,63,63,0
27,0,0.0,0.0,0.0,128,13,16,0,9,5,11,6,11,0,0.0,0,17,5,352,152,0
6,0,0.0,0.0,0.0,12,8,2,0,0,1,0,0,0,0,0.0,0,2,1,35,27,0
16,0,0.0,0.0,0.0,51,51,1,0,2,1,6,8,0,0,0.0,0,1,1,54,54,0
127,0,0.0,0.0,0.0,51,15,3,0,35,3,18,16,332,0,0.0,0,3,1,247,209,0
63,0,0.0,0.0,0.0,40,17,2,0,4,5,17,10,1,0,0.0,0,3,3,146,140,0
178,0,0.0,0.0,0.0,88,8,6,0,50,3,6,0,993,0,0.0,0,9,4,1233,734,0
167,0,0.0,0.0,0.0,88,8,7,0,58,4,8,2,865,0,0.0,0,9,2,971,602,0
326,23,6.5,9.0,28.0,88,1,11,2,71,1,18,138,55,35,0.9986,0,14,4,1729,990,0
37,0,0.0,0.0,0.0,128,45,12,0,12,3,13,8,43,0,0.0,0,15,4,367,84,0
27,0,0.0,0.0,0.0,128,62,3,0,2,5,7,5,0,0,0.0,0,7,4,101,67,0
6,0,0.0,0.0,0.0,13,13,2,0,0,1,0,0,0,0,0.0,0,2,1,331,313,0
410,0,0.0,0.0,0.0,98,9,26,0,134,1,43,107,43,0,0.0,0,42,6,1273,338,0
31,0,0.0,0.0,0.0,128,14,8,0,7,2,6,10,0,0,0.0,0,9,5,111,71,0
205,172,38.67,48.0,21.0,128,1,31,3,5,3,25,29,1,35,1.0797,0,36,6,898,271,0
26,0,0.0,0.0,0.0,88,8,8,0,6,2,6,0,5,0,0.0,0,9,2,364,188,0
31,0,0.0,0.0,0.0,62,51,3,0,12,2,6,1,16,0,0.0,0,3,2,153,104,0
121,0,0.0,0.0,0.0,128,38,4,0,34,1,15,6,3,0,0.0,0,7,3,336,121,0
260,0,0.0,0.0,0.0,89,13,31,0,81,1,31,111,257,0,0.0,0,35,5,1735,699,0
4,99,99.0,99.0,11.0,0,0,1,1,0,1,0,0,0,11,0.0,0,1,1,99,99,0
10,0,0.0,0.0,0.0,17,13,3,0,3,3,2,0,1,0,0.0,0,3,2,45,40,0
83,0,0.0,0.0,0.0,98,84,5,0,25,2,12,4,127,0,0.0,0,5,3,197,155,0
8,0,0.0,0.0,0.0,128,40,3,0,2,2,5,1,1,0,0.0,0,4,2,48,42,0
17,0,0.0,0.0,0.0,51,51,1,0,4,3,6,0,2,0,0.0,0,1,1,58,58,0
262,0,0.0,0.0,0.0,47,45,4,0,32,2,27,59,21,0,0.0,0,5,3,502,316,0
87,0,0.0,0.0,0.0,128,38,8,0,22,2,15,29,55,0,0.0,0,9,3,282,164,0
389,0,0.0,0.0,0.0,128,9,35,0,47,2,32,52,14,0,0.0,0,44,8,2071,553,0
92,0,0.0,0.0,0.0,128,21,18,0,5,4,19,21,1,0,0.0,0,24,7,523,96,0
81,0,0.0,0.0,0.0,128,48,11,0,9,2,13,7,0,0,0.0,0,15,4,560,140,1
95,0,0.0,0.0,0.0,14,12,2,0,23,3,22,50,36,0,0.0,0,2,2,53,51,0
53,17,17.0,17.0,61.0,98,2,10,1,19,1,11,20,129,61,0.0,0,11,6,189,118,0
37,0,0.0,0.0,0.0,128,15,12,0,8,2,8,14,10,0,0.0,0,12,4,173,37,0
21,0,0.0,0.0,0.0,39,8,3,0,5,2,7,0,6,0,0.0,0,3,2,257,162,0
54,0,0.0,0.0,0.0,128,16,6,0,15,3,13,4,37,0,0.0,0,7,3,223,150,1
48,103,103.0,103.0,21.0,1,1,1,1,1,4,11,7,0,21,0.0,0,1,1,103,103,0
4,0,0.0,0.0,0.0,15,8,2,0,2,1,2,0,0,0,0.0,0,2,1,102,68,0
193,0,0.0,0.0,0.0,128,13,30,0,67,1,33,104,21,0,0.0,0,38,7,824,236,0
12,0,0.0,0.0,0.0,92,71,2,0,3,5,8,4,0,0,0.0,0,4,3,68,54,0
24,0,0.0,0.0,0.0,128,14,2,0,8,3,9,4,11,0,0.0,0,5,2,82,74,0
149,0,0.0,0.0,0.0,128,14,8,0,68,2,18,46,144,0,0.0,0,12,3,421,164,0
20,0,0.0,0.0,0.0,44,43,2,0,6,1,1,3,0,0,0.0,0,2,1,65,58,0
21,0,0.0,0.0,0.0,13,13,3,0,4,1,3,2,0,0,0.0,0,3,1,56,31,0
20,0,0.0,0.0,0.0,38,13,5,0,5,5,3,1,6,0,0.0,0,5,1,99,34,0
23,0,0.0,0.0,0.0,128,4,3,0,4,4,6,7,1,0,0.0,0,7,3,89,64,0
92,0,0.0,0.0,0.0,128,62,7,0,23,1,17,42,17,0,0.0,0,9,4,220,157,0
4,0,0.0,0.0,0.0,128,88,2,0,1,1,5,1,0,0,0.0,0,2,2,41,36,0
278,0,0.0,0.0,0.0,128,13,22,0,33,5,30,49,10,0,0.0,0,34,8,1019,246,1
152,0,0.0,0.0,0.0,128,21,14,0,7,4,16,8,0,0,0.0,0,19,6,653,304,0
41,0,0.0,0.0,0.0,128,62,4,0,7,1,5,21,0,0,0.0,0,5,4,119,102,0
39,0,0.0,0.0,0.0,62,39,4,0,10,3,21,24,0,0,0.0,0,4,2,223,160,0
52,0,0.0,0.0,0.0,128,14,3,0,9,1,7,17,0,0,0.0,0,4,1,124,101,0
431,0,0.0,0.0,0.0,93,9,28,0,149,1,50,141,72,0,0.0,0,36,8,1425,556,0
24,0,0.0,0.0,0.0,88,8,6,0,6,5,5,0,9,0,0.0,0,6,3,311,118,0
18,0,0.0,0.0,0.0,88,8,13,0,16,1,28,0,120,0,0.0,0,16,4,1056,490,0
36,0,0.0,0.0,0.0,88,45,3,0,9,2,7,0,28,0,0.0,0,4,2,350,121,0
7,0,0.0,0.0,0.0,88,8,8,0,4,1,2,2,1,0,0.0,0,10,3,165,98,0
11,0,0.0,0.0,0.0,54,8,2,0,3,1,3,2,0,0,0.0,0,2,1,147,98,0
38,0,0.0,0.0,0.0,44,44,1,0,10,2,2,0,35,0,0.0,0,1,1,78,78,0
31,0,0.0,0.0,0.0,13,8,7,0,5,2,8,8,4,0,0.0,0,7,1,111,59,0
22,0,0.0,0.0,0.0,89,47,7,0,3,1,12,14,0,0,0.0,0,8,4,128,84,0
10,0,0.0,0.0,0.0,88,8,5,0,2,2,8,0,0,0,0.0,0,8,2,143,90,0
116,0,0.0,0.0,0.0,89,5,14,0,29,2,35,64,15,0,0.0,0,14,5,508,292,0
44,0,0.0,0.0,0.0,100,13,7,0,6,2,19,5,11,0,0.0,0,12,4,191,75,1
264,12,6.0,9.0,35.0,128,1,28,1,18,4,32,46,1,35,0.0,0,39,7,911,209,1
109,0,0.0,0.0,0.0,128,5,5,0,19,1,24,52,0,0,0.0,0,6,1,406,258,0
13,0,0.0,0.0,0.0,101,101,1,0,0,1,0,1,0,0,0.0,0,1,1,46,46,0
38,0,0.0,0.0,0.0,16,14,2,0,11,2,9,13,0,0,0.0,0,2,1,88,84,0
244,0,0.0,0.0,0.0,93,13,12,0,55,2,25,67,26,0,0.0,0,15,4,561,370,0
57,0,0.0,0.0,0.0,128,16,6,0,17,3,13,5,44,0,0.0,0,7,3,222,129,1
88,0,0.0,0.0,0.0,128,13,12,0,4,5,13,6,0,0,0.0,0,19,6,422,119,0
103,0,0.0,0.0,0.0,62,14,7,0,29,1,20,50,17,0,0.0,0,7,1,179,81,0
123,0,0.0,0.0,0.0,128,19,10,0,38,2,13,7,422,0,0.0,0,12,4,314,207,0
241,2,0.0,1.0,8.0,128,0,38,1,51,4,32,72,0,8,0.0,0,42,8,1484,247,1
23,0,0.0,0.0,0.0,128,51,6,0,7,3,8,3,2,0,0.0,0,8,4,129,66,0
88,0,0.0,0.0,0.0,128,40,4,0,20,2,11,18,4,0,0.0,0,8,4,339,183,0
327,0,0.0,0.0,0.0,128,10,32,0,36,4,36,59,3,0,0.0,0,46,7,1931,436,1
392,0,0.0,0.0,0.0,128,13,12,0,57,2,11,10,17,0,0.0,0,12,3,903,254,0
40,0,0.0,0.0,0.0,128,15,11,0,16,2,5,10,9,0,0.0,0,17,4,379,150,0
75,0,0.0,0.0,0.0,88,8,8,0,26,2,8,1,127,0,0.0,0,8,3,571,306,0
50,0,0.0,0.0,0.0,98,88,5,0,19,3,8,11,14,0,0.0,0,6,2,131,118,0
63,0,0.0,0.0,0.0,128,38,16,0,14,2,8,16,21,0,0.0,0,21,4,588,181,0
175,0,0.0,0.0,0.0,14,14,1,0,37,2,18,63,22,0,0.0,0,1,1,335,335,0
191,0,0.0,0.0,0.0,62,48,5,0,44,3,28,61,0,0,0.0,0,5,1,478,398,1
17,0,0.0,0.0,0.0,51,51,1,0,4,3,6,0,2,0,0.0,0,1,1,57,57,0
97,11,9.0,10.0,2.0,40,0,1,1,5,3,7,3,2,2,0.0,0,2,2,175,164,0
15,0,0.0,0.0,0.0,88,8,4,0,3,1,2,2,1,0,0.0,0,6,4,193,122,0
107,0,0.0,0.0,0.0,54,47,2,0,25,1,11,27,151,0,0.0,0,3,1,224,202,0
85,31,31.0,31.0,11.0,9,1,4,1,17,1,4,29,8,11,0.0,0,5,2,198,74,0
5,0,0.0,0.0,0.0,128,45,9,0,2,2,1,0,1,0,0.0,0,11,3,513,231,0
17,6,6.0,6.0,61.0,128,2,9,1,15,1,6,0,105,61,0.0,0,9,4,76,56,0
38,0,0.0,0.0,0.0,128,4,6,0,5,5,7,13,3,0,0.0,0,10,6,332,190,0
106,0,0.0,0.0,0.0,128,4,10,0,20,3,9,15,28,0,0.0,0,11,5,413,214,0
41,0,0.0,0.0,0.0,128,17,17,0,1,4,15,6,0,0,0.0,0,21,7,204,102,0
247,0,0.0,0.0,0.0,14,13,4,0,63,2,34,87,105,0,0.0,0,4,1,624,262,1
12,0,0.0,0.0,0.0,8,8,1,0,2,1,0,1,1,0,0.0,0,1,1,97,97,0
107,0,0.0,0.0,0.0,128,4,8,0,12,6,10,15,4,0,0.0,0,15,7,578,322,0
171,0,0.0,0.0,0.0,14,13,2,0,50,1,37,71,19,0,0.0,0,2,2,12,11,1
208,0,0.0,0.0,0.0,128,21,21,0,4,5,28,24,1,0,0.0,0,34,7,1324,493,0
39,0,0.0,0.0,0.0,45,45,1,0,5,2,6,14,0,0,0.0,0,1,1,83,83,0
36,0,0.0,0.0,0.0,13,13,2,0,6,1,1,0,3,0,0.0,0,2,1,72,54,0
50,0,0.0,0.0,0.0,101,39,3,0,12,2,8,23,0,0,0.0,0,3,1,131,109,0
73,0,0.0,0.0,0.0,7,5,1,0,7,1,9,25,1,0,0.0,0,2,2,132,128,0
197,0,0.0,0.0,0.0,128,8,34,0,49,1,45,82,18,0,0.0,0,37,8,1014,270,0
56,0,0.0,0.0,0.0,38,8,7,0,15,4,11,0,91,0,0.0,0,7,2,389,234,0
17,0,0.0,0.0,0.0,51,51,1,0,4,3,6,0,2,0,0.0,0,1,1,57,57,0
140,0,0.0,0.0,0.0,100,15,14,0,2,2,19,8,1,0,0.0,0,16,5,856,185,0
17,51,51.0,51.0,61.0,2,2,1,1,4,2,3,0,2,61,0.0,0,1,1,51,51,0
32,0,0.0,0.0,0.0,38,13,4,0,11,1,4,0,55,0,0.0,0,5,2,195,69,0
13,0,0.0,0.0,0.0,128,40,2,0,2,3,5,2,0,0,0.0,0,3,2,60,46,0
16,0,0.0,0.0,0.0,128,71,2,0,4,5,8,6,1,0,0.0,0,6,3,82,62,0
3,0,0.0,0.0,0.0,88,8,3,0,0,2,1,0,0,0,0.0,0,4,2,87,54,0
80,150,150.0,150.0,61.0,2,2,1,1,22,3,13,17,0,61,0.0,0,1,1,150,150,1
21,0,0.0,0.0,0.0,41,41,0,0,5,2,7,0,6,0,0.0,0,1,1,66,66,0
117,5,3.0,4.0,2.0,128,0,10,1,38,1,22,41,4,2,0.0,0,15,4,451,138,0
167,0,0.0,0.0,0.0,128,38,12,0,37,3,31,62,60,0,0.0,0,13,4,549,214,1
46,0,0.0,0.0,0.0,128,14,7,0,11,2,8,21,0,0,0.0,0,7,3,138,90,0
364,53,21.5,24.0,34.5,128,0,58,2,86,4,38,113,103,61,0.2318,0,65,8,4034,643,0
44,0,0.0,0.0,0.0,89,14,8,0,11,2,17,30,1,0,0.0,0,13,4,213,112,0
54,0,0.0,0.0,0.0,14,14,1,0,15,3,13,4,37,0,0.0,0,1,1,153,153,0
584,8,-4.0,2.0,61.0,128,2,27,1,206,1,61,170,46,61,0.0,0,33,7,2307,755,1
88,0,0.0,0.0,0.0,101,45,6,0,11,1,19,42,0,0,0.0,0,8,2,287,209,0
209,0,0.0,0.0,0.0,93,13,7,0,84,1,9,66,45,0,0.0,0,12,4,629,346,0
35,0,0.0,0.0,0.0,85,44,2,0,9,1,0,4,4,0,0.0,0,2,1,98,69,0
78,0,0.0,0.0,0.0,38,13,7,0,16,3,28,30,0,0,0.0,0,7,2,283,159,1
62,0,0.0,0.0,0.0,38,13,5,0,17,4,14,3,122,0,0.0,0,5,2,199,119,0
82,0,0.0,0.0,0.0,47,38,4,0,19,1,3,20,1,0,0.0,0,5,2,229,140,0
246,14,-4.0,5.0,21.0,93,1,17,1,26,4,24,36,0,21,0.0,0,25,5,1507,365,0
304,0,0.0,0.0,0.0,128,3,9,0,96,5,47,60,1158,0,0.0,0,11,4,1010,416,0
59,0,0.0,0.0,0.0,88,8,16,0,15,2,14,24,0,0,0.0,0,16,5,660,266,0
44,0,0.0,0.0,0.0,128,47,7,0,10,1,15,14,0,0,0.0,0,7,2,147,89,0
48,0,0.0,0.0,0.0,88,8,7,0,15,3,7,1,68,0,0.0,0,7,3,341,218,0
46,0,0.0,0.0,0.0,128,4,8,0,6,4,8,9,4,0,0.0,0,13,6,135,87,0
19,0,0.0,0.0,0.0,88,8,15,0,17,1,21,0,136,0,0.0,0,15,4,1170,598,1
96,4,2.0,3.0,35.0,128,1,26,1,17,4,25,13,9,35,0.0,0,35,7,430,216,1
23,0,0.0,0.0,0.0,128,16,6,0,7,3,8,3,2,0,0.0,0,8,5,154,66,0
61,0,0.0,0.0,0.0,15,15,1,0,5,3,21,18,0,0,0.0,0,1,1,159,159,0
8,0,0.0,0.0,0.0,8,8,1,0,1,1,0,1,0,0,0.0,0,1,1,57,57,0
57,0,0.0,0.0,0.0,128,30,13,0,23,1,17,22,0,0,0.0,0,15,5,233,123,0
90,0,0.0,0.0,0.0,93,68,1,0,20,1,5,9,100,0,0.0,0,3,3,180,154,0
25,0,0.0,0.0,0.0,76,76,1,0,4,2,5,1,0,0,0.0,0,1,1,72,72,0
14,21,21.0,21.0,61.0,98,2,8,1,12,1,5,0,66,61,0.0,0,9,5,380,228,0
223,0,0.0,0.0,0.0,128,14,11,0,49,2,22,66,17,0,0.0,0,12,3,559,310,1
22,0,0.0,0.0,0.0,128,13,11,0,4,1,2,0,4,0,0.0,0,11,3,117,43,0
7,0,0.0,0.0,0.0,88,8,9,0,5,1,12,0,10,0,0.0,0,9,3,405,198,0
38,2,2.0,2.0,61.0,44,2,2,1,10,2,3,0,35,61,0.0,0,2,1,81,79,0
11,0,0.0,0.0,0.0,98,12,4,0,2,2,6,4,0,0,0.0,0,4,3,67,41,0
27,0,0.0,0.0,0.0,128,62,4,0,10,2,7,6,0,0,0.0,0,4,2,104,86,0
98,0,0.0,0.0,0.0,128,18,24,0,4,4,18,9,0,0,0.0,0,34,7,399,165,1
59,0,0.0,0.0,0.0,88,8,5,0,16,2,5,0,104,0,0.0,0,5,4,407,270,0
144,0,0.0,0.0,0.0,128,14,30,0,35,3,35,40,0,0,0.0,0,35,5,954,244,1
103,2,0.0,1.0,2.0,128,2,10,1,21,1,8,34,33,2,0.0,0,12,4,377,200,0
22,0,0.0,0.0,0.0,15,15,1,0,8,1,4,7,3,0,0.0,0,1,1,6,6,0
48,0,0.0,0.0,0.0,14,14,2,0,19,2,15,34,3,0,0.0,0,2,2,151,127,0
47,0,0.0,0.0,0.0,41,15,2,0,8,5,8,7,28,0,0.0,0,2,2,123,109,0
11,0,0.0,0.0,0.0,128,40,2,0,3,4,5,0,1,0,0.0,0,6,3,80,50,0
95,0,0.0,0.0,0.0,88,8,11,0,26,2,8,0,301,0,0.0,0,11,5,586,354,0
13,0,0.0,0.0,0.0,87,87,1,0,4,1,3,2,0,0,0.0,0,1,1,36,36,0
134,0,0.0,0.0,0.0,98,41,4,0,39,1,12,20,227,0,0.0,0,5,2,244,216,0
46,0,0.0,0.0,0.0,128,47,8,0,11,2,9,16,28,0,0.0,0,8,3,193,73,0
34,9,7.0,8.0,3.0,8,0,2,1,8,1,3,2,15,3,0.0,0,2,1,72,63,0
60,0,0.0,0.0,0.0,128,14,4,0,19,1,2,6,57,0,0.0,0,6,3,162,110,0
162,0,0.0,0.0,0.0,84,14,4,0,43,1,11,59,0,0,0.0,0,6,1,392,196,0
441,192,176.0,184.0,35.0,128,1,28,1,6,7,42,35,2,35,0.0,0,38,7,1929,711,1
79,0,0.0,0.0,0.0,128,86,2,0,27,2,10,17,47,0,0.0,0,3,2,151,145,0
21,0,0.0,0.0,0.0,128,13,5,0,7,2,8,2,6,0,0.0,0,5,2,78,65,0
39,0,0.0,0.0,0.0,62,8,5,0,13,2,12,1,28,0,0.0,0,6,1,331,200,0
191,0,0.0,0.0,0.0,128,14,14,0,50,3,24,41,0,0,0.0,0,18,4,618,280,0
387,0,0.0,0.0,0.0,128,13,28,0,5,6,29,18,0,0,0.0,0,34,7,1476,506,0
42,0,0.0,0.0,0.0,88,4,12,0,11,1,5,12,15,0,0.0,0,13,4,655,160,0
33,0,0.0,0.0,0.0,128,45,2,0,13,1,1,2,2,0,0.0,0,5,3,78,72,0
177,0,0.0,0.0,0.0,128,17,12,0,4,2,20,16,1,0,0.0,0,21,5,574,263,0
45,0,0.0,0.0,0.0,98,39,8,0,12,2,13,8,66,0,0.0,0,9,4,192,131,0
49,113,113.0,113.0,35.0,1,1,1,1,2,4,16,7,0,35,0.0,0,1,1,113,113,0
27,0,0.0,0.0,0.0,14,14,1,0,7,4,9,2,6,0,0.0,0,1,1,77,77,0
153,0,0.0,0.0,0.0,128,17,17,0,1,4,17,9,0,0,0.0,0,23,5,968,211,0
79,0,0.0,0.0,0.0,98,21,4,0,24,1,17,5,204,0,0.0,0,8,3,213,120,0
114,0,0.0,0.0,0.0,89,9,15,0,31,3,29,49,3,0,0.0,0,17,5,939,411,0
58,0,0.0,0.0,0.0,41,15,2,0,9,3,7,8,28,0,0.0,0,2,2,96,77,0
10,0,0.0,0.0,0.0,88,8,5,0,2,1,1,0,0,0,0.0,0,7,3,234,92,0
66,15,-1.5,3.0,34.5,128,0,11,2,18,3,11,15,0,61,0.5665,0,12,5,315,143,0
11,0,0.0,0.0,0.0,101,101,1,0,0,1,0,0,0,0,0.0,0,1,1,41,41,0
15,0,0.0,0.0,0.0,86,71,1,0,3,6,7,4,3,0,0.0,0,3,2,53,49,0
102,0,0.0,0.0,0.0,128,14,14,0,1,2,20,11,0,0,0.0,0,18,6,349,133,1
42,0,0.0,0.0,0.0,88,8,3,0,14,2,2,1,35,0,0.0,0,3,2,267,178,0
34,0,0.0,0.0,0.0,128,13,3,0,10,3,7,7,0,0,0.0,0,3,2,93,50,0
62,0,0.0,0.0,0.0,128,8,12,0,14,3,19,22,16,0,0.0,0,15,5,576,223,0
23,0,0.0,0.0,0.0,128,51,4,0,7,3,8,3,2,0,0.0,0,5,3,106,59,0
149,0,0.0,0.0,0.0,128,15,18,0,4,3,25,18,1,0,0.0,0,28,7,915,262,0
32,0,0.0,0.0,0.0,62,8,2,0,8,2,12,0,22,0,0.0,0,3,1,252,182,0
17,0,0.0,0.0,0.0,51,51,1,0,4,3,6,0,2,0,0.0,0,1,1,58,58,0
20,0,0.0,0.0,0.0,88,12,21,0,18,1,26,0,153,0,0.0,0,21,6,1209,423,0
51,22,22.0,22.0,35.0,47,1,3,1,15,2,7,14,36,35,0.0,0,3,2,87,61,0
50,0,0.0,0.0,0.0,82,40,2,0,1,4,8,2,0,0,0.0,0,5,2,111,101,0
15,0,0.0,0.0,0.0,72,15,1,0,1,2,6,0,0,0,0.0,0,7,3,147,52,0
60,0,0.0,0.0,0.0,128,87,4,0,8,7,7,10,8,0,0.0,0,5,2,134,111,0
26,0,0.0,0.0,0.0,79,14,6,0,5,2,5,12,0,0,0.0,0,6,2,103,53,0
131,0,0.0,0.0,0.0,128,12,29,0,19,3,20,32,153,0,0.0,0,32,7,849,161,0
150,0,0.0,0.0,0.0,128,13,14,0,5,3,25,29,1,0,0.0,0,19,5,514,219,0
37,0,0.0,0.0,0.0,88,8,9,0,9,2,6,2,22,0,0.0,0,9,2,881,252,0
28,0,0.0,0.0,0.0,81,39,2,0,7,2,12,12,4,0,0.0,0,3,2,81,75,0
8,0,0.0,0.0,0.0,71,71,0,0,1,1,0,0,0,0,0.0,0,1,1,34,34,0
6,0,0.0,0.0,0.0,48,39,2,0,1,4,2,1,0,0,0.0,0,2,2,29,22,0
27,0,0.0,0.0,0.0,128,51,4,0,7,4,9,2,6,0,0.0,0,5,3,91,69,0
41,0,0.0,0.0,0.0,41,41,1,0,6,5,7,5,15,0,0.0,0,1,1,90,90,0
20,0,0.0,0.0,0.0,128,83,3,0,7,1,3,7,3,0,0.0,0,3,2,91,54,0
70,0,0.0,0.0,0.0,62,19,3,0,24,1,2,25,10,0,0.0,0,3,1,158,126,0
34,0,0.0,0.0,0.0,13,13,2,0,1,1,2,0,0,0,0.0,0,2,1,70,52,0
3,0,0.0,0.0,0.0,128,54,4,0,0,4,2,0,0,0,0.0,0,4,2,35,31,0
23,0,0.0,0.0,0.0,128,13,11,0,6,7,12,11,3,0,0.0,0,16,6,444,151,0
280,131,2.5,34.0,41.0,128,1,45,2,72,2,42,124,132,61,0.114,0,51,8,1264,411,1
94,0,0.0,0.0,0.0,128,13,19,0,26,2,21,26,153,0,0.0,0,24,6,523,178,0
46,0,0.0,0.0,0.0,128,39,16,0,13,2,12,20,55,0,0.0,0,17,5,271,102,0
56,0,0.0,0.0,0.0,13,13,3,0,13,2,3,5,4,0,0.0,0,3,1,91,64,0
17,0,0.0,0.0,0.0,51,51,1,0,4,3,6,0,2,0,0.0,0,1,1,58,58,0
45,0,0.0,0.0,0.0,15,15,6,0,19,2,14,33,3,0,0.0,0,6,2,184,78,0
8,0,0.0,0.0,0.0,62,62,1,0,1,1,0,0,0,0,0.0,0,1,1,35,35,0
80,29,19.0,24.0,11.0,13,1,4,1,15,2,6,11,2,11,0.0,0,4,2,171,99,0
456,0,0.0,0.0,0.0,14,14,1,0,116,2,29,113,184,0,0.0,0,1,1,719,719,0
286,0,0.0,0.0,0.0,100,17,10,0,8,2,26,18,0,0,0.0,0,14,4,531,271,0
14,0,0.0,0.0,0.0,88,8,15,0,1,1,0,0,0,0,0.0,0,18,3,690,244,0
133,0,0.0,0.0,0.0,13,8,5,0,18,1,24,35,0,0,0.0,0,5,1,342,136,0
113,30,26.0,28.0,61.0,128,2,14,1,25,3,23,35,151,61,0.0,0,18,7,1103,532,0
41,0,0.0,0.0,0.0,79,9,2,0,9,1,6,22,0,0,0.0,0,2,2,104,103,0
55,0,0.0,0.0,0.0,88,41,16,0,14,2,18,29,0,0,0.0,0,17,3,397,163,0
58,0,0.0,0.0,0.0,40,21,1,0,4,5,15,8,1,0,0.0,0,2,2,130,126,0
3,0,0.0,0.0,0.0,98,64,1,0,1,1,1,0,0,0,0.0,0,2,1,28,26,0
11,0,0.0,0.0,0.0,87,84,3,0,1,4,5,3,0,0,0.0,0,3,2,83,44,0
3,0,0.0,0.0,0.0,128,88,3,0,0,4,2,0,0,0,0.0,0,3,2,31,29,0
63,0,0.0,0.0,0.0,88,8,4,0,17,2,4,0,120,0,0.0,0,4,2,417,242,0
35,0,0.0,0.0,0.0,8,8,1,0,14,2,2,0,12,0,0.0,0,1,1,168,168,0
89,0,0.0,0.0,0.0,47,45,3,0,6,2,9,11,0,0,0.0,0,3,2,207,110,0
34,0,0.0,0.0,0.0,47,45,3,0,10,2,7,0,20,0,0.0,0,3,2,116,87,0
59,0,0.0,0.0,0.0,15,13,4,0,11,7,20,24,4,0,0.0,0,4,2,179,121,0
60,0,0.0,0.0,0.0,76,8,2,0,19,2,7,12,6,0,0.0,0,2,1,342,228,0
17,0,0.0,0.0,0.0,51,51,1,0,4,3,6,0,2,0,0.0,0,1,1,57,57,0
29,0,0.0,0.0,0.0,128,38,6,0,8,2,18,7,0,0,0.0,0,6,2,126,83,0
43,0,0.0,0.0,0.0,88,8,6,0,13,2,9,18,6,0,0.0,0,9,3,425,220,0
101,38,22.0,30.0,61.0,98,2,16,1,25,2,19,28,153,61,0.0,0,17,5,346,199,0
425,0,0.0,0.0,0.0,89,13,13,0,102,1,30,73,0,0,0.0,0,14,4,1125,539,0
70,0,0.0,0.0,0.0,83,14,2,0,15,1,1,17,48,0,0.0,0,4,1,201,132,0
3,0,0.0,0.0,0.0,128,51,5,0,0,4,3,0,0,0,0.0,0,5,2,41,32,0
40,9,5.0,7.0,35.0,128,1,21,1,7,5,22,23,0,35,0.0,0,27,5,244,90,1
70,0,0.0,0.0,0.0,62,8,8,0,17,1,11,31,1,0,0.0,0,8,1,512,252,0
17,0,0.0,0.0,0.0,88,8,9,0,4,5,3,0,2,0,0.0,0,10,2,273,98,0
145,0,0.0,0.0,0.0,93,14,14,0,14,2,26,29,21,0,0.0,0,20,6,626,439,0
18,0,0.0,0.0,0.0,88,8,7,0,6,1,2,2,0,0,0.0,0,9,4,212,108,0
73,0,0.0,0.0,0.0,128,48,5,0,11,2,7,19,1,0,0.0,0,5,3,136,78,0
93,0,0.0,0.0,0.0,44,15,4,0,8,4,9,18,4,0,0.0,0,5,1,343,119,0
33,0,0.0,0.0,0.0,88,8,8,0,8,3,8,0,26,0,0.0,0,8,3,432,230,0
110,0,0.0,0.0,0.0,47,38,3,0,11,2,14,17,6,0,0.0,0,4,2,249,233,0
49,0,0.0,0.0,0.0,88,8,8,0,13,3,7,0,66,0,0.0,0,9,4,396,212,0
60,38,22.0,30.0,11.0,13,1,2,1,15,4,2,7,1,11,0.0,0,2,2,117,79,0
245,0,0.0,0.0,0.0,128,14,16,0,12,6,28,15,6,0,0.0,0,28,7,2248,871,0
66,0,0.0,0.0,0.0,101,14,6,0,20,1,6,7,73,0,0.0,0,8,4,495,136,0
170,0,0.0,0.0,0.0,128,13,18,0,9,3,28,14,1,0,0.0,0,28,7,595,334,0
166,18,18.0,18.0,61.0,16,2,3,1,34,1,8,49,10,61,0.0,0,3,1,340,194,0
32,0,0.0,0.0,0.0,88,8,8,0,9,3,8,0,22,0,0.0,0,10,5,359,194,0
15,8,0.0,4.0,61.0,88,2,14,1,13,1,22,0,78,61,0.0,0,15,3,807,404,0
161,65,30.5,31.5,11.0,13,0,13,2,23,1,11,26,0,11,0.1982,0,13,2,466,131,0
66,0,0.0,0.0,0.0,128,5,9,0,19,3,12,5,135,0,0.0,0,9,3,291,139,0
69,0,0.0,0.0,0.0,126,4,4,0,5,4,5,3,0,0,0.0,0,6,5,283,140,0
78,0,0.0,0.0,0.0,41,14,2,0,18,1,4,1,39,0,0.0,0,3,1,152,137,0
137,0,0.0,0.0,0.0,88,8,12,0,39,6,9,6,499,0,0.0,0,13,3,918,516,0
467,22,8.0,15.0,1.0,7,2,0,0,73,1,68,94,0,1,0.0,0,3,1,803,739,0
27,0,0.0,0.0,0.0,128,51,4,0,7,4,9,2,6,0,0.0,0,5,3,91,69,0
13,0,0.0,0.0,0.0,51,51,1,0,2,2,5,2,0,0,0.0,0,1,1,40,40,0
54,24,22.0,23.0,61.0,88,2,10,1,19,4,9,3,51,61,0.0,0,11,2,495,202,0
60,0,0.0,0.0,0.0,128,16,6,0,17,3,14,7,44,0,0.0,0,7,3,225,132,1
122,0,0.0,0.0,0.0,128,40,4,0,32,2,7,31,25,0,0.0,0,5,3,215,202,0
11,0,0.0,0.0,0.0,13,13,1,0,7,2,6,13,0,0,0.0,0,1,1,57,57,1
96,0,0.0,0.0,0.0,88,8,6,0,28,2,9,13,176,0,0.0,0,7,3,536,346,0
108,0,0.0,0.0,0.0,15,13,4,0,3,6,19,24,0,0,0.0,0,5,3,372,201,0
80,0,0.0,0.0,0.0,18,18,1,0,6,2,8,3,0,0,0.0,0,1,1,131,131,0
154,0,0.0,0.0,0.0,88,8,9,0,41,3,10,0,746,0,0.0,0,10,3,840,540,0
70,0,0.0,0.0,0.0,87,8,17,0,21,2,24,30,0,0,0.0,0,20,5,732,316,0
12,0,0.0,0.0,0.0,88,8,3,0,3,1,6,3,3,0,0.0,0,5,2,175,108,0
66,0,0.0,0.0,0.0,88,8,6,0,18,3,6,0,135,0,0.0,0,7,2,407,246,0
12,0,0.0,0.0,0.0,128,62,3,0,1,5,4,3,0,0,0.0,0,5,2,63,45,0
50,0,0.0,0.0,0.0,48,39,2,0,14,1,4,6,66,0,0.0,0,2,2,91,81,0
153,115,31.0,34.67,8.33,9,0,8,3,31,1,15,46,37,11,1.2238,0,8,2,275,97,0
57,0,0.0,0.0,0.0,81,39,5,0,1,3,16,6,0,0,0.0,0,9,3,345,173,0
126,0,0.0,0.0,0.0,87,12,26,0,32,2,20,44,21,0,0.0,0,27,6,1014,197,0
32,0,0.0,0.0,0.0,128,51,7,0,9,3,9,4,28,0,0.0,0,7,3,101,58,0
24,0,0.0,0.0,0.0,128,14,15,0,22,1,9,0,231,0,0.0,0,15,4,111,52,0
51,0,0.0,0.0,0.0,0,0,0,0,9,2,11,12,1,0,0.0,0,0,0,0,0,0
119,0,0.0,0.0,0.0,128,12,7,0,61,2,8,42,66,0,0.0,0,7,6,838,216,0
257,0,0.0,0.0,0.0,128,13,18,0,29,5,38,28,3,0,0.0,0,25,7,703,220,0
67,0,0.0,0.0,0.0,88,8,4,0,18,2,7,1,102,0,0.0,0,4,2,391,250,0
11,0,0.0,0.0,0.0,25,25,0,0,5,2,5,3,3,0,0.0,0,1,1,43,43,0
105,7,7.0,7.0,35.0,128,1,23,1,30,2,13,37,141,35,0.0,0,25,6,551,96,0
10,0,0.0,0.0,0.0,62,8,2,0,2,3,2,0,0,0,0.0,0,2,1,114,76,0
138,0,0.0,0.0,0.0,128,13,15,0,36,1,14,65,8,0,0.0,0,16,4,522,182,0
3,0,0.0,0.0,0.0,128,88,3,0,0,4,3,0,0,0,0.0,0,3,2,33,31,0
64,0,0.0,0.0,0.0,98,88,3,0,23,3,10,16,33,0,0.0,0,4,2,148,135,0
162,0,0.0,0.0,0.0,128,14,21,0,38,1,27,55,81,0,0.0,0,33,6,654,224,0
6,0,0.0,0.0,0.0,88,8,11,0,4,1,13,0,6,0,0.0,0,12,4,354,178,0
17,0,0.0,0.0,0.0,88,8,4,0,4,2,8,3,0,0,0.0,0,4,3,153,102,0
27,0,0.0,0.0,0.0,128,51,4,0,7,4,9,2,6,0,0.0,0,5,3,88,69,0
115,24,2.5,4.25,16.0,101,2,14,4,30,1,22,52,0,61,1.8149,0,16,3,471,239,0
45,102,49.0,50.0,28.0,1,1,2,2,2,2,12,14,0,35,0.3228,0,2,1,102,96,0
54,0,0.0,0.0,0.0,0,0,0,0,14,1,4,5,81,0,0.0,0,0,0,0,0,0
131,0,0.0,0.0,0.0,128,13,13,0,33,2,27,51,36,0,0.0,0,14,5,364,170,0
423,0,0.0,0.0,0.0,14,13,5,0,89,2,19,77,165,0,0.0,0,5,2,608,406,1
53,0,0.0,0.0,0.0,128,47,5,0,14,1,9,18,0,0,0.0,0,5,3,160,67,0
134,0,0.0,0.0,0.0,128,15,12,0,17,2,22,36,0,0,0.0,0,21,5,836,174,0
128,0,0.0,0.0,0.0,128,15,6,0,44,4,20,26,97,0,0.0,0,9,4,463,196,0
69,0,0.0,0.0,0.0,51,39,2,0,8,3,21,11,7,0,0.0,0,2,1,190,184,0
204,2,0.0,1.0,8.0,128,0,18,1,46,3,30,54,0,8,0.0,0,25,7,1063,434,0
150,0,0.0,0.0,0.0,25,5,1,0,45,1,17,54,0,0,0.0,0,3,1,239,233,0
122,0,0.0,0.0,0.0,128,21,22,0,6,5,24,16,1,0,0.0,0,29,7,624,235,0
70,0,0.0,0.0,0.0,128,14,12,0,19,2,8,24,3,0,0.0,0,14,5,314,109,0
94,0,0.0,0.0,0.0,128,12,12,0,24,2,19,32,1,0,0.0,0,14,6,750,188,1
61,0,0.0,0.0,0.0,128,13,8,0,27,2,13,16,36,0,0.0,0,9,3,187,86,0
108,0,0.0,0.0,0.0,128,9,9,0,33,2,14,17,269,0,0.0,0,9,3,345,188,0
11,0,0.0,0.0,0.0,88,8,14,0,0,1,0,1,0,0,0.0,0,20,4,251,104,0
4,0,0.0,0.0,0.0,88,8,5,0,1,1,2,2,0,0,0.0,0,7,4,124,76,0
94,0,0.0,0.0,0.0,128,15,17,0,3,6,18,7,3,0,0.0,0,24,7,427,179,0
44,0,0.0,0.0,0.0,128,128,1,0,6,2,8,22,1,0,0.0,0,1,1,100,100,0
101,20,20.0,20.0,61.0,88,2,12,1,27,6,10,8,233,61,0.0,0,14,3,631,326,0
26,1,1.0,1.0,61.0,48,2,8,1,8,1,2,4,8,61,0.0,0,8,2,324,210,1
33,0,0.0,0.0,0.0,93,80,5,0,3,4,8,1,1,0,0.0,0,6,4,127,101,0
2,0,0.0,0.0,0.0,47,15,3,0,0,2,3,0,0,0,0.0,0,3,2,39,26,0
34,0,0.0,0.0,0.0,128,5,3,0,13,2,5,2,20,0,0.0,0,4,2,104,93,0
8,0,0.0,0.0,0.0,47,47,1,0,2,1,6,2,1,0,0.0,0,1,1,48,48,0
58,0,0.0,0.0,0.0,14,14,1,0,19,4,8,8,83,0,0.0,0,1,1,133,133,0
55,0,0.0,0.0,0.0,128,12,9,0,4,2,16,10,0,0,0.0,0,10,6,180,107,0
254,0,0.0,0.0,0.0,89,9,19,0,65,1,34,87,23,0,0.0,0,25,5,845,451,0
67,0,0.0,0.0,0.0,84,14,5,0,13,1,15,29,15,0,0.0,0,7,1,197,142,0
48,0,0.0,0.0,0.0,46,46,1,0,8,1,11,21,0,0,0.0,0,1,1,92,92,0
145,0,0.0,0.0,0.0,128,12,26,0,37,1,29,56,24,0,0.0,0,31,7,754,157,0
42,0,0.0,0.0,0.0,14,13,2,0,11,1,6,0,43,0,0.0,0,2,2,19,17,0
24,0,0.0,0.0,0.0,128,54,3,0,6,2,7,0,9,0,0.0,0,3,2,90,69,0
112,0,0.0,0.0,0.0,13,13,4,0,23,2,5,9,4,0,0.0,0,4,1,208,150,0
42,0,0.0,0.0,0.0,88,8,5,0,11,2,7,0,45,0,0.0,0,5,2,351,194,0
64,0,0.0,0.0,0.0,95,5,1,0,11,1,8,15,0,0,0.0,0,2,1,129,127,0
85,0,0.0,0.0,0.0,128,13,26,0,10,4,21,29,0,0,0.0,0,33,7,434,121,1
64,0,0.0,0.0,0.0,128,51,7,0,20,1,8,25,36,0,0.0,0,9,3,158,91,0
3,0,0.0,0.0,0.0,128,88,3,0,0,4,3,0,0,0,0.0,0,3,2,33,31,0
56,0,0.0,0.0,0.0,128,40,10,0,3,3,9,2,3,0,0.0,0,11,4,1349,600,0
10,0,0.0,0.0,0.0,62,8,2,0,2,3,3,0,0,0,0.0,0,2,1,117,78,0
34,0,0.0,0.0,0.0,128,41,5,0,10,1,9,22,0,0,0.0,0,6,3,177,82,0
205,0,0.0,0.0,0.0,128,14,18,0,50,2,32,63,12,0,0.0,0,29,6,707,221,1
85,140,65.0,67.5,14.0,1,1,2,2,2,4,14,11,0,21,0.5127,0,2,1,140,124,1
39,0,0.0,0.0,0.0,45,45,1,0,5,1,11,14,0,0,0.0,0,1,1,108,108,0
17,0,0.0,0.0,0.0,88,8,4,0,4,2,4,0,2,0,0.0,0,4,2,164,104,0
52,0,0.0,0.0,0.0,98,21,4,0,16,1,12,5,91,0,0.0,0,8,3,190,102,0
7,0,0.0,0.0,0.0,88,8,11,0,5,1,16,0,10,0,0.0,0,13,3,588,238,0
128,0,0.0,0.0,0.0,128,15,17,0,4,3,21,15,1,0,0.0,0,28,7,833,224,0
82,0,0.0,0.0,0.0,51,51,1,0,8,2,12,8,0,0,0.0,0,1,1,171,171,0
171,0,0.0,0.0,0.0,128,40,12,0,6,2,17,6,1,0,0.0,0,18,5,626,185,0
17,0,0.0,0.0,0.0,38,8,3,0,4,5,3,0,2,0,0.0,0,3,2,147,98,0
79,0,0.0,0.0,0.0,81,37,5,0,11,4,17,18,1,0,0.0,0,13,3,276,156,1
49,0,0.0,0.0,0.0,88,8,6,0,16,3,5,1,54,0,0.0,0,7,2,315,202,0
23,0,0.0,0.0,0.0,128,51,4,0,7,3,8,3,2,0,0.0,0,5,3,105,59,0
38,0,0.0,0.0,0.0,13,13,1,0,16,2,9,29,0,0,0.0,0,1,1,84,84,0
45,0,0.0,0.0,0.0,13,7,10,0,10,2,4,8,0,0,0.0,0,11,1,190,44,0
155,0,0.0,0.0,0.0,128,17,12,0,14,3,18,22,2,0,0.0,0,18,5,623,309,1
4,0,0.0,0.0,0.0,88,8,4,0,1,1,2,2,0,0,0.0,0,6,3,106,68,0
8,0,0.0,0.0,0.0,85,39,4,0,6,1,10,0,15,0,0.0,0,4,3,164,62,0
67,0,0.0,0.0,0.0,128,15,6,0,37,3,9,16,171,0,0.0,0,8,2,315,168,0
33,0,0.0,0.0,0.0,64,40,5,0,8,3,8,0,26,0,0.0,0,5,1,179,126,0
10,0,0.0,0.0,0.0,13,6,4,0,0,1,0,0,0,0,0.0,0,4,2,105,72,0
17,0,0.0,0.0,0.0,128,62,3,0,4,2,5,0,2,0,0.0,0,3,2,59,55,0
26,0,0.0,0.0,0.0,88,8,5,0,6,2,7,1,3,0,0.0,0,6,2,284,156,0
11,0,0.0,0.0,0.0,128,45,5,0,4,1,5,4,1,0,0.0,0,5,3,257,110,0
229,0,0.0,0.0,0.0,128,13,25,0,57,1,27,158,70,0,0.0,0,29,4,1088,315,0
31,0,0.0,0.0,0.0,128,88,2,0,5,1,1,10,8,0,0.0,0,2,2,76,75,0
160,0,0.0,0.0,0.0,128,9,19,0,48,3,27,8,779,0,0.0,0,22,4,709,356,0
77,0,0.0,0.0,0.0,100,17,14,0,9,2,22,12,0,0,0.0,0,24,6,415,104,0
134,0,0.0,0.0,0.0,128,13,25,0,28,2,16,40,91,0,0.0,0,26,4,478,180,0
3,0,0.0,0.0,0.0,88,8,2,0,1,1,1,0,0,0,0.0,0,3,2,98,64,0
4,80,80.0,80.0,11.0,0,0,1,1,0,1,0,0,0,11,0.0,0,1,1,80,80,0
37,3,3.0,3.0,61.0,13,2,2,1,6,1,15,7,1,61,0.0,0,2,1,80,77,1
44,0,0.0,0.0,0.0,13,13,1,0,10,2,8,16,0,0,0.0,0,1,1,78,78,0
16,0,0.0,0.0,0.0,88,8,4,0,4,2,3,0,0,0,0.0,0,5,2,169,108,0
27,0,0.0,0.0,0.0,128,15,4,0,4,6,11,10,1,0,0.0,0,7,5,80,59,0
84,0,0.0,0.0,0.0,88,13,4,0,22,1,13,21,54,0,0.0,0,4,2,234,180,0
80,0,0.0,0.0,0.0,88,8,8,0,22,3,6,0,139,0,0.0,0,10,3,648,380,0
162,0,0.0,0.0,0.0,93,14,19,0,16,3,16,17,4,0,0.0,0,22,5,465,203,0
42,0,0.0,0.0,0.0,93,51,4,0,11,2,7,13,0,0,0.0,0,4,2,130,93,0
207,0,0.0,0.0,0.0,128,17,18,0,9,4,24,16,1,0,0.0,0,30,7,754,348,1
204,0,0.0,0.0,0.0,64,14,7,0,42,2,20,54,13,0,0.0,0,8,2,429,287,1
400,0,0.0,0.0,0.0,128,21,24,0,10,7,33,24,1,0,0.0,0,35,8,1769,576,0
26,0,0.0,0.0,0.0,128,40,6,0,6,3,9,5,9,0,0.0,0,7,3,94,67,0
59,0,0.0,0.0,0.0,128,15,10,0,3,5,13,8,1,0,0.0,0,14,6,274,119,0
191,0,0.0,0.0,0.0,38,13,5,0,50,2,28,37,15,0,0.0,0,5,2,450,313,0
246,0,0.0,0.0,0.0,78,14,1,0,58,2,8,74,8,0,0.0,0,4,1,392,376,1
119,0,0.0,0.0,0.0,51,15,9,0,5,7,26,16,0,0,0.0,0,11,3,416,247,0
375,0,0.0,0.0,0.0,128,13,18,0,9,7,33,23,0,0,0.0,0,23,7,1428,410,0
168,0,0.0,0.0,0.0,88,8,23,0,46,1,31,43,45,0,0.0,0,25,5,1654,552,0
57,0,0.0,0.0,0.0,22,19,6,0,18,2,18,22,6,0,0.0,0,6,3,228,112,0
86,0,0.0,0.0,0.0,60,24,2,0,15,1,11,30,1,0,0.0,0,2,1,137,128,0
46,0,0.0,0.0,0.0,107,25,9,0,7,1,16,20,4,0,0.0,0,9,4,229,143,0
83,0,0.0,0.0,0.0,134,22,14,0,20,1,14,24,66,0,0.0,0,16,3,336,115,0
136,0,0.0,0.0,0.0,84,84,0,0,36,2,7,22,0,0,0.0,0,1,1,197,197,0
57,0,0.0,0.0,0.0,134,19,6,0,18,1,10,17,0,0,0.0,0,9,3,316,123,0
51,0,0.0,0.0,0.0,19,15,2,0,9,2,8,16,0,0,0.0,0,2,2,100,94,0
51,0,0.0,0.0,0.0,19,14,6,0,7,1,5,11,0,0,0.0,0,7,1,135,78,0
245,0,0.0,0.0,0.0,134,6,23,0,62,3,36,58,10,0,0.0,0,27,5,1064,461,0
3,0,0.0,0.0,0.0,134,57,4,0,0,4,3,0,0,0,0.0,0,4,2,37,28,0
46,0,0.0,0.0,0.0,134,66,13,0,24,2,9,24,0,0,0.0,0,14,5,431,135,0
283,0,0.0,0.0,0.0,134,8,22,0,95,5,34,51,1461,0,0.0,0,31,8,1023,544,0
44,0,0.0,0.0,0.0,98,91,4,0,1,4,12,4,0,0,0.0,0,5,4,119,108,0
13,0,0.0,0.0,0.0,95,14,11,0,11,1,22,0,55,0,0.0,0,11,3,735,368,0
122,0,0.0,0.0,0.0,20,20,1,0,32,2,12,37,19,0,0.0,0,1,1,10,10,0
74,152,152.0,152.0,7.0,2,2,1,1,16,3,17,30,1,7,0.0,0,1,1,152,152,0
38,0,0.0,0.0,0.0,25,14,2,0,10,2,5,0,35,0,0.0,0,2,1,310,308,0
16,0,0.0,0.0,0.0,0,0,0,0,4,1,1,1,0,0,0.0,0,0,0,0,0,0
15,0,0.0,0.0,0.0,76,25,0,0,4,1,1,1,0,0,0.0,0,3,2,91,37,0
528,42,2.0,6.25,1.5,105,1,25,3,109,2,51,140,484,3,1.1542,0,31,6,1461,666,1
43,0,0.0,0.0,0.0,105,52,7,0,6,1,13,30,3,0,0.0,0,7,5,175,65,0
122,6,6.0,6.0,5.0,94,2,22,1,32,2,18,38,21,5,0.0,0,22,4,1213,444,0
80,2,0.0,1.0,31.0,134,2,20,1,4,4,17,15,3,31,0.0,0,26,7,492,154,0
85,0,0.0,0.0,0.0,20,20,1,0,18,3,23,45,39,0,0.0,0,1,1,42,42,0
35,0,0.0,0.0,0.0,68,50,3,0,11,2,4,4,28,0,0.0,0,3,2,128,91,0
15,0,0.0,0.0,0.0,95,14,12,0,13,1,21,0,78,0,0.0,0,15,3,819,390,0
86,0,0.0,0.0,0.0,95,14,9,0,22,2,12,7,170,0,0.0,0,10,4,669,354,0
90,0,0.0,0.0,0.0,105,70,2,0,27,1,7,14,137,0,0.0,0,3,2,165,156,0
114,10,-1.0,2.0,17.0,134,1,19,1,1,5,21,12,0,31,0.7219,0,27,7,1120,483,0
50,0,0.0,0.0,0.0,134,47,4,0,17,1,11,20,0,0,0.0,0,4,2,134,92,0
3,0,0.0,0.0,0.0,134,95,3,0,0,4,3,0,0,0,0.0,0,3,2,33,31,0
13,0,0.0,0.0,0.0,19,19,2,0,2,1,1,6,0,0,0.0,0,2,1,41,23,0
52,0,0.0,0.0,0.0,134,27,16,0,7,3,10,10,10,0,0.0,0,24,6,494,221,0
163,0,0.0,0.0,0.0,20,14,2,0,50,2,8,16,159,0,0.0,0,2,1,526,508,0
24,3,1.0,2.0,1.0,95,3,6,1,6,2,8,2,11,1,0.0,0,8,3,240,138,0
132,0,0.0,0.0,0.0,134,21,20,0,4,3,22,15,1,0,0.0,0,31,7,854,234,0
282,0,0.0,0.0,0.0,134,10,20,0,74,2,53,158,19,0,0.0,0,22,6,734,232,1
304,0,0.0,0.0,0.0,99,47,4,0,14,2,16,21,0,0,0.0,0,8,3,347,291,0
93,0,0.0,0.0,0.0,134,68,5,0,1,3,17,12,0,0,0.0,0,10,5,263,194,0
33,0,0.0,0.0,0.0,96,84,3,0,6,1,4,8,3,0,0.0,0,3,2,134,84,0
99,2,0.0,1.0,5.0,134,2,23,1,17,3,19,26,136,5,0.0,0,23,5,553,134,0
50,0,0.0,0.0,0.0,22,19,5,0,14,2,17,16,4,0,0.0,0,5,3,184,99,0
10,0,0.0,0.0,0.0,134,95,2,0,3,3,2,0,1,0,0.0,0,2,2,43,40,0
63,0,0.0,0.0,0.0,94,14,11,0,16,2,12,13,0,0,0.0,0,12,4,441,232,0
65,0,0.0,0.0,0.0,95,14,7,0,19,1,6,17,0,0,0.0,0,7,2,617,402,0
8,0,0.0,0.0,0.0,134,73,2,0,2,4,0,0,1,0,0.0,0,3,3,35,31,0
3,0,0.0,0.0,0.0,134,60,4,0,0,4,3,0,0,0,0.0,0,4,2,37,32,0
17,0,0.0,0.0,0.0,54,8,9,0,1,1,0,0,0,0,0.0,0,9,1,153,64,0
31,0,0.0,0.0,0.0,134,95,4,0,8,3,4,0,20,0,0.0,0,4,3,73,51,0
71,9,3.0,6.0,2.0,19,3,15,1,12,1,5,19,0,2,0.0,0,16,3,273,53,0
304,0,0.0,0.0,0.0,134,20,20,0,89,3,45,94,431,0,0.0,0,21,5,767,186,0
45,0,0.0,0.0,0.0,134,20,5,0,16,1,2,23,15,0,0.0,0,9,3,186,135,0
42,0,0.0,0.0,0.0,0,0,0,0,11,2,8,0,45,0,0.0,0,0,0,0,0,0
83,2,0.0,1.0,4.0,20,1,5,1,15,3,22,32,45,4,0.0,0,5,2,221,163,0
43,0,0.0,0.0,0.0,134,7,8,0,1,1,0,0,0,0,0.0,0,13,2,158,96,0
26,0,0.0,0.0,0.0,54,54,1,0,5,2,7,6,8,0,0.0,0,1,1,69,69,0
20,0,0.0,0.0,0.0,45,45,1,0,4,2,4,3,0,0,0.0,0,1,1,22,22,0
3,0,0.0,0.0,0.0,20,20,1,0,0,4,3,0,0,0,0.0,0,1,1,31,31,0
66,0,0.0,0.0,0.0,134,95,5,0,18,3,12,6,100,0,0.0,0,5,3,148,122,0
65,0,0.0,0.0,0.0,94,14,15,0,17,2,18,24,0,0,0.0,0,16,4,708,302,0
10,0,0.0,0.0,0.0,134,93,3,0,3,3,2,0,1,0,0.0,0,3,3,44,40,0
25,0,0.0,0.0,0.0,115,22,6,0,5,1,3,9,3,0,0.0,0,6,4,87,54,0
29,0,0.0,0.0,0.0,20,20,1,0,6,3,6,15,1,0,0.0,0,1,1,70,70,0
32,0,0.0,0.0,0.0,107,19,12,0,11,1,6,0,55,0,0.0,0,13,6,222,63,0
88,6,0.0,3.0,31.0,134,4,8,1,1,3,14,8,0,31,0.0,0,10,6,269,195,0
9,0,0.0,0.0,0.0,95,14,4,0,2,1,1,0,0,0,0.0,0,4,2,123,82,0
50,0,0.0,0.0,0.0,99,46,6,0,3,3,7,2,3,0,0.0,0,8,4,139,72,0
105,0,0.0,0.0,0.0,134,6,17,0,30,3,21,16,0,0,0.0,0,20,5,630,264,0
25,0,0.0,0.0,0.0,134,19,9,0,6,2,11,2,11,0,0.0,0,9,3,106,75,0
122,0,0.0,0.0,0.0,21,20,2,0,9,4,18,21,0,0,0.0,0,2,2,239,150,0
83,0,0.0,0.0,0.0,20,19,3,0,15,3,22,33,45,0,0.0,0,3,1,224,165,0
38,0,0.0,0.0,0.0,84,8,4,0,6,1,6,10,0,0,0.0,0,5,2,224,110,0
37,0,0.0,0.0,0.0,134,10,8,0,7,4,9,11,15,0,0.0,0,13,6,130,79,0
109,0,0.0,0.0,0.0,134,22,10,0,6,2,16,6,1,0,0.0,0,16,5,522,176,0
176,130,-33.0,16.0,10.0,134,3,18,2,41,2,14,26,210,17,0.6901,0,20,5,867,300,0
186,0,0.0,0.0,0.0,54,20,3,0,51,1,16,44,74,0,0.0,0,4,2,347,320,0
167,0,0.0,0.0,0.0,134,53,8,0,42,1,2,15,0,0,0.0,0,10,4,449,282,0
151,24,4.0,8.0,16.0,134,1,15,2,18,2,36,32,21,31,0.9799,0,19,4,567,175,0
87,0,0.0,0.0,0.0,95,14,6,0,25,3,5,1,252,0,0.0,0,8,3,562,312,0
644,0,0.0,0.0,0.0,134,15,20,0,194,1,59,27,0,0,0.0,0,22,5,1057,401,0
38,0,0.0,0.0,0.0,0,0,0,0,4,2,8,21,0,0,0.0,0,0,0,0,0,0
66,0,0.0,0.0,0.0,99,57,5,0,3,3,5,6,1,0,0.0,0,6,4,171,80,0
53,0,0.0,0.0,0.0,91,11,4,0,15,1,4,18,0,0,0.0,0,4,2,246,161,0
53,2,0.0,1.0,31.0,134,2,5,1,4,2,15,11,0,31,0.0,0,6,3,209,107,0
79,0,0.0,0.0,0.0,134,134,1,0,20,1,3,25,5,0,0.0,0,1,1,178,178,0
13,0,0.0,0.0,0.0,14,14,1,0,4,1,0,3,6,0,0.0,0,1,1,96,96,0
48,0,0.0,0.0,0.0,19,15,2,0,5,2,7,18,0,0,0.0,0,2,2,96,90,0
82,0,0.0,0.0,0.0,60,20,3,0,19,2,21,21,1,0,0.0,0,3,1,139,127,0
58,0,0.0,0.0,0.0,46,46,1,0,10,3,9,8,0,0,0.0,0,1,1,14,14,0
30,0,0.0,0.0,0.0,134,69,2,0,9,2,5,8,21,0,0.0,0,3,2,133,104,0
3,0,0.0,0.0,0.0,134,57,4,0,0,4,3,0,0,0,0.0,0,4,2,37,28,0
27,0,0.0,0.0,0.0,94,85,2,0,5,2,4,6,6,0,0.0,0,2,2,113,101,0
32,0,0.0,0.0,0.0,134,57,6,0,9,3,6,2,32,0,0.0,0,6,2,92,72,0
46,0,0.0,0.0,0.0,96,20,8,0,7,2,9,14,1,0,0.0,0,11,3,608,222,0
67,0,0.0,0.0,0.0,95,14,9,0,22,2,9,16,37,0,0.0,0,10,5,422,244,1
25,0,0.0,0.0,0.0,20,20,1,0,6,1,3,12,0,0,0.0,0,1,1,63,63,0
27,0,0.0,0.0,0.0,134,19,16,0,9,5,11,6,11,0,0.0,0,17,5,352,152,0
6,0,0.0,0.0,0.0,19,14,2,0,0,1,0,0,0,0,0.0,0,2,1,35,27,0
16,0,0.0,0.0,0.0,57,57,1,0,2,1,6,8,0,0,0.0,0,1,1,54,54,0
127,0,0.0,0.0,0.0,57,21,3,0,35,3,18,16,332,0,0.0,0,3,1,247,209,0
63,0,0.0,0.0,0.0,46,23,2,0,4,5,17,10,1,0,0.0,0,3,3,146,140,0
178,0,0.0,0.0,0.0,95,14,6,0,50,3,6,0,993,0,0.0,0,9,4,1233,734,0
167,0,0.0,0.0,0.0,95,14,7,0,58,4,8,2,865,0,0.0,0,9,2,971,602,0
326,0,0.0,0.0,0.0,95,7,11,0,71,1,18,138,55,0,0.0,0,14,4,1729,990,0
37,0,0.0,0.0,0.0,134,51,12,0,12,3,13,8,43,0,0.0,0,15,4,367,84,0
27,0,0.0,0.0,0.0,134,68,3,0,2,5,7,5,0,0,0.0,0,7,4,101,67,0
6,0,0.0,0.0,0.0,19,19,2,0,0,1,0,0,0,0,0.0,0,2,1,331,313,0
410,0,0.0,0.0,0.0,105,15,26,0,134,1,43,107,43,0,0.0,0,42,6,1273,338,0
31,0,0.0,0.0,0.0,134,20,8,0,7,2,6,10,0,0,0.0,0,9,5,111,71,0
205,3,-1.0,1.0,17.0,134,3,32,1,5,3,25,29,1,17,0.0,0,37,6,901,271,0
26,0,0.0,0.0,0.0,95,14,8,0,6,2,6,0,5,0,0.0,0,9,2,364,188,0
31,0,0.0,0.0,0.0,68,57,3,0,12,2,6,1,16,0,0.0,0,3,2,153,104,0
121,0,0.0,0.0,0.0,134,44,4,0,34,1,15,6,3,0,0.0,0,7,3,336,121,0
260,0,0.0,0.0,0.0,95,19,31,0,81,1,31,111,257,0,0.0,0,35,5,1735,699,0
4,2,0.0,1.0,2.0,6,1,2,1,0,1,0,0,0,2,0.0,0,2,2,101,99,0
10,0,0.0,0.0,0.0,23,19,3,0,3,3,2,0,1,0,0.0,0,3,2,45,40,0
83,0,0.0,0.0,0.0,105,91,5,0,25,2,12,4,127,0,0.0,0,5,3,197,155,0
8,0,0.0,0.0,0.0,134,46,3,0,2,2,5,1,1,0,0.0,0,4,2,48,42,0
17,0,0.0,0.0,0.0,57,57,1,0,4,3,6,0,2,0,0.0,0,1,1,58,58,0
262,0,0.0,0.0,0.0,53,51,4,0,32,2,27,59,21,0,0.0,0,5,3,502,316,0
87,0,0.0,0.0,0.0,134,44,8,0,22,2,15,29,55,0,0.0,0,9,3,282,164,0
389,0,0.0,0.0,0.0,134,15,35,0,47,2,32,52,14,0,0.0,0,44,8,2071,553,0
92,2,0.0,1.0,31.0,134,4,19,1,5,4,19,21,1,31,0.0,0,25,7,525,96,0
79,10,-1.0,2.0,23.0,134,2,13,2,9,2,13,7,0,31,0.7219,0,17,4,570,140,0
95,0,0.0,0.0,0.0,20,18,2,0,23,3,22,50,36,0,0.0,0,2,2,53,51,0
53,0,0.0,0.0,0.0,105,8,10,0,19,1,11,20,129,0,0.0,0,11,6,189,118,0
37,0,0.0,0.0,0.0,134,21,12,0,8,2,8,14,10,0,0.0,0,12,4,173,37,0
21,0,0.0,0.0,0.0,46,14,3,0,5,2,7,0,6,0,0.0,0,3,2,257,162,0
54,0,0.0,0.0,0.0,134,22,6,0,15,3,13,4,37,0,0.0,0,7,3,223,150,1
48,4,0.0,2.0,31.0,7,4,2,1,1,4,11,7,0,31,0.0,0,2,2,107,103,0
4,0,0.0,0.0,0.0,21,14,2,0,2,1,2,0,0,0,0.0,0,2,1,102,68,0
193,0,0.0,0.0,0.0,134,19,30,0,67,1,34,104,21,0,0.0,0,38,7,824,236,0
24,0,0.0,0.0,0.0,134,20,2,0,8,3,9,4,11,0,0.0,0,5,2,82,74,0
149,0,0.0,0.0,0.0,134,20,8,0,68,2,18,46,144,0,0.0,0,12,3,421,164,0
20,0,0.0,0.0,0.0,50,50,2,0,6,1,1,3,0,0,0.0,0,2,1,65,58,0
21,0,0.0,0.0,0.0,19,19,3,0,4,1,3,2,0,0,0.0,0,3,1,56,31,0
20,0,0.0,0.0,0.0,44,19,5,0,5,5,3,1,6,0,0.0,0,5,1,99,34,0
23,0,0.0,0.0,0.0,134,10,3,0,4,4,6,7,1,0,0.0,0,7,3,89,64,0
92,0,0.0,0.0,0.0,134,68,7,0,23,1,18,42,17,0,0.0,0,9,4,220,157,0
4,0,0.0,0.0,0.0,134,95,2,0,1,1,5,1,0,0,0.0,0,2,2,41,36,0
281,16,2.0,5.0,16.5,134,2,24,2,33,5,30,49,10,31,0.8113,0,36,8,1035,246,0
152,0,0.0,0.0,0.0,134,27,14,0,7,4,16,8,0,0,0.0,0,19,6,653,304,0
59,104,16.0,60.0,31.0,134,2,5,1,16,1,8,23,0,31,0.0,0,6,4,223,104,0
39,0,0.0,0.0,0.0,68,45,4,0,10,3,21,24,0,0,0.0,0,4,2,223,160,0
52,0,0.0,0.0,0.0,134,20,3,0,9,1,7,17,0,0,0.0,0,4,1,124,101,0
431,0,0.0,0.0,0.0,100,15,28,0,149,1,50,141,72,0,0.0,0,36,8,1425,556,0
24,0,0.0,0.0,0.0,95,14,6,0,6,5,5,0,9,0,0.0,0,6,3,311,118,0
18,0,0.0,0.0,0.0,95,14,13,0,16,1,28,0,120,0,0.0,0,16,4,1056,490,0
36,0,0.0,0.0,0.0,95,51,3,0,9,2,7,0,28,0,0.0,0,4,2,350,121,0
7,0,0.0,0.0,0.0,95,14,8,0,4,1,2,2,1,0,0.0,0,10,3,165,98,0
11,0,0.0,0.0,0.0,60,14,2,0,3,1,3,2,0,0,0.0,0,2,1,147,98,0
38,0,0.0,0.0,0.0,50,50,1,0,10,2,2,0,35,0,0.0,0,1,1,78,78,0
31,0,0.0,0.0,0.0,19,14,7,0,5,2,8,8,4,0,0.0,0,7,1,111,59,0
22,0,0.0,0.0,0.0,96,53,7,0,3,1,12,14,0,0,0.0,0,8,4,128,84,0
10,0,0.0,0.0,0.0,95,14,5,0,2,2,8,0,0,0,0.0,0,8,2,143,90,0
116,0,0.0,0.0,0.0,95,11,14,0,29,2,35,64,15,0,0.0,0,14,5,508,292,0
45,6,4.0,5.0,15.0,107,2,8,1,6,2,20,5,11,15,0.0,0,13,4,197,75,0
263,8,-2.0,1.0,23.0,134,2,30,2,18,4,32,46,1,31,1.0,0,41,7,919,209,1
109,0,0.0,0.0,0.0,134,11,5,0,19,1,24,52,0,0,0.0,0,6,1,406,258,0
13,0,0.0,0.0,0.0,107,107,1,0,0,1,0,1,0,0,0.0,0,1,1,46,46,0
38,0,0.0,0.0,0.0,22,20,2,0,11,2,9,13,0,0,0.0,0,2,1,88,84,0
244,0,0.0,0.0,0.0,99,20,12,0,55,2,25,67,26,0,0.0,0,15,4,561,370,0
57,0,0.0,0.0,0.0,134,22,6,0,17,3,13,5,44,0,0.0,0,7,3,222,129,1
88,6,0.0,3.0,17.0,134,3,13,1,4,5,13,6,0,17,0.0,0,20,6,428,119,0
103,0,0.0,0.0,0.0,68,20,7,0,29,1,20,50,17,0,0.0,0,7,1,179,81,0
123,0,0.0,0.0,0.0,134,25,10,0,38,2,13,7,422,0,0.0,0,12,4,314,207,0
259,27,21.0,24.0,5.0,134,2,39,1,55,4,34,77,0,5,0.0,0,43,8,1511,247,0
23,0,0.0,0.0,0.0,134,57,6,0,7,3,8,3,2,0,0.0,0,8,4,129,66,0
88,0,0.0,0.0,0.0,134,46,4,0,20,2,11,18,4,0,0.0,0,8,4,339,183,0
270,153,-17.8,6.4,9.0,134,0,37,5,35,4,35,59,0,31,1.2908,0,51,7,2084,436,0
392,4,0.0,2.0,31.0,134,2,13,1,57,2,11,10,17,31,0.0,0,13,3,907,254,0
40,0,0.0,0.0,0.0,134,21,11,0,16,2,5,10,9,0,0.0,0,17,4,379,150,0
75,0,0.0,0.0,0.0,95,14,8,0,26,2,8,1,127,0,0.0,0,8,3,571,306,0
50,0,0.0,0.0,0.0,105,94,5,0,19,3,8,11,14,0,0.0,0,6,2,131,118,0
63,0,0.0,0.0,0.0,134,44,16,0,14,2,8,16,21,0,0.0,0,21,4,588,181,0
175,0,0.0,0.0,0.0,20,20,1,0,37,2,18,63,22,0,0.0,0,1,1,335,335,0
197,35,0.5,9.0,5.0,68,2,7,2,46,3,27,61,0,7,0.9947,0,7,1,513,398,0
17,0,0.0,0.0,0.0,57,57,1,0,4,3,6,0,2,0,0.0,0,1,1,57,57,0
97,0,0.0,0.0,0.0,46,6,1,0,5,3,7,3,2,0,0.0,0,2,2,175,164,0
15,0,0.0,0.0,0.0,95,14,4,0,3,1,2,2,1,0,0.0,0,6,4,193,122,0
107,0,0.0,0.0,0.0,60,53,2,0,25,1,11,27,151,0,0.0,0,3,1,224,202,0
85,0,0.0,0.0,0.0,15,7,4,0,17,1,4,29,8,0,0.0,0,5,2,198,74,0
5,0,0.0,0.0,0.0,134,51,9,0,2,2,1,0,1,0,0.0,0,11,3,513,231,0
17,0,0.0,0.0,0.0,134,8,9,0,15,1,6,0,105,0,0.0,0,9,4,76,56,0
38,0,0.0,0.0,0.0,134,10,6,0,5,5,7,13,3,0,0.0,0,10,6,332,190,0
106,0,0.0,0.0,0.0,134,10,10,0,20,3,9,15,28,0,0.0,0,11,5,413,214,1
247,60,0.0,30.0,4.0,20,1,5,1,63,2,34,87,105,4,0.0,0,5,2,684,262,0
12,0,0.0,0.0,0.0,14,14,1,0,2,1,0,1,1,0,0.0,0,1,1,97,97,0
107,0,0.0,0.0,0.0,134,10,8,0,12,6,10,15,4,0,0.0,0,15,7,578,322,0
179,25,9.0,17.0,2.0,20,1,3,1,52,1,37,72,19,2,0.0,0,3,3,37,25,0
208,14,0.0,7.0,31.0,134,2,22,1,4,5,28,24,1,31,0.0,0,35,7,1338,493,0
39,0,0.0,0.0,0.0,51,51,1,0,5,2,6,14,0,0,0.0,0,1,1,83,83,0
36,0,0.0,0.0,0.0,19,19,2,0,6,1,1,0,3,0,0.0,0,2,1,72,54,0
50,0,0.0,0.0,0.0,107,45,3,0,12,2,8,23,0,0,0.0,0,3,1,131,109,0
73,0,0.0,0.0,0.0,13,11,1,0,7,1,9,25,1,0,0.0,0,2,2,132,128,0
197,0,0.0,0.0,0.0,134,15,34,0,49,1,45,82,18,0,0.0,0,37,8,1014,270,1
56,0,0.0,0.0,0.0,44,14,7,0,15,4,11,0,91,0,0.0,0,7,2,389,234,0
17,0,0.0,0.0,0.0,57,57,1,0,4,3,6,0,2,0,0.0,0,1,1,57,57,0
140,9,1.0,5.0,31.0,107,4,15,1,2,2,20,8,1,31,0.0,0,17,5,865,185,0
17,0,0.0,0.0,0.0,8,8,1,0,4,2,3,0,2,0,0.0,0,1,1,51,51,0
32,0,0.0,0.0,0.0,44,19,4,0,11,1,4,0,55,0,0.0,0,5,2,195,69,0
13,0,0.0,0.0,0.0,134,46,2,0,2,3,5,2,0,0,0.0,0,3,2,60,46,0
3,0,0.0,0.0,0.0,95,14,3,0,0,2,1,0,0,0,0.0,0,4,2,87,54,0
80,4,0.0,2.0,8.0,8,3,2,1,22,3,13,17,0,8,0.0,0,2,1,154,150,0
21,0,0.0,0.0,0.0,47,47,0,0,5,2,7,0,6,0,0.0,0,1,1,66,66,0
117,0,0.0,0.0,0.0,134,7,10,0,38,1,22,41,4,0,0.0,0,15,4,451,138,0
167,0,0.0,0.0,0.0,134,44,12,0,37,3,31,62,60,0,0.0,0,13,4,549,214,1
46,0,0.0,0.0,0.0,134,20,7,0,11,2,8,21,0,0,0.0,0,7,3,138,90,0
364,0,0.0,0.0,0.0,134,6,58,0,86,4,38,113,103,0,0.0,0,65,8,4034,643,0
44,0,0.0,0.0,0.0,95,20,8,0,11,2,17,30,1,0,0.0,0,13,4,213,112,0
54,0,0.0,0.0,0.0,20,20,1,0,15,3,13,4,37,0,0.0,0,1,1,153,153,0
584,0,0.0,0.0,0.0,134,8,27,0,206,1,61,170,46,0,0.0,0,33,7,2307,755,1
87,5,-1.0,2.0,1.0,107,4,7,1,11,1,20,42,0,1,0.0,0,9,2,292,209,0
209,0,0.0,0.0,0.0,100,19,7,0,84,1,9,66,45,0,0.0,0,12,4,629,346,0
35,0,0.0,0.0,0.0,91,50,2,0,9,1,0,4,4,0,0.0,0,2,1,98,69,0
78,15,-1.5,3.0,3.0,44,1,8,1,16,3,27,32,0,4,0.8366,0,9,3,298,159,0
62,0,0.0,0.0,0.0,44,19,5,0,17,4,14,3,122,0,0.0,0,5,2,199,119,0
82,0,0.0,0.0,0.0,53,44,4,0,19,1,3,20,1,0,0.0,0,5,2,229,140,0
246,13,1.0,7.0,31.0,99,4,18,1,26,4,24,36,0,31,0.0,0,26,5,1520,365,0
304,0,0.0,0.0,0.0,134,10,9,0,96,5,47,60,1158,0,0.0,0,11,4,1010,416,0
59,0,0.0,0.0,0.0,95,14,16,0,15,2,14,24,0,0,0.0,0,16,5,660,266,0
44,0,0.0,0.0,0.0,134,53,7,0,10,1,15,14,0,0,0.0,0,7,2,147,89,0
48,0,0.0,0.0,0.0,95,14,7,0,15,3,7,1,68,0,0.0,0,7,3,341,218,0
46,0,0.0,0.0,0.0,134,10,8,0,6,4,8,9,4,0,0.0,0,13,6,135,87,0
20,14,14.0,14.0,5.0,95,2,16,1,18,1,23,0,153,5,0.0,0,16,4,1184,598,0
96,21,-1.67,2.67,23.33,134,2,29,3,15,4,26,14,9,31,1.1255,0,38,7,451,216,0
23,0,0.0,0.0,0.0,134,22,6,0,7,3,8,3,2,0,0.0,0,8,5,154,66,0
61,0,0.0,0.0,0.0,21,21,1,0,5,3,21,18,0,0,0.0,0,1,1,159,159,0
8,0,0.0,0.0,0.0,14,14,1,0,1,1,0,1,0,0,0.0,0,1,1,57,57,0
57,0,0.0,0.0,0.0,134,37,13,0,23,1,17,22,0,0,0.0,0,15,5,233,123,0
90,0,0.0,0.0,0.0,100,74,1,0,20,1,5,9,100,0,0.0,0,3,3,180,154,0
57,115,35.0,36.67,7.33,3,3,3,3,15,1,3,3,3,17,0.7428,0,3,2,115,98,0
25,0,0.0,0.0,0.0,82,82,1,0,4,2,5,1,0,0,0.0,0,1,1,72,72,0
14,0,0.0,0.0,0.0,105,8,8,0,12,1,5,0,66,0,0.0,0,9,5,380,228,0
223,0,0.0,0.0,0.0,134,6,12,0,49,2,22,67,17,0,0.0,0,13,3,564,310,0
22,0,0.0,0.0,0.0,134,19,11,0,4,1,2,0,4,0,0.0,0,11,3,117,43,0
7,0,0.0,0.0,0.0,95,14,9,0,5,1,12,0,10,0,0.0,0,9,3,405,198,0
38,0,0.0,0.0,0.0,50,8,2,0,10,2,3,0,35,0,0.0,0,2,1,81,79,0
11,6,0.0,3.0,6.0,105,1,4,0,2,2,6,4,0,6,0.0,0,5,3,73,41,0
27,0,0.0,0.0,0.0,134,68,4,0,10,2,7,6,0,0,0.0,0,4,2,104,86,0
100,11,1.5,3.5,19.0,134,2,26,2,4,4,18,9,0,31,0.684,0,36,7,410,165,0
59,0,0.0,0.0,0.0,95,14,5,0,16,2,5,0,104,0,0.0,0,5,4,407,270,0
165,33,8.5,12.5,5.0,134,2,32,2,39,3,35,41,0,7,0.9993,0,37,5,987,244,1
103,0,0.0,0.0,0.0,134,8,10,0,21,1,8,34,33,0,0.0,0,12,4,377,200,0
22,0,0.0,0.0,0.0,21,21,1,0,8,1,4,7,3,0,0.0,0,1,1,6,6,0
48,0,0.0,0.0,0.0,21,20,2,0,19,2,15,34,3,0,0.0,0,2,2,151,127,0
47,0,0.0,0.0,0.0,48,21,2,0,8,5,8,7,28,0,0.0,0,2,2,123,109,0
11,0,0.0,0.0,0.0,134,46,2,0,3,4,5,0,1,0,0.0,0,6,3,80,50,0
95,0,0.0,0.0,0.0,95,14,11,0,26,2,8,0,301,0,0.0,0,11,5,586,354,0
13,0,0.0,0.0,0.0,93,93,1,0,4,1,3,2,0,0,0.0,0,1,1,36,36,0
134,0,0.0,0.0,0.0,105,47,4,0,39,1,12,20,227,0,0.0,0,5,2,244,216,0
46,0,0.0,0.0,0.0,134,53,8,0,11,2,9,16,28,0,0.0,0,8,3,193,73,0
34,0,0.0,0.0,0.0,14,6,2,0,8,1,3,2,15,0,0.0,0,2,1,72,63,0
60,0,0.0,0.0,0.0,134,20,4,0,19,1,2,6,57,0,0.0,0,6,3,162,110,0
162,2,0.0,1.0,1.0,90,1,5,1,43,1,11,59,0,1,0.0,0,7,2,394,196,0
439,171,-2.25,20.25,23.5,134,2,32,4,6,7,39,33,0,31,1.536,0,42,7,2100,711,0
79,0,0.0,0.0,0.0,134,92,2,0,27,2,10,17,47,0,0.0,0,3,2,151,145,0
21,0,0.0,0.0,0.0,134,19,5,0,7,2,8,2,6,0,0.0,0,5,2,78,65,0
39,0,0.0,0.0,0.0,68,14,5,0,13,2,12,1,28,0,0.0,0,6,1,331,200,0
191,0,0.0,0.0,0.0,134,20,14,0,50,3,24,41,0,0,0.0,0,18,4,618,280,0
402,47,8.33,12.0,11.67,134,2,29,1,5,6,29,18,0,31,1.483,0,37,7,1523,506,0
42,0,0.0,0.0,0.0,95,11,12,0,11,1,5,12,15,0,0.0,0,13,4,655,160,0
33,0,0.0,0.0,0.0,134,51,2,0,13,1,1,2,2,0,0.0,0,5,3,78,72,0
177,0,0.0,0.0,0.0,134,23,12,0,4,2,20,16,1,0,0.0,0,21,5,574,263,0
45,0,0.0,0.0,0.0,104,45,8,0,12,2,13,8,66,0,0.0,0,9,4,192,131,0
49,0,0.0,0.0,0.0,8,8,1,0,2,4,16,7,0,0,0.0,0,1,1,113,113,0
27,0,0.0,0.0,0.0,20,20,1,0,7,4,9,2,6,0,0.0,0,1,1,77,77,0
153,4,0.0,2.0,31.0,134,2,18,1,1,4,17,9,0,31,0.0,0,24,5,972,211,0
79,0,0.0,0.0,0.0,105,27,4,0,24,1,17,5,204,0,0.0,0,8,3,213,120,0
114,8,-2.0,3.0,2.0,95,1,15,0,31,3,28,49,3,2,0.0,0,18,5,947,411,0
58,0,0.0,0.0,0.0,48,21,2,0,9,3,7,8,28,0,0.0,0,2,2,96,77,0
10,0,0.0,0.0,0.0,94,14,5,0,2,1,1,0,0,0,0.0,0,7,3,234,92,0
66,0,0.0,0.0,0.0,134,6,11,0,18,3,11,15,0,0,0.0,0,12,5,315,143,0
11,0,0.0,0.0,0.0,107,107,1,0,0,1,0,0,0,0,0.0,0,1,1,41,41,0
15,0,0.0,0.0,0.0,92,78,1,0,3,6,7,4,3,0,0.0,0,3,2,53,49,0
100,19,-0.33,3.0,25.67,134,2,17,3,1,2,20,11,0,31,1.5574,0,21,6,368,133,0
42,0,0.0,0.0,0.0,95,14,3,0,14,2,2,1,35,0,0.0,0,3,2,267,178,0
34,0,0.0,0.0,0.0,134,20,3,0,10,3,7,7,0,0,0.0,0,3,2,93,50,0
72,21,7.5,9.0,11.0,134,3,14,2,15,3,20,24,16,17,0.4537,0,17,6,597,223,0
23,0,0.0,0.0,0.0,134,57,4,0,7,3,8,3,2,0,0.0,0,5,3,106,59,0
149,2,0.0,1.0,31.0,134,2,19,1,4,3,25,18,1,31,0.0,0,29,7,917,262,0
32,0,0.0,0.0,0.0,68,14,2,0,8,2,12,0,22,0,0.0,0,3,1,252,182,0
17,0,0.0,0.0,0.0,57,57,1,0,4,3,6,0,2,0,0.0,0,1,1,58,58,0
20,0,0.0,0.0,0.0,95,18,21,0,18,1,26,0,153,0,0.0,0,21,6,1209,423,0
51,0,0.0,0.0,0.0,53,8,3,0,15,2,7,14,36,0,0.0,0,3,2,87,61,0
50,0,0.0,0.0,0.0,88,46,2,0,1,4,8,2,0,0,0.0,0,5,2,111,101,0
15,0,0.0,0.0,0.0,78,21,1,0,1,2,6,0,0,0,0.0,0,7,3,147,52,0
60,0,0.0,0.0,0.0,134,93,4,0,8,7,7,10,8,0,0.0,0,5,2,134,111,0
26,0,0.0,0.0,0.0,85,20,6,0,5,2,5,12,0,0,0.0,0,6,2,103,53,0
131,0,0.0,0.0,0.0,134,18,29,0,19,3,20,32,153,0,0.0,0,32,7,849,161,0
150,0,0.0,0.0,0.0,134,19,14,0,5,3,25,29,1,0,0.0,0,19,5,514,219,0
37,0,0.0,0.0,0.0,95,14,9,0,9,2,6,2,22,0,0.0,0,9,2,881,252,0
28,0,0.0,0.0,0.0,87,46,2,0,7,2,12,12,4,0,0.0,0,3,2,81,75,0
8,0,0.0,0.0,0.0,78,78,0,0,1,1,0,0,0,0,0.0,0,1,1,34,34,0
6,0,0.0,0.0,0.0,54,46,2,0,1,4,2,1,0,0,0.0,0,2,2,29,22,0
27,0,0.0,0.0,0.0,134,57,4,0,7,4,9,2,6,0,0.0,0,5,3,91,69,0
41,0,0.0,0.0,0.0,48,48,1,0,6,5,7,5,15,0,0.0,0,1,1,90,90,0
20,0,0.0,0.0,0.0,134,89,3,0,7,1,3,7,3,0,0.0,0,3,2,91,54,0
70,0,0.0,0.0,0.0,68,25,3,0,24,1,2,25,10,0,0.0,0,3,1,158,126,0
34,0,0.0,0.0,0.0,19,19,2,0,1,1,2,0,0,0,0.0,0,2,1,70,52,0
3,0,0.0,0.0,0.0,134,60,4,0,0,4,2,0,0,0,0.0,0,4,2,35,31,0
23,0,0.0,0.0,0.0,134,19,11,0,6,7,12,11,3,0,0.0,0,16,6,444,151,0
280,0,0.0,0.0,0.0,134,7,45,0,72,2,42,124,132,0,0.0,0,51,8,1264,411,1
94,0,0.0,0.0,0.0,134,19,19,0,26,2,21,26,153,0,0.0,0,24,6,523,178,0
46,0,0.0,0.0,0.0,134,45,16,0,13,2,12,20,55,0,0.0,0,17,5,271,102,0
56,0,0.0,0.0,0.0,19,19,3,0,13,2,3,5,4,0,0.0,0,3,1,91,64,0
17,0,0.0,0.0,0.0,57,57,1,0,4,3,6,0,2,0,0.0,0,1,1,58,58,0
45,0,0.0,0.0,0.0,21,21,6,0,19,2,14,33,3,0,0.0,0,6,2,184,78,0
8,0,0.0,0.0,0.0,68,68,1,0,1,1,0,0,0,0,0.0,0,1,1,35,35,0
80,0,0.0,0.0,0.0,19,7,4,0,15,2,6,11,2,0,0.0,0,4,2,171,99,0
456,0,0.0,0.0,0.0,20,20,1,0,116,2,29,113,184,0,0.0,0,1,1,719,719,0
286,0,0.0,0.0,0.0,107,23,10,0,8,2,26,18,0,0,0.0,0,14,4,531,271,0
14,0,0.0,0.0,0.0,95,14,15,0,1,1,0,0,0,0,0.0,0,18,3,690,244,0
133,0,0.0,0.0,0.0,19,14,5,0,18,1,24,35,0,0,0.0,0,5,1,342,136,0
113,0,0.0,0.0,0.0,134,8,14,0,25,3,23,35,151,0,0.0,0,18,7,1103,532,0
41,1,-1.0,0.0,15.0,85,3,3,1,9,1,6,22,0,15,0.0,0,3,2,105,103,0
55,0,0.0,0.0,0.0,94,47,16,0,14,2,18,29,0,0,0.0,0,17,3,397,163,0
58,0,0.0,0.0,0.0,46,27,1,0,4,5,15,8,1,0,0.0,0,2,2,130,126,0
3,0,0.0,0.0,0.0,105,70,1,0,1,1,1,0,0,0,0.0,0,2,1,28,26,0
11,0,0.0,0.0,0.0,94,90,3,0,1,4,5,3,0,0,0.0,0,3,2,83,44,0
3,0,0.0,0.0,0.0,134,95,3,0,0,4,2,0,0,0,0.0,0,3,2,31,29,0
63,0,0.0,0.0,0.0,95,14,4,0,17,2,4,0,120,0,0.0,0,4,2,417,242,0
35,0,0.0,0.0,0.0,14,14,1,0,14,2,2,0,12,0,0.0,0,1,1,168,168,0
89,0,0.0,0.0,0.0,53,51,3,0,6,2,9,11,0,0,0.0,0,3,2,207,110,0
34,0,0.0,0.0,0.0,53,51,3,0,10,2,7,0,20,0,0.0,0,3,2,116,87,0
59,0,0.0,0.0,0.0,21,19,4,0,11,7,20,24,4,0,0.0,0,4,2,179,121,0
60,0,0.0,0.0,0.0,83,14,2,0,19,2,7,12,6,0,0.0,0,2,1,342,228,0
17,0,0.0,0.0,0.0,57,57,1,0,4,3,6,0,2,0,0.0,0,1,1,57,57,0
29,0,0.0,0.0,0.0,134,44,6,0,8,2,18,7,0,0,0.0,0,6,2,126,83,0
43,0,0.0,0.0,0.0,95,14,6,0,13,2,9,18,6,0,0.0,0,9,3,425,220,0
101,0,0.0,0.0,0.0,105,8,16,0,25,2,19,28,153,0,0.0,0,17,5,346,199,0
425,0,0.0,0.0,0.0,95,19,13,0,102,1,30,73,0,0,0.0,0,14,4,1125,539,0
70,0,0.0,0.0,0.0,89,20,2,0,15,1,1,17,48,0,0.0,0,4,1,201,132,0
53,111,111.0,111.0,15.0,2,2,1,1,1,4,13,7,0,15,0.0,0,1,1,111,111,1
3,0,0.0,0.0,0.0,134,57,5,0,0,4,3,0,0,0,0.0,0,5,2,41,32,0
39,10,-1.33,1.0,23.33,134,2,24,3,7,5,21,23,0,31,1.5219,0,30,5,254,90,0
70,0,0.0,0.0,0.0,69,14,8,0,17,1,11,31,1,0,0.0,0,8,1,512,252,0
17,0,0.0,0.0,0.0,95,14,9,0,4,5,3,0,2,0,0.0,0,10,2,273,98,0
145,0,0.0,0.0,0.0,99,20,14,0,14,2,26,29,21,0,0.0,0,20,6,626,439,0
18,0,0.0,0.0,0.0,95,14,7,0,6,1,2,2,0,0,0.0,0,9,4,212,108,0
73,0,0.0,0.0,0.0,134,54,5,0,11,2,7,19,1,0,0.0,0,5,3,136,78,0
93,0,0.0,0.0,0.0,50,21,4,0,8,4,9,18,4,0,0.0,0,5,1,343,119,1
33,0,0.0,0.0,0.0,95,14,8,0,8,3,8,0,26,0,0.0,0,8,3,432,230,0
110,22,0.0,11.0,31.0,53,4,4,1,11,2,14,17,6,31,0.0,0,5,3,271,233,0
49,0,0.0,0.0,0.0,95,14,8,0,13,3,7,0,66,0,0.0,0,9,4,396,212,0
60,0,0.0,0.0,0.0,19,7,2,0,15,4,2,7,1,0,0.0,0,2,2,117,79,0
245,6,0.0,3.0,31.0,134,2,17,1,12,6,28,15,6,31,0.0,0,29,7,2254,871,0
66,0,0.0,0.0,0.0,107,20,6,0,20,1,6,7,73,0,0.0,0,8,4,495,136,0
170,2,0.0,1.0,31.0,134,2,19,1,9,3,28,14,1,31,0.0,0,29,7,597,334,0
166,0,0.0,0.0,0.0,22,8,3,0,34,1,8,49,10,0,0.0,0,3,1,340,194,0
32,0,0.0,0.0,0.0,95,14,8,0,9,3,8,0,22,0,0.0,0,10,5,359,194,0
15,0,0.0,0.0,0.0,95,8,14,0,13,1,22,0,78,0,0.0,0,15,3,807,404,0
55,270,43.33,66.67,16.33,4,3,3,3,2,2,19,10,0,31,1.1821,0,3,2,270,175,0
161,0,0.0,0.0,0.0,19,6,13,0,23,1,11,26,0,0,0.0,0,13,2,466,131,0
66,0,0.0,0.0,0.0,134,11,9,0,19,3,12,5,135,0,0.0,0,9,3,291,139,0
69,0,0.0,0.0,0.0,132,10,4,0,5,4,5,3,0,0,0.0,0,6,5,283,140,1
78,0,0.0,0.0,0.0,47,20,2,0,18,1,4,1,39,0,0.0,0,3,1,152,137,0
137,0,0.0,0.0,0.0,95,14,12,0,39,6,9,6,499,0,0.0,0,13,3,918,516,0
467,0,0.0,0.0,0.0,13,8,0,0,73,1,68,94,0,0,0.0,0,3,1,803,739,0
27,0,0.0,0.0,0.0,134,57,4,0,7,4,9,2,6,0,0.0,0,5,3,91,69,0
13,0,0.0,0.0,0.0,58,58,1,0,2,2,5,2,0,0,0.0,0,1,1,40,40,0
54,0,0.0,0.0,0.0,95,8,10,0,19,4,9,3,51,0,0.0,0,11,2,495,202,0
60,0,0.0,0.0,0.0,134,22,6,0,17,3,14,7,44,0,0.0,0,7,3,225,132,1
122,0,0.0,0.0,0.0,134,46,4,0,32,2,7,31,25,0,0.0,0,5,3,215,202,0
17,8,8.0,8.0,3.0,19,2,2,1,9,2,7,16,0,3,0.0,0,2,2,65,57,0
96,0,0.0,0.0,0.0,95,14,6,0,28,2,9,13,176,0,0.0,0,7,3,536,346,0
109,101,3.0,52.0,3.0,21,1,4,0,3,6,19,24,0,3,0.0,0,6,3,473,201,0
80,0,0.0,0.0,0.0,25,25,1,0,6,2,8,3,0,0,0.0,0,1,1,131,131,0
154,0,0.0,0.0,0.0,95,14,9,0,41,3,10,0,746,0,0.0,0,10,3,840,540,0
70,0,0.0,0.0,0.0,93,14,17,0,21,2,24,30,0,0,0.0,0,20,5,732,316,0
12,0,0.0,0.0,0.0,95,14,3,0,3,1,6,3,3,0,0.0,0,5,2,175,108,0
66,0,0.0,0.0,0.0,95,14,6,0,18,3,6,0,135,0,0.0,0,7,2,407,246,0
12,0,0.0,0.0,0.0,134,68,3,0,1,5,4,3,0,0,0.0,0,5,2,63,45,0
50,0,0.0,0.0,0.0,54,46,2,0,14,1,4,6,66,0,0.0,0,2,2,91,81,0
158,8,4.0,6.0,2.0,15,3,9,1,32,1,15,47,37,2,0.0,0,9,3,283,97,0
57,0,0.0,0.0,0.0,87,45,5,0,1,3,16,6,0,0,0.0,0,9,3,345,173,0
126,0,0.0,0.0,0.0,94,18,26,0,32,2,20,44,21,0,0.0,0,27,6,1014,197,0
32,0,0.0,0.0,0.0,134,57,7,0,9,3,9,4,28,0,0.0,0,7,3,101,58,0
24,0,0.0,0.0,0.0,134,20,15,0,22,1,9,0,231,0,0.0,0,15,4,111,52,0
51,0,0.0,0.0,0.0,0,0,0,0,9,2,11,12,1,0,0.0,0,0,0,0,0,0
119,0,0.0,0.0,0.0,134,18,7,0,61,2,8,42,66,0,0.0,0,7,6,838,216,0
257,0,0.0,0.0,0.0,134,20,18,0,29,5,38,28,3,0,0.0,0,25,7,703,220,0
67,0,0.0,0.0,0.0,95,14,4,0,18,2,7,1,102,0,0.0,0,4,2,391,250,0
11,0,0.0,0.0,0.0,31,31,0,0,5,2,5,3,3,0,0.0,0,1,1,43,43,0
105,0,0.0,0.0,0.0,134,8,23,0,30,2,13,37,141,0,0.0,0,25,6,551,96,0
10,0,0.0,0.0,0.0,68,14,2,0,2,3,2,0,0,0,0.0,0,2,1,114,76,0
138,0,0.0,0.0,0.0,134,19,15,0,36,1,14,65,8,0,0.0,0,16,4,522,182,0
3,0,0.0,0.0,0.0,134,95,3,0,0,4,3,0,0,0,0.0,0,3,2,33,31,0
64,0,0.0,0.0,0.0,105,94,3,0,23,3,10,16,33,0,0.0,0,4,2,148,135,0
162,0,0.0,0.0,0.0,134,20,21,0,38,1,29,64,81,0,0.0,0,33,6,654,224,0
6,0,0.0,0.0,0.0,95,14,11,0,4,1,13,0,6,0,0.0,0,12,4,354,178,0
17,0,0.0,0.0,0.0,95,14,4,0,4,2,8,3,0,0,0.0,0,4,3,153,102,0
27,0,0.0,0.0,0.0,134,57,4,0,7,4,9,2,6,0,0.0,0,5,3,88,69,0
115,0,0.0,0.0,0.0,107,8,14,0,30,1,22,52,0,0,0.0,0,16,3,471,239,1
45,0,0.0,0.0,0.0,8,7,2,0,2,2,12,14,0,0,0.0,0,2,1,102,96,0
54,0,0.0,0.0,0.0,0,0,0,0,14,1,4,5,81,0,0.0,0,0,0,0,0,0
131,0,0.0,0.0,0.0,134,20,13,0,33,2,27,51,36,0,0.0,0,14,5,364,170,0
426,2,2.0,2.0,2.0,20,1,6,1,90,2,19,77,165,2,0.0,0,6,3,610,406,0
53,0,0.0,0.0,0.0,134,53,5,0,14,1,9,18,0,0,0.0,0,5,3,160,67,0
134,0,0.0,0.0,0.0,134,21,12,0,17,2,22,36,0,0,0.0,0,21,5,836,174,0
128,0,0.0,0.0,0.0,134,21,6,0,44,4,20,26,97,0,0.0,0,9,4,463,196,0
69,0,0.0,0.0,0.0,58,46,2,0,8,3,21,11,7,0,0.0,0,2,1,190,184,0
204,0,0.0,0.0,0.0,134,6,18,0,46,3,30,54,0,0,0.0,0,25,7,1063,434,0
150,0,0.0,0.0,0.0,31,11,1,0,45,1,17,54,0,0,0.0,0,3,1,239,233,1
122,0,0.0,0.0,0.0,134,27,22,0,6,5,24,16,1,0,0.0,0,29,7,624,235,0
70,0,0.0,0.0,0.0,134,20,12,0,19,2,8,24,3,0,0.0,0,14,5,314,109,0
94,0,0.0,0.0,0.0,134,18,12,0,24,2,19,32,1,0,0.0,0,14,6,750,188,1
61,0,0.0,0.0,0.0,134,19,8,0,27,2,13,16,36,0,0.0,0,9,3,187,86,0
108,0,0.0,0.0,0.0,134,15,9,0,33,2,14,17,269,0,0.0,0,9,3,345,188,0
11,0,0.0,0.0,0.0,95,14,14,0,0,1,0,1,0,0,0.0,0,20,4,251,104,0
4,0,0.0,0.0,0.0,95,14,5,0,1,1,2,2,0,0,0.0,0,7,4,124,76,0
94,0,0.0,0.0,0.0,134,21,17,0,3,6,18,7,3,0,0.0,0,24,7,427,179,0
44,0,0.0,0.0,0.0,134,134,1,0,6,2,8,22,1,0,0.0,0,1,1,100,100,0
101,0,0.0,0.0,0.0,95,8,12,0,27,6,10,8,233,0,0.0,0,14,3,631,326,0
26,3,0.33,0.67,9.0,55,2,11,3,8,1,2,4,8,17,1.585,0,11,2,327,210,0
33,0,0.0,0.0,0.0,99,86,5,0,3,4,8,1,1,0,0.0,0,6,4,127,101,0
2,0,0.0,0.0,0.0,53,21,3,0,0,2,3,0,0,0,0.0,0,3,2,39,26,0
34,0,0.0,0.0,0.0,134,11,3,0,13,2,5,2,20,0,0.0,0,4,2,104,93,0
8,0,0.0,0.0,0.0,53,53,1,0,2,1,6,2,1,0,0.0,0,1,1,48,48,0
58,0,0.0,0.0,0.0,20,20,1,0,19,4,8,8,83,0,0.0,0,1,1,133,133,0
55,0,0.0,0.0,0.0,134,18,9,0,4,2,16,10,0,0,0.0,0,10,6,180,107,0
259,10,4.0,7.0,1.0,95,3,19,0,66,1,34,87,23,1,0.0,0,26,5,855,451,0
67,0,0.0,0.0,0.0,90,20,5,0,13,1,15,29,15,0,0.0,0,7,1,197,142,0
48,0,0.0,0.0,0.0,52,52,1,0,8,1,11,21,0,0,0.0,0,1,1,92,92,0
145,0,0.0,0.0,0.0,134,19,26,0,37,1,29,56,24,0,0.0,0,31,7,754,157,0
42,0,0.0,0.0,0.0,20,19,2,0,11,1,6,0,43,0,0.0,0,2,2,19,17,0
24,0,0.0,0.0,0.0,134,60,3,0,6,2,7,0,9,0,0.0,0,3,2,90,69,0
112,0,0.0,0.0,0.0,19,19,4,0,23,2,5,9,4,0,0.0,0,4,1,208,150,0
42,0,0.0,0.0,0.0,95,14,5,0,11,2,7,0,45,0,0.0,0,5,2,351,194,0
64,0,0.0,0.0,0.0,101,11,1,0,11,1,8,15,0,0,0.0,0,2,1,129,127,0
84,31,-3.0,3.67,25.67,134,2,29,3,10,4,21,29,0,31,1.14,0,36,7,465,121,0
64,0,0.0,0.0,0.0,134,57,7,0,20,1,8,25,36,0,0.0,0,9,3,158,91,0
3,0,0.0,0.0,0.0,134,95,3,0,0,4,3,0,0,0,0.0,0,3,2,33,31,0
56,0,0.0,0.0,0.0,134,46,10,0,3,3,9,2,3,0,0.0,0,11,4,1349,600,0
10,0,0.0,0.0,0.0,68,14,2,0,2,3,3,0,0,0,0.0,0,2,1,117,78,0
34,0,0.0,0.0,0.0,134,47,5,0,10,1,7,26,0,0,0.0,0,6,3,177,82,0
230,220,9.5,32.25,14.75,134,3,22,4,54,2,35,71,4,31,1.5378,0,33,6,927,221,0
90,12,3.0,4.5,16.0,8,4,4,2,2,4,14,11,0,31,0.8113,0,4,2,152,124,0
39,0,0.0,0.0,0.0,51,51,1,0,5,1,11,14,0,0,0.0,0,1,1,108,108,0
17,0,0.0,0.0,0.0,95,14,4,0,4,2,4,0,2,0,0.0,0,4,2,164,104,0
52,0,0.0,0.0,0.0,105,27,4,0,16,1,12,5,91,0,0.0,0,8,3,190,102,0
7,0,0.0,0.0,0.0,95,14,11,0,5,1,16,0,10,0,0.0,0,13,3,588,238,0
128,0,0.0,0.0,0.0,134,21,17,0,4,3,21,15,1,0,0.0,0,28,7,833,224,0
82,44,0.0,11.0,24.0,57,3,3,2,8,2,12,8,0,31,0.2668,0,3,2,215,171,0
171,0,0.0,0.0,0.0,134,46,12,0,6,2,17,6,1,0,0.0,0,18,5,626,185,0
17,0,0.0,0.0,0.0,44,14,3,0,4,5,3,0,2,0,0.0,0,3,2,147,98,0
80,6,4.0,5.0,5.0,87,2,6,1,11,4,17,18,1,5,0.0,0,14,3,282,156,0
49,0,0.0,0.0,0.0,95,14,6,0,16,3,5,1,54,0,0.0,0,7,2,315,202,0
23,0,0.0,0.0,0.0,134,57,4,0,7,3,8,3,2,0,0.0,0,5,3,105,59,0
38,0,0.0,0.0,0.0,19,19,1,0,16,2,9,29,0,0,0.0,0,1,1,84,84,0
45,0,0.0,0.0,0.0,19,14,10,0,10,2,4,8,0,0,0.0,0,11,1,190,44,0
90,231,-39.67,18.67,3.33,134,2,15,3,15,3,20,26,0,7,0.1716,0,21,5,854,309,0
4,0,0.0,0.0,0.0,95,14,4,0,1,1,2,2,0,0,0.0,0,6,3,106,68,0
8,0,0.0,0.0,0.0,91,45,4,0,6,1,10,0,15,0,0.0,0,4,3,164,62,0
67,0,0.0,0.0,0.0,134,21,6,0,37,3,9,16,171,0,0.0,0,8,2,315,168,0
33,0,0.0,0.0,0.0,70,46,5,0,8,3,8,0,26,0,0.0,0,5,1,179,126,0
10,0,0.0,0.0,0.0,19,12,4,0,0,1,0,0,0,0,0.0,0,4,2,105,72,0
17,0,0.0,0.0,0.0,134,68,3,0,4,2,5,0,2,0,0.0,0,3,2,59,55,0
26,0,0.0,0.0,0.0,95,14,5,0,6,2,7,1,3,0,0.0,0,6,2,284,156,0
11,0,0.0,0.0,0.0,134,51,5,0,4,1,5,4,1,0,0.0,0,5,3,257,110,0
229,0,0.0,0.0,0.0,134,19,25,0,57,1,27,158,70,0,0.0,0,29,4,1088,315,0
31,0,0.0,0.0,0.0,134,95,2,0,5,1,1,10,8,0,0.0,0,2,2,76,75,0
160,0,0.0,0.0,0.0,134,15,19,0,48,3,27,8,779,0,0.0,0,22,4,709,356,0
77,16,0.0,4.0,31.0,107,2,16,2,8,2,22,12,0,31,0.5436,0,26,6,431,104,0
134,0,0.0,0.0,0.0,134,19,25,0,28,2,16,40,91,0,0.0,0,26,4,478,180,0
3,0,0.0,0.0,0.0,95,14,2,0,1,1,1,0,0,0,0.0,0,3,2,98,64,0
4,0,0.0,0.0,0.0,6,6,1,0,0,1,0,0,0,0,0.0,0,1,1,80,80,0
38,2,0.0,1.0,3.0,19,2,3,1,6,1,16,7,1,3,0.0,0,3,2,82,77,0
44,0,0.0,0.0,0.0,19,19,1,0,10,2,8,16,0,0,0.0,0,1,1,78,78,0
16,0,0.0,0.0,0.0,95,14,4,0,4,2,3,0,0,0,0.0,0,5,2,169,108,0
27,0,0.0,0.0,0.0,134,21,4,0,4,6,11,10,1,0,0.0,0,7,5,80,59,0
84,0,0.0,0.0,0.0,94,20,4,0,22,1,13,21,54,0,0.0,0,4,2,234,180,0
80,0,0.0,0.0,0.0,95,14,8,0,22,3,6,0,139,0,0.0,0,10,3,648,380,0
162,0,0.0,0.0,0.0,99,20,19,0,16,3,16,17,4,0,0.0,0,22,5,465,203,0
42,0,0.0,0.0,0.0,99,57,4,0,11,2,7,13,0,0,0.0,0,4,2,130,93,0
207,3,1.0,2.0,2.0,134,4,19,1,9,4,24,17,1,2,0.0,0,31,7,757,348,0
204,0,0.0,0.0,0.0,70,6,8,0,42,2,20,55,13,0,0.0,0,9,2,434,287,0
400,4,0.0,2.0,31.0,134,2,25,1,10,7,33,24,1,31,0.0,0,36,8,1773,576,0
26,10,0.0,5.0,17.0,134,3,7,1,6,3,9,5,9,17,0.0,0,8,3,104,67,0
59,4,0.0,2.0,31.0,134,2,11,1,3,5,13,8,1,31,0.0,0,15,6,278,119,0
191,0,0.0,0.0,0.0,44,19,5,0,50,2,28,37,15,0,0.0,0,5,2,450,313,0
246,0,0.0,0.0,0.0,84,20,1,0,58,2,8,74,8,0,0.0,0,4,1,392,376,1
119,0,0.0,0.0,0.0,58,21,9,0,5,7,26,16,0,0,0.0,0,11,3,416,247,0
375,2,0.0,1.0,31.0,134,2,19,1,9,7,33,23,0,31,0.0,0,24,7,1430,410,0
168,0,0.0,0.0,0.0,94,14,23,0,46,1,31,43,45,0,0.0,0,25,5,1654,552,0
57,0,0.0,0.0,0.0,33,30,6,0,18,2,18,22,6,0,0.0,0,6,3,228,112,0
86,0,0.0,0.0,0.0,71,35,2,0,15,1,11,30,1,0,0.0,0,2,1,137,128,0
46,0,0.0,0.0,0.0,118,36,9,0,7,1,16,20,4,0,0.0,0,9,4,229,143,0
83,0,0.0,0.0,0.0,145,33,14,0,20,1,14,24,66,0,0.0,0,16,3,336,115,0
136,0,0.0,0.0,0.0,95,95,0,0,36,2,7,22,0,0,0.0,0,1,1,197,197,0
57,0,0.0,0.0,0.0,145,30,6,0,18,1,10,17,0,0,0.0,0,9,3,316,123,0
51,0,0.0,0.0,0.0,30,25,2,0,9,2,8,16,0,0,0.0,0,2,2,100,94,0
51,0,0.0,0.0,0.0,30,24,6,0,7,1,5,11,0,0,0.0,0,7,1,135,78,0
245,0,0.0,0.0,0.0,145,17,23,0,62,3,36,58,10,0,0.0,0,27,5,1064,461,0
3,0,0.0,0.0,0.0,145,68,4,0,0,4,3,0,0,0,0.0,0,4,2,37,28,0
46,0,0.0,0.0,0.0,145,77,13,0,24,2,9,24,0,0,0.0,0,14,5,431,135,0
283,0,0.0,0.0,0.0,145,19,22,0,95,5,34,51,1461,0,0.0,0,31,8,1023,544,0
44,0,0.0,0.0,0.0,109,102,4,0,1,4,12,4,0,0,0.0,0,5,4,119,108,0
12,11,-11.0,0.0,7.0,105,0,12,1,10,1,21,0,45,7,0.0,0,12,3,746,368,0
122,0,0.0,0.0,0.0,31,31,1,0,32,2,12,37,19,0,0.0,0,1,1,10,10,0
74,0,0.0,0.0,0.0,13,13,1,0,16,3,17,30,1,0,0.0,0,1,1,152,152,0
38,0,0.0,0.0,0.0,36,25,2,0,10,2,5,0,35,0,0.0,0,2,1,310,308,0
16,0,0.0,0.0,0.0,0,0,0,0,4,1,1,1,0,0,0.0,0,0,0,0,0,0
15,0,0.0,0.0,0.0,87,36,0,0,4,1,1,1,0,0,0.0,0,3,2,91,37,0
549,71,15.5,25.5,4.0,115,8,26,1,113,2,51,146,484,7,0.9999,0,33,6,1532,666,0
43,0,0.0,0.0,0.0,115,63,7,0,6,1,13,30,3,0,0.0,0,7,5,175,65,0
122,0,0.0,0.0,0.0,105,13,22,0,32,2,18,38,21,0,0.0,0,22,4,1213,444,0
80,0,0.0,0.0,0.0,145,12,20,0,4,4,17,15,3,0,0.0,0,26,7,492,154,0
85,0,0.0,0.0,0.0,31,31,1,0,18,3,24,45,39,0,0.0,0,1,1,42,42,1
35,0,0.0,0.0,0.0,79,60,3,0,11,2,4,4,28,0,0.0,0,3,2,128,91,0
15,0,0.0,0.0,0.0,105,25,12,0,13,1,21,0,78,0,0.0,0,15,3,819,390,0
86,0,0.0,0.0,0.0,105,25,9,0,22,2,12,7,170,0,0.0,0,10,4,669,354,0
90,0,0.0,0.0,0.0,115,81,2,0,27,1,7,14,137,0,0.0,0,3,2,165,156,0
114,0,0.0,0.0,0.0,145,12,19,0,1,5,21,12,0,0,0.0,0,27,7,1120,483,0
50,0,0.0,0.0,0.0,145,58,4,0,17,1,11,20,0,0,0.0,0,4,2,134,92,0
3,0,0.0,0.0,0.0,145,105,3,0,0,4,3,0,0,0,0.0,0,3,2,33,31,0
13,0,0.0,0.0,0.0,30,30,2,0,2,1,1,6,0,0,0.0,0,2,1,41,23,0
52,0,0.0,0.0,0.0,145,38,16,0,7,3,10,10,10,0,0.0,0,24,6,494,221,0
163,0,0.0,0.0,0.0,31,25,2,0,50,2,8,16,159,0,0.0,0,2,1,526,508,0
24,0,0.0,0.0,0.0,105,14,6,0,6,2,8,2,11,0,0.0,0,8,3,240,138,0
132,0,0.0,0.0,0.0,145,32,20,0,4,3,22,15,1,0,0.0,0,31,7,854,234,0
286,26,10.0,18.0,10.0,145,0,21,1,76,2,53,165,19,10,0.0,0,23,6,760,232,1
304,0,0.0,0.0,0.0,110,58,4,0,14,2,16,21,0,0,0.0,0,8,3,347,291,0
93,0,0.0,0.0,0.0,145,79,5,0,1,3,17,12,0,0,0.0,0,10,5,263,194,0
33,0,0.0,0.0,0.0,106,95,3,0,6,1,4,8,3,0,0.0,0,3,2,134,84,0
99,0,0.0,0.0,0.0,145,13,23,0,17,3,19,26,136,0,0.0,0,23,5,553,134,0
50,0,0.0,0.0,0.0,33,30,5,0,14,2,17,16,4,0,0.0,0,5,3,184,99,0
10,0,0.0,0.0,0.0,145,105,2,0,3,3,2,0,1,0,0.0,0,2,2,43,40,0
63,0,0.0,0.0,0.0,105,25,11,0,16,2,12,13,0,0,0.0,0,12,4,441,232,0
65,0,0.0,0.0,0.0,105,25,7,0,19,1,6,17,0,0,0.0,0,7,2,617,402,0
8,0,0.0,0.0,0.0,145,84,2,0,2,4,0,0,1,0,0.0,0,3,3,35,31,0
3,0,0.0,0.0,0.0,145,71,4,0,0,4,3,0,0,0,0.0,0,4,2,37,32,0
17,0,0.0,0.0,0.0,65,19,9,0,1,1,0,0,0,0,0.0,0,9,1,153,64,0
31,0,0.0,0.0,0.0,145,105,4,0,8,3,4,0,20,0,0.0,0,4,3,73,51,0
71,0,0.0,0.0,0.0,30,14,15,0,12,1,5,19,0,0,0.0,0,16,3,273,53,0
304,0,0.0,0.0,0.0,145,31,20,0,89,3,45,94,431,0,0.0,0,21,5,767,186,0
45,0,0.0,0.0,0.0,145,31,5,0,16,1,2,23,15,0,0.0,0,9,3,186,135,0
42,0,0.0,0.0,0.0,0,0,0,0,11,2,8,0,45,0,0.0,0,0,0,0,0,0
83,0,0.0,0.0,0.0,31,12,5,0,15,3,22,32,45,0,0.0,0,5,2,221,163,0
43,0,0.0,0.0,0.0,145,18,8,0,1,1,0,0,0,0,0.0,0,13,2,158,96,0
26,0,0.0,0.0,0.0,65,65,1,0,5,2,7,6,8,0,0.0,0,1,1,69,69,0
20,0,0.0,0.0,0.0,56,56,1,0,4,2,4,3,0,0,0.0,0,1,1,22,22,0
3,0,0.0,0.0,0.0,31,31,1,0,0,4,3,0,0,0,0.0,0,1,1,31,31,0
66,0,0.0,0.0,0.0,145,105,5,0,18,3,12,6,100,0,0.0,0,5,3,148,122,0
62,7,-5.0,1.0,7.0,105,0,16,1,16,2,18,24,0,7,0.0,0,17,4,715,302,0
10,0,0.0,0.0,0.0,145,103,3,0,3,3,2,0,1,0,0.0,0,3,3,44,40,0
25,0,0.0,0.0,0.0,125,33,6,0,5,1,3,9,3,0,0.0,0,6,4,87,54,0
29,0,0.0,0.0,0.0,30,30,1,0,6,3,6,15,1,0,0.0,0,1,1,70,70,0
32,0,0.0,0.0,0.0,118,30,12,0,11,1,6,0,55,0,0.0,0,13,6,222,63,0
88,0,0.0,0.0,0.0,145,15,8,0,1,3,14,8,0,0,0.0,0,10,6,269,195,0
9,0,0.0,0.0,0.0,105,25,4,0,2,1,1,0,0,0,0.0,0,4,2,123,82,0
50,0,0.0,0.0,0.0,110,57,6,0,3,3,7,2,3,0,0.0,0,8,4,139,72,0
105,0,0.0,0.0,0.0,145,17,17,0,30,3,21,16,0,0,0.0,0,20,5,630,264,0
25,0,0.0,0.0,0.0,145,30,9,0,6,2,11,2,11,0,0.0,0,9,3,106,75,0
122,0,0.0,0.0,0.0,32,30,2,0,9,4,18,21,0,0,0.0,0,2,2,239,150,0
83,0,0.0,0.0,0.0,31,30,3,0,15,3,22,33,45,0,0.0,0,3,1,224,165,0
38,0,0.0,0.0,0.0,95,19,4,0,6,1,6,10,0,0,0.0,0,5,2,224,110,0
37,0,0.0,0.0,0.0,145,21,8,0,7,4,9,11,15,0,0.0,0,13,6,130,79,0
109,0,0.0,0.0,0.0,145,33,10,0,6,2,16,6,1,0,0.0,0,16,5,522,176,0
176,0,0.0,0.0,0.0,145,14,18,0,41,2,14,26,210,0,0.0,0,20,5,867,300,0
186,0,0.0,0.0,0.0,65,31,3,0,51,1,16,44,74,0,0.0,0,4,2,347,320,0
167,0,0.0,0.0,0.0,145,64,8,0,42,1,2,15,0,0,0.0,0,10,4,449,282,0
151,0,0.0,0.0,0.0,145,12,15,0,18,2,36,32,21,0,0.0,0,19,4,567,175,0
87,0,0.0,0.0,0.0,105,25,6,0,25,3,5,1,252,0,0.0,0,8,3,562,312,0
644,0,0.0,0.0,0.0,145,26,20,0,194,1,59,27,0,0,0.0,0,22,5,1057,401,1
38,0,0.0,0.0,0.0,0,0,0,0,4,2,8,21,0,0,0.0,0,0,0,0,0,0
66,0,0.0,0.0,0.0,110,68,5,0,3,3,5,6,1,0,0.0,0,6,4,171,80,0
53,0,0.0,0.0,0.0,145,12,5,0,4,2,15,11,0,0,0.0,0,6,3,209,107,0
79,0,0.0,0.0,0.0,145,145,1,0,20,1,3,25,5,0,0.0,0,1,1,178,178,0
13,0,0.0,0.0,0.0,25,25,1,0,4,1,0,3,6,0,0.0,0,1,1,96,96,0
48,0,0.0,0.0,0.0,30,25,2,0,5,2,7,18,0,0,0.0,0,2,2,96,90,0
82,0,0.0,0.0,0.0,71,31,3,0,19,2,21,21,1,0,0.0,0,3,1,139,127,0
58,0,0.0,0.0,0.0,56,56,1,0,10,3,9,8,0,0,0.0,0,1,1,14,14,0
30,0,0.0,0.0,0.0,145,80,2,0,9,2,5,8,21,0,0.0,0,3,2,133,104,0
3,0,0.0,0.0,0.0,145,68,4,0,0,4,3,0,0,0,0.0,0,4,2,37,28,0
27,0,0.0,0.0,0.0,105,96,2,0,5,2,4,6,6,0,0.0,0,2,2,113,101,0
32,0,0.0,0.0,0.0,145,68,6,0,9,3,6,2,32,0,0.0,0,6,2,92,72,0
46,0,0.0,0.0,0.0,106,31,8,0,7,2,9,14,1,0,0.0,0,11,3,608,222,0
62,17,-3.0,7.0,10.0,105,0,10,1,22,2,8,16,37,10,0.0,0,11,5,439,244,0
25,0,0.0,0.0,0.0,30,30,1,0,6,1,3,12,0,0,0.0,0,1,1,63,63,0
27,0,0.0,0.0,0.0,145,30,16,0,9,5,11,6,11,0,0.0,0,17,5,352,152,0
6,0,0.0,0.0,0.0,29,25,2,0,0,1,0,0,0,0,0.0,0,2,1,35,27,0
16,0,0.0,0.0,0.0,68,68,1,0,2,1,6,8,0,0,0.0,0,1,1,54,54,0
127,0,0.0,0.0,0.0,68,32,3,0,35,3,18,16,332,0,0.0,0,3,1,247,209,0
63,0,0.0,0.0,0.0,57,34,2,0,4,5,17,10,1,0,0.0,0,3,3,146,140,0
178,0,0.0,0.0,0.0,105,25,6,0,50,3,6,0,993,0,0.0,0,9,4,1233,734,0
167,0,0.0,0.0,0.0,105,25,7,0,58,4,8,2,865,0,0.0,0,9,2,971,602,0
326,0,0.0,0.0,0.0,105,18,11,0,71,1,18,138,55,0,0.0,0,14,4,1729,990,0
37,0,0.0,0.0,0.0,145,62,12,0,12,3,13,8,43,0,0.0,0,15,4,367,84,0
27,0,0.0,0.0,0.0,145,79,3,0,2,5,7,5,0,0,0.0,0,7,4,101,67,0
6,0,0.0,0.0,0.0,30,30,2,0,0,1,0,0,0,0,0.0,0,2,1,331,313,0
410,7,1.0,4.0,11.0,115,5,27,1,134,1,43,107,43,11,0.0,0,43,6,1280,338,0
31,0,0.0,0.0,0.0,145,31,8,0,7,2,6,10,0,0,0.0,0,9,5,111,71,0
205,0,0.0,0.0,0.0,145,14,32,0,5,3,25,29,1,0,0.0,0,37,6,901,271,0
26,0,0.0,0.0,0.0,105,25,8,0,6,2,6,0,5,0,0.0,0,9,2,364,188,0
31,0,0.0,0.0,0.0,79,68,3,0,12,2,6,1,16,0,0.0,0,3,2,153,104,0
121,0,0.0,0.0,0.0,145,55,4,0,34,1,15,6,3,0,0.0,0,7,3,336,121,0
260,0,0.0,0.0,0.0,106,30,31,0,81,1,31,111,257,0,0.0,0,35,5,1735,699,0
4,0,0.0,0.0,0.0,17,12,2,0,0,1,0,0,0,0,0.0,0,2,2,101,99,0
10,0,0.0,0.0,0.0,34,30,3,0,3,3,2,0,1,0,0.0,0,3,2,45,40,0
35,86,86.0,86.0,11.0,5,5,1,1,9,1,0,4,4,11,0.0,0,1,1,86,86,0
83,0,0.0,0.0,0.0,115,101,5,0,25,2,12,4,127,0,0.0,0,5,3,197,155,0
8,0,0.0,0.0,0.0,145,57,3,0,2,2,5,1,1,0,0.0,0,4,2,48,42,0
17,0,0.0,0.0,0.0,68,68,1,0,4,3,6,0,2,0,0.0,0,1,1,58,58,1
262,0,0.0,0.0,0.0,64,62,4,0,32,2,27,59,21,0,0.0,0,5,3,502,316,0
87,0,0.0,0.0,0.0,145,55,8,0,22,2,15,29,55,0,0.0,0,9,3,282,164,0
389,0,0.0,0.0,0.0,145,26,35,0,47,2,32,52,14,0,0.0,0,44,8,2071,553,0
92,0,0.0,0.0,0.0,145,15,19,0,5,4,19,21,1,0,0.0,0,25,7,525,96,0
79,0,0.0,0.0,0.0,145,12,13,0,9,2,13,7,0,0,0.0,0,17,4,570,140,0
95,0,0.0,0.0,0.0,31,29,2,0,23,3,23,50,36,0,0.0,0,2,2,53,51,1
53,0,0.0,0.0,0.0,115,19,10,0,19,1,11,20,129,0,0.0,0,11,6,189,118,0
37,0,0.0,0.0,0.0,145,32,12,0,8,2,8,14,10,0,0.0,0,12,4,173,37,0
21,0,0.0,0.0,0.0,56,25,3,0,5,2,7,0,6,0,0.0,0,3,2,257,162,0
54,0,0.0,0.0,0.0,145,33,6,0,15,3,13,4,37,0,0.0,0,7,3,223,150,1
48,0,0.0,0.0,0.0,18,15,2,0,1,4,11,7,0,0,0.0,0,2,2,107,103,0
4,0,0.0,0.0,0.0,32,25,2,0,2,1,2,0,0,0,0.0,0,2,1,102,68,0
193,0,0.0,0.0,0.0,145,30,30,0,67,1,34,104,21,0,0.0,0,38,7,824,236,0
24,0,0.0,0.0,0.0,145,31,2,0,8,3,9,4,11,0,0.0,0,5,2,82,74,0
149,0,0.0,0.0,0.0,145,31,8,0,68,2,18,46,144,0,0.0,0,12,3,421,164,0
20,0,0.0,0.0,0.0,61,60,2,0,6,1,1,3,0,0,0.0,0,2,1,65,58,0
21,0,0.0,0.0,0.0,30,30,3,0,4,1,3,2,0,0,0.0,0,3,1,56,31,0
20,0,0.0,0.0,0.0,55,30,5,0,5,5,3,1,6,0,0.0,0,5,1,99,34,0
23,0,0.0,0.0,0.0,145,21,3,0,4,4,6,7,1,0,0.0,0,7,3,89,64,0
92,0,0.0,0.0,0.0,145,79,7,0,23,1,18,42,17,0,0.0,0,9,4,220,157,0
4,0,0.0,0.0,0.0,145,105,2,0,1,1,5,1,0,0,0.0,0,2,2,41,36,0
281,0,0.0,0.0,0.0,145,12,24,0,33,5,30,49,10,0,0.0,0,36,8,1035,246,0
152,0,0.0,0.0,0.0,145,38,14,0,7,4,16,8,0,0,0.0,0,19,6,653,304,0
59,0,0.0,0.0,0.0,145,12,5,0,16,1,8,23,0,0,0.0,0,6,4,223,104,0
39,6,-2.0,2.0,7.0,79,8,4,0,10,3,21,21,0,7,0.0,0,5,2,229,160,0
52,0,0.0,0.0,0.0,145,31,3,0,9,1,7,17,0,0,0.0,0,4,1,124,101,0
431,4,0.0,2.0,11.0,110,5,29,1,149,1,56,145,72,11,0.0,0,37,8,1429,556,0
24,0,0.0,0.0,0.0,105,25,6,0,6,5,5,0,9,0,0.0,0,6,3,311,118,0
18,0,0.0,0.0,0.0,105,25,13,0,16,1,28,0,120,0,0.0,0,16,4,1056,490,0
36,0,0.0,0.0,0.0,105,62,3,0,9,2,7,0,28,0,0.0,0,4,2,350,121,0
7,0,0.0,0.0,0.0,105,25,8,0,4,1,2,2,1,0,0.0,0,10,3,165,98,0
11,0,0.0,0.0,0.0,71,25,2,0,3,1,3,2,0,0,0.0,0,2,1,147,98,0
38,0,0.0,0.0,0.0,61,61,1,0,10,2,2,0,35,0,0.0,0,1,1,78,78,0
31,0,0.0,0.0,0.0,30,25,7,0,5,2,8,8,4,0,0.0,0,7,1,111,59,0
22,0,0.0,0.0,0.0,106,64,7,0,3,1,12,14,0,0,0.0,0,8,4,128,84,0
10,0,0.0,0.0,0.0,105,25,5,0,2,2,8,0,0,0,0.0,0,8,2,143,90,0
116,0,0.0,0.0,0.0,106,22,14,0,29,2,35,64,15,0,0.0,0,14,5,508,292,0
45,0,0.0,0.0,0.0,117,13,8,0,6,2,20,5,11,0,0.0,0,13,4,197,75,0
263,0,0.0,0.0,0.0,145,12,30,0,18,4,32,46,1,0,0.0,0,41,7,919,209,1
109,0,0.0,0.0,0.0,145,22,5,0,19,1,24,52,0,0,0.0,0,6,1,406,258,0
13,0,0.0,0.0,0.0,118,118,1,0,0,1,0,1,0,0,0.0,0,1,1,46,46,0
38,0,0.0,0.0,0.0,33,31,2,0,11,2,9,13,0,0,0.0,0,2,1,88,84,0
244,0,0.0,0.0,0.0,110,30,12,0,55,2,25,67,26,0,0.0,0,15,4,561,370,0
57,0,0.0,0.0,0.0,145,33,6,0,17,3,13,5,44,0,0.0,0,7,3,222,129,1
88,0,0.0,0.0,0.0,145,14,13,0,4,5,13,6,0,0,0.0,0,20,6,428,119,0
103,0,0.0,0.0,0.0,79,31,7,0,29,1,20,50,17,0,0.0,0,7,1,179,81,0
123,0,0.0,0.0,0.0,145,36,10,0,38,2,13,7,422,0,0.0,0,12,4,314,207,0
259,3,-1.0,1.0,7.0,145,8,39,0,55,4,34,74,0,7,0.0,0,44,8,1514,247,0
23,0,0.0,0.0,0.0,145,68,6,0,7,3,8,3,2,0,0.0,0,8,4,129,66,0
88,0,0.0,0.0,0.0,145,57,4,0,20,2,11,18,4,0,0.0,0,8,4,339,183,0
270,0,0.0,0.0,0.0,145,11,37,0,35,4,35,59,0,0,0.0,0,51,7,2084,436,0
392,0,0.0,0.0,0.0,145,12,13,0,57,2,11,10,17,0,0.0,0,13,3,907,254,0
40,0,0.0,0.0,0.0,145,32,11,0,16,2,5,10,9,0,0.0,0,17,4,379,150,0
75,0,0.0,0.0,0.0,105,25,8,0,26,2,8,1,127,0,0.0,0,8,3,571,306,0
50,0,0.0,0.0,0.0,115,105,5,0,19,3,8,11,14,0,0.0,0,6,2,131,118,0
63,0,0.0,0.0,0.0,145,55,16,0,14,2,8,16,21,0,0.0,0,21,4,588,181,0
175,0,0.0,0.0,0.0,31,31,1,0,37,2,18,63,22,0,0.0,0,1,1,335,335,0
197,0,0.0,0.0,0.0,79,13,7,0,46,3,27,61,0,0,0.0,0,7,1,513,398,0
17,0,0.0,0.0,0.0,68,68,1,0,4,3,6,0,2,0,0.0,0,1,1,57,57,0
97,0,0.0,0.0,0.0,57,17,1,0,5,3,7,3,2,0,0.0,0,2,2,175,164,0
15,0,0.0,0.0,0.0,105,25,4,0,3,1,2,2,1,0,0.0,0,6,4,193,122,0
107,0,0.0,0.0,0.0,71,64,2,0,25,1,11,27,151,0,0.0,0,3,1,224,202,1
85,0,0.0,0.0,0.0,26,18,4,0,17,1,4,29,8,0,0.0,0,5,2,198,74,0
53,148,148.0,148.0,11.0,5,5,1,1,15,1,5,19,0,11,0.0,0,1,1,148,148,0
5,0,0.0,0.0,0.0,145,62,9,0,2,2,1,0,1,0,0.0,0,11,3,513,231,0
17,0,0.0,0.0,0.0,145,19,9,0,15,1,6,0,105,0,0.0,0,9,4,76,56,0
38,0,0.0,0.0,0.0,145,21,6,0,5,5,7,13,3,0,0.0,0,10,6,332,190,0
104,4,-2.0,1.0,4.0,145,7,11,1,20,3,9,15,28,4,0.0,0,12,6,417,214,0
247,0,0.0,0.0,0.0,31,12,5,0,63,2,34,87,105,0,0.0,0,5,2,684,262,0
12,0,0.0,0.0,0.0,25,25,1,0,2,1,0,1,1,0,0.0,0,1,1,97,97,0
107,0,0.0,0.0,0.0,145,21,8,0,12,6,10,15,4,0,0.0,0,15,7,578,322,0
179,0,0.0,0.0,0.0,31,11,3,0,52,1,37,72,19,0,0.0,0,3,3,37,25,1
208,0,0.0,0.0,0.0,145,12,22,0,4,5,28,24,1,0,0.0,0,35,7,1338,493,0
39,0,0.0,0.0,0.0,62,62,1,0,5,2,6,14,0,0,0.0,0,1,1,83,83,0
36,0,0.0,0.0,0.0,30,30,2,0,6,1,1,0,3,0,0.0,0,2,1,72,54,0
50,0,0.0,0.0,0.0,118,56,3,0,12,2,8,23,0,0,0.0,0,3,1,131,109,0
73,0,0.0,0.0,0.0,24,22,1,0,7,1,9,25,1,0,0.0,0,2,2,132,128,0
200,5,5.0,5.0,2.0,145,7,35,1,50,1,47,86,25,2,0.0,0,38,8,1019,270,0
56,0,0.0,0.0,0.0,55,25,7,0,15,4,11,0,91,0,0.0,0,7,2,389,234,0
17,0,0.0,0.0,0.0,68,68,1,0,4,3,6,0,2,0,0.0,0,1,1,57,57,0
140,0,0.0,0.0,0.0,117,15,15,0,2,2,20,8,1,0,0.0,0,17,5,865,185,0
17,0,0.0,0.0,0.0,19,19,1,0,4,2,3,0,2,0,0.0,0,1,1,51,51,0
32,0,0.0,0.0,0.0,55,30,4,0,11,1,4,0,55,0,0.0,0,5,2,195,69,0
13,0,0.0,0.0,0.0,145,57,2,0,2,3,5,2,0,0,0.0,0,3,2,60,46,0
3,0,0.0,0.0,0.0,105,25,3,0,0,2,1,0,0,0,0.0,0,4,2,87,54,0
80,0,0.0,0.0,0.0,19,14,2,0,22,3,13,17,0,0,0.0,0,2,1,154,150,0
21,0,0.0,0.0,0.0,58,58,0,0,5,2,7,0,6,0,0.0,0,1,1,66,66,0
117,0,0.0,0.0,0.0,145,17,10,0,38,1,22,41,4,0,0.0,0,15,4,451,138,0
171,6,6.0,6.0,1.0,145,10,13,1,37,3,31,62,60,1,0.0,0,14,5,555,214,0
46,0,0.0,0.0,0.0,145,31,7,0,11,2,8,21,0,0,0.0,0,7,3,138,90,0
364,0,0.0,0.0,0.0,145,17,58,0,86,4,38,113,103,0,0.0,0,65,8,4034,643,0
44,0,0.0,0.0,0.0,106,31,8,0,11,2,17,30,1,0,0.0,0,13,4,213,112,0
54,0,0.0,0.0,0.0,31,31,1,0,15,3,13,4,37,0,0.0,0,1,1,153,153,0
597,27,12.5,13.0,5.5,145,0,29,2,213,1,63,178,63,10,0.3809,0,35,7,2334,755,1
87,0,0.0,0.0,0.0,118,15,7,0,11,1,20,42,0,0,0.0,0,9,2,292,209,0
209,0,0.0,0.0,0.0,110,30,7,0,84,1,13,67,45,0,0.0,0,12,4,629,346,0
78,0,0.0,0.0,0.0,55,12,8,0,16,3,27,32,0,0,0.0,0,9,3,298,159,0
62,0,0.0,0.0,0.0,55,30,5,0,17,4,14,3,122,0,0.0,0,5,2,199,119,0
82,0,0.0,0.0,0.0,64,55,4,0,19,1,3,20,1,0,0.0,0,5,2,229,140,0
246,0,0.0,0.0,0.0,110,15,18,0,26,4,24,36,0,0,0.0,0,26,5,1520,365,0
304,0,0.0,0.0,0.0,145,20,9,0,96,5,47,60,1158,0,0.0,0,11,4,1010,416,0
59,0,0.0,0.0,0.0,105,25,16,0,15,2,14,24,0,0,0.0,0,16,5,660,266,0
44,0,0.0,0.0,0.0,145,64,7,0,10,1,15,14,0,0,0.0,0,7,2,147,89,0
48,0,0.0,0.0,0.0,105,25,7,0,15,3,7,1,68,0,0.0,0,7,3,341,218,0
46,0,0.0,0.0,0.0,145,21,8,0,6,4,8,9,4,0,0.0,0,13,6,135,87,0
20,0,0.0,0.0,0.0,105,13,16,0,18,1,23,0,153,0,0.0,0,16,4,1184,598,0
96,0,0.0,0.0,0.0,145,12,29,0,15,4,26,14,9,0,0.0,0,38,7,451,216,0
23,0,0.0,0.0,0.0,145,33,6,0,7,3,8,3,2,0,0.0,0,8,5,154,66,0
61,0,0.0,0.0,0.0,32,32,1,0,5,3,21,18,0,0,0.0,0,1,1,159,159,0
8,0,0.0,0.0,0.0,25,25,1,0,1,1,0,1,0,0,0.0,0,1,1,57,57,0
57,0,0.0,0.0,0.0,145,47,13,0,23,1,17,22,0,0,0.0,0,15,5,233,123,0
90,0,0.0,0.0,0.0,110,85,1,0,20,1,5,9,100,0,0.0,0,3,3,180,154,0
57,0,0.0,0.0,0.0,14,13,3,0,15,1,3,3,3,0,0.0,0,3,2,115,98,0
25,0,0.0,0.0,0.0,93,93,1,0,4,2,5,1,0,0,0.0,0,1,1,72,72,0
14,0,0.0,0.0,0.0,115,19,8,0,12,1,5,0,66,0,0.0,0,9,5,380,228,0
223,0,0.0,0.0,0.0,145,17,12,0,49,2,22,67,17,0,0.0,0,13,3,564,310,0
22,0,0.0,0.0,0.0,145,30,11,0,4,1,2,0,4,0,0.0,0,11,3,117,43,0
7,0,0.0,0.0,0.0,105,25,9,0,5,1,12,0,10,0,0.0,0,9,3,405,198,0
38,0,0.0,0.0,0.0,61,19,2,0,10,2,3,0,35,0,0.0,0,2,1,81,79,0
11,0,0.0,0.0,0.0,115,12,4,0,2,2,6,4,0,0,0.0,0,5,3,73,41,0
27,0,0.0,0.0,0.0,145,79,4,0,10,2,7,6,0,0,0.0,0,4,2,104,86,0
100,0,0.0,0.0,0.0,145,12,26,0,4,4,18,9,0,0,0.0,0,36,7,410,165,0
59,0,0.0,0.0,0.0,105,25,5,0,16,2,5,0,104,0,0.0,0,5,4,407,270,0
156,21,-6.5,2.0,8.5,145,0,34,2,38,3,34,39,0,10,0.7025,0,39,5,1008,244,0
103,0,0.0,0.0,0.0,145,19,10,0,21,1,8,34,33,0,0.0,0,12,4,377,200,0
22,0,0.0,0.0,0.0,32,32,1,0,8,1,4,7,3,0,0.0,0,1,1,6,6,0
48,0,0.0,0.0,0.0,31,31,2,0,19,2,15,34,3,0,0.0,0,2,2,151,127,0
47,0,0.0,0.0,0.0,58,32,2,0,8,5,8,7,28,0,0.0,0,2,2,123,109,0
11,0,0.0,0.0,0.0,145,57,2,0,3,4,5,0,1,0,0.0,0,6,3,80,50,0
95,0,0.0,0.0,0.0,105,25,11,0,26,2,8,0,301,0,0.0,0,11,5,586,354,0
13,0,0.0,0.0,0.0,104,104,1,0,4,1,3,2,0,0,0.0,0,1,1,36,36,0
134,0,0.0,0.0,0.0,115,58,4,0,39,1,12,20,227,0,0.0,0,5,2,244,216,0
46,0,0.0,0.0,0.0,145,64,8,0,11,2,9,16,28,0,0.0,0,8,3,193,73,0
34,0,0.0,0.0,0.0,25,17,2,0,8,1,3,2,15,0,0.0,0,2,1,72,63,0
60,0,0.0,0.0,0.0,145,31,4,0,19,1,2,6,57,0,0.0,0,6,3,162,110,0
162,0,0.0,0.0,0.0,101,11,5,0,43,1,11,59,0,0,0.0,0,7,2,394,196,0
439,0,0.0,0.0,0.0,145,12,32,0,6,7,39,33,0,0,0.0,0,42,7,2100,711,0
79,0,0.0,0.0,0.0,145,103,2,0,27,2,10,17,47,0,0.0,0,3,2,151,145,0
21,0,0.0,0.0,0.0,145,30,5,0,7,2,8,2,6,0,0.0,0,5,2,78,65,0
39,0,0.0,0.0,0.0,79,25,5,0,13,2,12,1,28,0,0.0,0,6,1,331,200,0
191,0,0.0,0.0,0.0,145,31,14,0,50,3,24,41,0,0,0.0,0,18,4,618,280,0
402,0,0.0,0.0,0.0,145,12,29,0,5,6,29,18,0,0,0.0,0,37,7,1523,506,0
42,0,0.0,0.0,0.0,105,21,12,0,11,1,5,12,15,0,0.0,0,13,4,655,160,0
33,0,0.0,0.0,0.0,145,62,2,0,13,1,1,2,2,0,0.0,0,5,3,78,72,0
177,0,0.0,0.0,0.0,145,34,12,0,4,2,20,16,1,0,0.0,0,21,5,574,263,0
45,4,0.0,2.0,7.0,115,8,8,0,12,2,13,8,66,7,0.0,0,10,4,196,131,0
49,0,0.0,0.0,0.0,18,18,1,0,2,4,16,7,0,0,0.0,0,1,1,113,113,0
27,0,0.0,0.0,0.0,31,31,1,0,7,4,9,2,6,0,0.0,0,1,1,77,77,0
153,0,0.0,0.0,0.0,145,12,18,0,1,4,17,9,0,0,0.0,0,24,5,972,211,0
79,0,0.0,0.0,0.0,115,38,4,0,24,1,17,5,204,0,0.0,0,8,3,213,120,0
114,0,0.0,0.0,0.0,106,12,15,0,31,3,28,49,3,0,0.0,0,18,5,947,411,0
58,0,0.0,0.0,0.0,58,32,2,0,9,3,7,8,28,0,0.0,0,2,2,96,77,0
10,0,0.0,0.0,0.0,105,25,5,0,2,1,1,0,0,0,0.0,0,7,3,234,92,0
66,0,0.0,0.0,0.0,145,17,11,0,18,3,11,15,0,0,0.0,0,12,5,315,143,0
11,0,0.0,0.0,0.0,118,118,1,0,0,1,0,0,0,0,0.0,0,1,1,41,41,0
15,0,0.0,0.0,0.0,103,88,1,0,3,6,7,4,3,0,0.0,0,3,2,53,49,0
100,0,0.0,0.0,0.0,145,12,17,0,1,2,20,11,0,0,0.0,0,21,6,368,133,0
42,0,0.0,0.0,0.0,105,25,3,0,14,2,2,1,35,0,0.0,0,3,2,267,178,0
34,0,0.0,0.0,0.0,145,30,3,0,10,3,7,7,0,0,0.0,0,3,2,93,50,0
72,0,0.0,0.0,0.0,145,14,14,0,15,3,20,24,16,0,0.0,0,17,6,597,223,0
23,0,0.0,0.0,0.0,145,68,4,0,7,3,8,3,2,0,0.0,0,5,3,106,59,0
149,0,0.0,0.0,0.0,145,12,19,0,4,3,25,18,1,0,0.0,0,29,7,917,262,0
32,0,0.0,0.0,0.0,79,25,2,0,8,2,12,0,22,0,0.0,0,3,1,252,182,0
17,0,0.0,0.0,0.0,68,68,1,0,4,3,6,0,2,0,0.0,0,1,1,58,58,0
20,0,0.0,0.0,0.0,105,29,21,0,18,1,26,0,153,0,0.0,0,21,6,1209,423,0
51,0,0.0,0.0,0.0,64,18,3,0,15,2,7,14,36,0,0.0,0,3,2,87,61,0
50,0,0.0,0.0,0.0,99,57,2,0,1,4,8,2,0,0,0.0,0,5,2,111,101,0
15,0,0.0,0.0,0.0,89,32,1,0,1,2,6,0,0,0,0.0,0,7,3,147,52,0
60,0,0.0,0.0,0.0,145,104,4,0,8,7,7,10,8,0,0.0,0,5,2,134,111,0
26,0,0.0,0.0,0.0,96,31,6,0,5,2,6,12,0,0,0.0,0,6,2,103,53,0
131,0,0.0,0.0,0.0,145,29,29,0,19,3,20,32,153,0,0.0,0,32,7,849,161,0
150,0,0.0,0.0,0.0,145,30,14,0,5,3,25,29,1,0,0.0,0,19,5,514,219,0
37,0,0.0,0.0,0.0,105,25,9,0,9,2,6,2,22,0,0.0,0,9,2,881,252,0
28,0,0.0,0.0,0.0,98,56,2,0,7,2,12,12,4,0,0.0,0,3,2,81,75,0
8,0,0.0,0.0,0.0,88,88,0,0,1,1,0,0,0,0,0.0,0,1,1,34,34,0
6,0,0.0,0.0,0.0,65,56,2,0,1,4,2,1,0,0,0.0,0,2,2,29,22,0
27,0,0.0,0.0,0.0,145,68,4,0,7,4,9,2,6,0,0.0,0,5,3,91,69,0
41,0,0.0,0.0,0.0,58,58,1,0,6,5,7,5,15,0,0.0,0,1,1,90,90,0
20,0,0.0,0.0,0.0,145,100,3,0,7,1,3,7,3,0,0.0,0,3,2,91,54,0
70,0,0.0,0.0,0.0,79,36,3,0,24,1,2,25,10,0,0.0,0,3,1,158,126,0
34,0,0.0,0.0,0.0,30,30,2,0,1,1,2,0,0,0,0.0,0,2,1,70,52,0
3,0,0.0,0.0,0.0,145,71,4,0,0,4,2,0,0,0,0.0,0,4,2,35,31,0
23,0,0.0,0.0,0.0,145,30,11,0,6,7,12,11,3,0,0.0,0,16,6,444,151,0
280,41,1.5,11.0,8.5,145,0,46,1,71,2,39,123,132,10,0.3776,0,53,8,1305,411,1
94,0,0.0,0.0,0.0,145,30,19,0,26,2,21,26,153,0,0.0,0,24,6,523,178,0
46,0,0.0,0.0,0.0,145,56,16,0,13,2,12,20,55,0,0.0,0,17,5,271,102,0
56,0,0.0,0.0,0.0,30,30,3,0,13,2,3,5,4,0,0.0,0,3,1,91,64,0
17,0,0.0,0.0,0.0,68,68,1,0,4,3,6,0,2,0,0.0,0,1,1,58,58,0
45,0,0.0,0.0,0.0,32,32,6,0,19,2,14,33,3,0,0.0,0,6,2,184,78,0
8,0,0.0,0.0,0.0,79,79,1,0,1,1,0,0,0,0,0.0,0,1,1,35,35,0
80,0,0.0,0.0,0.0,30,18,4,0,15,2,6,11,2,0,0.0,0,4,2,171,99,0
456,0,0.0,0.0,0.0,31,31,1,0,116,2,29,113,184,0,0.0,0,1,1,719,719,0
286,0,0.0,0.0,0.0,117,34,10,0,8,2,26,18,0,0,0.0,0,14,4,531,271,0
14,0,0.0,0.0,0.0,105,25,15,0,1,1,0,0,0,0,0.0,0,18,3,690,244,0
133,0,0.0,0.0,0.0,30,25,5,0,18,1,24,35,0,0,0.0,0,5,1,342,136,0
113,0,0.0,0.0,0.0,145,19,14,0,25,3,23,35,151,0,0.0,0,18,7,1103,532,0
41,0,0.0,0.0,0.0,96,14,3,0,9,1,6,22,0,0,0.0,0,3,2,105,103,0
55,0,0.0,0.0,0.0,105,58,16,0,14,2,18,29,0,0,0.0,0,17,3,397,163,0
58,0,0.0,0.0,0.0,57,38,1,0,4,5,15,8,1,0,0.0,0,2,2,130,126,0
3,0,0.0,0.0,0.0,115,81,1,0,1,1,1,0,0,0,0.0,0,2,1,28,26,0
11,0,0.0,0.0,0.0,104,101,3,0,1,4,5,3,0,0,0.0,0,3,2,83,44,0
3,0,0.0,0.0,0.0,145,105,3,0,0,4,2,0,0,0,0.0,0,3,2,31,29,0
63,0,0.0,0.0,0.0,105,25,4,0,17,2,4,0,120,0,0.0,0,4,2,417,242,0
35,0,0.0,0.0,0.0,25,25,1,0,14,2,2,0,12,0,0.0,0,1,1,168,168,0
89,0,0.0,0.0,0.0,64,62,3,0,6,2,9,11,0,0,0.0,0,3,2,207,110,0
34,0,0.0,0.0,0.0,64,62,3,0,10,2,7,0,20,0,0.0,0,3,2,116,87,0
59,0,0.0,0.0,0.0,32,30,4,0,11,7,20,24,4,0,0.0,0,4,2,179,121,0
17,0,0.0,0.0,0.0,68,68,1,0,4,3,6,0,2,0,0.0,0,1,1,57,57,1
29,0,0.0,0.0,0.0,145,55,6,0,8,2,18,7,0,0,0.0,0,6,2,126,83,0
43,0,0.0,0.0,0.0,105,25,6,0,13,2,9,18,6,0,0.0,0,9,3,425,220,0
101,4,0.0,2.0,7.0,115,8,16,0,25,2,19,28,153,7,0.0,0,18,5,350,199,0
425,0,0.0,0.0,0.0,106,30,13,0,102,1,31,73,0,0,0.0,0,14,4,1125,539,0
70,0,0.0,0.0,0.0,100,31,2,0,15,1,1,17,48,0,0.0,0,4,1,201,132,0
54,1,1.0,1.0,4.0,13,7,2,1,1,4,13,7,0,4,0.0,0,2,2,112,111,0
3,0,0.0,0.0,0.0,145,68,5,0,0,4,3,0,0,0,0.0,0,5,2,41,32,0
39,0,0.0,0.0,0.0,145,12,24,0,7,5,21,23,0,0,0.0,0,30,5,254,90,0
70,0,0.0,0.0,0.0,79,25,8,0,17,1,11,31,1,0,0.0,0,8,1,512,252,0
17,0,0.0,0.0,0.0,105,25,9,0,4,5,3,0,2,0,0.0,0,10,2,273,98,0
145,0,0.0,0.0,0.0,110,31,14,0,14,2,26,29,21,0,0.0,0,20,6,626,439,0
18,0,0.0,0.0,0.0,105,25,7,0,6,1,2,2,0,0,0.0,0,9,4,212,108,0
73,0,0.0,0.0,0.0,145,65,5,0,11,2,7,19,1,0,0.0,0,5,3,136,78,0
93,4,0.0,2.0,1.0,61,10,5,1,8,4,9,18,4,1,0.0,0,6,2,347,119,0
33,0,0.0,0.0,0.0,105,25,8,0,8,3,8,0,26,0,0.0,0,8,3,432,230,0
110,0,0.0,0.0,0.0,64,15,4,0,11,2,14,17,6,0,0.0,0,5,3,271,233,0
49,0,0.0,0.0,0.0,105,25,8,0,13,3,7,0,66,0,0.0,0,9,4,396,212,0
60,0,0.0,0.0,0.0,30,18,2,0,15,4,2,7,1,0,0.0,0,2,2,117,79,0
245,0,0.0,0.0,0.0,145,12,17,0,12,6,28,15,6,0,0.0,0,29,7,2254,871,0
66,0,0.0,0.0,0.0,118,31,6,0,20,1,6,7,73,0,0.0,0,8,4,495,136,0
170,0,0.0,0.0,0.0,145,12,19,0,9,3,28,14,1,0,0.0,0,29,7,597,334,0
166,0,0.0,0.0,0.0,33,19,3,0,34,1,8,49,10,0,0.0,0,3,1,340,194,0
32,0,0.0,0.0,0.0,105,25,8,0,9,3,8,0,22,0,0.0,0,10,5,359,194,0
15,0,0.0,0.0,0.0,105,19,14,0,13,1,22,0,78,0,0.0,0,15,3,807,404,0
55,0,0.0,0.0,0.0,15,14,3,0,2,2,19,10,0,0,0.0,0,3,2,270,175,0
161,0,0.0,0.0,0.0,30,17,13,0,23,1,11,26,0,0,0.0,0,13,2,466,131,0
66,0,0.0,0.0,0.0,145,22,9,0,19,3,12,5,135,0,0.0,0,9,3,291,139,0
69,6,0.0,3.0,4.0,143,7,5,1,5,4,5,3,0,4,0.0,0,7,6,289,140,0
78,0,0.0,0.0,0.0,58,31,2,0,18,1,4,1,39,0,0.0,0,3,1,152,137,0
137,0,0.0,0.0,0.0,105,25,12,0,39,6,9,6,499,0,0.0,0,13,3,918,516,0
467,0,0.0,0.0,0.0,24,19,0,0,73,1,68,94,0,0,0.0,0,3,1,803,739,0
27,0,0.0,0.0,0.0,145,68,4,0,7,4,9,2,6,0,0.0,0,5,3,91,69,0
13,0,0.0,0.0,0.0,68,68,1,0,2,2,5,2,0,0,0.0,0,1,1,40,40,0
54,0,0.0,0.0,0.0,105,19,10,0,19,4,9,3,51,0,0.0,0,11,2,495,202,0
60,0,0.0,0.0,0.0,145,33,6,0,17,3,14,7,44,0,0.0,0,7,3,225,132,1
122,0,0.0,0.0,0.0,145,57,4,0,32,2,7,31,25,0,0.0,0,5,3,215,202,0
17,0,0.0,0.0,0.0,30,13,2,0,9,2,7,16,0,0,0.0,0,2,2,65,57,0
96,0,0.0,0.0,0.0,105,25,6,0,28,2,9,13,176,0,0.0,0,7,3,536,346,0
109,0,0.0,0.0,0.0,32,12,4,0,3,6,19,24,0,0,0.0,0,6,3,473,201,0
80,0,0.0,0.0,0.0,35,35,1,0,6,2,8,3,0,0,0.0,0,1,1,131,131,0
154,0,0.0,0.0,0.0,105,25,9,0,41,3,10,0,746,0,0.0,0,10,3,840,540,0
70,0,0.0,0.0,0.0,104,25,17,0,21,2,24,30,0,0,0.0,0,20,5,732,316,0
12,0,0.0,0.0,0.0,105,25,3,0,3,1,6,3,3,0,0.0,0,5,2,175,108,0
66,0,0.0,0.0,0.0,105,25,6,0,18,3,6,0,135,0,0.0,0,7,2,407,246,0
12,0,0.0,0.0,0.0,145,79,3,0,1,5,4,3,0,0,0.0,0,5,2,63,45,0
50,0,0.0,0.0,0.0,65,56,2,0,14,1,4,6,66,0,0.0,0,2,2,91,81,0
158,0,0.0,0.0,0.0,26,14,9,0,32,1,15,47,37,0,0.0,0,9,3,283,97,0
57,0,0.0,0.0,0.0,98,56,5,0,1,3,16,6,0,0,0.0,0,9,3,345,173,0
126,0,0.0,0.0,0.0,104,29,26,0,32,2,20,44,21,0,0.0,0,27,6,1014,197,0
32,0,0.0,0.0,0.0,145,68,7,0,9,3,9,4,28,0,0.0,0,7,3,101,58,0
24,0,0.0,0.0,0.0,145,31,15,0,22,1,9,0,231,0,0.0,0,15,4,111,52,0
51,0,0.0,0.0,0.0,0,0,0,0,9,2,11,12,1,0,0.0,0,0,0,0,0,0
119,0,0.0,0.0,0.0,145,29,7,0,61,2,8,42,66,0,0.0,0,7,6,838,216,0
257,0,0.0,0.0,0.0,145,30,18,0,29,5,38,28,3,0,0.0,0,25,7,703,220,0
67,0,0.0,0.0,0.0,105,25,4,0,18,2,7,1,102,0,0.0,0,4,2,391,250,0
11,0,0.0,0.0,0.0,42,42,0,0,5,2,5,3,3,0,0.0,0,1,1,43,43,0
105,0,0.0,0.0,0.0,145,18,23,0,30,2,13,37,141,0,0.0,0,25,6,551,96,0
10,0,0.0,0.0,0.0,79,25,2,0,2,3,2,0,0,0,0.0,0,2,1,114,76,0
138,0,0.0,0.0,0.0,145,30,15,0,36,1,15,65,8,0,0.0,0,16,4,522,182,0
3,0,0.0,0.0,0.0,145,105,3,0,0,4,3,0,0,0,0.0,0,3,2,33,31,0
64,0,0.0,0.0,0.0,115,105,3,0,23,3,10,16,33,0,0.0,0,4,2,148,135,0
162,0,0.0,0.0,0.0,145,31,21,0,38,1,29,64,81,0,0.0,0,33,6,654,224,0
6,0,0.0,0.0,0.0,105,25,11,0,4,1,13,0,6,0,0.0,0,12,4,354,178,0
17,0,0.0,0.0,0.0,105,25,4,0,4,2,8,3,0,0,0.0,0,4,3,153,102,0
27,0,0.0,0.0,0.0,145,68,4,0,7,4,9,2,6,0,0.0,0,5,3,88,69,0
114,11,-7.0,2.0,2.0,118,7,15,1,30,1,19,49,0,2,0.0,0,17,3,482,239,0
45,0,0.0,0.0,0.0,18,18,2,0,2,2,12,14,0,0,0.0,0,2,1,102,96,0
54,0,0.0,0.0,0.0,0,0,0,0,14,1,4,5,81,0,0.0,0,0,0,0,0,0
131,0,0.0,0.0,0.0,145,30,13,0,33,2,27,51,36,0,0.0,0,14,5,364,170,0
426,0,0.0,0.0,0.0,31,11,6,0,90,2,20,77,165,0,0.0,0,6,3,610,406,0
53,0,0.0,0.0,0.0,145,64,5,0,14,1,9,18,0,0,0.0,0,5,3,160,67,0
134,0,0.0,0.0,0.0,145,32,12,0,17,2,22,36,0,0,0.0,0,21,5,836,174,0
128,0,0.0,0.0,0.0,145,32,6,0,44,4,20,26,97,0,0.0,0,9,4,463,196,0
69,0,0.0,0.0,0.0,68,56,2,0,8,3,21,11,7,0,0.0,0,2,1,190,184,0
204,0,0.0,0.0,0.0,145,17,18,0,46,3,30,54,0,0,0.0,0,25,7,1063,434,0
150,4,0.0,2.0,2.0,42,5,2,1,45,1,17,54,0,2,0.0,0,4,1,243,233,0
122,0,0.0,0.0,0.0,145,38,22,0,6,5,24,16,1,0,0.0,0,29,7,624,235,0
70,0,0.0,0.0,0.0,145,31,12,0,19,2,8,24,3,0,0.0,0,14,5,314,109,0
94,0,0.0,0.0,0.0,145,29,12,0,24,2,19,32,1,0,0.0,0,14,6,750,188,1
61,0,0.0,0.0,0.0,145,30,8,0,27,2,13,16,36,0,0.0,0,9,3,187,86,0
108,0,0.0,0.0,0.0,145,26,9,0,33,2,14,17,269,0,0.0,0,9,3,345,188,0
11,0,0.0,0.0,0.0,105,25,14,0,0,1,0,1,0,0,0.0,0,20,4,251,104,0
4,0,0.0,0.0,0.0,105,25,5,0,1,1,2,2,0,0,0.0,0,7,4,124,76,0
94,0,0.0,0.0,0.0,145,32,17,0,3,6,18,7,3,0,0.0,0,24,7,427,179,0
44,0,0.0,0.0,0.0,145,145,1,0,6,2,8,22,1,0,0.0,0,1,1,100,100,0
101,0,0.0,0.0,0.0,105,19,12,0,27,6,10,8,233,0,0.0,0,14,3,631,326,0
26,0,0.0,0.0,0.0,65,13,11,0,8,1,2,4,8,0,0.0,0,11,2,327,210,0
33,0,0.0,0.0,0.0,110,97,5,0,3,4,8,1,1,0,0.0,0,6,4,127,101,0
2,0,0.0,0.0,0.0,64,32,3,0,0,2,3,0,0,0,0.0,0,3,2,39,26,0
34,0,0.0,0.0,0.0,145,22,3,0,13,2,5,2,20,0,0.0,0,4,2,104,93,0
8,0,0.0,0.0,0.0,64,64,1,0,2,1,6,2,1,0,0.0,0,1,1,48,48,0
58,0,0.0,0.0,0.0,31,31,1,0,19,4,8,8,83,0,0.0,0,1,1,133,133,0
55,0,0.0,0.0,0.0,145,29,9,0,4,2,16,10,0,0,0.0,0,10,6,180,107,0
259,0,0.0,0.0,0.0,106,14,19,0,66,1,34,87,23,0,0.0,0,26,5,855,451,0
67,0,0.0,0.0,0.0,101,31,5,0,13,1,16,29,15,0,0.0,0,7,1,197,142,0
48,0,0.0,0.0,0.0,63,63,1,0,8,1,11,21,0,0,0.0,0,1,1,92,92,0
145,0,0.0,0.0,0.0,145,29,26,0,37,1,29,56,24,0,0.0,0,31,7,754,157,0
42,0,0.0,0.0,0.0,31,30,2,0,11,1,6,0,43,0,0.0,0,2,2,19,17,0
24,0,0.0,0.0,0.0,145,71,3,0,6,2,7,0,9,0,0.0,0,3,2,90,69,0
112,0,0.0,0.0,0.0,30,30,4,0,23,2,5,9,4,0,0.0,0,4,1,208,150,0
42,0,0.0,0.0,0.0,105,25,5,0,11,2,7,0,45,0,0.0,0,5,2,351,194,0
64,0,0.0,0.0,0.0,112,22,1,0,11,1,8,15,0,0,0.0,0,2,1,129,127,0
84,0,0.0,0.0,0.0,145,12,29,0,10,4,21,29,0,0,0.0,0,36,7,465,121,0
64,0,0.0,0.0,0.0,145,68,7,0,20,1,8,25,36,0,0.0,0,9,3,158,91,0
3,0,0.0,0.0,0.0,145,105,3,0,0,4,3,0,0,0,0.0,0,3,2,33,31,0
56,0,0.0,0.0,0.0,145,57,10,0,3,3,9,2,3,0,0.0,0,11,4,1349,600,0
10,0,0.0,0.0,0.0,79,25,2,0,2,3,3,0,0,0,0.0,0,2,1,117,78,0
34,0,0.0,0.0,0.0,145,58,5,0,10,1,7,26,0,0,0.0,0,6,3,177,82,0
230,0,0.0,0.0,0.0,145,14,22,0,54,2,35,71,4,0,0.0,0,33,6,927,221,0
90,0,0.0,0.0,0.0,18,15,4,0,2,4,14,11,0,0,0.0,0,4,2,152,124,0
39,0,0.0,0.0,0.0,62,62,1,0,5,1,11,14,0,0,0.0,0,1,1,108,108,0
17,0,0.0,0.0,0.0,105,25,4,0,4,2,4,0,2,0,0.0,0,4,2,164,104,0
52,0,0.0,0.0,0.0,115,38,4,0,16,1,12,5,91,0,0.0,0,8,3,190,102,0
7,0,0.0,0.0,0.0,105,25,11,0,5,1,16,0,10,0,0.0,0,13,3,588,238,0
128,0,0.0,0.0,0.0,145,32,17,0,4,3,21,15,1,0,0.0,0,28,7,833,224,0
82,0,0.0,0.0,0.0,68,14,3,0,8,2,12,8,0,0,0.0,0,3,2,215,171,0
171,0,0.0,0.0,0.0,145,57,12,0,6,2,17,6,1,0,0.0,0,18,5,626,185,0
17,0,0.0,0.0,0.0,55,25,3,0,4,5,3,0,2,0,0.0,0,3,2,147,98,0
80,0,0.0,0.0,0.0,98,13,6,0,11,4,17,18,1,0,0.0,0,14,3,282,156,0
49,0,0.0,0.0,0.0,105,25,6,0,16,3,5,1,54,0,0.0,0,7,2,315,202,0
23,0,0.0,0.0,0.0,145,68,4,0,7,3,8,3,2,0,0.0,0,5,3,105,59,0
38,0,0.0,0.0,0.0,30,30,1,0,16,2,9,29,0,0,0.0,0,1,1,84,84,0
45,0,0.0,0.0,0.0,30,24,10,0,10,2,4,8,0,0,0.0,0,11,1,190,44,0
90,0,0.0,0.0,0.0,145,13,15,0,15,3,20,26,0,0,0.0,0,21,5,854,309,0
4,0,0.0,0.0,0.0,105,25,4,0,1,1,2,2,0,0,0.0,0,6,3,106,68,0
8,0,0.0,0.0,0.0,102,56,4,0,6,1,10,0,15,0,0.0,0,4,3,164,62,0
67,0,0.0,0.0,0.0,145,32,6,0,37,3,9,16,171,0,0.0,0,8,2,315,168,0
33,0,0.0,0.0,0.0,81,57,5,0,8,3,8,0,26,0,0.0,0,5,1,179,126,0
10,0,0.0,0.0,0.0,30,23,4,0,0,1,0,0,0,0,0.0,0,4,2,105,72,0
17,0,0.0,0.0,0.0,145,79,3,0,4,2,5,0,2,0,0.0,0,3,2,59,55,0
26,0,0.0,0.0,0.0,105,25,5,0,6,2,7,1,3,0,0.0,0,6,2,284,156,0
11,0,0.0,0.0,0.0,145,62,5,0,4,1,5,4,1,0,0.0,0,5,3,257,110,0
229,0,0.0,0.0,0.0,145,30,25,0,57,1,27,158,70,0,0.0,0,29,4,1088,315,0
31,0,0.0,0.0,0.0,145,105,2,0,5,1,1,10,8,0,0.0,0,2,2,76,75,0
160,0,0.0,0.0,0.0,145,26,19,0,48,3,27,8,779,0,0.0,0,22,4,709,356,0
77,0,0.0,0.0,0.0,117,12,16,0,8,2,22,12,0,0,0.0,0,26,6,431,104,0
134,0,0.0,0.0,0.0,145,30,25,0,28,2,16,40,91,0,0.0,0,26,4,478,180,0
3,0,0.0,0.0,0.0,105,25,2,0,1,1,1,0,0,0,0.0,0,3,2,98,64,0
4,0,0.0,0.0,0.0,17,17,1,0,0,1,0,0,0,0,0.0,0,1,1,80,80,0
38,0,0.0,0.0,0.0,30,13,3,0,6,1,16,7,1,0,0.0,0,3,2,82,77,0
44,0,0.0,0.0,0.0,30,30,1,0,10,2,8,16,0,0,0.0,0,1,1,78,78,0
16,0,0.0,0.0,0.0,105,25,4,0,4,2,3,0,0,0,0.0,0,5,2,169,108,0
27,0,0.0,0.0,0.0,145,32,4,0,4,6,11,10,1,0,0.0,0,7,5,80,59,0
84,0,0.0,0.0,0.0,105,30,4,0,22,1,13,21,54,0,0.0,0,4,2,234,180,0
80,0,0.0,0.0,0.0,105,25,8,0,22,3,6,0,139,0,0.0,0,10,3,648,380,0
162,0,0.0,0.0,0.0,110,31,19,0,16,3,16,17,4,0,0.0,0,22,5,465,203,0
42,0,0.0,0.0,0.0,110,68,4,0,11,2,7,13,0,0,0.0,0,4,2,130,93,0
207,0,0.0,0.0,0.0,145,15,19,0,9,4,24,17,1,0,0.0,0,31,7,757,348,0
204,0,0.0,0.0,0.0,81,17,8,0,42,2,20,55,13,0,0.0,0,9,2,434,287,0
400,0,0.0,0.0,0.0,145,12,25,0,10,7,33,24,1,0,0.0,0,36,8,1773,576,0
26,0,0.0,0.0,0.0,145,14,7,0,6,3,9,5,9,0,0.0,0,8,3,104,67,0
59,0,0.0,0.0,0.0,145,12,11,0,3,5,13,8,1,0,0.0,0,15,6,278,119,0
191,0,0.0,0.0,0.0,55,30,5,0,50,2,28,37,15,0,0.0,0,5,2,450,313,0
251,9,7.0,8.0,2.0,95,1,2,1,60,2,8,75,8,2,0.0,0,5,2,401,376,1
119,0,0.0,0.0,0.0,68,32,9,0,5,7,26,16,0,0,0.0,0,11,3,416,247,0
375,0,0.0,0.0,0.0,145,12,19,0,9,7,33,23,0,0,0.0,0,24,7,1430,410,0
168,0,0.0,0.0,0.0,105,25,23,0,46,1,31,43,45,0,0.0,0,25,5,1654,552,0
57,0,0.0,0.0,0.0,40,37,6,0,18,2,18,22,6,0,0.0,0,6,3,228,112,0
86,0,0.0,0.0,0.0,78,42,2,0,15,1,11,30,1,0,0.0,0,2,1,137,128,0
46,0,0.0,0.0,0.0,125,43,9,0,7,1,16,20,4,0,0.0,0,9,4,229,143,0
83,0,0.0,0.0,0.0,152,40,14,0,20,1,14,24,66,0,0.0,0,16,3,336,115,0
136,2,0.0,1.0,1.0,102,5,1,1,36,2,7,22,0,1,0.0,0,2,2,199,197,0
57,0,0.0,0.0,0.0,152,37,6,0,18,1,10,17,0,0,0.0,0,9,3,316,123,0
51,0,0.0,0.0,0.0,37,32,2,0,9,2,8,16,0,0,0.0,0,2,2,100,94,0
54,8,4.0,6.0,6.0,37,5,7,1,8,1,5,11,0,6,0.0,0,8,2,143,78,0
245,0,0.0,0.0,0.0,152,24,23,0,62,3,36,58,10,0,0.0,0,27,5,1064,461,0
3,0,0.0,0.0,0.0,152,75,4,0,0,4,3,0,0,0,0.0,0,4,2,37,28,0
46,0,0.0,0.0,0.0,152,84,13,0,24,2,9,24,0,0,0.0,0,14,5,431,135,0
283,4,2.0,3.0,1.0,152,1,23,1,95,5,34,51,1461,1,0.0,0,32,9,1027,544,0
44,0,0.0,0.0,0.0,116,109,4,0,1,4,12,4,0,0,0.0,0,5,4,119,108,0
12,0,0.0,0.0,0.0,112,7,12,0,10,1,21,0,45,0,0.0,0,12,3,746,368,0
122,0,0.0,0.0,0.0,38,38,1,0,32,2,12,37,19,0,0.0,0,1,1,10,10,0
74,0,0.0,0.0,0.0,20,20,1,0,16,3,17,30,1,0,0.0,0,1,1,152,152,0
38,0,0.0,0.0,0.0,43,32,2,0,10,2,5,0,35,0,0.0,0,2,1,310,308,0
16,0,0.0,0.0,0.0,0,0,0,0,4,1,1,1,0,0,0.0,0,0,0,0,0,0
15,0,0.0,0.0,0.0,94,43,0,0,4,1,1,1,0,0,0.0,0,3,2,91,37,0
40,11,-3.0,4.0,1.0,152,4,4,1,10,1,2,4,19,1,0.0,0,6,2,120,89,0
557,11,11.0,11.0,4.0,122,4,27,1,115,2,52,150,484,4,0.0,0,34,7,1543,666,0
43,0,0.0,0.0,0.0,122,70,7,0,6,1,13,30,3,0,0.0,0,7,5,175,65,0
122,0,0.0,0.0,0.0,112,20,22,0,32,2,18,38,21,0,0.0,0,22,4,1213,444,0
80,0,0.0,0.0,0.0,152,19,20,0,4,4,17,15,3,0,0.0,0,26,7,492,154,0
85,0,0.0,0.0,0.0,38,38,1,0,18,3,24,45,39,0,0.0,0,1,1,42,42,1
35,0,0.0,0.0,0.0,86,67,3,0,11,2,4,4,28,0,0.0,0,3,2,128,91,0
15,0,0.0,0.0,0.0,112,32,12,0,13,1,21,0,78,0,0.0,0,15,3,819,390,0
86,0,0.0,0.0,0.0,112,32,9,0,22,2,12,7,170,0,0.0,0,10,4,669,354,0
90,0,0.0,0.0,0.0,122,88,2,0,27,1,7,14,137,0,0.0,0,3,2,165,156,0
114,0,0.0,0.0,0.0,152,19,19,0,1,5,21,12,0,0,0.0,0,27,7,1120,483,0
50,0,0.0,0.0,0.0,152,65,4,0,17,1,11,20,0,0,0.0,0,4,2,134,92,0
3,0,0.0,0.0,0.0,152,112,3,0,0,4,3,0,0,0,0.0,0,3,2,33,31,0
13,0,0.0,0.0,0.0,37,37,2,0,2,1,1,6,0,0,0.0,0,2,1,41,23,0
52,0,0.0,0.0,0.0,152,45,16,0,7,3,10,10,10,0,0.0,0,24,6,494,221,0
163,0,0.0,0.0,0.0,38,32,2,0,50,2,8,16,159,0,0.0,0,2,1,526,508,0
24,0,0.0,0.0,0.0,112,21,6,0,6,2,8,2,11,0,0.0,0,8,3,240,138,0
132,0,0.0,0.0,0.0,152,39,20,0,4,3,22,15,1,0,0.0,0,31,7,854,234,0
286,0,0.0,0.0,0.0,152,7,21,0,76,2,53,165,19,0,0.0,0,23,6,760,232,1
304,0,0.0,0.0,0.0,117,65,4,0,14,2,16,21,0,0,0.0,0,8,3,347,291,0
93,0,0.0,0.0,0.0,152,86,5,0,1,3,17,12,0,0,0.0,0,10,5,263,194,0
33,0,0.0,0.0,0.0,113,102,3,0,6,1,4,8,3,0,0.0,0,3,2,134,84,0
99,0,0.0,0.0,0.0,152,20,23,0,17,3,19,26,136,0,0.0,0,23,5,553,134,0
50,0,0.0,0.0,0.0,40,37,5,0,14,2,17,16,4,0,0.0,0,5,3,184,99,0
10,0,0.0,0.0,0.0,152,112,2,0,3,3,2,0,1,0,0.0,0,2,2,43,40,0
63,0,0.0,0.0,0.0,112,32,11,0,16,2,12,13,0,0,0.0,0,12,4,441,232,0
65,0,0.0,0.0,0.0,112,32,7,0,19,1,6,17,0,0,0.0,0,7,2,617,402,0
8,0,0.0,0.0,0.0,152,91,2,0,2,4,0,0,1,0,0.0,0,3,3,35,31,0
3,0,0.0,0.0,0.0,152,78,4,0,0,4,3,0,0,0,0.0,0,4,2,37,32,0
17,0,0.0,0.0,0.0,72,26,9,0,1,1,0,0,0,0,0.0,0,9,1,153,64,0
31,0,0.0,0.0,0.0,152,112,4,0,8,3,4,0,20,0,0.0,0,4,3,73,51,0
71,0,0.0,0.0,0.0,37,21,15,0,12,1,5,19,0,0,0.0,0,16,3,273,53,0
304,0,0.0,0.0,0.0,152,38,20,0,89,3,45,94,431,0,0.0,0,21,5,767,186,0
45,0,0.0,0.0,0.0,152,38,5,0,16,1,2,23,15,0,0.0,0,9,3,186,135,0
42,0,0.0,0.0,0.0,0,0,0,0,11,2,8,0,45,0,0.0,0,0,0,0,0,0
86,7,7.0,7.0,3.0,38,0,6,1,16,3,23,33,55,3,0.0,0,6,3,228,163,0
43,0,0.0,0.0,0.0,152,25,8,0,1,1,0,0,0,0,0.0,0,13,2,158,96,0
26,0,0.0,0.0,0.0,72,72,1,0,5,2,7,6,8,0,0.0,0,1,1,69,69,0
20,0,0.0,0.0,0.0,63,63,1,0,4,2,4,3,0,0,0.0,0,1,1,22,22,0
3,0,0.0,0.0,0.0,38,38,1,0,0,4,3,0,0,0,0.0,0,1,1,31,31,0
66,0,0.0,0.0,0.0,152,112,5,0,18,3,12,6,100,0,0.0,0,5,3,148,122,0
62,0,0.0,0.0,0.0,112,7,16,0,16,2,18,24,0,0,0.0,0,17,4,715,302,0
10,0,0.0,0.0,0.0,152,110,3,0,3,3,2,0,1,0,0.0,0,3,3,44,40,0
25,0,0.0,0.0,0.0,132,40,6,0,5,1,3,9,3,0,0.0,0,6,4,87,54,0
29,0,0.0,0.0,0.0,37,37,1,0,6,3,6,15,1,0,0.0,0,1,1,70,70,0
32,0,0.0,0.0,0.0,125,37,12,0,11,1,6,0,55,0,0.0,0,13,6,222,63,0
88,0,0.0,0.0,0.0,152,22,8,0,1,3,14,8,0,0,0.0,0,10,6,269,195,0
9,0,0.0,0.0,0.0,112,32,4,0,2,1,1,0,0,0,0.0,0,4,2,123,82,0
50,0,0.0,0.0,0.0,117,64,6,0,3,3,7,2,3,0,0.0,0,8,4,139,72,0
105,0,0.0,0.0,0.0,152,24,17,0,30,3,21,16,0,0,0.0,0,20,5,630,264,0
25,0,0.0,0.0,0.0,152,37,9,0,6,2,11,2,11,0,0.0,0,9,3,106,75,0
122,0,0.0,0.0,0.0,39,37,2,0,9,4,18,21,0,0,0.0,0,2,2,239,150,0
86,7,7.0,7.0,3.0,38,0,4,1,16,3,23,34,55,3,0.0,0,4,2,231,165,0
38,0,0.0,0.0,0.0,102,26,4,0,6,1,6,10,0,0,0.0,0,5,2,224,110,0
37,0,0.0,0.0,0.0,152,28,8,0,7,4,9,11,15,0,0.0,0,13,6,130,79,0
109,0,0.0,0.0,0.0,152,40,10,0,6,2,16,6,1,0,0.0,0,16,5,522,176,0
176,0,0.0,0.0,0.0,152,21,18,0,41,2,14,26,210,0,0.0,0,20,5,867,300,0
186,0,0.0,0.0,0.0,72,38,3,0,51,1,16,44,74,0,0.0,0,4,2,347,320,0
167,0,0.0,0.0,0.0,152,71,8,0,42,1,2,15,0,0,0.0,0,10,4,449,282,0
151,0,0.0,0.0,0.0,152,19,15,0,18,2,36,32,21,0,0.0,0,19,4,567,175,0
87,0,0.0,0.0,0.0,112,32,6,0,25,3,5,1,252,0,0.0,0,8,3,562,312,0
644,0,0.0,0.0,0.0,152,33,20,0,194,1,59,27,0,0,0.0,0,22,5,1057,401,1
38,0,0.0,0.0,0.0,0,0,0,0,4,2,8,21,0,0,0.0,0,0,0,0,0,0
66,0,0.0,0.0,0.0,117,75,5,0,3,3,5,6,1,0,0.0,0,6,4,171,80,0
53,0,0.0,0.0,0.0,152,19,5,0,4,2,15,11,0,0,0.0,0,6,3,209,107,0
79,0,0.0,0.0,0.0,152,152,1,0,20,1,3,25,5,0,0.0,0,1,1,178,178,0
13,0,0.0,0.0,0.0,32,32,1,0,4,1,0,3,6,0,0.0,0,1,1,96,96,0
48,0,0.0,0.0,0.0,37,32,2,0,5,2,7,18,0,0,0.0,0,2,2,96,90,0
82,0,0.0,0.0,0.0,78,38,3,0,19,2,21,21,1,0,0.0,0,3,1,139,127,0
58,0,0.0,0.0,0.0,63,63,1,0,10,3,9,8,0,0,0.0,0,1,1,14,14,0
30,0,0.0,0.0,0.0,152,87,2,0,9,2,5,8,21,0,0.0,0,3,2,133,104,0
3,0,0.0,0.0,0.0,152,75,4,0,0,4,3,0,0,0,0.0,0,4,2,37,28,0
27,0,0.0,0.0,0.0,112,103,2,0,5,2,4,6,6,0,0.0,0,2,2,113,101,0
32,0,0.0,0.0,0.0,152,75,6,0,9,3,6,2,32,0,0.0,0,6,2,92,72,0
46,0,0.0,0.0,0.0,113,38,8,0,7,2,9,14,1,0,0.0,0,11,3,608,222,0
62,0,0.0,0.0,0.0,112,7,10,0,22,2,8,16,37,0,0.0,0,11,5,439,244,0
25,0,0.0,0.0,0.0,37,37,1,0,6,1,3,12,0,0,0.0,0,1,1,63,63,0
27,0,0.0,0.0,0.0,152,37,16,0,9,5,11,6,11,0,0.0,0,17,5,352,152,0
6,0,0.0,0.0,0.0,36,32,2,0,0,1,0,0,0,0,0.0,0,2,1,35,27,0
16,0,0.0,0.0,0.0,75,75,1,0,2,1,6,8,0,0,0.0,0,1,1,54,54,0
127,0,0.0,0.0,0.0,75,39,3,0,35,3,18,16,332,0,0.0,0,3,1,247,209,0
63,0,0.0,0.0,0.0,64,41,2,0,4,5,17,10,1,0,0.0,0,3,3,146,140,0
178,0,0.0,0.0,0.0,112,32,6,0,50,3,6,0,993,0,0.0,0,9,4,1233,734,0
167,0,0.0,0.0,0.0,112,32,7,0,58,4,8,2,865,0,0.0,0,9,2,971,602,0
326,0,0.0,0.0,0.0,112,25,11,0,71,1,18,138,55,0,0.0,0,14,4,1729,990,0
37,0,0.0,0.0,0.0,152,69,12,0,12,3,13,8,43,0,0.0,0,15,4,367,84,0
27,0,0.0,0.0,0.0,152,86,3,0,2,5,7,5,0,0,0.0,0,7,4,101,67,0
6,0,0.0,0.0,0.0,37,37,2,0,0,1,0,0,0,0,0.0,0,2,1,331,313,0
410,0,0.0,0.0,0.0,122,12,27,0,134,1,43,107,43,0,0.0,0,43,6,1280,338,0
31,0,0.0,0.0,0.0,152,38,8,0,7,2,6,10,0,0,0.0,0,9,5,111,71,0
205,0,0.0,0.0,0.0,152,21,32,0,5,3,25,29,1,0,0.0,0,37,6,901,271,0
26,0,0.0,0.0,0.0,112,32,8,0,6,2,6,0,5,0,0.0,0,9,2,364,188,0
31,0,0.0,0.0,0.0,86,75,3,0,12,2,6,1,16,0,0.0,0,3,2,153,104,0
121,0,0.0,0.0,0.0,152,62,4,0,34,1,15,6,3,0,0.0,0,7,3,336,121,0
260,2,0.0,1.0,4.0,113,4,32,1,81,1,31,111,257,4,0.0,0,36,6,1737,699,0
4,0,0.0,0.0,0.0,24,19,2,0,0,1,0,0,0,0,0.0,0,2,2,101,99,0
10,0,0.0,0.0,0.0,41,37,3,0,3,3,2,0,1,0,0.0,0,3,2,45,40,0
35,0,0.0,0.0,0.0,12,12,1,0,9,1,0,4,4,0,0.0,0,1,1,86,86,0
83,0,0.0,0.0,0.0,122,108,5,0,25,2,12,4,127,0,0.0,0,5,3,197,155,0
8,0,0.0,0.0,0.0,152,64,3,0,2,2,5,1,1,0,0.0,0,4,2,48,42,0
21,8,8.0,8.0,6.0,75,5,2,1,5,3,7,0,6,6,0.0,0,2,1,66,58,0
262,0,0.0,0.0,0.0,71,69,4,0,32,2,27,59,21,0,0.0,0,5,3,502,316,0
87,0,0.0,0.0,0.0,152,62,8,0,22,2,15,29,55,0,0.0,0,9,3,282,164,0
389,0,0.0,0.0,0.0,152,33,35,0,47,2,32,52,14,0,0.0,0,44,8,2071,553,0
92,0,0.0,0.0,0.0,152,22,19,0,5,4,19,21,1,0,0.0,0,25,7,525,96,0
79,0,0.0,0.0,0.0,152,19,13,0,9,2,13,7,0,0,0.0,0,17,4,570,140,0
95,0,0.0,0.0,0.0,38,36,2,0,23,3,23,50,36,0,0.0,0,2,2,53,51,1
53,0,0.0,0.0,0.0,122,26,10,0,19,1,11,20,129,0,0.0,0,11,6,189,118,0
37,0,0.0,0.0,0.0,152,39,12,0,8,2,8,14,10,0,0.0,0,12,4,173,37,0
21,0,0.0,0.0,0.0,63,32,3,0,5,2,7,0,6,0,0.0,0,3,2,257,162,0
54,0,0.0,0.0,0.0,152,40,6,0,15,3,13,4,37,0,0.0,0,7,3,223,150,1
48,0,0.0,0.0,0.0,25,22,2,0,1,4,11,7,0,0,0.0,0,2,2,107,103,0
4,0,0.0,0.0,0.0,39,32,2,0,2,1,2,0,0,0,0.0,0,2,1,102,68,0
193,0,0.0,0.0,0.0,152,37,30,0,67,1,34,104,21,0,0.0,0,38,7,824,236,0
24,0,0.0,0.0,0.0,152,38,2,0,8,3,9,4,11,0,0.0,0,5,2,82,74,0
149,0,0.0,0.0,0.0,152,38,8,0,68,2,18,46,144,0,0.0,0,12,3,421,164,1
20,0,0.0,0.0,0.0,68,67,2,0,6,1,1,3,0,0,0.0,0,2,1,65,58,0
21,0,0.0,0.0,0.0,37,37,3,0,4,1,3,2,0,0,0.0,0,3,1,56,31,0
20,0,0.0,0.0,0.0,62,37,5,0,5,5,3,1,6,0,0.0,0,5,1,99,34,0
23,0,0.0,0.0,0.0,152,28,3,0,4,4,6,7,1,0,0.0,0,7,3,89,64,0
92,0,0.0,0.0,0.0,152,86,7,0,23,1,18,42,17,0,0.0,0,9,4,220,157,0
4,0,0.0,0.0,0.0,152,112,2,0,1,1,5,1,0,0,0.0,0,2,2,41,36,0
281,0,0.0,0.0,0.0,152,19,24,0,33,5,30,49,10,0,0.0,0,36,8,1035,246,0
152,0,0.0,0.0,0.0,152,45,14,0,7,4,16,8,0,0,0.0,0,19,6,653,304,0
59,0,0.0,0.0,0.0,152,19,5,0,16,1,8,23,0,0,0.0,0,6,4,223,104,0
39,0,0.0,0.0,0.0,86,15,4,0,10,3,21,21,0,0,0.0,0,5,2,229,160,0
52,0,0.0,0.0,0.0,152,38,3,0,9,1,7,17,0,0,0.0,0,4,1,124,101,0
431,0,0.0,0.0,0.0,117,12,29,0,149,1,56,145,72,0,0.0,0,37,8,1429,556,1
24,0,0.0,0.0,0.0,112,32,6,0,6,5,5,0,9,0,0.0,0,6,3,311,118,0
18,0,0.0,0.0,0.0,112,32,13,0,16,1,28,0,120,0,0.0,0,16,4,1056,490,0
36,0,0.0,0.0,0.0,112,69,3,0,9,2,7,0,28,0,0.0,0,4,2,350,121,0
7,0,0.0,0.0,0.0,112,32,8,0,4,1,2,2,1,0,0.0,0,10,3,165,98,0
11,0,0.0,0.0,0.0,78,32,2,0,3,1,3,2,0,0,0.0,0,2,1,147,98,0
38,0,0.0,0.0,0.0,68,68,1,0,10,2,2,0,35,0,0.0,0,1,1,78,78,0
31,0,0.0,0.0,0.0,37,32,7,0,5,2,8,8,4,0,0.0,0,7,1,111,59,0
22,0,0.0,0.0,0.0,113,71,7,0,3,1,12,14,0,0,0.0,0,8,4,128,84,0
10,0,0.0,0.0,0.0,112,32,5,0,2,2,8,0,0,0,0.0,0,8,2,143,90,0
10,7,5.0,6.0,7.0,40,0,3,1,1,1,2,5,0,7,0.0,0,3,3,169,108,0
116,0,0.0,0.0,0.0,113,29,14,0,29,2,35,64,15,0,0.0,0,14,5,508,292,0
8,7,5.0,6.0,7.0,40,0,3,1,1,1,2,5,0,7,0.0,0,3,3,148,94,0
45,0,0.0,0.0,0.0,124,20,8,0,6,2,20,5,11,0,0.0,0,13,4,197,75,0
263,4,0.0,2.0,1.0,152,5,31,1,18,4,32,46,1,1,0.0,0,42,7,923,209,0
109,0,0.0,0.0,0.0,152,29,5,0,19,1,24,52,0,0,0.0,0,6,1,406,258,0
13,0,0.0,0.0,0.0,125,125,1,0,0,1,0,1,0,0,0.0,0,1,1,46,46,0
38,0,0.0,0.0,0.0,40,38,2,0,11,2,9,13,0,0,0.0,0,2,1,88,84,0
244,0,0.0,0.0,0.0,117,37,12,0,55,2,25,67,26,0,0.0,0,15,4,561,370,0
57,0,0.0,0.0,0.0,152,40,6,0,17,3,13,5,44,0,0.0,0,7,3,222,129,1
88,0,0.0,0.0,0.0,152,21,13,0,4,5,13,6,0,0,0.0,0,20,6,428,119,0
103,0,0.0,0.0,0.0,86,38,7,0,29,1,20,50,17,0,0.0,0,7,1,179,81,0
123,0,0.0,0.0,0.0,152,43,10,0,38,2,13,7,422,0,0.0,0,12,4,314,207,0
259,0,0.0,0.0,0.0,152,15,39,0,55,4,34,74,0,0,0.0,0,44,8,1514,247,0
23,0,0.0,0.0,0.0,152,75,6,0,7,3,8,3,2,0,0.0,0,8,4,129,66,0
88,0,0.0,0.0,0.0,152,64,4,0,20,2,11,18,4,0,0.0,0,8,4,339,183,0
270,0,0.0,0.0,0.0,152,18,37,0,35,4,35,59,0,0,0.0,0,51,7,2084,436,0
392,0,0.0,0.0,0.0,152,19,13,0,57,2,11,10,17,0,0.0,0,13,3,907,254,0
40,0,0.0,0.0,0.0,152,39,11,0,16,2,5,10,9,0,0.0,0,17,4,379,150,0
75,0,0.0,0.0,0.0,112,32,8,0,26,2,8,1,127,0,0.0,0,8,3,571,306,0
50,0,0.0,0.0,0.0,122,112,5,0,19,3,8,11,14,0,0.0,0,6,2,131,118,0
63,0,0.0,0.0,0.0,152,62,16,0,14,2,8,16,21,0,0.0,0,21,4,588,181,0
175,0,0.0,0.0,0.0,38,38,1,0,37,2,18,63,22,0,0.0,0,1,1,335,335,0
197,0,0.0,0.0,0.0,86,20,7,0,46,3,27,61,0,0,0.0,0,7,1,513,398,0
17,0,0.0,0.0,0.0,75,75,1,0,4,3,6,0,2,0,0.0,0,1,1,57,57,0
97,0,0.0,0.0,0.0,64,24,1,0,5,3,7,3,2,0,0.0,0,2,2,175,164,0
15,0,0.0,0.0,0.0,112,32,4,0,3,1,2,2,1,0,0.0,0,6,4,193,122,0
107,2,0.0,1.0,4.0,78,5,3,1,25,1,11,27,151,4,0.0,0,4,1,226,202,0
85,0,0.0,0.0,0.0,33,25,4,0,17,1,4,29,8,0,0.0,0,5,2,198,74,0
53,0,0.0,0.0,0.0,12,12,1,0,15,1,5,19,0,0,0.0,0,1,1,148,148,0
5,0,0.0,0.0,0.0,152,69,9,0,2,2,1,0,1,0,0.0,0,11,3,513,231,0
17,0,0.0,0.0,0.0,152,26,9,0,15,1,6,0,105,0,0.0,0,9,4,76,56,0
38,0,0.0,0.0,0.0,152,28,6,0,5,5,7,13,3,0,0.0,0,10,6,332,190,0
104,0,0.0,0.0,0.0,152,14,11,0,20,3,9,15,28,0,0.0,0,12,6,417,214,0
254,21,3.5,7.0,5.0,38,0,7,2,66,2,34,89,120,7,0.9852,0,7,3,705,262,0
12,0,0.0,0.0,0.0,32,32,1,0,2,1,0,1,1,0,0.0,0,1,1,97,97,0
107,0,0.0,0.0,0.0,152,28,8,0,12,6,10,15,4,0,0.0,0,15,7,578,322,0
182,11,7.0,9.0,1.0,38,4,4,1,54,1,37,74,24,1,0.0,0,4,3,48,25,0
208,0,0.0,0.0,0.0,152,19,22,0,4,5,28,24,1,0,0.0,0,35,7,1338,493,0
39,0,0.0,0.0,0.0,69,69,1,0,5,2,6,14,0,0,0.0,0,1,1,83,83,0
36,0,0.0,0.0,0.0,37,37,2,0,6,1,1,0,3,0,0.0,0,2,1,72,54,0
50,0,0.0,0.0,0.0,125,63,3,0,12,2,8,23,0,0,0.0,0,3,1,131,109,0
73,0,0.0,0.0,0.0,31,29,1,0,7,1,9,25,1,0,0.0,0,2,2,132,128,0
200,0,0.0,0.0,0.0,152,14,35,0,50,1,47,86,25,0,0.0,0,38,8,1019,270,0
56,0,0.0,0.0,0.0,62,32,7,0,15,4,11,0,91,0,0.0,0,7,2,389,234,0
17,0,0.0,0.0,0.0,75,75,1,0,4,3,6,0,2,0,0.0,0,1,1,57,57,0
140,0,0.0,0.0,0.0,124,22,15,0,2,2,20,8,1,0,0.0,0,17,5,865,185,0
17,0,0.0,0.0,0.0,26,26,1,0,4,2,3,0,2,0,0.0,0,1,1,51,51,0
32,0,0.0,0.0,0.0,62,37,4,0,11,1,4,0,55,0,0.0,0,5,2,195,69,0
13,0,0.0,0.0,0.0,152,64,2,0,2,3,5,2,0,0,0.0,0,3,2,60,46,0
3,0,0.0,0.0,0.0,112,32,3,0,0,2,1,0,0,0,0.0,0,4,2,87,54,0
80,0,0.0,0.0,0.0,26,21,2,0,22,3,13,17,0,0,0.0,0,2,1,154,150,0
21,0,0.0,0.0,0.0,65,65,0,0,5,2,7,0,6,0,0.0,0,1,1,66,66,0
117,0,0.0,0.0,0.0,152,24,10,0,38,1,22,41,4,0,0.0,0,15,4,451,138,0
181,18,14.0,16.0,7.0,152,0,14,1,39,3,31,63,60,7,0.0,0,15,5,573,214,0
46,0,0.0,0.0,0.0,152,38,7,0,11,2,8,21,0,0,0.0,0,7,3,138,90,0
364,0,0.0,0.0,0.0,152,24,58,0,86,4,38,113,103,0,0.0,0,65,8,4034,643,0
44,0,0.0,0.0,0.0,113,38,8,0,11,2,17,30,1,0,0.0,0,13,4,213,112,0
54,0,0.0,0.0,0.0,38,38,1,0,15,3,13,4,37,0,0.0,0,1,1,153,153,0
609,77,7.0,42.0,2.0,152,3,30,1,208,1,63,179,81,2,0.0,0,36,7,2411,755,1
87,0,0.0,0.0,0.0,125,22,7,0,11,1,20,42,0,0,0.0,0,9,2,292,209,0
209,0,0.0,0.0,0.0,117,37,7,0,84,1,13,67,45,0,0.0,0,12,4,629,346,0
78,0,0.0,0.0,0.0,62,19,8,0,16,3,27,32,0,0,0.0,0,9,3,298,159,0
62,0,0.0,0.0,0.0,62,37,5,0,17,4,14,3,122,0,0.0,0,5,2,199,119,0
82,0,0.0,0.0,0.0,71,62,4,0,19,1,3,20,1,0,0.0,0,5,2,229,140,0
246,0,0.0,0.0,0.0,117,22,18,0,26,4,24,36,0,0,0.0,0,26,5,1520,365,0
304,0,0.0,0.0,0.0,152,27,9,0,96,5,47,60,1158,0,0.0,0,11,4,1010,416,0
59,0,0.0,0.0,0.0,112,32,16,0,15,2,14,24,0,0,0.0,0,16,5,660,266,0
44,0,0.0,0.0,0.0,152,71,7,0,10,1,15,14,0,0,0.0,0,7,2,147,89,0
48,0,0.0,0.0,0.0,112,32,7,0,15,3,7,1,68,0,0.0,0,7,3,341,218,0
46,0,0.0,0.0,0.0,152,28,8,0,6,4,8,9,4,0,0.0,0,13,6,135,87,0
20,0,0.0,0.0,0.0,112,20,16,0,18,1,23,0,153,0,0.0,0,16,4,1184,598,0
96,0,0.0,0.0,0.0,152,19,29,0,15,4,26,14,9,0,0.0,0,38,7,451,216,0
23,0,0.0,0.0,0.0,152,40,6,0,7,3,8,3,2,0,0.0,0,8,5,154,66,0
61,0,0.0,0.0,0.0,39,39,1,0,5,3,21,18,0,0,0.0,0,1,1,159,159,0
8,0,0.0,0.0,0.0,32,32,1,0,1,1,0,1,0,0,0.0,0,1,1,57,57,0
57,0,0.0,0.0,0.0,152,54,13,0,23,1,17,22,0,0,0.0,0,15,5,233,123,0
90,0,0.0,0.0,0.0,117,92,1,0,20,1,5,9,100,0,0.0,0,3,3,180,154,0
57,0,0.0,0.0,0.0,21,20,3,0,15,1,3,3,3,0,0.0,0,3,2,115,98,0
25,0,0.0,0.0,0.0,100,100,1,0,4,2,5,1,0,0,0.0,0,1,1,72,72,0
14,0,0.0,0.0,0.0,122,26,8,0,12,1,5,0,66,0,0.0,0,9,5,380,228,0
223,0,0.0,0.0,0.0,152,24,12,0,49,2,22,67,17,0,0.0,0,13,3,564,310,0
22,0,0.0,0.0,0.0,152,37,11,0,4,1,2,0,4,0,0.0,0,11,3,117,43,0
7,0,0.0,0.0,0.0,112,32,9,0,5,1,12,0,10,0,0.0,0,9,3,405,198,0
38,0,0.0,0.0,0.0,68,26,2,0,10,2,3,0,35,0,0.0,0,2,1,81,79,0
11,0,0.0,0.0,0.0,122,19,4,0,2,2,6,4,0,0,0.0,0,5,3,73,41,0
27,0,0.0,0.0,0.0,152,86,4,0,10,2,7,6,0,0,0.0,0,4,2,104,86,0
100,0,0.0,0.0,0.0,152,19,26,0,4,4,18,9,0,0,0.0,0,36,7,410,165,0
59,0,0.0,0.0,0.0,112,32,5,0,16,2,5,0,104,0,0.0,0,5,4,407,270,0
156,0,0.0,0.0,0.0,152,7,34,0,38,3,34,39,0,0,0.0,0,39,5,1008,244,0
103,0,0.0,0.0,0.0,152,26,10,0,21,1,8,34,33,0,0.0,0,12,4,377,200,0
22,0,0.0,0.0,0.0,39,39,1,0,8,1,4,7,3,0,0.0,0,1,1,6,6,0
48,0,0.0,0.0,0.0,38,38,2,0,19,2,15,34,3,0,0.0,0,2,2,151,127,0
47,0,0.0,0.0,0.0,65,39,2,0,8,5,8,7,28,0,0.0,0,2,2,123,109,0
11,0,0.0,0.0,0.0,152,64,2,0,3,4,5,0,1,0,0.0,0,6,3,80,50,0
95,0,0.0,0.0,0.0,112,32,11,0,26,2,8,0,301,0,0.0,0,11,5,586,354,0
13,0,0.0,0.0,0.0,111,111,1,0,4,1,3,2,0,0,0.0,0,1,1,36,36,0
134,0,0.0,0.0,0.0,122,65,4,0,39,1,12,20,227,0,0.0,0,5,2,244,216,0
46,0,0.0,0.0,0.0,152,71,8,0,11,2,9,16,28,0,0.0,0,8,3,193,73,0
34,0,0.0,0.0,0.0,32,24,2,0,8,1,3,2,15,0,0.0,0,2,1,72,63,0
60,0,0.0,0.0,0.0,152,38,4,0,19,1,2,6,57,0,0.0,0,6,3,162,110,0
162,0,0.0,0.0,0.0,108,18,5,0,43,1,11,59,0,0,0.0,0,7,2,394,196,0
439,0,0.0,0.0,0.0,152,19,32,0,6,7,39,33,0,0,0.0,0,42,7,2100,711,0
79,0,0.0,0.0,0.0,152,110,2,0,27,2,10,17,47,0,0.0,0,3,2,151,145,0
21,0,0.0,0.0,0.0,152,37,5,0,7,2,8,2,6,0,0.0,0,5,2,78,65,0
39,0,0.0,0.0,0.0,86,32,5,0,13,2,12,1,28,0,0.0,0,6,1,331,200,0
191,0,0.0,0.0,0.0,152,38,14,0,50,3,24,41,0,0,0.0,0,18,4,618,280,0
402,0,0.0,0.0,0.0,152,19,29,0,5,6,29,18,0,0,0.0,0,37,7,1523,506,0
42,0,0.0,0.0,0.0,112,28,12,0,11,1,5,12,15,0,0.0,0,13,4,655,160,0
33,0,0.0,0.0,0.0,152,69,2,0,13,1,1,2,2,0,0.0,0,5,3,78,72,0
177,0,0.0,0.0,0.0,152,41,12,0,4,2,20,16,1,0,0.0,0,21,5,574,263,0
45,0,0.0,0.0,0.0,122,15,8,0,12,2,13,8,66,0,0.0,0,10,4,196,131,0
49,0,0.0,0.0,0.0,25,25,1,0,2,4,16,7,0,0,0.0,0,1,1,113,113,0
27,0,0.0,0.0,0.0,38,38,1,0,7,4,9,2,6,0,0.0,0,1,1,77,77,0
153,0,0.0,0.0,0.0,152,19,18,0,1,4,17,9,0,0,0.0,0,24,5,972,211,0
79,0,0.0,0.0,0.0,122,45,4,0,24,1,17,5,204,0,0.0,0,8,3,213,120,0
114,0,0.0,0.0,0.0,113,19,15,0,31,3,28,49,3,0,0.0,0,18,5,947,411,0
58,0,0.0,0.0,0.0,65,39,2,0,9,3,7,8,28,0,0.0,0,2,2,96,77,0
10,0,0.0,0.0,0.0,112,32,5,0,2,1,1,0,0,0,0.0,0,7,3,234,92,0
66,0,0.0,0.0,0.0,152,24,11,0,18,3,11,15,0,0,0.0,0,12,5,315,143,0
11,0,0.0,0.0,0.0,125,125,1,0,0,1,0,0,0,0,0.0,0,1,1,41,41,0
15,0,0.0,0.0,0.0,110,95,1,0,3,6,7,4,3,0,0.0,0,3,2,53,49,0
100,0,0.0,0.0,0.0,152,19,17,0,1,2,20,11,0,0,0.0,0,21,6,368,133,0
42,0,0.0,0.0,0.0,112,32,3,0,14,2,2,1,35,0,0.0,0,3,2,267,178,0
34,0,0.0,0.0,0.0,152,37,3,0,10,3,7,7,0,0,0.0,0,3,2,93,50,0
72,0,0.0,0.0,0.0,152,21,14,0,15,3,20,24,16,0,0.0,0,17,6,597,223,0
23,0,0.0,0.0,0.0,152,75,4,0,7,3,8,3,2,0,0.0,0,5,3,106,59,0
149,0,0.0,0.0,0.0,152,19,19,0,4,3,25,18,1,0,0.0,0,29,7,917,262,0
32,0,0.0,0.0,0.0,86,32,2,0,8,2,12,0,22,0,0.0,0,3,1,252,182,0
17,0,0.0,0.0,0.0,75,75,1,0,4,3,6,0,2,0,0.0,0,1,1,58,58,0
20,0,0.0,0.0,0.0,112,36,21,0,18,1,26,0,153,0,0.0,0,21,6,1209,423,0
51,0,0.0,0.0,0.0,71,25,3,0,15,2,7,14,36,0,0.0,0,3,2,87,61,0
50,0,0.0,0.0,0.0,106,64,2,0,1,4,8,2,0,0,0.0,0,5,2,111,101,0
15,0,0.0,0.0,0.0,96,39,1,0,1,2,6,0,0,0,0.0,0,7,3,147,52,0
60,0,0.0,0.0,0.0,152,111,4,0,8,7,7,10,8,0,0.0,0,5,2,134,111,0
26,0,0.0,0.0,0.0,103,38,6,0,5,2,6,12,0,0,0.0,0,6,2,103,53,0
131,0,0.0,0.0,0.0,152,36,29,0,19,3,20,32,153,0,0.0,0,32,7,849,161,0
150,0,0.0,0.0,0.0,152,37,14,0,5,3,25,29,1,0,0.0,0,19,5,514,219,0
37,0,0.0,0.0,0.0,112,32,9,0,9,2,6,2,22,0,0.0,0,9,2,881,252,0
28,0,0.0,0.0,0.0,105,63,2,0,7,2,12,12,4,0,0.0,0,3,2,81,75,0
8,0,0.0,0.0,0.0,95,95,0,0,1,1,0,0,0,0,0.0,0,1,1,34,34,0
6,0,0.0,0.0,0.0,72,63,2,0,1,4,2,1,0,0,0.0,0,2,2,29,22,0
27,0,0.0,0.0,0.0,152,75,4,0,7,4,9,2,6,0,0.0,0,5,3,91,69,0
41,0,0.0,0.0,0.0,65,65,1,0,6,5,7,5,15,0,0.0,0,1,1,90,90,0
20,0,0.0,0.0,0.0,152,107,3,0,7,1,3,7,3,0,0.0,0,3,2,91,54,0
70,0,0.0,0.0,0.0,86,43,3,0,24,1,2,25,10,0,0.0,0,3,1,158,126,0
34,0,0.0,0.0,0.0,37,37,2,0,1,1,2,0,0,0,0.0,0,2,1,70,52,0
3,0,0.0,0.0,0.0,152,78,4,0,0,4,2,0,0,0,0.0,0,4,2,35,31,0
23,0,0.0,0.0,0.0,152,37,11,0,6,7,12,11,3,0,0.0,0,16,6,444,151,0
280,0,0.0,0.0,0.0,152,7,46,0,71,2,39,123,132,0,0.0,0,53,8,1305,411,1
94,0,0.0,0.0,0.0,152,37,19,0,26,2,21,26,153,0,0.0,0,24,6,523,178,0
46,0,0.0,0.0,0.0,152,63,16,0,13,2,12,20,55,0,0.0,0,17,5,271,102,0
56,0,0.0,0.0,0.0,37,37,3,0,13,2,3,5,4,0,0.0,0,3,1,91,64,0
17,0,0.0,0.0,0.0,75,75,1,0,4,3,6,0,2,0,0.0,0,1,1,58,58,0
45,0,0.0,0.0,0.0,39,39,6,0,19,2,14,33,3,0,0.0,0,6,2,184,78,0
8,0,0.0,0.0,0.0,86,86,1,0,1,1,0,0,0,0,0.0,0,1,1,35,35,0
80,2,0.0,1.0,6.0,37,5,5,1,16,2,6,11,2,6,0.0,0,5,3,173,99,0
456,0,0.0,0.0,0.0,38,38,1,0,116,2,29,113,184,0,0.0,0,1,1,719,719,0
286,0,0.0,0.0,0.0,124,41,10,0,8,2,26,18,0,0,0.0,0,14,4,531,271,0
14,0,0.0,0.0,0.0,112,32,15,0,1,1,0,0,0,0,0.0,0,18,3,690,244,0
133,0,0.0,0.0,0.0,37,32,5,0,18,1,24,35,0,0,0.0,0,5,1,342,136,0
113,0,0.0,0.0,0.0,152,26,14,0,25,3,23,35,151,0,0.0,0,18,7,1103,532,1
41,0,0.0,0.0,0.0,103,21,3,0,9,1,6,22,0,0,0.0,0,3,2,105,103,0
55,0,0.0,0.0,0.0,112,65,16,0,14,2,18,29,0,0,0.0,0,17,3,397,163,0
58,0,0.0,0.0,0.0,64,45,1,0,4,5,15,8,1,0,0.0,0,2,2,130,126,0
3,0,0.0,0.0,0.0,122,88,1,0,1,1,1,0,0,0,0.0,0,2,1,28,26,0
11,0,0.0,0.0,0.0,111,108,3,0,1,4,5,3,0,0,0.0,0,3,2,83,44,0
3,0,0.0,0.0,0.0,152,112,3,0,0,4,2,0,0,0,0.0,0,3,2,31,29,0
63,0,0.0,0.0,0.0,112,32,4,0,17,2,4,0,120,0,0.0,0,4,2,417,242,0
35,0,0.0,0.0,0.0,32,32,1,0,14,2,2,0,12,0,0.0,0,1,1,168,168,0
89,0,0.0,0.0,0.0,71,69,3,0,6,2,9,11,0,0,0.0,0,3,2,207,110,0
34,0,0.0,0.0,0.0,71,69,3,0,10,2,7,0,20,0,0.0,0,3,2,116,87,0
59,0,0.0,0.0,0.0,39,37,4,0,11,7,20,24,4,0,0.0,0,4,2,179,121,0
60,0,0.0,0.0,0.0,100,7,4,0,19,2,7,12,6,0,0.0,0,4,1,570,228,0
21,8,8.0,8.0,6.0,75,5,2,1,5,3,7,0,6,6,0.0,0,2,1,65,57,0
29,0,0.0,0.0,0.0,152,62,6,0,8,2,18,7,0,0,0.0,0,6,2,126,83,0
43,0,0.0,0.0,0.0,112,32,6,0,13,2,9,18,6,0,0.0,0,9,3,425,220,0
101,0,0.0,0.0,0.0,122,15,16,0,25,2,19,28,153,0,0.0,0,18,5,350,199,0
425,0,0.0,0.0,0.0,113,37,13,0,102,1,31,73,0,0,0.0,0,14,4,1125,539,0
70,0,0.0,0.0,0.0,107,38,2,0,15,1,1,17,48,0,0.0,0,4,1,201,132,0
54,0,0.0,0.0,0.0,20,14,2,0,1,4,13,7,0,0,0.0,0,2,2,112,111,0
3,0,0.0,0.0,0.0,152,75,5,0,0,4,3,0,0,0,0.0,0,5,2,41,32,0
39,0,0.0,0.0,0.0,152,19,24,0,7,5,21,23,0,0,0.0,0,30,5,254,90,0
70,0,0.0,0.0,0.0,86,32,8,0,17,1,11,31,1,0,0.0,0,8,1,512,252,1
17,0,0.0,0.0,0.0,112,32,9,0,4,5,3,0,2,0,0.0,0,10,2,273,98,0
145,0,0.0,0.0,0.0,117,38,14,0,14,2,26,29,21,0,0.0,0,20,6,626,439,0
18,0,0.0,0.0,0.0,112,32,7,0,6,1,2,2,0,0,0.0,0,9,4,212,108,0
73,0,0.0,0.0,0.0,152,72,5,0,11,2,7,19,1,0,0.0,0,5,3,136,78,0
93,0,0.0,0.0,0.0,68,17,5,0,8,4,9,18,4,0,0.0,0,6,2,347,119,0
33,0,0.0,0.0,0.0,112,32,8,0,8,3,8,0,26,0,0.0,0,8,3,432,230,0
110,0,0.0,0.0,0.0,71,22,4,0,11,2,14,17,6,0,0.0,0,5,3,271,233,0
49,0,0.0,0.0,0.0,112,32,8,0,13,3,7,0,66,0,0.0,0,9,4,396,212,0
65,16,5.0,6.5,3.5,37,5,4,2,16,4,2,7,1,6,0.896,0,4,3,133,79,0
245,0,0.0,0.0,0.0,152,19,17,0,12,6,28,15,6,0,0.0,0,29,7,2254,871,0
66,0,0.0,0.0,0.0,125,38,6,0,20,1,6,7,73,0,0.0,0,8,4,495,136,0
170,0,0.0,0.0,0.0,152,19,19,0,9,3,28,14,1,0,0.0,0,29,7,597,334,0
166,0,0.0,0.0,0.0,40,26,3,0,34,1,8,49,10,0,0.0,0,3,1,340,194,0
32,0,0.0,0.0,0.0,112,32,8,0,9,3,8,0,22,0,0.0,0,10,5,359,194,0
15,0,0.0,0.0,0.0,112,26,14,0,13,1,22,0,78,0,0.0,0,15,3,807,404,0
55,0,0.0,0.0,0.0,22,21,3,0,2,2,19,10,0,0,0.0,0,3,2,270,175,0
161,0,0.0,0.0,0.0,37,24,13,0,23,1,11,26,0,0,0.0,0,13,2,466,131,0
66,0,0.0,0.0,0.0,152,29,9,0,19,3,12,5,135,0,0.0,0,9,3,291,139,0
69,0,0.0,0.0,0.0,150,14,5,0,5,4,5,3,0,0,0.0,0,7,6,289,140,0
78,0,0.0,0.0,0.0,65,38,2,0,18,1,4,1,39,0,0.0,0,3,1,152,137,0
137,0,0.0,0.0,0.0,112,32,12,0,39,6,9,6,499,0,0.0,0,13,3,918,516,0
467,0,0.0,0.0,0.0,31,26,0,0,73,1,68,94,0,0,0.0,0,3,1,803,739,0
27,0,0.0,0.0,0.0,152,75,4,0,7,4,9,2,6,0,0.0,0,5,3,91,69,0
13,0,0.0,0.0,0.0,75,75,1,0,2,2,5,2,0,0,0.0,0,1,1,40,40,0
54,0,0.0,0.0,0.0,112,26,10,0,19,4,9,3,51,0,0.0,0,11,2,495,202,0
57,5,-3.0,1.0,1.0,152,5,7,1,17,3,13,5,44,1,0.0,0,8,3,230,132,1
122,0,0.0,0.0,0.0,152,64,4,0,32,2,7,31,25,0,0.0,0,5,3,215,202,0
17,0,0.0,0.0,0.0,37,20,2,0,9,2,7,16,0,0,0.0,0,2,2,65,57,0
96,0,0.0,0.0,0.0,112,32,6,0,28,2,9,13,176,0,0.0,0,7,3,536,346,0
109,0,0.0,0.0,0.0,39,19,4,0,3,6,19,24,0,0,0.0,0,6,3,473,201,0
80,0,0.0,0.0,0.0,42,42,1,0,6,2,8,3,0,0,0.0,0,1,1,131,131,0
154,0,0.0,0.0,0.0,112,32,9,0,41,3,10,0,746,0,0.0,0,10,3,840,540,0
70,0,0.0,0.0,0.0,111,32,17,0,21,2,24,30,0,0,0.0,0,20,5,732,316,0
12,0,0.0,0.0,0.0,112,32,3,0,3,1,6,3,3,0,0.0,0,5,2,175,108,0
66,0,0.0,0.0,0.0,112,32,6,0,18,3,6,0,135,0,0.0,0,7,2,407,246,0
12,0,0.0,0.0,0.0,152,86,3,0,1,5,4,3,0,0,0.0,0,5,2,63,45,0
50,0,0.0,0.0,0.0,72,63,2,0,14,1,4,6,66,0,0.0,0,2,2,91,81,0
158,0,0.0,0.0,0.0,33,21,9,0,32,1,15,47,37,0,0.0,0,9,3,283,97,0
57,0,0.0,0.0,0.0,105,63,5,0,1,3,16,6,0,0,0.0,0,9,3,345,173,0
126,0,0.0,0.0,0.0,111,36,26,0,32,2,20,44,21,0,0.0,0,27,6,1014,197,0
32,0,0.0,0.0,0.0,152,75,7,0,9,3,9,4,28,0,0.0,0,7,3,101,58,0
24,0,0.0,0.0,0.0,152,38,15,0,22,1,9,0,231,0,0.0,0,15,4,111,52,0
51,0,0.0,0.0,0.0,0,0,0,0,9,2,11,12,1,0,0.0,0,0,0,0,0,0
119,0,0.0,0.0,0.0,152,36,7,0,61,2,8,42,66,0,0.0,0,7,6,838,216,0
257,0,0.0,0.0,0.0,152,37,18,0,29,5,38,28,3,0,0.0,0,25,7,703,220,0
67,0,0.0,0.0,0.0,112,32,4,0,18,2,7,1,102,0,0.0,0,4,2,391,250,0
11,0,0.0,0.0,0.0,49,49,0,0,5,2,5,3,3,0,0.0,0,1,1,43,43,0
105,0,0.0,0.0,0.0,152,25,23,0,30,2,13,37,141,0,0.0,0,25,6,551,96,0
10,0,0.0,0.0,0.0,86,32,2,0,2,3,2,0,0,0,0.0,0,2,1,114,76,0
138,0,0.0,0.0,0.0,152,37,15,0,36,1,15,65,8,0,0.0,0,16,4,522,182,0
3,0,0.0,0.0,0.0,152,112,3,0,0,4,3,0,0,0,0.0,0,3,2,33,31,0
64,0,0.0,0.0,0.0,122,112,3,0,23,3,10,16,33,0,0.0,0,4,2,148,135,0
162,0,0.0,0.0,0.0,152,38,21,0,38,1,29,64,81,0,0.0,0,33,6,654,224,0
6,0,0.0,0.0,0.0,112,32,11,0,4,1,13,0,6,0,0.0,0,12,4,354,178,0
17,0,0.0,0.0,0.0,112,32,4,0,4,2,8,3,0,0,0.0,0,4,3,153,102,0
27,0,0.0,0.0,0.0,152,75,4,0,7,4,9,2,6,0,0.0,0,5,3,88,69,0
114,0,0.0,0.0,0.0,125,14,15,0,30,1,19,49,0,0,0.0,0,17,3,482,239,0
45,0,0.0,0.0,0.0,25,25,2,0,2,2,12,14,0,0,0.0,0,2,1,102,96,0
54,0,0.0,0.0,0.0,0,0,0,0,14,1,4,5,81,0,0.0,0,0,0,0,0,0
131,0,0.0,0.0,0.0,152,37,13,0,33,2,27,51,36,0,0.0,0,14,5,364,170,0
447,47,35.0,41.0,7.0,38,0,7,1,95,2,20,79,184,7,0.0,0,7,3,657,406,0
53,0,0.0,0.0,0.0,152,71,5,0,14,1,9,18,0,0,0.0,0,5,3,160,67,0
134,0,0.0,0.0,0.0,152,39,12,0,17,2,22,36,0,0,0.0,0,21,5,836,174,0
128,0,0.0,0.0,0.0,152,39,6,0,44,4,20,26,97,0,0.0,0,9,4,463,196,0
69,0,0.0,0.0,0.0,75,63,2,0,8,3,21,11,7,0,0.0,0,2,1,190,184,0
204,0,0.0,0.0,0.0,152,24,18,0,46,3,30,54,0,0,0.0,0,25,7,1063,434,0
150,0,0.0,0.0,0.0,49,12,2,0,45,1,17,54,0,0,0.0,0,4,1,243,233,0
122,0,0.0,0.0,0.0,152,45,22,0,6,5,24,16,1,0,0.0,0,29,7,624,235,0
75,14,6.0,6.5,1.5,152,4,14,2,21,2,9,27,3,2,0.5917,0,16,6,328,109,0
94,0,0.0,0.0,0.0,152,36,12,0,24,2,19,32,1,0,0.0,0,14,6,750,188,1
61,0,0.0,0.0,0.0,152,37,8,0,27,2,13,16,36,0,0.0,0,9,3,187,86,0
108,0,0.0,0.0,0.0,152,33,9,0,33,2,14,17,269,0,0.0,0,9,3,345,188,0
11,0,0.0,0.0,0.0,112,32,14,0,0,1,0,1,0,0,0.0,0,20,4,251,104,0
4,0,0.0,0.0,0.0,112,32,5,0,1,1,2,2,0,0,0.0,0,7,4,124,76,0
94,0,0.0,0.0,0.0,152,39,17,0,3,6,18,7,3,0,0.0,0,24,7,427,179,0
44,0,0.0,0.0,0.0,152,152,1,0,6,2,8,22,1,0,0.0,0,1,1,100,100,0
101,0,0.0,0.0,0.0,112,26,12,0,27,6,10,8,233,0,0.0,0,14,3,631,326,0
26,0,0.0,0.0,0.0,72,20,11,0,8,1,2,4,8,0,0.0,0,11,2,327,210,0
33,0,0.0,0.0,0.0,117,104,5,0,3,4,8,1,1,0,0.0,0,6,4,127,101,0
2,0,0.0,0.0,0.0,71,39,3,0,0,2,3,0,0,0,0.0,0,3,2,39,26,0
34,0,0.0,0.0,0.0,152,29,3,0,13,2,5,2,20,0,0.0,0,4,2,104,93,0
8,0,0.0,0.0,0.0,71,71,1,0,2,1,6,2,1,0,0.0,0,1,1,48,48,0
58,0,0.0,0.0,0.0,38,38,1,0,19,4,8,8,83,0,0.0,0,1,1,133,133,0
55,0,0.0,0.0,0.0,152,36,9,0,4,2,16,10,0,0,0.0,0,10,6,180,107,0
256,48,-18.0,15.0,1.0,113,2,19,0,65,1,33,86,15,1,0.0,0,27,5,903,451,0
67,0,0.0,0.0,0.0,108,38,5,0,13,1,16,29,15,0,0.0,0,7,1,197,142,0
48,0,0.0,0.0,0.0,70,70,1,0,8,1,11,21,0,0,0.0,0,1,1,92,92,0
145,2,0.0,1.0,1.0,152,1,26,0,37,1,29,56,24,1,0.0,0,32,7,756,157,0
42,0,0.0,0.0,0.0,38,37,2,0,11,1,6,0,43,0,0.0,0,2,2,19,17,0
24,0,0.0,0.0,0.0,152,78,3,0,6,2,7,0,9,0,0.0,0,3,2,90,69,0
112,0,0.0,0.0,0.0,37,37,4,0,23,2,5,9,4,0,0.0,0,4,1,208,150,0
42,0,0.0,0.0,0.0,112,32,5,0,11,2,7,0,45,0,0.0,0,5,2,351,194,0
64,0,0.0,0.0,0.0,119,29,1,0,11,1,8,15,0,0,0.0,0,2,1,129,127,0
84,0,0.0,0.0,0.0,152,19,29,0,10,4,21,29,0,0,0.0,0,36,7,465,121,0
64,0,0.0,0.0,0.0,152,75,7,0,20,1,8,25,36,0,0.0,0,9,3,158,91,0
3,0,0.0,0.0,0.0,152,112,3,0,0,4,3,0,0,0,0.0,0,3,2,33,31,0
56,0,0.0,0.0,0.0,152,64,10,0,3,3,9,2,3,0,0.0,0,11,4,1349,600,0
10,0,0.0,0.0,0.0,86,32,2,0,2,3,3,0,0,0,0.0,0,2,1,117,78,0
34,0,0.0,0.0,0.0,152,65,5,0,10,1,7,26,0,0,0.0,0,6,3,177,82,0
230,0,0.0,0.0,0.0,152,21,22,0,54,2,35,71,4,0,0.0,0,33,6,927,221,0
90,0,0.0,0.0,0.0,25,22,4,0,2,4,14,11,0,0,0.0,0,4,2,152,124,0
39,0,0.0,0.0,0.0,69,69,1,0,5,1,11,14,0,0,0.0,0,1,1,108,108,0
17,0,0.0,0.0,0.0,112,32,4,0,4,2,4,0,2,0,0.0,0,4,2,164,104,0
52,0,0.0,0.0,0.0,122,45,4,0,16,1,12,5,91,0,0.0,0,8,3,190,102,0
7,0,0.0,0.0,0.0,112,32,11,0,5,1,16,0,10,0,0.0,0,13,3,588,238,0
128,0,0.0,0.0,0.0,152,39,17,0,4,3,21,15,1,0,0.0,0,28,7,833,224,0
82,0,0.0,0.0,0.0,75,21,3,0,8,2,12,8,0,0,0.0,0,3,2,215,171,0
171,0,0.0,0.0,0.0,152,64,12,0,6,2,17,6,1,0,0.0,0,18,5,626,185,0
17,0,0.0,0.0,0.0,62,32,3,0,4,5,3,0,2,0,0.0,0,3,2,147,98,0
80,0,0.0,0.0,0.0,105,20,6,0,11,4,17,18,1,0,0.0,0,14,3,282,156,0
49,0,0.0,0.0,0.0,112,32,6,0,16,3,5,1,54,0,0.0,0,7,2,315,202,0
23,0,0.0,0.0,0.0,152,75,4,0,7,3,8,3,2,0,0.0,0,5,3,105,59,0
38,0,0.0,0.0,0.0,37,37,1,0,16,2,9,29,0,0,0.0,0,1,1,84,84,0
45,0,0.0,0.0,0.0,37,31,10,0,10,2,4,8,0,0,0.0,0,11,1,190,44,0
90,0,0.0,0.0,0.0,152,20,15,0,15,3,20,26,0,0,0.0,0,21,5,854,309,0
4,0,0.0,0.0,0.0,112,32,4,0,1,1,2,2,0,0,0.0,0,6,3,106,68,0
8,0,0.0,0.0,0.0,109,63,4,0,6,1,10,0,15,0,0.0,0,4,3,164,62,0
67,0,0.0,0.0,0.0,152,39,6,0,37,3,9,16,171,0,0.0,0,8,2,315,168,0
33,0,0.0,0.0,0.0,88,64,5,0,8,3,8,0,26,0,0.0,0,5,1,179,126,0
11,16,12.0,14.0,6.0,37,5,5,1,0,1,0,0,0,6,0.0,0,5,3,121,72,0
17,0,0.0,0.0,0.0,152,86,3,0,4,2,5,0,2,0,0.0,0,3,2,59,55,0
26,0,0.0,0.0,0.0,112,32,5,0,6,2,7,1,3,0,0.0,0,6,2,284,156,0
11,0,0.0,0.0,0.0,152,69,5,0,4,1,5,4,1,0,0.0,0,5,3,257,110,0
229,0,0.0,0.0,0.0,152,37,25,0,57,1,27,158,70,0,0.0,0,29,4,1088,315,0
31,0,0.0,0.0,0.0,152,112,2,0,5,1,1,10,8,0,0.0,0,2,2,76,75,0
160,0,0.0,0.0,0.0,152,33,19,0,48,3,27,8,779,0,0.0,0,22,4,709,356,0
77,0,0.0,0.0,0.0,124,19,16,0,8,2,22,12,0,0,0.0,0,26,6,431,104,0
134,0,0.0,0.0,0.0,152,37,25,0,28,2,16,40,91,0,0.0,0,26,4,478,180,0
3,0,0.0,0.0,0.0,112,32,2,0,1,1,1,0,0,0,0.0,0,3,2,98,64,0
4,0,0.0,0.0,0.0,24,24,1,0,0,1,0,0,0,0,0.0,0,1,1,80,80,0
38,0,0.0,0.0,0.0,37,20,3,0,6,1,16,7,1,0,0.0,0,3,2,82,77,0
44,0,0.0,0.0,0.0,37,37,1,0,10,2,8,16,0,0,0.0,0,1,1,78,78,0
16,0,0.0,0.0,0.0,112,32,4,0,4,2,3,0,0,0,0.0,0,5,2,169,108,0
27,0,0.0,0.0,0.0,152,39,4,0,4,6,11,10,1,0,0.0,0,7,5,80,59,0
84,0,0.0,0.0,0.0,112,37,4,0,22,1,13,21,54,0,0.0,0,4,2,234,180,0
80,0,0.0,0.0,0.0,112,32,8,0,22,3,6,0,139,0,0.0,0,10,3,648,380,0
162,0,0.0,0.0,0.0,117,38,19,0,16,3,16,17,4,0,0.0,0,22,5,465,203,0
42,0,0.0,0.0,0.0,117,75,4,0,11,2,7,13,0,0,0.0,0,4,2,130,93,0
207,0,0.0,0.0,0.0,152,22,19,0,9,4,24,17,1,0,0.0,0,31,7,757,348,0
204,0,0.0,0.0,0.0,88,24,8,0,42,2,20,55,13,0,0.0,0,9,2,434,287,0
400,0,0.0,0.0,0.0,152,19,25,0,10,7,33,24,1,0,0.0,0,36,8,1773,576,0
26,0,0.0,0.0,0.0,152,21,7,0,6,3,9,5,9,0,0.0,0,8,3,104,67,0
59,0,0.0,0.0,0.0,152,19,11,0,3,5,13,8,1,0,0.0,0,15,6,278,119,0
204,33,23.0,28.0,7.0,62,0,6,1,53,2,28,37,15,7,0.0,0,6,3,483,313,0
251,0,0.0,0.0,0.0,102,8,2,0,60,2,8,75,8,0,0.0,0,5,2,401,376,1
119,0,0.0,0.0,0.0,75,39,9,0,5,7,26,16,0,0,0.0,0,11,3,416,247,0
375,0,0.0,0.0,0.0,152,19,19,0,9,7,33,23,0,0,0.0,0,24,7,1430,410,0
168,0,0.0,0.0,0.0,112,32,23,0,46,1,31,43,45,0,0.0,0,25,5,1654,552,1
57,0,0.0,0.0,0.0,46,43,6,0,18,2,18,22,6,0,0.0,0,6,3,228,112,0
86,0,0.0,0.0,0.0,85,48,2,0,15,1,11,30,1,0,0.0,0,2,1,137,128,0
46,0,0.0,0.0,0.0,132,50,9,0,7,1,16,20,4,0,0.0,0,9,4,229,143,0
83,0,0.0,0.0,0.0,158,46,14,0,20,1,14,24,66,0,0.0,0,16,3,336,115,0
136,0,0.0,0.0,0.0,108,12,1,0,36,2,7,22,0,0,0.0,0,2,2,199,197,0
57,0,0.0,0.0,0.0,158,43,6,0,18,1,10,17,0,0,0.0,0,9,3,316,123,0
51,0,0.0,0.0,0.0,43,39,2,0,9,2,8,16,0,0,0.0,0,2,2,100,94,0
54,0,0.0,0.0,0.0,44,11,7,0,8,1,5,11,0,0,0.0,0,8,2,143,78,0
245,0,0.0,0.0,0.0,158,31,23,0,62,3,36,58,10,0,0.0,0,27,5,1064,461,0
3,0,0.0,0.0,0.0,158,81,4,0,0,4,3,0,0,0,0.0,0,4,2,37,28,0
46,0,0.0,0.0,0.0,158,90,13,0,24,2,9,24,0,0,0.0,0,14,5,431,135,0
283,0,0.0,0.0,0.0,158,8,23,0,95,5,34,51,1461,0,0.0,0,32,9,1027,544,0
44,0,0.0,0.0,0.0,122,115,4,0,1,4,12,4,0,0,0.0,0,5,4,119,108,0
12,0,0.0,0.0,0.0,119,14,12,0,10,1,21,0,45,0,0.0,0,12,3,746,368,0
122,0,0.0,0.0,0.0,45,45,1,0,32,2,12,37,19,0,0.0,0,1,1,10,10,0
74,0,0.0,0.0,0.0,26,26,1,0,16,3,17,30,1,0,0.0,0,1,1,152,152,0
38,0,0.0,0.0,0.0,49,39,2,0,10,2,5,0,35,0,0.0,0,2,1,310,308,0
16,0,0.0,0.0,0.0,0,0,0,0,4,1,1,1,0,0,0.0,0,0,0,0,0,0
15,0,0.0,0.0,0.0,101,49,0,0,4,1,1,1,0,0,0.0,0,3,2,91,37,0
40,0,0.0,0.0,0.0,158,11,4,0,10,1,2,4,19,0,0.0,0,6,2,120,89,0
557,0,0.0,0.0,0.0,129,10,27,0,115,2,52,150,484,0,0.0,0,34,7,1543,666,1
43,0,0.0,0.0,0.0,129,76,7,0,6,1,13,30,3,0,0.0,0,7,5,175,65,0
122,0,0.0,0.0,0.0,118,26,22,0,32,2,18,38,21,0,0.0,0,22,4,1213,444,0
80,0,0.0,0.0,0.0,158,26,20,0,4,4,17,15,3,0,0.0,0,26,7,492,154,0
85,11,-1.0,5.0,17.0,44,0,2,1,18,3,24,45,39,17,0.0,0,2,2,53,42,1
35,0,0.0,0.0,0.0,92,74,3,0,11,2,4,4,28,0,0.0,0,3,2,128,91,0
15,0,0.0,0.0,0.0,119,39,12,0,13,1,21,0,78,0,0.0,0,15,3,819,390,0
86,0,0.0,0.0,0.0,119,39,9,0,22,2,12,7,170,0,0.0,0,10,4,669,354,0
90,0,0.0,0.0,0.0,129,94,2,0,27,1,7,14,137,0,0.0,0,3,2,165,156,0
114,0,0.0,0.0,0.0,158,26,19,0,1,5,21,12,0,0,0.0,0,27,7,1120,483,0
50,0,0.0,0.0,0.0,158,71,4,0,17,1,11,20,0,0,0.0,0,4,2,134,92,0
3,0,0.0,0.0,0.0,158,119,3,0,0,4,3,0,0,0,0.0,0,3,2,33,31,0
13,0,0.0,0.0,0.0,44,44,2,0,2,1,1,6,0,0,0.0,0,2,1,41,23,0
52,0,0.0,0.0,0.0,158,52,16,0,7,3,10,10,10,0,0.0,0,24,6,494,221,0
163,0,0.0,0.0,0.0,45,39,2,0,50,2,8,16,159,0,0.0,0,2,1,526,508,0
24,0,0.0,0.0,0.0,119,27,6,0,6,2,8,2,11,0,0.0,0,8,3,240,138,0
132,0,0.0,0.0,0.0,158,45,20,0,4,3,22,15,1,0,0.0,0,31,7,854,234,0
286,0,0.0,0.0,0.0,158,13,21,0,76,2,53,165,19,0,0.0,0,23,6,760,232,1
304,0,0.0,0.0,0.0,123,71,4,0,14,2,16,21,0,0,0.0,0,8,3,347,291,0
93,0,0.0,0.0,0.0,158,93,5,0,1,3,17,12,0,0,0.0,0,10,5,263,194,0
33,0,0.0,0.0,0.0,120,109,3,0,6,1,4,8,3,0,0.0,0,3,2,134,84,0
99,0,0.0,0.0,0.0,158,26,23,0,17,3,19,26,136,0,0.0,0,23,5,553,134,0
50,0,0.0,0.0,0.0,46,43,5,0,14,2,17,16,4,0,0.0,0,5,3,184,99,0
10,0,0.0,0.0,0.0,158,119,2,0,3,3,2,0,1,0,0.0,0,2,2,43,40,0
63,0,0.0,0.0,0.0,118,39,11,0,16,2,12,13,0,0,0.0,0,12,4,441,232,0
65,0,0.0,0.0,0.0,119,39,7,0,19,1,6,17,0,0,0.0,0,7,2,617,402,0
8,0,0.0,0.0,0.0,158,97,2,0,2,4,0,0,1,0,0.0,0,3,3,35,31,0
3,0,0.0,0.0,0.0,158,84,4,0,0,4,3,0,0,0,0.0,0,4,2,37,32,0
17,0,0.0,0.0,0.0,78,32,9,0,1,1,0,0,0,0,0.0,0,9,1,153,64,0
31,0,0.0,0.0,0.0,158,119,4,0,8,3,4,0,20,0,0.0,0,4,3,73,51,0
71,0,0.0,0.0,0.0,44,27,15,0,12,1,5,19,0,0,0.0,0,16,3,273,53,0
304,0,0.0,0.0,0.0,158,45,20,0,89,3,45,94,431,0,0.0,0,21,5,767,186,0
45,0,0.0,0.0,0.0,158,44,5,0,16,1,2,23,15,0,0.0,0,9,3,186,135,0
42,0,0.0,0.0,0.0,0,0,0,0,11,2,8,0,45,0,0.0,0,0,0,0,0,0
86,0,0.0,0.0,0.0,44,6,6,0,16,3,23,33,55,0,0.0,0,6,3,228,163,0
43,0,0.0,0.0,0.0,158,31,8,0,1,1,0,0,0,0,0.0,0,13,2,158,96,0
26,0,0.0,0.0,0.0,78,78,1,0,5,2,7,6,8,0,0.0,0,1,1,69,69,0
20,0,0.0,0.0,0.0,69,69,1,0,4,2,4,3,0,0,0.0,0,1,1,22,22,0
3,0,0.0,0.0,0.0,45,45,1,0,0,4,3,0,0,0,0.0,0,1,1,31,31,0
66,0,0.0,0.0,0.0,158,119,5,0,18,3,12,6,100,0,0.0,0,5,3,148,122,0
62,0,0.0,0.0,0.0,118,14,16,0,16,2,18,24,0,0,0.0,0,17,4,715,302,0
10,0,0.0,0.0,0.0,158,117,3,0,3,3,2,0,1,0,0.0,0,3,3,44,40,0
25,0,0.0,0.0,0.0,139,46,6,0,5,1,3,9,3,0,0.0,0,6,4,87,54,0
29,0,0.0,0.0,0.0,44,44,1,0,6,3,6,15,1,0,0.0,0,1,1,70,70,0
32,0,0.0,0.0,0.0,132,43,12,0,11,1,6,0,55,0,0.0,0,13,6,222,63,0
88,0,0.0,0.0,0.0,158,28,8,0,1,3,14,8,0,0,0.0,0,10,6,269,195,0
9,0,0.0,0.0,0.0,119,39,4,0,2,1,1,0,0,0,0.0,0,4,2,123,82,0
50,0,0.0,0.0,0.0,123,71,6,0,3,3,7,2,3,0,0.0,0,8,4,139,72,0
105,0,0.0,0.0,0.0,158,31,17,0,30,3,21,16,0,0,0.0,0,20,5,630,264,0
25,0,0.0,0.0,0.0,158,43,9,0,6,2,11,2,11,0,0.0,0,9,3,106,75,0
122,0,0.0,0.0,0.0,45,44,2,0,9,4,18,21,0,0,0.0,0,2,2,239,150,0
86,0,0.0,0.0,0.0,44,6,4,0,16,3,23,34,55,0,0.0,0,4,2,231,165,0
38,0,0.0,0.0,0.0,109,33,4,0,6,1,6,10,0,0,0.0,0,5,2,224,110,0
37,0,0.0,0.0,0.0,158,34,8,0,7,4,9,11,15,0,0.0,0,13,6,130,79,0
109,0,0.0,0.0,0.0,158,46,10,0,6,2,16,6,1,0,0.0,0,16,5,522,176,0
176,0,0.0,0.0,0.0,158,27,18,0,41,2,14,26,210,0,0.0,0,20,5,867,300,0
186,0,0.0,0.0,0.0,78,44,3,0,51,1,16,44,74,0,0.0,0,4,2,347,320,0
167,0,0.0,0.0,0.0,158,77,8,0,42,1,2,15,0,0,0.0,0,10,4,449,282,0
151,0,0.0,0.0,0.0,158,25,15,0,18,2,36,32,21,0,0.0,0,19,4,567,175,0
87,0,0.0,0.0,0.0,119,39,6,0,25,3,5,1,252,0,0.0,0,8,3,562,312,0
635,14,-14.0,0.0,3.0,158,3,21,1,192,1,59,22,0,3,0.0,0,23,5,1071,401,0
38,0,0.0,0.0,0.0,0,0,0,0,4,2,8,21,0,0,0.0,0,0,0,0,0,0
66,0,0.0,0.0,0.0,123,81,5,0,3,3,5,6,1,0,0.0,0,6,4,171,80,0
53,0,0.0,0.0,0.0,158,26,5,0,4,2,15,11,0,0,0.0,0,6,3,209,107,0
79,0,0.0,0.0,0.0,158,158,1,0,20,1,3,25,5,0,0.0,0,1,1,178,178,0
13,0,0.0,0.0,0.0,39,39,1,0,4,1,0,3,6,0,0.0,0,1,1,96,96,0
48,0,0.0,0.0,0.0,43,39,2,0,5,2,7,18,0,0,0.0,0,2,2,96,90,0
82,0,0.0,0.0,0.0,84,45,3,0,19,2,21,21,1,0,0.0,0,3,1,139,127,0
58,0,0.0,0.0,0.0,70,70,1,0,10,3,9,8,0,0,0.0,0,1,1,14,14,0
30,0,0.0,0.0,0.0,158,93,2,0,9,2,5,8,21,0,0.0,0,3,2,133,104,0
3,0,0.0,0.0,0.0,158,81,4,0,0,4,3,0,0,0,0.0,0,4,2,37,28,0
27,0,0.0,0.0,0.0,118,109,2,0,5,2,4,6,6,0,0.0,0,2,2,113,101,0
32,0,0.0,0.0,0.0,158,81,6,0,9,3,6,2,32,0,0.0,0,6,2,92,72,0
46,0,0.0,0.0,0.0,120,45,8,0,7,2,9,14,1,0,0.0,0,11,3,608,222,0
62,0,0.0,0.0,0.0,119,13,10,0,22,2,8,16,37,0,0.0,0,11,5,439,244,0
25,0,0.0,0.0,0.0,44,44,1,0,6,1,3,12,0,0,0.0,0,1,1,63,63,0
27,0,0.0,0.0,0.0,158,43,16,0,9,5,11,6,11,0,0.0,0,17,5,352,152,0
6,0,0.0,0.0,0.0,43,38,2,0,0,1,0,0,0,0,0.0,0,2,1,35,27,0
16,0,0.0,0.0,0.0,81,81,1,0,2,1,6,8,0,0,0.0,0,1,1,54,54,0
127,0,0.0,0.0,0.0,81,45,3,0,35,3,18,16,332,0,0.0,0,3,1,247,209,0
63,0,0.0,0.0,0.0,70,47,2,0,4,5,17,10,1,0,0.0,0,3,3,146,140,0
178,0,0.0,0.0,0.0,119,39,6,0,50,3,6,0,993,0,0.0,0,9,4,1233,734,0
167,0,0.0,0.0,0.0,119,39,7,0,58,4,8,2,865,0,0.0,0,9,2,971,602,0
326,0,0.0,0.0,0.0,119,31,11,0,71,1,18,138,55,0,0.0,0,14,4,1729,990,1
37,0,0.0,0.0,0.0,158,76,12,0,12,3,13,8,43,0,0.0,0,15,4,367,84,0
27,0,0.0,0.0,0.0,158,93,3,0,2,5,7,5,0,0,0.0,0,7,4,101,67,0
6,0,0.0,0.0,0.0,44,44,2,0,0,1,0,0,0,0,0.0,0,2,1,331,313,0
410,0,0.0,0.0,0.0,129,19,27,0,134,1,43,107,43,0,0.0,0,43,6,1280,338,0
31,0,0.0,0.0,0.0,158,45,8,0,7,2,6,10,0,0,0.0,0,9,5,111,71,0
205,0,0.0,0.0,0.0,158,27,32,0,5,3,25,29,1,0,0.0,0,37,6,901,271,1
26,0,0.0,0.0,0.0,119,39,8,0,6,2,6,0,5,0,0.0,0,9,2,364,188,0
31,0,0.0,0.0,0.0,92,81,3,0,12,2,6,1,16,0,0.0,0,3,2,153,104,0
121,0,0.0,0.0,0.0,158,69,4,0,34,1,15,6,3,0,0.0,0,7,3,336,121,0
260,0,0.0,0.0,0.0,119,10,32,0,81,1,31,111,257,0,0.0,0,36,6,1737,699,1
4,0,0.0,0.0,0.0,31,26,2,0,0,1,0,0,0,0,0.0,0,2,2,101,99,0
10,0,0.0,0.0,0.0,47,43,3,0,3,3,2,0,1,0,0.0,0,3,2,45,40,0
35,0,0.0,0.0,0.0,19,19,1,0,9,1,0,4,4,0,0.0,0,1,1,86,86,0
83,0,0.0,0.0,0.0,129,115,5,0,25,2,12,4,127,0,0.0,0,5,3,197,155,0
8,0,0.0,0.0,0.0,158,70,3,0,2,2,5,1,1,0,0.0,0,4,2,48,42,0
21,0,0.0,0.0,0.0,81,11,2,0,5,3,7,0,6,0,0.0,0,2,1,66,58,0
262,0,0.0,0.0,0.0,78,76,4,0,32,2,27,59,21,0,0.0,0,5,3,502,316,0
87,0,0.0,0.0,0.0,158,69,8,0,22,2,15,29,55,0,0.0,0,9,3,282,164,0
389,0,0.0,0.0,0.0,158,39,35,0,47,2,32,52,14,0,0.0,0,44,8,2071,553,0
92,0,0.0,0.0,0.0,158,28,19,0,5,4,19,21,1,0,0.0,0,25,7,525,96,0
79,0,0.0,0.0,0.0,158,26,13,0,9,2,13,7,0,0,0.0,0,17,4,570,140,0
95,12,-2.0,5.0,17.0,44,0,3,1,23,3,23,50,36,17,0.0,0,3,3,65,51,1
53,0,0.0,0.0,0.0,129,32,10,0,19,1,11,20,129,0,0.0,0,11,6,189,118,0
37,0,0.0,0.0,0.0,158,45,12,0,8,2,8,14,10,0,0.0,0,12,4,173,37,0
21,0,0.0,0.0,0.0,70,39,3,0,5,2,7,0,6,0,0.0,0,3,2,257,162,0
54,0,0.0,0.0,0.0,158,46,6,0,15,3,13,4,37,0,0.0,0,7,3,223,150,1
48,0,0.0,0.0,0.0,31,28,2,0,1,4,11,7,0,0,0.0,0,2,2,107,103,0
4,0,0.0,0.0,0.0,45,39,2,0,2,1,2,0,0,0,0.0,0,2,1,102,68,0
193,0,0.0,0.0,0.0,158,43,30,0,67,1,34,104,21,0,0.0,0,38,7,824,236,0
24,0,0.0,0.0,0.0,158,44,2,0,8,3,9,4,11,0,0.0,0,5,2,82,74,0
149,46,12.0,29.0,2.0,158,0,9,1,74,2,18,46,124,2,0.0,0,13,3,467,164,0
20,0,0.0,0.0,0.0,74,74,2,0,6,1,1,3,0,0,0.0,0,2,1,65,58,0
21,0,0.0,0.0,0.0,44,43,3,0,4,1,3,2,0,0,0.0,0,3,1,56,31,0
20,0,0.0,0.0,0.0,69,43,5,0,5,5,3,1,6,0,0.0,0,5,1,99,34,0
23,0,0.0,0.0,0.0,158,34,3,0,4,4,6,7,1,0,0.0,0,7,3,89,64,0
92,0,0.0,0.0,0.0,158,92,7,0,23,1,18,42,17,0,0.0,0,9,4,220,157,0
4,0,0.0,0.0,0.0,158,119,2,0,1,1,5,1,0,0,0.0,0,2,2,41,36,0
281,0,0.0,0.0,0.0,158,26,24,0,33,5,30,49,10,0,0.0,0,36,8,1035,246,0
152,0,0.0,0.0,0.0,158,52,14,0,7,4,16,8,0,0,0.0,0,19,6,653,304,0
59,0,0.0,0.0,0.0,158,26,5,0,16,1,8,23,0,0,0.0,0,6,4,223,104,0
39,0,0.0,0.0,0.0,93,22,4,0,10,3,21,21,0,0,0.0,0,5,2,229,160,0
52,0,0.0,0.0,0.0,158,44,3,0,9,1,7,17,0,0,0.0,0,4,1,124,101,0
431,4,0.0,2.0,3.0,124,3,30,1,149,1,56,144,72,3,0.0,0,38,8,1433,556,0
24,0,0.0,0.0,0.0,119,39,6,0,6,5,5,0,9,0,0.0,0,6,3,311,118,0
18,0,0.0,0.0,0.0,119,39,13,0,16,1,28,0,120,0,0.0,0,16,4,1056,490,0
36,0,0.0,0.0,0.0,119,75,3,0,9,2,7,0,28,0,0.0,0,4,2,350,121,0
7,0,0.0,0.0,0.0,119,39,8,0,4,1,2,2,1,0,0.0,0,10,3,165,98,0
11,0,0.0,0.0,0.0,85,39,2,0,3,1,3,2,0,0,0.0,0,2,1,147,98,0
38,0,0.0,0.0,0.0,75,75,1,0,10,2,2,0,35,0,0.0,0,1,1,78,78,0
31,0,0.0,0.0,0.0,44,38,7,0,5,2,8,8,4,0,0.0,0,7,1,111,59,0
22,0,0.0,0.0,0.0,120,77,7,0,3,1,12,14,0,0,0.0,0,8,4,128,84,0
10,0,0.0,0.0,0.0,119,39,5,0,2,2,8,0,0,0,0.0,0,8,2,143,90,0
10,0,0.0,0.0,0.0,46,7,3,0,1,1,2,5,0,0,0.0,0,3,3,169,108,0
116,0,0.0,0.0,0.0,119,35,14,0,29,2,35,64,15,0,0.0,0,14,5,508,292,0
8,0,0.0,0.0,0.0,46,7,3,0,1,1,2,5,0,0,0.0,0,3,3,148,94,0
45,0,0.0,0.0,0.0,131,26,8,0,6,2,20,5,11,0,0.0,0,13,4,197,75,0
263,0,0.0,0.0,0.0,158,11,31,0,18,4,32,46,1,0,0.0,0,42,7,923,209,0
109,0,0.0,0.0,0.0,158,35,5,0,19,1,24,52,0,0,0.0,0,6,1,406,258,0
13,0,0.0,0.0,0.0,132,132,1,0,0,1,0,1,0,0,0.0,0,1,1,46,46,0
38,0,0.0,0.0,0.0,46,45,2,0,11,2,9,13,0,0,0.0,0,2,1,88,84,0
244,0,0.0,0.0,0.0,123,44,12,0,55,2,25,67,26,0,0.0,0,15,4,561,370,1
57,0,0.0,0.0,0.0,158,46,6,0,17,3,13,5,44,0,0.0,0,7,3,222,129,1
88,0,0.0,0.0,0.0,158,27,13,0,4,5,13,6,0,0,0.0,0,20,6,428,119,0
103,0,0.0,0.0,0.0,93,44,7,0,29,1,20,50,17,0,0.0,0,7,1,179,81,0
123,0,0.0,0.0,0.0,158,49,10,0,38,2,13,7,422,0,0.0,0,12,4,314,207,0
259,2,-2.0,0.0,17.0,158,0,40,1,55,4,34,74,0,17,0.0,0,45,8,1516,247,0
23,0,0.0,0.0,0.0,158,81,6,0,7,3,8,3,2,0,0.0,0,8,4,129,66,0
88,0,0.0,0.0,0.0,158,70,4,0,20,2,11,18,4,0,0.0,0,8,4,339,183,0
270,0,0.0,0.0,0.0,158,24,37,0,35,4,35,59,0,0,0.0,0,51,7,2084,436,0
392,0,0.0,0.0,0.0,158,26,13,0,57,2,11,10,17,0,0.0,0,13,3,907,254,0
40,0,0.0,0.0,0.0,158,45,11,0,16,2,5,10,9,0,0.0,0,17,4,379,150,0
75,0,0.0,0.0,0.0,119,39,8,0,26,2,8,1,127,0,0.0,0,8,3,571,306,0
50,0,0.0,0.0,0.0,129,119,5,0,19,3,8,11,14,0,0.0,0,6,2,131,118,0
63,0,0.0,0.0,0.0,158,68,16,0,14,2,8,16,21,0,0.0,0,21,4,588,181,0
175,0,0.0,0.0,0.0,45,45,1,0,37,2,18,63,22,0,0.0,0,1,1,335,335,0
197,0,0.0,0.0,0.0,93,26,7,0,46,3,27,61,0,0,0.0,0,7,1,513,398,0
17,0,0.0,0.0,0.0,81,81,1,0,4,3,6,0,2,0,0.0,0,1,1,57,57,0
97,0,0.0,0.0,0.0,70,30,1,0,5,3,7,3,2,0,0.0,0,2,2,175,164,0
15,0,0.0,0.0,0.0,119,39,4,0,3,1,2,2,1,0,0.0,0,6,4,193,122,0
107,0,0.0,0.0,0.0,84,11,3,0,25,1,11,27,151,0,0.0,0,4,1,226,202,0
85,0,0.0,0.0,0.0,39,31,4,0,17,1,4,29,8,0,0.0,0,5,2,198,74,0
53,0,0.0,0.0,0.0,19,19,1,0,15,1,5,19,0,0,0.0,0,1,1,148,148,0
5,0,0.0,0.0,0.0,158,76,9,0,2,2,1,0,1,0,0.0,0,11,3,513,231,0
17,0,0.0,0.0,0.0,158,32,9,0,15,1,6,0,105,0,0.0,0,9,4,76,56,0
38,0,0.0,0.0,0.0,158,34,6,0,5,5,7,13,3,0,0.0,0,10,6,332,190,0
104,0,0.0,0.0,0.0,158,20,11,0,20,3,9,15,28,0,0.0,0,12,6,417,214,0
265,36,4.0,11.0,9.5,44,0,9,2,66,2,34,89,91,17,0.4138,0,9,4,741,262,0
12,0,0.0,0.0,0.0,39,39,1,0,2,1,0,1,1,0,0.0,0,1,1,97,97,0
107,0,0.0,0.0,0.0,158,34,8,0,12,6,10,15,4,0,0.0,0,15,7,578,322,0
182,0,0.0,0.0,0.0,44,10,4,0,54,1,37,74,24,0,0.0,0,4,3,48,25,0
208,0,0.0,0.0,0.0,158,26,22,0,4,5,28,24,1,0,0.0,0,35,7,1338,493,0
39,0,0.0,0.0,0.0,75,75,1,0,5,2,6,14,0,0,0.0,0,1,1,83,83,0
36,0,0.0,0.0,0.0,44,44,2,0,6,1,1,0,3,0,0.0,0,2,1,72,54,0
50,0,0.0,0.0,0.0,132,69,3,0,12,2,8,23,0,0,0.0,0,3,1,131,109,1
73,0,0.0,0.0,0.0,38,35,1,0,7,1,9,25,1,0,0.0,0,2,2,132,128,0
200,0,0.0,0.0,0.0,158,20,35,0,50,1,47,86,25,0,0.0,0,38,8,1019,270,1
56,0,0.0,0.0,0.0,69,39,7,0,15,4,11,0,91,0,0.0,0,7,2,389,234,0
17,0,0.0,0.0,0.0,81,81,1,0,4,3,6,0,2,0,0.0,0,1,1,57,57,0
140,0,0.0,0.0,0.0,131,28,15,0,2,2,20,8,1,0,0.0,0,17,5,865,185,0
17,0,0.0,0.0,0.0,32,32,1,0,4,2,3,0,2,0,0.0,0,1,1,51,51,0
32,0,0.0,0.0,0.0,69,43,4,0,11,1,4,0,55,0,0.0,0,5,2,195,69,0
13,0,0.0,0.0,0.0,158,70,2,0,2,3,5,2,0,0,0.0,0,3,2,60,46,0
3,0,0.0,0.0,0.0,119,39,3,0,0,2,1,0,0,0,0.0,0,4,2,87,54,0
80,0,0.0,0.0,0.0,32,27,2,0,22,3,13,17,0,0,0.0,0,2,1,154,150,0
21,0,0.0,0.0,0.0,71,71,0,0,5,2,7,0,6,0,0.0,0,1,1,66,66,0
117,0,0.0,0.0,0.0,158,31,10,0,38,1,22,41,4,0,0.0,0,15,4,451,138,0
181,0,0.0,0.0,0.0,158,7,14,0,39,3,31,63,60,0,0.0,0,15,5,573,214,0
46,0,0.0,0.0,0.0,158,45,7,0,11,2,8,21,0,0,0.0,0,7,3,138,90,0
364,0,0.0,0.0,0.0,158,31,58,0,86,4,38,113,103,0,0.0,0,65,8,4034,643,1
44,0,0.0,0.0,0.0,119,44,8,0,11,2,17,30,1,0,0.0,0,13,4,213,112,0
54,0,0.0,0.0,0.0,45,45,1,0,15,3,13,4,37,0,0.0,0,1,1,153,153,0
609,0,0.0,0.0,0.0,158,10,30,0,208,1,63,179,81,0,0.0,0,36,7,2411,755,1
87,0,0.0,0.0,0.0,132,28,7,0,11,1,20,42,0,0,0.0,0,9,2,292,209,0
209,0,0.0,0.0,0.0,124,43,7,0,84,1,13,67,45,0,0.0,0,12,4,629,346,1
78,0,0.0,0.0,0.0,69,25,8,0,16,3,27,32,0,0,0.0,0,9,3,298,159,0
62,0,0.0,0.0,0.0,69,43,5,0,17,4,14,3,122,0,0.0,0,5,2,199,119,0
82,0,0.0,0.0,0.0,78,69,4,0,19,1,3,20,1,0,0.0,0,5,2,229,140,0
246,0,0.0,0.0,0.0,123,28,18,0,26,4,24,36,0,0,0.0,0,26,5,1520,365,0
304,0,0.0,0.0,0.0,158,34,9,0,96,5,47,60,1158,0,0.0,0,11,4,1010,416,0
59,0,0.0,0.0,0.0,119,39,16,0,15,2,14,24,0,0,0.0,0,16,5,660,266,0
44,0,0.0,0.0,0.0,158,77,7,0,10,1,15,14,0,0,0.0,0,7,2,147,89,0
48,0,0.0,0.0,0.0,119,39,7,0,15,3,7,1,68,0,0.0,0,7,3,341,218,0
46,0,0.0,0.0,0.0,158,34,8,0,6,4,8,9,4,0,0.0,0,13,6,135,87,0
20,0,0.0,0.0,0.0,119,26,16,0,18,1,23,0,153,0,0.0,0,16,4,1184,598,0
96,0,0.0,0.0,0.0,158,26,29,0,15,4,26,14,9,0,0.0,0,38,7,451,216,1
23,0,0.0,0.0,0.0,158,47,6,0,7,3,8,3,2,0,0.0,0,8,5,154,66,0
61,0,0.0,0.0,0.0,45,45,1,0,5,3,21,18,0,0,0.0,0,1,1,159,159,0
8,0,0.0,0.0,0.0,39,39,1,0,1,1,0,1,0,0,0.0,0,1,1,57,57,0
57,0,0.0,0.0,0.0,158,61,13,0,23,1,17,22,0,0,0.0,0,15,5,233,123,0
90,0,0.0,0.0,0.0,124,98,1,0,20,1,5,9,100,0,0.0,0,3,3,180,154,0
57,0,0.0,0.0,0.0,27,27,3,0,15,1,3,3,3,0,0.0,0,3,2,115,98,0
25,0,0.0,0.0,0.0,106,106,1,0,4,2,5,1,0,0,0.0,0,1,1,72,72,0
14,0,0.0,0.0,0.0,129,32,8,0,12,1,5,0,66,0,0.0,0,9,5,380,228,0
223,0,0.0,0.0,0.0,158,30,12,0,49,2,22,67,17,0,0.0,0,13,3,564,310,0
22,0,0.0,0.0,0.0,158,43,11,0,4,1,2,0,4,0,0.0,0,11,3,117,43,0
7,0,0.0,0.0,0.0,119,39,9,0,5,1,12,0,10,0,0.0,0,9,3,405,198,0
38,0,0.0,0.0,0.0,75,32,2,0,10,2,3,0,35,0,0.0,0,2,1,81,79,0
11,0,0.0,0.0,0.0,129,25,4,0,2,2,6,4,0,0,0.0,0,5,3,73,41,0
27,0,0.0,0.0,0.0,158,92,4,0,10,2,7,6,0,0,0.0,0,4,2,104,86,0
100,0,0.0,0.0,0.0,158,26,26,0,4,4,18,9,0,0,0.0,0,36,7,410,165,0
59,0,0.0,0.0,0.0,119,39,5,0,16,2,5,0,104,0,0.0,0,5,4,407,270,0
156,0,0.0,0.0,0.0,158,13,34,0,38,3,34,39,0,0,0.0,0,39,5,1008,244,0
103,0,0.0,0.0,0.0,158,33,10,0,21,1,8,34,33,0,0.0,0,12,4,377,200,0
22,0,0.0,0.0,0.0,45,45,1,0,8,1,4,7,3,0,0.0,0,1,1,6,6,0
48,0,0.0,0.0,0.0,45,45,2,0,19,2,15,34,3,0,0.0,0,2,2,151,127,0
47,0,0.0,0.0,0.0,72,45,2,0,8,5,8,7,28,0,0.0,0,2,2,123,109,0
11,0,0.0,0.0,0.0,158,70,2,0,3,4,5,0,1,0,0.0,0,6,3,80,50,0
95,0,0.0,0.0,0.0,119,39,11,0,26,2,8,0,301,0,0.0,0,11,5,586,354,0
13,0,0.0,0.0,0.0,117,117,1,0,4,1,3,2,0,0,0.0,0,1,1,36,36,0
134,0,0.0,0.0,0.0,129,71,4,0,39,1,12,20,227,0,0.0,0,5,2,244,216,0
46,0,0.0,0.0,0.0,158,78,8,0,11,2,9,16,28,0,0.0,0,8,3,193,73,0
34,0,0.0,0.0,0.0,38,30,2,0,8,1,3,2,15,0,0.0,0,2,1,72,63,0
60,0,0.0,0.0,0.0,158,44,4,0,19,1,2,6,57,0,0.0,0,6,3,162,110,0
162,0,0.0,0.0,0.0,114,25,5,0,43,1,11,59,0,0,0.0,0,7,2,394,196,0
439,0,0.0,0.0,0.0,158,26,32,0,6,7,39,33,0,0,0.0,0,42,7,2100,711,0
79,0,0.0,0.0,0.0,158,116,2,0,27,2,10,17,47,0,0.0,0,3,2,151,145,0
21,0,0.0,0.0,0.0,158,43,5,0,7,2,8,2,6,0,0.0,0,5,2,78,65,0
39,0,0.0,0.0,0.0,93,39,5,0,13,2,12,1,28,0,0.0,0,6,1,331,200,0
191,0,0.0,0.0,0.0,158,44,14,0,50,3,24,41,0,0,0.0,0,18,4,618,280,0
402,0,0.0,0.0,0.0,158,26,29,0,5,6,29,18,0,0,0.0,0,37,7,1523,506,0
42,0,0.0,0.0,0.0,119,35,12,0,11,1,5,12,15,0,0.0,0,13,4,655,160,0
33,0,0.0,0.0,0.0,158,76,2,0,13,1,1,2,2,0,0.0,0,5,3,78,72,0
177,0,0.0,0.0,0.0,158,48,12,0,4,2,20,16,1,0,0.0,0,21,5,574,263,0
45,0,0.0,0.0,0.0,129,22,8,0,12,2,13,8,66,0,0.0,0,10,4,196,131,0
49,2,-2.0,0.0,17.0,32,0,2,1,2,4,16,7,0,17,0.0,0,2,1,115,113,0
27,0,0.0,0.0,0.0,45,45,1,0,7,4,9,2,6,0,0.0,0,1,1,77,77,0
153,0,0.0,0.0,0.0,158,26,18,0,1,4,17,9,0,0,0.0,0,24,5,972,211,0
79,0,0.0,0.0,0.0,129,51,4,0,24,1,17,5,204,0,0.0,0,8,3,213,120,0
114,0,0.0,0.0,0.0,119,26,15,0,31,3,28,49,3,0,0.0,0,18,5,947,411,0
58,0,0.0,0.0,0.0,72,45,2,0,9,3,7,8,28,0,0.0,0,2,2,96,77,0
10,0,0.0,0.0,0.0,118,39,5,0,2,1,1,0,0,0,0.0,0,7,3,234,92,0
66,0,0.0,0.0,0.0,158,31,11,0,18,3,11,15,0,0,0.0,0,12,5,315,143,0
11,0,0.0,0.0,0.0,132,132,1,0,0,1,0,0,0,0,0.0,0,1,1,41,41,0
15,0,0.0,0.0,0.0,116,102,1,0,3,6,7,4,3,0,0.0,0,3,2,53,49,1
100,0,0.0,0.0,0.0,158,26,17,0,1,2,20,11,0,0,0.0,0,21,6,368,133,0
42,0,0.0,0.0,0.0,119,39,3,0,14,2,2,1,35,0,0.0,0,3,2,267,178,0
34,0,0.0,0.0,0.0,158,44,3,0,10,3,7,7,0,0,0.0,0,3,2,93,50,1
72,0,0.0,0.0,0.0,158,27,14,0,15,3,20,24,16,0,0.0,0,17,6,597,223,0
23,0,0.0,0.0,0.0,158,81,4,0,7,3,8,3,2,0,0.0,0,5,3,106,59,0
149,0,0.0,0.0,0.0,158,26,19,0,4,3,25,18,1,0,0.0,0,29,7,917,262,0
32,0,0.0,0.0,0.0,93,39,2,0,8,2,12,0,22,0,0.0,0,3,1,252,182,0
17,0,0.0,0.0,0.0,81,81,1,0,4,3,6,0,2,0,0.0,0,1,1,58,58,0
20,0,0.0,0.0,0.0,119,42,21,0,18,1,26,0,153,0,0.0,0,21,6,1209,423,0
51,0,0.0,0.0,0.0,77,32,3,0,15,2,7,14,36,0,0.0,0,3,2,87,61,0
50,0,0.0,0.0,0.0,112,70,2,0,1,4,8,2,0,0,0.0,0,5,2,111,101,0
15,0,0.0,0.0,0.0,102,45,1,0,1,2,6,0,0,0,0.0,0,7,3,147,52,0
60,0,0.0,0.0,0.0,158,117,4,0,8,7,7,10,8,0,0.0,0,5,2,134,111,0
26,0,0.0,0.0,0.0,109,45,6,0,5,2,6,12,0,0,0.0,0,6,2,103,53,0
131,0,0.0,0.0,0.0,158,42,29,0,19,3,20,32,153,0,0.0,0,32,7,849,161,0
150,0,0.0,0.0,0.0,158,43,14,0,5,3,25,29,1,0,0.0,0,19,5,514,219,0
37,0,0.0,0.0,0.0,119,39,9,0,9,2,6,2,22,0,0.0,0,9,2,881,252,0
28,0,0.0,0.0,0.0,112,70,2,0,7,2,12,12,4,0,0.0,0,3,2,81,75,0
8,0,0.0,0.0,0.0,102,102,0,0,1,1,0,0,0,0,0.0,0,1,1,34,34,0
6,0,0.0,0.0,0.0,78,70,2,0,1,4,2,1,0,0,0.0,0,2,2,29,22,0
27,0,0.0,0.0,0.0,158,81,4,0,7,4,9,2,6,0,0.0,0,5,3,91,69,0
41,0,0.0,0.0,0.0,72,72,1,0,6,5,7,5,15,0,0.0,0,1,1,90,90,0
20,0,0.0,0.0,0.0,158,113,3,0,7,1,3,7,3,0,0.0,0,3,2,91,54,0
70,0,0.0,0.0,0.0,92,49,3,0,24,1,2,25,10,0,0.0,0,3,1,158,126,0
34,0,0.0,0.0,0.0,44,44,2,0,1,1,2,0,0,0,0.0,0,2,1,70,52,0
3,0,0.0,0.0,0.0,158,84,4,0,0,4,2,0,0,0,0.0,0,4,2,35,31,0
23,0,0.0,0.0,0.0,158,43,11,0,6,7,12,11,3,0,0.0,0,16,6,444,151,0
280,0,0.0,0.0,0.0,158,13,46,0,71,2,39,123,132,0,0.0,0,53,8,1305,411,1
94,0,0.0,0.0,0.0,158,43,19,0,26,2,21,26,153,0,0.0,0,24,6,523,178,0
46,0,0.0,0.0,0.0,158,69,16,0,13,2,12,20,55,0,0.0,0,17,5,271,102,0
56,0,0.0,0.0,0.0,44,43,3,0,13,2,3,5,4,0,0.0,0,3,1,91,64,0
17,0,0.0,0.0,0.0,81,81,1,0,4,3,6,0,2,0,0.0,0,1,1,58,58,0
45,0,0.0,0.0,0.0,46,45,6,0,19,2,14,33,3,0,0.0,0,6,2,184,78,0
8,0,0.0,0.0,0.0,92,92,1,0,1,1,0,0,0,0,0.0,0,1,1,35,35,0
80,0,0.0,0.0,0.0,44,11,5,0,16,2,6,11,2,0,0.0,0,5,3,173,99,0
456,0,0.0,0.0,0.0,45,45,1,0,116,2,29,113,184,0,0.0,0,1,1,719,719,0
286,0,0.0,0.0,0.0,131,47,10,0,8,2,26,18,0,0,0.0,0,14,4,531,271,0
14,0,0.0,0.0,0.0,119,39,15,0,1,1,0,0,0,0,0.0,0,18,3,690,244,0
133,0,0.0,0.0,0.0,44,38,5,0,18,1,24,35,0,0,0.0,0,5,1,342,136,0
113,2,0.0,1.0,8.0,158,3,15,1,25,3,23,35,151,8,0.0,0,19,8,1105,532,0
41,0,0.0,0.0,0.0,109,27,3,0,9,1,6,22,0,0,0.0,0,3,2,105,103,0
55,0,0.0,0.0,0.0,118,71,16,0,14,2,18,29,0,0,0.0,0,17,3,397,163,0
58,0,0.0,0.0,0.0,70,52,1,0,4,5,15,8,1,0,0.0,0,2,2,130,126,0
3,0,0.0,0.0,0.0,129,94,1,0,1,1,1,0,0,0,0.0,0,2,1,28,26,0
11,0,0.0,0.0,0.0,118,114,3,0,1,4,5,3,0,0,0.0,0,3,2,83,44,0
3,0,0.0,0.0,0.0,158,119,3,0,0,4,2,0,0,0,0.0,0,3,2,31,29,0
63,0,0.0,0.0,0.0,119,39,4,0,17,2,4,0,120,0,0.0,0,4,2,417,242,0
35,0,0.0,0.0,0.0,39,39,1,0,14,2,2,0,12,0,0.0,0,1,1,168,168,0
89,0,0.0,0.0,0.0,78,75,3,0,6,2,9,11,0,0,0.0,0,3,2,207,110,0
34,0,0.0,0.0,0.0,78,75,3,0,10,2,7,0,20,0,0.0,0,3,2,116,87,0
59,0,0.0,0.0,0.0,45,43,4,0,11,7,20,24,4,0,0.0,0,4,2,179,121,0
60,0,0.0,0.0,0.0,107,13,4,0,19,2,7,12,6,0,0.0,0,4,1,570,228,0
21,0,0.0,0.0,0.0,81,11,2,0,5,3,7,0,6,0,0.0,0,2,1,65,57,0
29,0,0.0,0.0,0.0,158,68,6,0,8,2,18,7,0,0,0.0,0,6,2,126,83,0
43,0,0.0,0.0,0.0,119,39,6,0,13,2,9,18,6,0,0.0,0,9,3,425,220,0
101,0,0.0,0.0,0.0,129,22,16,0,25,2,19,28,153,0,0.0,0,18,5,350,199,0
425,0,0.0,0.0,0.0,119,43,13,0,102,1,31,73,0,0,0.0,0,14,4,1125,539,0
70,0,0.0,0.0,0.0,113,44,2,0,15,1,1,17,48,0,0.0,0,4,1,201,132,0
54,0,0.0,0.0,0.0,26,20,2,0,1,4,13,7,0,0,0.0,0,2,2,112,111,0
3,0,0.0,0.0,0.0,158,81,5,0,0,4,3,0,0,0,0.0,0,5,2,41,32,0
39,0,0.0,0.0,0.0,158,26,24,0,7,5,21,23,0,0,0.0,0,30,5,254,90,1
70,16,-2.0,7.0,8.0,93,3,9,1,17,1,11,31,1,8,0.0,0,9,2,528,252,0
17,0,0.0,0.0,0.0,119,39,9,0,4,5,3,0,2,0,0.0,0,10,2,273,98,0
145,0,0.0,0.0,0.0,123,44,14,0,14,2,26,29,21,0,0.0,0,20,6,626,439,0
18,0,0.0,0.0,0.0,119,39,7,0,6,1,2,2,0,0,0.0,0,9,4,212,108,0
73,0,0.0,0.0,0.0,158,78,5,0,11,2,7,19,1,0,0.0,0,5,3,136,78,0
93,0,0.0,0.0,0.0,75,23,5,0,8,4,9,18,4,0,0.0,0,6,2,347,119,0
33,0,0.0,0.0,0.0,119,39,8,0,8,3,8,0,26,0,0.0,0,8,3,432,230,0
110,0,0.0,0.0,0.0,78,28,4,0,11,2,14,17,6,0,0.0,0,5,3,271,233,0
49,0,0.0,0.0,0.0,119,39,8,0,13,3,7,0,66,0,0.0,0,9,4,396,212,0
65,0,0.0,0.0,0.0,43,11,4,0,16,4,2,7,1,0,0.0,0,4,3,133,79,0
245,0,0.0,0.0,0.0,158,26,17,0,12,6,28,15,6,0,0.0,0,29,7,2254,871,0
66,8,4.0,6.0,17.0,132,0,7,1,20,1,6,7,73,17,0.0,0,9,4,503,136,0
170,0,0.0,0.0,0.0,158,26,19,0,9,3,28,14,1,0,0.0,0,29,7,597,334,0
166,0,0.0,0.0,0.0,46,32,3,0,34,1,8,49,10,0,0.0,0,3,1,340,194,0
32,0,0.0,0.0,0.0,119,39,8,0,9,3,8,0,22,0,0.0,0,10,5,359,194,0
15,0,0.0,0.0,0.0,119,32,14,0,13,1,22,0,78,0,0.0,0,15,3,807,404,0
55,0,0.0,0.0,0.0,28,27,3,0,2,2,19,10,0,0,0.0,0,3,2,270,175,0
161,0,0.0,0.0,0.0,44,31,13,0,23,1,11,26,0,0,0.0,0,13,2,466,131,0
66,0,0.0,0.0,0.0,158,35,9,0,19,3,12,5,135,0,0.0,0,9,3,291,139,0
69,0,0.0,0.0,0.0,156,20,5,0,5,4,5,3,0,0,0.0,0,7,6,289,140,0
78,0,0.0,0.0,0.0,72,45,2,0,18,1,4,1,39,0,0.0,0,3,1,152,137,0
137,0,0.0,0.0,0.0,119,39,12,0,39,6,9,6,499,0,0.0,0,13,3,918,516,1
467,0,0.0,0.0,0.0,38,32,0,0,73,1,68,94,0,0,0.0,0,3,1,803,739,0
27,0,0.0,0.0,0.0,158,81,4,0,7,4,9,2,6,0,0.0,0,5,3,91,69,0
13,0,0.0,0.0,0.0,82,82,1,0,2,2,5,2,0,0,0.0,0,1,1,40,40,0
54,0,0.0,0.0,0.0,119,32,10,0,19,4,9,3,51,0,0.0,0,11,2,495,202,0
57,0,0.0,0.0,0.0,158,11,7,0,17,3,13,5,44,0,0.0,0,8,3,230,132,1
122,0,0.0,0.0,0.0,158,70,4,0,32,2,7,31,25,0,0.0,0,5,3,215,202,0
17,0,0.0,0.0,0.0,43,26,2,0,9,2,7,16,0,0,0.0,0,2,2,65,57,0
96,0,0.0,0.0,0.0,119,39,6,0,28,2,9,13,176,0,0.0,0,7,3,536,346,0
109,0,0.0,0.0,0.0,45,26,4,0,3,6,19,24,0,0,0.0,0,6,3,473,201,0
80,0,0.0,0.0,0.0,49,49,1,0,6,2,8,3,0,0,0.0,0,1,1,131,131,0
154,0,0.0,0.0,0.0,119,39,9,0,41,3,10,0,746,0,0.0,0,10,3,840,540,0
70,0,0.0,0.0,0.0,118,39,17,0,21,2,24,30,0,0,0.0,0,20,5,732,316,0
12,0,0.0,0.0,0.0,119,39,3,0,3,1,6,3,3,0,0.0,0,5,2,175,108,0
66,0,0.0,0.0,0.0,119,39,6,0,18,3,6,0,135,0,0.0,0,7,2,407,246,0
12,0,0.0,0.0,0.0,158,93,3,0,1,5,4,3,0,0,0.0,0,5,2,63,45,0
50,0,0.0,0.0,0.0,78,70,2,0,14,1,4,6,66,0,0.0,0,2,2,91,81,0
158,0,0.0,0.0,0.0,39,27,9,0,32,1,15,47,37,0,0.0,0,9,3,283,97,0
57,0,0.0,0.0,0.0,112,70,5,0,1,3,16,6,0,0,0.0,0,9,3,345,173,0
126,0,0.0,0.0,0.0,118,42,26,0,32,2,20,44,21,0,0.0,0,27,6,1014,197,0
32,0,0.0,0.0,0.0,158,81,7,0,9,3,9,4,28,0,0.0,0,7,3,101,58,0
24,0,0.0,0.0,0.0,158,45,15,0,22,1,9,0,231,0,0.0,0,15,4,111,52,0
51,0,0.0,0.0,0.0,0,0,0,0,9,2,11,12,1,0,0.0,0,0,0,0,0,0
119,0,0.0,0.0,0.0,158,42,7,0,61,2,8,42,66,0,0.0,0,7,6,838,216,0
257,0,0.0,0.0,0.0,158,44,18,0,29,5,38,28,3,0,0.0,0,25,7,703,220,0
67,0,0.0,0.0,0.0,119,39,4,0,18,2,7,1,102,0,0.0,0,4,2,391,250,0
11,0,0.0,0.0,0.0,55,55,0,0,5,2,5,3,3,0,0.0,0,1,1,43,43,0
105,0,0.0,0.0,0.0,158,32,23,0,30,2,13,37,141,0,0.0,0,25,6,551,96,0
10,0,0.0,0.0,0.0,93,39,2,0,2,3,2,0,0,0,0.0,0,2,1,114,76,0
138,0,0.0,0.0,0.0,158,44,15,0,36,1,15,65,8,0,0.0,0,16,4,522,182,0
3,0,0.0,0.0,0.0,158,119,3,0,0,4,3,0,0,0,0.0,0,3,2,33,31,0
64,0,0.0,0.0,0.0,129,119,3,0,23,3,10,16,33,0,0.0,0,4,2,148,135,0
162,0,0.0,0.0,0.0,158,44,21,0,38,1,29,64,81,0,0.0,0,33,6,654,224,1
6,0,0.0,0.0,0.0,119,39,11,0,4,1,13,0,6,0,0.0,0,12,4,354,178,0
17,0,0.0,0.0,0.0,119,39,4,0,4,2,8,3,0,0,0.0,0,4,3,153,102,0
27,0,0.0,0.0,0.0,158,81,4,0,7,4,9,2,6,0,0.0,0,5,3,88,69,0
114,0,0.0,0.0,0.0,132,20,15,0,30,1,19,49,0,0,0.0,0,17,3,482,239,0
45,0,0.0,0.0,0.0,32,31,2,0,2,2,12,14,0,0,0.0,0,2,1,102,96,0
54,0,0.0,0.0,0.0,0,0,0,0,14,1,4,5,81,0,0.0,0,0,0,0,0,0
131,0,0.0,0.0,0.0,158,44,13,0,33,2,27,51,36,0,0.0,0,14,5,364,170,0
471,56,9.0,18.5,9.5,44,0,9,2,99,2,21,82,147,17,0.7147,0,9,3,713,406,0
53,0,0.0,0.0,0.0,158,78,5,0,14,1,9,18,0,0,0.0,0,5,3,160,67,0
134,0,0.0,0.0,0.0,158,45,12,0,17,2,22,36,0,0,0.0,0,21,5,836,174,0
128,0,0.0,0.0,0.0,158,45,6,0,44,4,20,26,97,0,0.0,0,9,4,463,196,0
69,0,0.0,0.0,0.0,82,70,2,0,8,3,21,11,7,0,0.0,0,2,1,190,184,0
204,0,0.0,0.0,0.0,158,31,18,0,46,3,30,54,0,0,0.0,0,25,7,1063,434,0
150,0,0.0,0.0,0.0,55,19,2,0,45,1,17,54,0,0,0.0,0,4,1,243,233,0
122,0,0.0,0.0,0.0,158,51,22,0,6,5,24,16,1,0,0.0,0,29,7,624,235,0
75,0,0.0,0.0,0.0,158,10,14,0,21,2,9,27,3,0,0.0,0,16,6,328,109,0
94,0,0.0,0.0,0.0,158,42,12,0,24,2,19,32,1,0,0.0,0,14,6,750,188,1
61,0,0.0,0.0,0.0,158,43,8,0,27,2,13,16,36,0,0.0,0,9,3,187,86,0
108,0,0.0,0.0,0.0,158,39,9,0,33,2,14,17,269,0,0.0,0,9,3,345,188,0
11,0,0.0,0.0,0.0,119,39,14,0,0,1,0,1,0,0,0.0,0,20,4,251,104,0
4,0,0.0,0.0,0.0,119,39,5,0,1,1,2,2,0,0,0.0,0,7,4,124,76,0
94,0,0.0,0.0,0.0,158,45,17,0,3,6,18,7,3,0,0.0,0,24,7,427,179,0
44,0,0.0,0.0,0.0,158,158,1,0,6,2,8,22,1,0,0.0,0,1,1,100,100,0
101,0,0.0,0.0,0.0,119,32,12,0,27,6,10,8,233,0,0.0,0,14,3,631,326,0
26,0,0.0,0.0,0.0,79,26,11,0,8,1,2,4,8,0,0.0,0,11,2,327,210,0
33,0,0.0,0.0,0.0,123,110,5,0,3,4,8,1,1,0,0.0,0,6,4,127,101,0
2,0,0.0,0.0,0.0,78,45,3,0,0,2,3,0,0,0,0.0,0,3,2,39,26,0
34,0,0.0,0.0,0.0,158,35,3,0,13,2,5,2,20,0,0.0,0,4,2,104,93,0
8,0,0.0,0.0,0.0,77,77,1,0,2,1,6,2,1,0,0.0,0,1,1,48,48,0
58,0,0.0,0.0,0.0,45,45,1,0,19,4,8,8,83,0,0.0,0,1,1,133,133,0
55,0,0.0,0.0,0.0,158,42,9,0,4,2,16,10,0,0,0.0,0,10,6,180,107,1
256,0,0.0,0.0,0.0,119,8,19,0,65,1,33,86,15,0,0.0,0,27,5,903,451,0
67,0,0.0,0.0,0.0,114,44,5,0,13,1,16,29,15,0,0.0,0,7,1,197,142,0
48,0,0.0,0.0,0.0,76,76,1,0,8,1,11,21,0,0,0.0,0,1,1,92,92,0
145,0,0.0,0.0,0.0,158,7,26,0,37,1,29,56,24,0,0.0,0,32,7,756,157,0
42,0,0.0,0.0,0.0,44,43,2,0,11,1,6,0,43,0,0.0,0,2,2,19,17,0
24,0,0.0,0.0,0.0,158,85,3,0,6,2,7,0,9,0,0.0,0,3,2,90,69,0
112,0,0.0,0.0,0.0,44,43,4,0,23,2,5,9,4,0,0.0,0,4,1,208,150,0
42,0,0.0,0.0,0.0,119,39,5,0,11,2,7,0,45,0,0.0,0,5,2,351,194,0
64,0,0.0,0.0,0.0,125,35,1,0,11,1,8,15,0,0,0.0,0,2,1,129,127,0
84,0,0.0,0.0,0.0,158,26,29,0,10,4,21,29,0,0,0.0,0,36,7,465,121,0
64,0,0.0,0.0,0.0,158,81,7,0,20,1,8,25,36,0,0.0,0,9,3,158,91,0
3,0,0.0,0.0,0.0,158,119,3,0,0,4,3,0,0,0,0.0,0,3,2,33,31,0
56,0,0.0,0.0,0.0,158,71,10,0,3,3,9,2,3,0,0.0,0,11,4,1349,600,0
10,0,0.0,0.0,0.0,93,39,2,0,2,3,3,0,0,0,0.0,0,2,1,117,78,0
34,0,0.0,0.0,0.0,158,72,5,0,10,1,7,26,0,0,0.0,0,6,3,177,82,0
230,0,0.0,0.0,0.0,158,27,22,0,54,2,35,71,4,0,0.0,0,33,6,927,221,0
90,0,0.0,0.0,0.0,32,28,4,0,2,4,14,11,0,0,0.0,0,4,2,152,124,0
39,0,0.0,0.0,0.0,75,75,1,0,5,1,11,14,0,0,0.0,0,1,1,108,108,0
17,0,0.0,0.0,0.0,119,39,4,0,4,2,4,0,2,0,0.0,0,4,2,164,104,0
52,0,0.0,0.0,0.0,129,51,4,0,16,1,12,5,91,0,0.0,0,8,3,190,102,0
7,0,0.0,0.0,0.0,119,39,11,0,5,1,16,0,10,0,0.0,0,13,3,588,238,0
128,0,0.0,0.0,0.0,158,45,17,0,4,3,21,15,1,0,0.0,0,28,7,833,224,0
82,0,0.0,0.0,0.0,81,27,3,0,8,2,12,8,0,0,0.0,0,3,2,215,171,0
171,0,0.0,0.0,0.0,158,70,12,0,6,2,17,6,1,0,0.0,0,18,5,626,185,0
17,0,0.0,0.0,0.0,69,39,3,0,4,5,3,0,2,0,0.0,0,3,2,147,98,0
80,0,0.0,0.0,0.0,112,26,6,0,11,4,17,18,1,0,0.0,0,14,3,282,156,0
49,0,0.0,0.0,0.0,119,39,6,0,16,3,5,1,54,0,0.0,0,7,2,315,202,0
23,0,0.0,0.0,0.0,158,81,4,0,7,3,8,3,2,0,0.0,0,5,3,105,59,0
38,0,0.0,0.0,0.0,43,43,1,0,16,2,9,29,0,0,0.0,0,1,1,84,84,0
45,0,0.0,0.0,0.0,44,38,10,0,10,2,4,8,0,0,0.0,0,11,1,190,44,0
90,0,0.0,0.0,0.0,158,26,15,0,15,3,20,26,0,0,0.0,0,21,5,854,309,0
4,0,0.0,0.0,0.0,119,39,4,0,1,1,2,2,0,0,0.0,0,6,3,106,68,0
8,0,0.0,0.0,0.0,115,69,4,0,6,1,10,0,15,0,0.0,0,4,3,164,62,0
67,0,0.0,0.0,0.0,158,45,6,0,37,3,9,16,171,0,0.0,0,8,2,315,168,0
33,0,0.0,0.0,0.0,94,71,5,0,8,3,8,0,26,0,0.0,0,5,1,179,126,0
11,0,0.0,0.0,0.0,44,11,5,0,0,1,0,0,0,0,0.0,0,5,3,121,72,0
17,0,0.0,0.0,0.0,158,92,3,0,4,2,5,0,2,0,0.0,0,3,2,59,55,0
26,0,0.0,0.0,0.0,119,39,5,0,6,2,7,1,3,0,0.0,0,6,2,284,156,0
11,0,0.0,0.0,0.0,158,75,5,0,4,1,5,4,1,0,0.0,0,5,3,257,110,0
229,0,0.0,0.0,0.0,158,43,25,0,57,1,27,158,70,0,0.0,0,29,4,1088,315,0
31,0,0.0,0.0,0.0,158,119,2,0,5,1,1,10,8,0,0.0,0,2,2,76,75,0
160,0,0.0,0.0,0.0,158,39,19,0,48,3,27,8,779,0,0.0,0,22,4,709,356,0
77,0,0.0,0.0,0.0,131,26,16,0,8,2,22,12,0,0,0.0,0,26,6,431,104,0
134,0,0.0,0.0,0.0,158,44,25,0,28,2,16,40,91,0,0.0,0,26,4,478,180,0
3,0,0.0,0.0,0.0,119,39,2,0,1,1,1,0,0,0,0.0,0,3,2,98,64,0
4,0,0.0,0.0,0.0,31,31,1,0,0,1,0,0,0,0,0.0,0,1,1,80,80,0
38,0,0.0,0.0,0.0,43,26,3,0,6,1,16,7,1,0,0.0,0,3,2,82,77,0
44,0,0.0,0.0,0.0,43,43,1,0,10,2,8,16,0,0,0.0,0,1,1,78,78,0
16,0,0.0,0.0,0.0,119,39,4,0,4,2,3,0,0,0,0.0,0,5,2,169,108,0
27,0,0.0,0.0,0.0,158,45,4,0,4,6,11,10,1,0,0.0,0,7,5,80,59,0
84,0,0.0,0.0,0.0,118,44,4,0,22,1,13,21,54,0,0.0,0,4,2,234,180,0
80,0,0.0,0.0,0.0,119,39,8,0,22,3,6,0,139,0,0.0,0,10,3,648,380,0
162,0,0.0,0.0,0.0,123,44,19,0,16,3,16,17,4,0,0.0,0,22,5,465,203,0
42,0,0.0,0.0,0.0,123,81,4,0,11,2,7,13,0,0,0.0,0,4,2,130,93,0
207,0,0.0,0.0,0.0,158,29,19,0,9,4,24,17,1,0,0.0,0,31,7,757,348,0
204,0,0.0,0.0,0.0,94,30,8,0,42,2,20,55,13,0,0.0,0,9,2,434,287,0
400,0,0.0,0.0,0.0,158,26,25,0,10,7,33,24,1,0,0.0,0,36,8,1773,576,0
26,0,0.0,0.0,0.0,158,27,7,0,6,3,9,5,9,0,0.0,0,8,3,104,67,0
59,0,0.0,0.0,0.0,158,26,11,0,3,5,13,8,1,0,0.0,0,15,6,278,119,0
217,61,10.5,20.5,9.0,69,0,8,2,56,2,28,37,15,17,0.3492,0,8,3,544,313,0
251,0,0.0,0.0,0.0,108,15,2,0,60,2,8,75,8,0,0.0,0,5,2,401,376,1
119,0,0.0,0.0,0.0,82,45,9,0,5,7,26,16,0,0,0.0,0,11,3,416,247,0
375,0,0.0,0.0,0.0,158,26,19,0,9,7,33,23,0,0,0.0,0,24,7,1430,410,0
190,46,36.0,41.0,8.0,119,3,24,1,52,1,35,49,55,8,0.0,0,26,6,1700,552,0
57,0,0.0,0.0,0.0,58,55,6,0,18,2,18,22,6,0,0.0,0,6,3,228,112,0
86,0,0.0,0.0,0.0,97,60,2,0,15,1,11,30,1,0,0.0,0,2,1,137,128,0
65,70,11.33,17.33,6.0,144,5,12,3,12,1,20,33,6,14,1.5439,0,12,5,299,143,0
83,0,0.0,0.0,0.0,170,58,14,0,20,1,14,24,66,0,0.0,0,16,3,336,115,0
136,0,0.0,0.0,0.0,120,24,1,0,36,2,7,22,0,0,0.0,0,2,2,199,197,0
57,0,0.0,0.0,0.0,170,55,6,0,18,1,10,17,0,0,0.0,0,9,3,316,123,0
51,0,0.0,0.0,0.0,55,51,2,0,9,2,8,16,0,0,0.0,0,2,2,100,94,0
54,0,0.0,0.0,0.0,56,23,7,0,8,1,5,11,0,0,0.0,0,8,2,143,78,0
259,34,12.0,14.5,13.5,170,9,25,2,66,4,39,62,45,14,0.7871,0,29,6,1098,461,0
3,0,0.0,0.0,0.0,170,93,4,0,0,4,3,0,0,0,0.0,0,4,2,37,28,0
46,0,0.0,0.0,0.0,170,102,13,0,24,2,9,24,0,0,0.0,0,14,5,431,135,0
283,0,0.0,0.0,0.0,170,20,23,0,95,5,34,51,1461,0,0.0,0,32,9,1027,544,0
44,0,0.0,0.0,0.0,134,127,4,0,1,4,12,4,0,0,0.0,0,5,4,119,108,0
12,0,0.0,0.0,0.0,131,26,12,0,10,1,21,0,45,0,0.0,0,12,3,746,368,0
122,0,0.0,0.0,0.0,57,57,1,0,32,2,12,37,19,0,0.0,0,1,1,10,10,0
74,0,0.0,0.0,0.0,38,38,1,0,16,3,17,30,1,0,0.0,0,1,1,152,152,0
38,0,0.0,0.0,0.0,61,51,2,0,10,2,5,0,35,0,0.0,0,2,1,310,308,0
16,0,0.0,0.0,0.0,0,0,0,0,4,1,1,1,0,0,0.0,0,0,0,0,0,0
15,0,0.0,0.0,0.0,113,61,0,0,4,1,1,1,0,0,0.0,0,3,2,91,37,0
40,0,0.0,0.0,0.0,170,23,4,0,10,1,2,4,19,0,0.0,0,6,2,120,89,0
558,58,0.67,10.0,12.33,141,3,29,2,115,2,52,150,484,23,0.8306,0,37,7,1601,666,1
43,0,0.0,0.0,0.0,141,88,7,0,6,1,13,30,3,0,0.0,0,7,5,175,65,0
122,24,4.0,14.0,23.0,130,3,23,1,32,2,18,38,21,23,0.0,0,23,4,1237,444,1
80,0,0.0,0.0,0.0,170,38,20,0,4,4,17,15,3,0,0.0,0,26,7,492,154,0
83,12,-2.0,5.0,2.0,56,8,3,1,18,3,24,44,39,2,0.0,0,3,2,65,42,0
35,0,0.0,0.0,0.0,104,86,3,0,11,2,4,4,28,0,0.0,0,3,2,128,91,0
17,30,12.0,13.5,13.5,131,9,14,2,15,1,24,0,105,14,0.7219,0,17,4,849,390,0
86,0,0.0,0.0,0.0,131,51,9,0,22,2,12,7,170,0,0.0,0,10,4,669,354,0
90,0,0.0,0.0,0.0,141,106,2,0,27,1,7,14,137,0,0.0,0,3,2,165,156,0
114,0,0.0,0.0,0.0,170,38,19,0,1,5,21,12,0,0,0.0,0,27,7,1120,483,0
50,0,0.0,0.0,0.0,170,83,4,0,17,1,11,20,0,0,0.0,0,4,2,134,92,0
3,0,0.0,0.0,0.0,170,131,3,0,0,4,3,0,0,0,0.0,0,3,2,33,31,0
13,0,0.0,0.0,0.0,56,56,2,0,2,1,1,6,0,0,0.0,0,2,1,41,23,0
52,0,0.0,0.0,0.0,170,64,16,0,7,3,10,10,10,0,0.0,0,24,6,494,221,0
163,0,0.0,0.0,0.0,57,51,2,0,50,2,8,16,159,0,0.0,0,2,1,526,508,0
24,0,0.0,0.0,0.0,131,39,6,0,6,2,8,2,11,0,0.0,0,8,3,240,138,0
132,0,0.0,0.0,0.0,170,57,20,0,4,3,22,15,1,0,0.0,0,31,7,854,234,0
288,80,2.0,41.0,23.0,170,3,22,1,77,2,53,164,19,23,0.0,0,24,6,840,232,1
304,0,0.0,0.0,0.0,135,83,4,0,14,2,16,21,0,0,0.0,0,8,3,347,291,0
93,0,0.0,0.0,0.0,170,105,5,0,1,3,17,12,0,0,0.0,0,10,5,263,194,0
33,0,0.0,0.0,0.0,132,121,3,0,6,1,4,8,3,0,0.0,0,3,2,134,84,0
104,12,6.0,9.0,23.0,170,3,24,1,18,3,20,28,136,23,0.0,0,24,5,565,134,0
50,0,0.0,0.0,0.0,58,55,5,0,14,2,17,16,4,0,0.0,0,5,3,184,99,0
10,0,0.0,0.0,0.0,170,131,2,0,3,3,2,0,1,0,0.0,0,2,2,43,40,0
63,0,0.0,0.0,0.0,130,51,11,0,16,2,12,13,0,0,0.0,0,12,4,441,232,0
65,0,0.0,0.0,0.0,131,51,7,0,19,1,6,17,0,0,0.0,0,7,2,617,402,0
8,0,0.0,0.0,0.0,170,109,2,0,2,4,0,0,1,0,0.0,0,3,3,35,31,0
3,0,0.0,0.0,0.0,170,96,4,0,0,4,3,0,0,0,0.0,0,4,2,37,32,0
17,0,0.0,0.0,0.0,90,44,9,0,1,1,0,0,0,0,0.0,0,9,1,153,64,0
31,0,0.0,0.0,0.0,170,131,4,0,8,3,4,0,20,0,0.0,0,4,3,73,51,0
71,0,0.0,0.0,0.0,56,39,15,0,12,1,5,19,0,0,0.0,0,16,3,273,53,0
304,0,0.0,0.0,0.0,170,57,20,0,89,3,45,94,431,0,0.0,0,21,5,767,186,0
45,0,0.0,0.0,0.0,170,56,5,0,16,1,2,23,15,0,0.0,0,9,3,186,135,0
42,0,0.0,0.0,0.0,0,0,0,0,11,2,8,0,45,0,0.0,0,0,0,0,0,0
86,4,0.0,2.0,23.0,56,3,7,1,16,3,23,33,55,23,0.0,0,7,4,232,163,0
42,2,-2.0,0.0,23.0,170,3,9,1,1,1,0,0,0,23,0.0,0,14,2,160,96,0
26,0,0.0,0.0,0.0,90,90,1,0,5,2,7,6,8,0,0.0,0,1,1,69,69,0
20,0,0.0,0.0,0.0,81,81,1,0,4,2,4,3,0,0,0.0,0,1,1,22,22,0
3,0,0.0,0.0,0.0,57,57,1,0,0,4,3,0,0,0,0.0,0,1,1,31,31,0
66,0,0.0,0.0,0.0,170,131,5,0,18,3,12,6,100,0,0.0,0,5,3,148,122,0
62,0,0.0,0.0,0.0,130,26,16,0,16,2,18,24,0,0,0.0,0,17,4,715,302,0
10,0,0.0,0.0,0.0,170,129,3,0,3,3,2,0,1,0,0.0,0,3,3,44,40,0
25,0,0.0,0.0,0.0,151,58,6,0,5,1,3,9,3,0,0.0,0,6,4,87,54,0
29,0,0.0,0.0,0.0,56,56,1,0,6,3,6,15,1,0,0.0,0,1,1,70,70,0
32,0,0.0,0.0,0.0,144,55,12,0,11,1,6,0,55,0,0.0,0,13,6,222,63,0
88,0,0.0,0.0,0.0,170,40,8,0,1,3,14,8,0,0,0.0,0,10,6,269,195,0
9,0,0.0,0.0,0.0,131,51,4,0,2,1,1,0,0,0,0.0,0,4,2,123,82,0
50,0,0.0,0.0,0.0,135,83,6,0,3,3,7,2,3,0,0.0,0,8,4,139,72,0
105,0,0.0,0.0,0.0,170,43,17,0,30,3,21,16,0,0,0.0,0,20,5,630,264,0
25,0,0.0,0.0,0.0,170,55,9,0,6,2,11,2,11,0,0.0,0,9,3,106,75,0
122,0,0.0,0.0,0.0,57,56,2,0,9,4,18,21,0,0,0.0,0,2,2,239,150,0
86,0,0.0,0.0,0.0,56,18,4,0,16,3,23,34,55,0,0.0,0,4,2,231,165,0
38,0,0.0,0.0,0.0,121,45,4,0,6,1,6,10,0,0,0.0,0,5,2,224,110,0
37,0,0.0,0.0,0.0,170,46,8,0,7,4,9,11,15,0,0.0,0,13,6,130,79,0
109,0,0.0,0.0,0.0,170,58,10,0,6,2,16,6,1,0,0.0,0,16,5,522,176,0
176,0,0.0,0.0,0.0,170,39,18,0,41,2,14,26,210,0,0.0,0,20,5,867,300,0
186,0,0.0,0.0,0.0,90,56,3,0,51,1,16,44,74,0,0.0,0,4,2,347,320,1
167,0,0.0,0.0,0.0,170,89,8,0,42,1,2,15,0,0,0.0,0,10,4,449,282,0
151,0,0.0,0.0,0.0,170,37,15,0,18,2,36,32,21,0,0.0,0,19,4,567,175,0
87,0,0.0,0.0,0.0,131,51,6,0,25,3,5,1,252,0,0.0,0,8,3,562,312,0
635,0,0.0,0.0,0.0,170,15,21,0,192,1,59,22,0,0,0.0,0,23,5,1071,401,0
38,0,0.0,0.0,0.0,0,0,0,0,4,2,8,21,0,0,0.0,0,0,0,0,0,0
66,0,0.0,0.0,0.0,135,93,5,0,3,3,5,6,1,0,0.0,0,6,4,171,80,0
53,0,0.0,0.0,0.0,170,38,5,0,4,2,15,11,0,0,0.0,0,6,3,209,107,0
79,0,0.0,0.0,0.0,170,170,1,0,20,1,3,25,5,0,0.0,0,1,1,178,178,0
13,0,0.0,0.0,0.0,51,51,1,0,4,1,0,3,6,0,0.0,0,1,1,96,96,0
48,0,0.0,0.0,0.0,55,51,2,0,5,2,7,18,0,0,0.0,0,2,2,96,90,0
82,0,0.0,0.0,0.0,96,57,3,0,19,2,21,21,1,0,0.0,0,3,1,139,127,0
58,0,0.0,0.0,0.0,82,82,1,0,10,3,9,8,0,0,0.0,0,1,1,14,14,0
30,0,0.0,0.0,0.0,170,105,2,0,9,2,5,8,21,0,0.0,0,3,2,133,104,0
3,0,0.0,0.0,0.0,170,93,4,0,0,4,3,0,0,0,0.0,0,4,2,37,28,0
27,0,0.0,0.0,0.0,130,121,2,0,5,2,4,6,6,0,0.0,0,2,2,113,101,0
32,0,0.0,0.0,0.0,170,93,6,0,9,3,6,2,32,0,0.0,0,6,2,92,72,1
46,0,0.0,0.0,0.0,132,57,8,0,7,2,9,14,1,0,0.0,0,11,3,608,222,0
62,0,0.0,0.0,0.0,131,25,10,0,22,2,8,16,37,0,0.0,0,11,5,439,244,0
25,0,0.0,0.0,0.0,56,56,1,0,6,1,3,12,0,0,0.0,0,1,1,63,63,0
27,0,0.0,0.0,0.0,170,55,16,0,9,5,11,6,11,0,0.0,0,17,5,352,152,0
6,0,0.0,0.0,0.0,55,50,2,0,0,1,0,0,0,0,0.0,0,2,1,35,27,0
16,0,0.0,0.0,0.0,93,93,1,0,2,1,6,8,0,0,0.0,0,1,1,54,54,0
127,0,0.0,0.0,0.0,93,57,3,0,35,3,18,16,332,0,0.0,0,3,1,247,209,1
63,0,0.0,0.0,0.0,82,59,2,0,4,5,17,10,1,0,0.0,0,3,3,146,140,0
178,0,0.0,0.0,0.0,131,51,6,0,50,3,6,0,993,0,0.0,0,9,4,1233,734,0
167,0,0.0,0.0,0.0,131,51,7,0,58,4,8,2,865,0,0.0,0,9,2,971,602,0
326,2,0.0,1.0,2.0,131,2,12,1,72,1,18,138,55,2,0.0,0,15,4,1731,990,0
37,0,0.0,0.0,0.0,170,88,12,0,12,3,13,8,43,0,0.0,0,15,4,367,84,0
27,0,0.0,0.0,0.0,170,105,3,0,2,5,7,5,0,0,0.0,0,7,4,101,67,0
6,0,0.0,0.0,0.0,56,56,2,0,0,1,0,0,0,0,0.0,0,2,1,331,313,0
410,0,0.0,0.0,0.0,141,31,27,0,134,1,43,107,43,0,0.0,0,43,6,1280,338,1
31,0,0.0,0.0,0.0,170,57,8,0,7,2,6,10,0,0,0.0,0,9,5,111,71,0
205,2,0.0,1.0,1.0,170,2,33,1,5,3,25,29,1,1,0.0,0,38,6,903,271,0
26,0,0.0,0.0,0.0,131,51,8,0,6,2,6,0,5,0,0.0,0,9,2,364,188,0
31,0,0.0,0.0,0.0,104,93,3,0,12,2,6,1,16,0,0.0,0,3,2,153,104,0
121,0,0.0,0.0,0.0,170,81,4,0,34,1,15,6,3,0,0.0,0,7,3,336,121,0
260,6,0.0,3.0,13.0,131,9,33,1,81,1,31,104,257,13,0.0,0,37,6,1743,699,1
4,0,0.0,0.0,0.0,43,38,2,0,0,1,0,0,0,0,0.0,0,2,2,101,99,0
10,0,0.0,0.0,0.0,59,55,3,0,3,3,2,0,1,0,0.0,0,3,2,45,40,0
35,0,0.0,0.0,0.0,31,31,1,0,9,1,0,4,4,0,0.0,0,1,1,86,86,0
83,0,0.0,0.0,0.0,141,127,5,0,25,2,12,4,127,0,0.0,0,5,3,197,155,0
8,0,0.0,0.0,0.0,170,82,3,0,2,2,5,1,1,0,0.0,0,4,2,48,42,0
21,0,0.0,0.0,0.0,93,23,2,0,5,3,7,0,6,0,0.0,0,2,1,66,58,0
262,0,0.0,0.0,0.0,90,88,4,0,32,2,27,59,21,0,0.0,0,5,3,502,316,0
87,0,0.0,0.0,0.0,170,81,8,0,22,2,15,29,55,0,0.0,0,9,3,282,164,0
389,0,0.0,0.0,0.0,170,51,35,0,47,2,32,52,14,0,0.0,0,44,8,2071,553,0
94,36,4.0,20.0,1.0,170,10,20,1,5,4,19,22,1,1,0.0,0,26,8,561,96,0
79,0,0.0,0.0,0.0,170,38,13,0,9,2,13,7,0,0,0.0,0,17,4,570,140,0
94,11,-3.0,4.0,2.0,56,8,4,1,23,3,22,46,36,2,0.0,0,4,3,76,51,0
53,0,0.0,0.0,0.0,141,44,10,0,19,1,11,20,129,0,0.0,0,11,6,189,118,1
37,0,0.0,0.0,0.0,170,57,12,0,8,2,8,14,10,0,0.0,0,12,4,173,37,0
21,0,0.0,0.0,0.0,82,51,3,0,5,2,7,0,6,0,0.0,0,3,2,257,162,0
54,0,0.0,0.0,0.0,170,58,6,0,15,3,13,4,37,0,0.0,0,7,3,223,150,1
48,0,0.0,0.0,0.0,43,40,2,0,1,4,11,7,0,0,0.0,0,2,2,107,103,0
4,0,0.0,0.0,0.0,57,51,2,0,2,1,2,0,0,0,0.0,0,2,1,102,68,0
193,0,0.0,0.0,0.0,170,55,30,0,67,1,34,104,21,0,0.0,0,38,7,824,236,0
24,0,0.0,0.0,0.0,170,56,2,0,8,3,9,4,11,0,0.0,0,5,2,82,74,0
149,0,0.0,0.0,0.0,170,12,9,0,74,2,18,46,124,0,0.0,0,13,3,467,164,0
20,0,0.0,0.0,0.0,86,86,2,0,6,1,1,3,0,0,0.0,0,2,1,65,58,0
21,0,0.0,0.0,0.0,56,55,3,0,4,1,3,2,0,0,0.0,0,3,1,56,31,0
20,0,0.0,0.0,0.0,81,55,5,0,5,5,3,1,6,0,0.0,0,5,1,99,34,0
23,0,0.0,0.0,0.0,170,46,3,0,4,4,6,7,1,0,0.0,0,7,3,89,64,0
92,0,0.0,0.0,0.0,170,104,7,0,23,1,18,42,17,0,0.0,0,9,4,220,157,0
4,0,0.0,0.0,0.0,170,131,2,0,1,1,5,1,0,0,0.0,0,2,2,41,36,0
281,0,0.0,0.0,0.0,170,38,24,0,33,5,30,49,10,0,0.0,0,36,8,1035,246,1
122,46,-42.0,2.0,23.0,170,3,15,1,5,4,16,8,0,23,0.0,0,20,6,699,304,0
59,0,0.0,0.0,0.0,170,38,5,0,16,1,8,23,0,0,0.0,0,6,4,223,104,0
39,0,0.0,0.0,0.0,105,34,4,0,10,3,18,17,0,0,0.0,0,5,2,229,160,0
52,0,0.0,0.0,0.0,170,56,3,0,9,1,7,17,0,0,0.0,0,4,1,124,101,0
431,0,0.0,0.0,0.0,136,15,30,0,149,1,56,146,72,0,0.0,0,38,8,1433,556,0
24,0,0.0,0.0,0.0,131,51,6,0,6,5,5,0,9,0,0.0,0,6,3,311,118,0
20,29,11.5,13.0,13.5,131,9,15,2,18,1,30,0,153,14,0.7355,0,18,5,1085,490,0
36,0,0.0,0.0,0.0,131,87,3,0,9,2,7,0,28,0,0.0,0,4,2,350,121,1
7,0,0.0,0.0,0.0,131,51,8,0,4,1,2,2,1,0,0.0,0,10,3,165,98,0
11,0,0.0,0.0,0.0,97,51,2,0,3,1,3,2,0,0,0.0,0,2,1,147,98,0
38,0,0.0,0.0,0.0,87,87,1,0,10,2,2,0,35,0,0.0,0,1,1,78,78,0
31,0,0.0,0.0,0.0,56,50,7,0,5,2,8,8,4,0,0.0,0,7,1,111,59,0
22,0,0.0,0.0,0.0,132,89,7,0,3,1,12,14,0,0,0.0,0,8,4,128,84,0
10,0,0.0,0.0,0.0,131,51,5,0,2,2,8,0,0,0,0.0,0,8,2,143,90,0
10,0,0.0,0.0,0.0,58,19,3,0,1,1,2,5,0,0,0.0,0,3,3,169,108,0
116,0,0.0,0.0,0.0,131,47,14,0,29,2,35,64,15,0,0.0,0,14,5,508,292,0
8,0,0.0,0.0,0.0,58,19,3,0,1,1,2,5,0,0,0.0,0,3,3,148,94,0
45,0,0.0,0.0,0.0,143,38,8,0,6,2,20,5,11,0,0.0,0,13,4,197,75,0
263,0,0.0,0.0,0.0,170,23,31,0,18,4,32,46,1,0,0.0,0,42,7,923,209,0
109,0,0.0,0.0,0.0,170,47,5,0,19,1,24,52,0,0,0.0,0,6,1,406,258,0
13,0,0.0,0.0,0.0,144,144,1,0,0,1,0,1,0,0,0.0,0,1,1,46,46,0
38,0,0.0,0.0,0.0,58,57,2,0,11,2,9,13,0,0,0.0,0,2,1,88,84,0
245,1,1.0,1.0,1.0,135,9,13,1,55,2,25,67,26,1,0.0,0,16,5,562,370,0
57,0,0.0,0.0,0.0,170,58,6,0,17,3,13,5,44,0,0.0,0,7,3,222,129,1
88,0,0.0,0.0,0.0,170,39,13,0,4,5,13,6,0,0,0.0,0,20,6,428,119,0
103,0,0.0,0.0,0.0,105,56,7,0,29,1,20,50,17,0,0.0,0,7,1,179,81,0
123,0,0.0,0.0,0.0,170,61,10,0,38,2,13,7,422,0,0.0,0,12,4,314,207,0
259,22,2.0,12.0,23.0,170,3,41,1,55,4,34,73,0,23,0.0,0,46,8,1538,247,0
23,0,0.0,0.0,0.0,170,93,6,0,7,3,8,3,2,0,0.0,0,8,4,129,66,0
88,0,0.0,0.0,0.0,170,82,4,0,20,2,11,18,4,0,0.0,0,8,4,339,183,0
270,0,0.0,0.0,0.0,170,36,37,0,35,4,35,59,0,0,0.0,0,51,7,2084,436,0
392,0,0.0,0.0,0.0,170,38,13,0,57,2,11,10,17,0,0.0,0,13,3,907,254,0
40,0,0.0,0.0,0.0,170,57,11,0,16,2,5,10,9,0,0.0,0,17,4,379,150,0
75,0,0.0,0.0,0.0,131,51,8,0,26,2,8,1,127,0,0.0,0,8,3,571,306,0
50,0,0.0,0.0,0.0,141,131,5,0,19,3,8,11,14,0,0.0,0,6,2,131,118,0
63,0,0.0,0.0,0.0,170,80,16,0,14,2,8,16,21,0,0.0,0,21,4,588,181,0
175,0,0.0,0.0,0.0,57,57,1,0,37,2,18,63,22,0,0.0,0,1,1,335,335,0
197,0,0.0,0.0,0.0,105,38,7,0,46,3,27,61,0,0,0.0,0,7,1,513,398,0
17,0,0.0,0.0,0.0,93,93,1,0,4,3,6,0,2,0,0.0,0,1,1,57,57,0
97,0,0.0,0.0,0.0,82,42,1,0,5,3,7,3,2,0,0.0,0,2,2,175,164,0
15,0,0.0,0.0,0.0,131,51,4,0,3,1,2,2,1,0,0.0,0,6,4,193,122,0
107,0,0.0,0.0,0.0,96,23,3,0,25,1,11,27,151,0,0.0,0,4,1,226,202,0
85,0,0.0,0.0,0.0,51,43,4,0,17,1,4,29,8,0,0.0,0,5,2,198,74,0
53,0,0.0,0.0,0.0,31,31,1,0,15,1,5,18,0,0,0.0,0,1,1,148,148,0
5,0,0.0,0.0,0.0,170,88,9,0,2,2,1,0,1,0,0.0,0,11,3,513,231,1
17,0,0.0,0.0,0.0,170,44,9,0,15,1,6,0,105,0,0.0,0,9,4,76,56,0
38,0,0.0,0.0,0.0,170,46,6,0,5,5,7,13,3,0,0.0,0,10,6,332,190,0
104,0,0.0,0.0,0.0,170,32,11,0,20,3,9,15,28,0,0.0,0,12,6,417,214,1
265,0,0.0,0.0,0.0,56,12,9,0,66,2,35,89,91,0,0.0,0,9,4,741,262,0
12,0,0.0,0.0,0.0,51,51,1,0,2,1,0,1,1,0,0.0,0,1,1,97,97,0
107,20,6.0,13.0,1.0,170,3,8,0,12,6,10,15,4,1,0.0,0,16,7,598,322,0
182,0,0.0,0.0,0.0,56,22,4,0,54,1,37,74,24,0,0.0,0,4,3,48,25,0
212,11,11.0,11.0,14.0,170,8,23,1,5,5,30,24,4,14,0.0,0,36,8,1349,493,0
39,0,0.0,0.0,0.0,87,87,1,0,5,2,6,14,0,0,0.0,0,1,1,83,83,0
36,0,0.0,0.0,0.0,56,56,2,0,6,1,1,0,3,0,0.0,0,2,1,72,54,0
73,0,0.0,0.0,0.0,50,47,1,0,7,1,9,25,1,0,0.0,0,2,2,132,128,0
204,39,1.75,5.75,6.5,170,3,39,4,52,1,47,87,25,23,1.9783,0,42,9,1058,270,0
56,0,0.0,0.0,0.0,81,51,7,0,15,4,11,0,91,0,0.0,0,7,2,389,234,0
17,0,0.0,0.0,0.0,93,93,1,0,4,3,6,0,2,0,0.0,0,1,1,57,57,0
140,0,0.0,0.0,0.0,143,40,15,0,2,2,20,8,1,0,0.0,0,17,5,865,185,0
17,0,0.0,0.0,0.0,44,44,1,0,4,2,3,0,2,0,0.0,0,1,1,51,51,0
32,0,0.0,0.0,0.0,81,55,4,0,11,1,4,0,55,0,0.0,0,5,2,195,69,0
13,0,0.0,0.0,0.0,170,82,2,0,2,3,5,2,0,0,0.0,0,3,2,60,46,0
3,0,0.0,0.0,0.0,131,51,3,0,0,2,1,0,0,0,0.0,0,4,2,87,54,0
80,0,0.0,0.0,0.0,44,39,2,0,22,3,13,17,0,0,0.0,0,2,1,154,150,0
21,0,0.0,0.0,0.0,83,83,0,0,5,2,7,0,6,0,0.0,0,1,1,66,66,0
138,267,63.0,76.0,13.67,9,8,3,3,38,3,12,29,4,14,1.2195,0,3,2,267,155,0
117,0,0.0,0.0,0.0,170,43,10,0,38,1,22,41,4,0,0.0,0,15,4,451,138,0
181,0,0.0,0.0,0.0,170,19,14,0,39,3,31,63,60,0,0.0,0,15,5,573,214,0
46,0,0.0,0.0,0.0,170,57,7,0,11,2,8,21,0,0,0.0,0,7,3,138,90,0
367,26,3.33,6.0,12.67,170,3,61,3,86,4,38,110,103,23,1.4605,0,68,8,4060,643,1
44,0,0.0,0.0,0.0,131,56,8,0,11,2,17,30,1,0,0.0,0,13,4,213,112,0
54,0,0.0,0.0,0.0,57,57,1,0,15,3,13,4,37,0,0.0,0,1,1,153,153,0
609,2,0.0,1.0,13.0,170,9,31,1,208,1,63,179,81,13,0.0,0,37,7,2413,755,1
87,0,0.0,0.0,0.0,144,40,7,0,11,1,20,42,0,0,0.0,0,9,2,292,209,0
212,19,9.0,14.0,2.0,136,2,8,1,85,1,13,67,45,2,0.0,0,13,4,648,346,0
78,0,0.0,0.0,0.0,81,37,8,0,16,3,27,32,0,0,0.0,0,9,3,298,159,0
62,0,0.0,0.0,0.0,81,55,5,0,17,4,14,3,122,0,0.0,0,5,2,199,119,0
82,0,0.0,0.0,0.0,90,81,4,0,19,1,3,20,1,0,0.0,0,5,2,229,140,0
246,0,0.0,0.0,0.0,135,40,18,0,26,4,24,36,0,0,0.0,0,26,5,1520,365,0
304,0,0.0,0.0,0.0,170,46,9,0,96,5,47,60,1158,0,0.0,0,11,4,1010,416,0
59,0,0.0,0.0,0.0,131,51,16,0,15,2,14,24,0,0,0.0,0,16,5,660,266,0
44,0,0.0,0.0,0.0,170,89,7,0,10,1,15,14,0,0,0.0,0,7,2,147,89,0
48,0,0.0,0.0,0.0,131,51,7,0,15,3,7,1,68,0,0.0,0,7,3,341,218,0
46,0,0.0,0.0,0.0,170,46,8,0,6,4,8,9,4,0,0.0,0,13,6,135,87,0
20,8,4.0,6.0,23.0,131,3,17,1,18,1,23,0,153,23,0.0,0,17,4,1192,598,0
96,18,-4.0,7.0,6.0,170,0,30,1,15,4,26,14,9,6,0.0,0,39,7,469,216,0
23,0,0.0,0.0,0.0,170,59,6,0,7,3,8,3,2,0,0.0,0,8,5,154,66,0
61,0,0.0,0.0,0.0,57,57,1,0,5,3,21,18,0,0,0.0,0,1,1,159,159,0
8,0,0.0,0.0,0.0,51,51,1,0,1,1,0,1,0,0,0.0,0,1,1,57,57,0
57,0,0.0,0.0,0.0,170,73,13,0,23,1,17,22,0,0,0.0,0,15,5,233,123,0
90,0,0.0,0.0,0.0,136,110,1,0,20,1,5,9,100,0,0.0,0,3,3,180,154,0
57,0,0.0,0.0,0.0,39,39,3,0,15,1,3,3,3,0,0.0,0,3,2,115,98,0
25,0,0.0,0.0,0.0,118,118,1,0,4,2,5,1,0,0,0.0,0,1,1,72,72,0
14,0,0.0,0.0,0.0,141,44,8,0,12,1,5,0,66,0,0.0,0,9,5,380,228,1
223,4,0.0,2.0,23.0,170,3,13,1,49,2,22,67,17,23,0.0,0,14,3,568,310,0
22,0,0.0,0.0,0.0,170,55,11,0,4,1,2,0,4,0,0.0,0,11,3,117,43,0
7,0,0.0,0.0,0.0,131,51,9,0,5,1,12,0,10,0,0.0,0,9,3,405,198,0
38,0,0.0,0.0,0.0,87,44,2,0,10,2,3,0,35,0,0.0,0,2,1,81,79,0
11,0,0.0,0.0,0.0,141,37,4,0,2,2,6,4,0,0,0.0,0,5,3,73,41,0
27,0,0.0,0.0,0.0,170,104,4,0,10,2,7,6,0,0,0.0,0,4,2,104,86,0
100,0,0.0,0.0,0.0,170,38,26,0,4,4,18,9,0,0,0.0,0,36,7,410,165,0
59,0,0.0,0.0,0.0,131,51,5,0,16,2,5,0,104,0,0.0,0,5,4,407,270,0
156,0,0.0,0.0,0.0,170,25,34,0,38,3,34,39,0,0,0.0,0,39,5,1008,244,0
103,0,0.0,0.0,0.0,170,45,10,0,21,1,8,34,33,0,0.0,0,12,4,377,200,0
22,0,0.0,0.0,0.0,57,57,1,0,8,1,4,7,3,0,0.0,0,1,1,6,6,0
48,0,0.0,0.0,0.0,57,57,2,0,19,2,15,34,3,0,0.0,0,2,2,151,127,0
47,0,0.0,0.0,0.0,84,57,2,0,8,5,8,7,28,0,0.0,0,2,2,123,109,0
11,0,0.0,0.0,0.0,170,82,2,0,3,4,5,0,1,0,0.0,0,6,3,80,50,0
95,0,0.0,0.0,0.0,131,51,11,0,26,2,8,0,301,0,0.0,0,11,5,586,354,0
13,0,0.0,0.0,0.0,129,129,1,0,4,1,3,2,0,0,0.0,0,1,1,36,36,0
134,0,0.0,0.0,0.0,141,83,4,0,39,1,12,20,227,0,0.0,0,5,2,244,216,0
46,0,0.0,0.0,0.0,170,90,8,0,11,2,9,16,28,0,0.0,0,8,3,193,73,0
34,0,0.0,0.0,0.0,50,42,2,0,8,1,3,2,15,0,0.0,0,2,1,72,63,0
60,0,0.0,0.0,0.0,170,56,4,0,19,1,2,6,57,0,0.0,0,6,3,162,110,0
162,0,0.0,0.0,0.0,126,37,5,0,43,1,11,59,0,0,0.0,0,7,2,394,196,0
439,0,0.0,0.0,0.0,170,38,32,0,6,7,39,33,0,0,0.0,0,42,7,2100,711,0
79,0,0.0,0.0,0.0,170,128,2,0,27,2,10,17,47,0,0.0,0,3,2,151,145,0
21,0,0.0,0.0,0.0,170,55,5,0,7,2,8,2,6,0,0.0,0,5,2,78,65,0
39,0,0.0,0.0,0.0,105,51,5,0,13,2,12,1,28,0,0.0,0,6,1,331,200,0
191,0,0.0,0.0,0.0,170,56,14,0,50,3,24,41,0,0,0.0,0,18,4,618,280,0
402,0,0.0,0.0,0.0,170,38,29,0,5,6,29,18,0,0,0.0,0,37,7,1523,506,0
42,0,0.0,0.0,0.0,131,47,12,0,11,1,5,12,15,0,0.0,0,13,4,655,160,0
33,0,0.0,0.0,0.0,170,88,2,0,13,1,1,2,2,0,0.0,0,5,3,78,72,0
177,0,0.0,0.0,0.0,170,60,12,0,4,2,20,16,1,0,0.0,0,21,5,574,263,0
45,0,0.0,0.0,0.0,141,34,8,0,12,2,13,8,66,0,0.0,0,10,4,196,131,0
49,0,0.0,0.0,0.0,44,12,2,0,2,4,16,7,0,0,0.0,0,2,1,115,113,0
27,0,0.0,0.0,0.0,57,57,1,0,7,4,9,2,6,0,0.0,0,1,1,77,77,0
153,0,0.0,0.0,0.0,170,38,18,0,1,4,17,9,0,0,0.0,0,24,5,972,211,0
79,0,0.0,0.0,0.0,141,63,4,0,24,1,17,5,204,0,0.0,0,8,3,213,120,0
114,0,0.0,0.0,0.0,131,38,15,0,31,3,28,49,3,0,0.0,0,18,5,947,411,0
58,0,0.0,0.0,0.0,84,57,2,0,9,3,7,8,28,0,0.0,0,2,2,96,77,0
10,0,0.0,0.0,0.0,130,51,5,0,2,1,1,0,0,0,0.0,0,7,3,234,92,0
66,0,0.0,0.0,0.0,170,43,11,0,18,3,11,15,0,0,0.0,0,12,5,315,143,0
11,0,0.0,0.0,0.0,144,144,1,0,0,1,0,0,0,0,0.0,0,1,1,41,41,0
15,2,0.0,1.0,6.0,128,0,2,1,3,6,7,4,3,6,0.0,0,4,2,55,49,0
100,0,0.0,0.0,0.0,170,38,17,0,1,2,20,11,0,0,0.0,0,21,6,368,133,0
42,0,0.0,0.0,0.0,131,51,3,0,14,2,2,1,35,0,0.0,0,3,2,267,178,0
33,3,-1.0,1.0,2.0,170,2,4,1,10,3,7,7,1,2,0.0,0,4,2,96,50,0
72,0,0.0,0.0,0.0,170,39,14,0,15,3,20,24,16,0,0.0,0,17,6,597,223,1
23,0,0.0,0.0,0.0,170,93,4,0,7,3,8,3,2,0,0.0,0,5,3,106,59,0
150,6,6.0,6.0,14.0,170,8,20,1,4,3,26,18,1,14,0.0,0,30,8,923,262,0
32,0,0.0,0.0,0.0,105,51,2,0,8,2,12,0,22,0,0.0,0,3,1,252,182,0
17,0,0.0,0.0,0.0,93,93,1,0,4,3,6,0,2,0,0.0,0,1,1,58,58,0
20,8,4.0,6.0,23.0,131,3,22,1,18,1,26,0,153,23,0.0,0,22,6,1217,423,0
51,0,0.0,0.0,0.0,89,44,3,0,15,2,7,14,36,0,0.0,0,3,2,87,61,0
50,0,0.0,0.0,0.0,124,82,2,0,1,4,8,2,0,0,0.0,0,5,2,111,101,0
15,0,0.0,0.0,0.0,114,57,1,0,1,2,6,0,0,0,0.0,0,7,3,147,52,0
60,0,0.0,0.0,0.0,170,129,4,0,8,7,7,10,8,0,0.0,0,5,2,134,111,0
26,0,0.0,0.0,0.0,121,57,6,0,5,2,6,12,0,0,0.0,0,6,2,103,53,0
131,4,0.0,2.0,23.0,170,3,30,1,19,3,20,32,153,23,0.0,0,33,7,853,161,1
150,0,0.0,0.0,0.0,170,55,14,0,5,3,25,29,1,0,0.0,0,19,5,514,219,0
37,0,0.0,0.0,0.0,131,51,9,0,9,2,6,2,22,0,0.0,0,9,2,881,252,0
28,0,0.0,0.0,0.0,124,82,2,0,7,2,12,12,4,0,0.0,0,3,2,81,75,0
8,0,0.0,0.0,0.0,114,114,0,0,1,1,0,0,0,0,0.0,0,1,1,34,34,0
6,0,0.0,0.0,0.0,90,82,2,0,1,4,2,1,0,0,0.0,0,2,2,29,22,0
27,0,0.0,0.0,0.0,170,93,4,0,7,4,9,2,6,0,0.0,0,5,3,91,69,0
41,0,0.0,0.0,0.0,84,84,1,0,6,5,7,5,15,0,0.0,0,1,1,90,90,0
20,0,0.0,0.0,0.0,170,125,3,0,7,1,3,7,3,0,0.0,0,3,2,91,54,0
70,0,0.0,0.0,0.0,104,61,3,0,24,1,2,25,10,0,0.0,0,3,1,158,126,0
34,0,0.0,0.0,0.0,56,56,2,0,1,1,2,0,0,0,0.0,0,2,1,70,52,0
3,0,0.0,0.0,0.0,170,96,4,0,0,4,2,0,0,0,0.0,0,4,2,35,31,0
23,0,0.0,0.0,0.0,170,55,11,0,6,7,12,11,3,0,0.0,0,16,6,444,151,0
283,51,5.0,28.0,23.0,170,3,47,1,74,2,39,123,132,23,0.0,0,54,8,1356,411,1
106,23,21.0,22.0,14.0,170,8,20,1,31,3,23,29,210,14,0.0,0,25,7,546,178,0
60,25,23.0,24.0,14.0,170,8,17,1,18,3,14,23,91,14,0.0,0,18,6,296,102,0
56,0,0.0,0.0,0.0,56,55,3,0,13,2,3,5,4,0,0.0,0,3,1,91,64,0
17,0,0.0,0.0,0.0,93,93,1,0,4,3,6,0,2,0,0.0,0,1,1,58,58,0
45,0,0.0,0.0,0.0,58,57,6,0,19,2,14,33,3,0,0.0,0,6,2,184,78,0
8,0,0.0,0.0,0.0,104,104,1,0,1,1,0,0,0,0,0.0,0,1,1,35,35,0
80,0,0.0,0.0,0.0,56,23,5,0,16,2,6,11,2,0,0.0,0,5,3,173,99,0
456,6,-2.0,2.0,2.0,57,11,2,1,116,2,29,113,184,2,0.0,0,2,2,725,719,1
286,0,0.0,0.0,0.0,143,59,10,0,8,2,26,18,0,0,0.0,0,14,4,531,271,0
14,0,0.0,0.0,0.0,131,51,15,0,1,1,0,0,0,0,0.0,0,18,3,690,244,0
133,0,0.0,0.0,0.0,56,50,5,0,18,1,24,35,0,0,0.0,0,5,1,342,136,0
113,0,0.0,0.0,0.0,170,15,15,0,25,3,23,35,151,0,0.0,0,19,8,1105,532,0
41,0,0.0,0.0,0.0,121,39,3,0,9,1,6,22,0,0,0.0,0,3,2,105,103,0
61,50,6.0,15.5,13.5,130,9,18,2,16,2,20,31,0,14,0.6343,0,19,4,447,163,0
58,0,0.0,0.0,0.0,82,64,1,0,4,5,15,8,1,0,0.0,0,2,2,130,126,0
3,0,0.0,0.0,0.0,141,106,1,0,1,1,1,0,0,0,0.0,0,2,1,28,26,0
11,0,0.0,0.0,0.0,130,126,3,0,1,4,5,3,0,0,0.0,0,3,2,83,44,0
3,0,0.0,0.0,0.0,170,131,3,0,0,4,2,0,0,0,0.0,0,3,2,31,29,0
63,0,0.0,0.0,0.0,131,51,4,0,17,2,4,0,120,0,0.0,0,4,2,417,242,0
35,0,0.0,0.0,0.0,51,51,1,0,14,2,2,0,12,0,0.0,0,1,1,168,168,0
89,0,0.0,0.0,0.0,90,87,3,0,6,2,9,11,0,0,0.0,0,3,2,207,110,0
34,0,0.0,0.0,0.0,90,87,3,0,10,2,7,0,20,0,0.0,0,3,2,116,87,0
59,0,0.0,0.0,0.0,57,55,4,0,11,7,20,24,4,0,0.0,0,4,2,179,121,0
60,0,0.0,0.0,0.0,119,25,4,0,19,2,7,12,6,0,0.0,0,4,1,570,228,0
21,0,0.0,0.0,0.0,93,23,2,0,5,3,7,0,6,0,0.0,0,2,1,65,57,0
29,0,0.0,0.0,0.0,170,80,6,0,8,2,18,7,0,0,0.0,0,6,2,126,83,0
43,0,0.0,0.0,0.0,131,51,6,0,13,2,9,18,6,0,0.0,0,9,3,425,220,0
101,0,0.0,0.0,0.0,141,34,16,0,25,2,19,28,153,0,0.0,0,18,5,350,199,1
425,0,0.0,0.0,0.0,131,55,13,0,102,1,31,73,0,0,0.0,0,14,4,1125,539,0
70,0,0.0,0.0,0.0,125,56,2,0,15,1,1,17,48,0,0.0,0,4,1,201,132,1
54,0,0.0,0.0,0.0,38,32,2,0,1,4,13,7,0,0,0.0,0,2,2,112,111,0
3,0,0.0,0.0,0.0,170,93,5,0,0,4,3,0,0,0,0.0,0,5,2,41,32,0
39,6,-2.0,2.0,6.0,170,0,25,1,7,5,21,23,0,6,0.0,0,31,5,260,90,0
70,0,0.0,0.0,0.0,105,15,9,0,17,1,11,31,1,0,0.0,0,9,2,528,252,0
17,0,0.0,0.0,0.0,131,51,9,0,4,5,3,0,2,0,0.0,0,10,2,273,98,0
145,0,0.0,0.0,0.0,135,56,14,0,14,2,26,29,21,0,0.0,0,20,6,626,439,0
18,0,0.0,0.0,0.0,131,51,7,0,6,1,2,2,0,0,0.0,0,9,4,212,108,0
73,0,0.0,0.0,0.0,170,90,5,0,11,2,7,19,1,0,0.0,0,5,3,136,78,0
93,0,0.0,0.0,0.0,87,35,5,0,8,4,9,18,4,0,0.0,0,6,2,347,119,0
33,0,0.0,0.0,0.0,131,51,8,0,8,3,8,0,26,0,0.0,0,8,3,432,230,0
110,0,0.0,0.0,0.0,90,40,4,0,11,2,14,17,6,0,0.0,0,5,3,271,233,0
49,0,0.0,0.0,0.0,131,51,8,0,13,3,7,0,66,0,0.0,0,9,4,396,212,0
65,0,0.0,0.0,0.0,55,23,4,0,16,4,2,7,1,0,0.0,0,4,3,133,79,0
245,0,0.0,0.0,0.0,170,38,17,0,12,6,28,15,6,0,0.0,0,29,7,2254,871,0
66,0,0.0,0.0,0.0,144,12,7,0,20,1,6,7,73,0,0.0,0,9,4,503,136,0
170,0,0.0,0.0,0.0,170,38,19,0,9,3,28,14,1,0,0.0,0,29,7,597,334,0
166,0,0.0,0.0,0.0,58,44,3,0,34,1,8,49,10,0,0.0,0,3,1,340,194,0
32,0,0.0,0.0,0.0,131,51,8,0,9,3,8,0,22,0,0.0,0,10,5,359,194,0
15,0,0.0,0.0,0.0,131,44,14,0,13,1,22,0,78,0,0.0,0,15,3,807,404,0
55,0,0.0,0.0,0.0,40,39,3,0,2,2,19,10,0,0,0.0,0,3,2,270,175,0
161,0,0.0,0.0,0.0,56,43,13,0,23,1,11,26,0,0,0.0,0,13,2,466,131,0
66,0,0.0,0.0,0.0,170,47,9,0,19,3,12,5,135,0,0.0,0,9,3,291,139,0
69,0,0.0,0.0,0.0,168,32,5,0,5,4,5,3,0,0,0.0,0,7,6,289,140,0
78,0,0.0,0.0,0.0,84,57,2,0,18,1,4,1,39,0,0.0,0,3,1,152,137,0
137,12,0.0,6.0,2.0,131,2,13,1,39,6,9,6,499,2,0.0,0,14,3,930,516,0
467,0,0.0,0.0,0.0,50,44,0,0,73,1,68,94,0,0,0.0,0,3,1,803,739,0
27,0,0.0,0.0,0.0,170,93,4,0,7,4,9,2,6,0,0.0,0,5,3,91,69,0
13,0,0.0,0.0,0.0,94,94,1,0,2,2,5,2,0,0,0.0,0,1,1,40,40,0
54,0,0.0,0.0,0.0,131,44,10,0,19,4,9,3,51,0,0.0,0,11,2,495,202,0
57,0,0.0,0.0,0.0,170,23,7,0,17,3,13,5,44,0,0.0,0,8,3,230,132,1
122,0,0.0,0.0,0.0,170,82,4,0,32,2,7,31,25,0,0.0,0,5,3,215,202,0
17,0,0.0,0.0,0.0,55,38,2,0,9,2,7,16,0,0,0.0,0,2,2,65,57,0
96,0,0.0,0.0,0.0,131,51,6,0,28,2,9,13,176,0,0.0,0,7,3,536,346,0
109,0,0.0,0.0,0.0,57,38,4,0,3,6,19,24,0,0,0.0,0,6,3,473,201,0
80,0,0.0,0.0,0.0,61,61,1,0,6,2,8,3,0,0,0.0,0,1,1,131,131,0
154,0,0.0,0.0,0.0,131,51,9,0,41,3,10,0,746,0,0.0,0,10,3,840,540,0
76,20,6.0,8.0,13.5,130,9,19,2,23,2,26,32,0,14,0.971,0,22,6,752,316,0
12,0,0.0,0.0,0.0,131,51,3,0,3,1,6,3,3,0,0.0,0,5,2,175,108,0
26,124,33.0,47.5,8.0,8,8,2,2,5,2,12,6,0,14,0.7982,0,2,1,124,94,0
66,0,0.0,0.0,0.0,131,51,6,0,18,3,6,0,135,0,0.0,0,7,2,407,246,0
12,0,0.0,0.0,0.0,170,105,3,0,1,5,4,3,0,0,0.0,0,5,2,63,45,0
50,0,0.0,0.0,0.0,90,82,2,0,14,1,4,6,66,0,0.0,0,2,2,91,81,0
158,0,0.0,0.0,0.0,51,39,9,0,32,1,15,47,37,0,0.0,0,9,3,283,97,0
57,0,0.0,0.0,0.0,124,82,5,0,1,3,16,6,0,0,0.0,0,9,3,345,173,1
126,24,4.0,14.0,23.0,130,3,27,1,32,2,20,44,21,23,0.0,0,28,6,1038,197,0
32,0,0.0,0.0,0.0,170,93,7,0,9,3,9,4,28,0,0.0,0,7,3,101,58,1
24,0,0.0,0.0,0.0,170,57,15,0,22,1,9,0,231,0,0.0,0,15,4,111,52,0
51,0,0.0,0.0,0.0,0,0,0,0,9,2,11,12,1,0,0.0,0,0,0,0,0,0
119,0,0.0,0.0,0.0,170,54,7,0,61,2,8,42,66,0,0.0,0,7,6,838,216,0
257,0,0.0,0.0,0.0,170,56,18,0,29,5,38,28,3,0,0.0,0,25,7,703,220,0
67,0,0.0,0.0,0.0,131,51,4,0,18,2,7,1,102,0,0.0,0,4,2,391,250,0
11,0,0.0,0.0,0.0,67,67,0,0,5,2,5,3,3,0,0.0,0,1,1,43,43,0
105,0,0.0,0.0,0.0,170,44,23,0,30,2,13,37,141,0,0.0,0,25,6,551,96,0
10,0,0.0,0.0,0.0,105,51,2,0,2,3,2,0,0,0,0.0,0,2,1,114,76,0
138,0,0.0,0.0,0.0,170,56,15,0,36,1,15,65,8,0,0.0,0,16,4,522,182,0
3,0,0.0,0.0,0.0,170,131,3,0,0,4,3,0,0,0,0.0,0,3,2,33,31,0
64,0,0.0,0.0,0.0,141,131,3,0,23,3,10,16,33,0,0.0,0,4,2,148,135,0
162,4,0.0,2.0,2.0,170,9,22,1,38,1,29,64,81,2,0.0,0,34,7,658,224,0
6,0,0.0,0.0,0.0,131,51,11,0,4,1,13,0,6,0,0.0,0,12,4,354,178,0
17,0,0.0,0.0,0.0,131,51,4,0,4,2,8,3,0,0,0.0,0,4,3,153,102,0
27,0,0.0,0.0,0.0,170,93,4,0,7,4,9,2,6,0,0.0,0,5,3,88,69,0
114,0,0.0,0.0,0.0,144,32,15,0,30,1,19,49,0,0,0.0,0,17,3,482,239,0
45,0,0.0,0.0,0.0,44,43,2,0,2,2,12,14,0,0,0.0,0,2,1,102,96,0
54,0,0.0,0.0,0.0,0,0,0,0,14,1,4,5,81,0,0.0,0,0,0,0,0,0
131,0,0.0,0.0,0.0,170,56,13,0,33,2,27,51,36,0,0.0,0,14,5,364,170,0
471,0,0.0,0.0,0.0,56,12,9,0,99,2,22,82,147,0,0.0,0,9,3,713,406,0
53,0,0.0,0.0,0.0,170,90,5,0,14,1,9,18,0,0,0.0,0,5,3,160,67,0
134,0,0.0,0.0,0.0,170,57,12,0,17,2,22,36,0,0,0.0,0,21,5,836,174,0
128,0,0.0,0.0,0.0,170,57,6,0,44,4,20,26,97,0,0.0,0,9,4,463,196,0
69,0,0.0,0.0,0.0,94,82,2,0,8,3,21,11,7,0,0.0,0,2,1,190,184,1
217,38,10.0,14.5,13.5,170,9,20,2,50,4,32,58,2,14,0.7425,0,27,8,1101,434,0
150,0,0.0,0.0,0.0,67,31,2,0,45,1,17,54,0,0,0.0,0,4,1,243,233,0
122,0,0.0,0.0,0.0,170,63,22,0,6,5,24,16,1,0,0.0,0,29,7,624,235,0
75,0,0.0,0.0,0.0,170,22,14,0,21,2,9,27,3,0,0.0,0,16,6,328,109,0
94,0,0.0,0.0,0.0,170,54,12,0,24,2,19,32,1,0,0.0,0,14,6,750,188,1
61,0,0.0,0.0,0.0,170,55,8,0,27,2,13,16,36,0,0.0,0,9,3,187,86,0
108,0,0.0,0.0,0.0,170,51,9,0,33,2,14,17,269,0,0.0,0,9,3,345,188,0
11,0,0.0,0.0,0.0,131,51,14,0,0,1,0,1,0,0,0.0,0,20,4,251,104,0
4,0,0.0,0.0,0.0,131,51,5,0,1,1,2,2,0,0,0.0,0,7,4,124,76,0
97,15,9.0,12.0,14.0,170,8,18,1,4,6,18,7,6,14,0.0,0,25,8,442,179,0
44,0,0.0,0.0,0.0,170,170,1,0,6,2,8,22,1,0,0.0,0,1,1,100,100,0
101,0,0.0,0.0,0.0,131,44,12,0,27,6,10,8,233,0,0.0,0,14,3,631,326,0
26,0,0.0,0.0,0.0,91,38,11,0,8,1,2,4,8,0,0.0,0,11,2,327,210,0
33,0,0.0,0.0,0.0,135,122,5,0,3,4,8,1,1,0,0.0,0,6,4,127,101,0
2,0,0.0,0.0,0.0,90,57,3,0,0,2,3,0,0,0,0.0,0,3,2,39,26,0
34,0,0.0,0.0,0.0,170,47,3,0,13,2,5,2,20,0,0.0,0,4,2,104,93,0
8,0,0.0,0.0,0.0,89,89,1,0,2,1,6,2,1,0,0.0,0,1,1,48,48,0
58,0,0.0,0.0,0.0,57,57,1,0,19,4,8,8,83,0,0.0,0,1,1,133,133,0
55,4,-2.0,1.0,6.0,170,0,10,1,4,2,16,10,0,6,0.0,0,11,6,184,107,0
256,0,0.0,0.0,0.0,131,20,19,0,65,1,33,86,15,0,0.0,0,27,5,903,451,0
67,0,0.0,0.0,0.0,126,56,5,0,13,1,16,29,15,0,0.0,0,7,1,197,142,0
48,0,0.0,0.0,0.0,88,88,1,0,8,1,11,21,0,0,0.0,0,1,1,92,92,0
145,0,0.0,0.0,0.0,170,19,26,0,37,1,29,56,24,0,0.0,0,32,7,756,157,0
42,0,0.0,0.0,0.0,56,55,2,0,11,1,6,0,43,0,0.0,0,2,2,19,17,0
24,0,0.0,0.0,0.0,170,97,3,0,6,2,7,0,9,0,0.0,0,3,2,90,69,0
112,0,0.0,0.0,0.0,56,55,4,0,23,2,5,9,4,0,0.0,0,4,1,208,150,0
42,0,0.0,0.0,0.0,131,51,5,0,11,2,7,0,45,0,0.0,0,5,2,351,194,0
64,0,0.0,0.0,0.0,137,47,1,0,11,1,8,15,0,0,0.0,0,2,1,129,127,0
84,0,0.0,0.0,0.0,170,38,29,0,10,4,21,29,0,0,0.0,0,36,7,465,121,0
64,0,0.0,0.0,0.0,170,93,7,0,20,1,8,25,36,0,0.0,0,9,3,158,91,0
3,0,0.0,0.0,0.0,170,131,3,0,0,4,3,0,0,0,0.0,0,3,2,33,31,0
56,0,0.0,0.0,0.0,170,83,10,0,3,3,9,2,3,0,0.0,0,11,4,1349,600,0
10,0,0.0,0.0,0.0,105,51,2,0,2,3,3,0,0,0,0.0,0,2,1,117,78,0
34,0,0.0,0.0,0.0,170,84,5,0,10,1,7,26,0,0,0.0,0,6,3,177,82,0
230,0,0.0,0.0,0.0,170,39,22,0,54,2,35,71,4,0,0.0,0,33,6,927,221,1
90,0,0.0,0.0,0.0,44,40,4,0,2,4,14,11,0,0,0.0,0,4,2,152,124,0
73,132,65.0,65.5,8.0,8,8,2,2,10,2,8,9,7,14,0.7309,0,2,1,132,105,0
39,0,0.0,0.0,0.0,87,87,1,0,5,1,11,14,0,0,0.0,0,1,1,108,108,0
17,0,0.0,0.0,0.0,131,51,4,0,4,2,4,0,2,0,0.0,0,4,2,164,104,0
52,0,0.0,0.0,0.0,141,63,4,0,16,1,12,5,91,0,0.0,0,8,3,190,102,0
7,0,0.0,0.0,0.0,131,51,11,0,5,1,16,0,10,0,0.0,0,13,3,588,238,0
129,4,4.0,4.0,14.0,170,8,18,1,4,3,22,15,1,14,0.0,0,29,8,837,224,0
82,0,0.0,0.0,0.0,93,39,3,0,8,2,12,8,0,0,0.0,0,3,2,215,171,0
171,0,0.0,0.0,0.0,170,82,12,0,6,2,17,6,1,0,0.0,0,18,5,626,185,0
17,0,0.0,0.0,0.0,81,51,3,0,4,5,3,0,2,0,0.0,0,3,2,147,98,0
80,0,0.0,0.0,0.0,124,38,6,0,11,4,17,18,1,0,0.0,0,14,3,282,156,0
49,0,0.0,0.0,0.0,131,51,6,0,16,3,5,1,54,0,0.0,0,7,2,315,202,0
23,0,0.0,0.0,0.0,170,93,4,0,7,3,8,3,2,0,0.0,0,5,3,105,59,0
38,0,0.0,0.0,0.0,55,55,1,0,16,2,9,29,0,0,0.0,0,1,1,84,84,0
45,0,0.0,0.0,0.0,56,50,10,0,10,2,4,8,0,0,0.0,0,11,1,190,44,0
90,0,0.0,0.0,0.0,170,38,15,0,15,3,20,26,0,0,0.0,0,21,5,854,309,0
4,0,0.0,0.0,0.0,131,51,4,0,1,1,2,2,0,0,0.0,0,6,3,106,68,0
8,0,0.0,0.0,0.0,127,81,4,0,6,1,10,0,15,0,0.0,0,4,3,164,62,0
67,0,0.0,0.0,0.0,170,57,6,0,37,3,9,16,171,0,0.0,0,8,2,315,168,0
33,0,0.0,0.0,0.0,106,83,5,0,8,3,8,0,26,0,0.0,0,5,1,179,126,0
11,0,0.0,0.0,0.0,56,23,5,0,0,1,0,0,0,0,0.0,0,5,3,121,72,0
17,0,0.0,0.0,0.0,170,104,3,0,4,2,5,0,2,0,0.0,0,3,2,59,55,0
26,0,0.0,0.0,0.0,131,51,5,0,6,2,7,1,3,0,0.0,0,6,2,284,156,0
11,0,0.0,0.0,0.0,170,87,5,0,4,1,5,4,1,0,0.0,0,5,3,257,110,0
229,0,0.0,0.0,0.0,170,55,25,0,57,1,27,158,70,0,0.0,0,29,4,1088,315,0
31,0,0.0,0.0,0.0,170,131,2,0,5,1,1,10,8,0,0.0,0,2,2,76,75,0
160,0,0.0,0.0,0.0,170,51,19,0,48,3,27,8,779,0,0.0,0,22,4,709,356,0
77,0,0.0,0.0,0.0,143,38,16,0,8,2,22,12,0,0,0.0,0,26,6,431,104,0
134,0,0.0,0.0,0.0,170,56,25,0,28,2,16,40,91,0,0.0,0,26,4,478,180,0
3,0,0.0,0.0,0.0,131,51,2,0,1,1,1,0,0,0,0.0,0,3,2,98,64,0
4,0,0.0,0.0,0.0,43,43,1,0,0,1,0,0,0,0,0.0,0,1,1,80,80,0
38,0,0.0,0.0,0.0,55,38,3,0,6,1,16,7,1,0,0.0,0,3,2,82,77,0
44,0,0.0,0.0,0.0,55,55,1,0,10,2,8,16,0,0,0.0,0,1,1,78,78,0
16,0,0.0,0.0,0.0,131,51,4,0,4,2,3,0,0,0,0.0,0,5,2,169,108,0
27,0,0.0,0.0,0.0,170,57,4,0,4,6,11,10,1,0,0.0,0,7,5,80,59,0
84,0,0.0,0.0,0.0,130,56,4,0,22,1,13,21,54,0,0.0,0,4,2,234,180,0
80,0,0.0,0.0,0.0,131,51,8,0,22,3,6,0,139,0,0.0,0,10,3,648,380,0
155,13,-9.0,2.0,23.0,135,3,20,1,14,3,16,16,4,23,0.0,0,23,5,478,203,0
42,0,0.0,0.0,0.0,135,93,4,0,11,2,7,13,0,0,0.0,0,4,2,130,93,0
207,0,0.0,0.0,0.0,170,41,19,0,9,4,24,17,1,0,0.0,0,31,7,757,348,0
204,2,0.0,1.0,23.0,106,3,9,1,42,2,20,55,13,23,0.0,0,10,2,436,287,0
400,0,0.0,0.0,0.0,170,38,25,0,10,7,33,24,1,0,0.0,0,36,8,1773,576,0
26,0,0.0,0.0,0.0,170,39,7,0,6,3,9,5,9,0,0.0,0,8,3,104,67,0
59,0,0.0,0.0,0.0,170,38,11,0,3,5,13,8,1,0,0.0,0,15,6,278,119,0
217,0,0.0,0.0,0.0,81,12,8,0,56,2,28,37,15,0,0.0,0,8,3,544,313,0
251,0,0.0,0.0,0.0,120,27,2,0,60,2,8,75,8,0,0.0,0,5,2,401,376,1
119,0,0.0,0.0,0.0,94,57,9,0,5,7,26,16,0,0,0.0,0,11,3,416,247,1
375,0,0.0,0.0,0.0,170,38,19,0,9,7,33,23,0,0,0.0,0,24,7,1430,410,0
190,0,0.0,0.0,0.0,131,15,24,0,52,1,35,49,55,0,0.0,0,26,6,1700,552,0
57,0,0.0,0.0,0.0,73,70,6,0,18,2,18,22,6,0,0.0,0,6,3,228,112,0
86,0,0.0,0.0,0.0,111,74,2,0,15,1,11,30,1,0,0.0,0,2,1,137,128,0
65,0,0.0,0.0,0.0,158,19,12,0,12,1,20,33,6,0,0.0,0,12,5,299,143,0
83,0,0.0,0.0,0.0,185,73,14,0,20,1,14,24,66,0,0.0,0,16,3,336,115,0
136,0,0.0,0.0,0.0,135,38,1,0,36,2,7,22,0,0,0.0,0,2,2,199,197,0
57,0,0.0,0.0,0.0,185,70,6,0,18,1,10,17,0,0,0.0,0,9,3,316,123,0
51,0,0.0,0.0,0.0,70,65,2,0,9,2,8,16,0,0,0.0,0,2,2,100,94,0
54,0,0.0,0.0,0.0,70,37,7,0,8,1,5,11,0,0,0.0,0,8,2,143,78,0
259,0,0.0,0.0,0.0,185,23,25,0,66,4,39,62,45,0,0.0,0,29,6,1098,461,1
3,0,0.0,0.0,0.0,185,108,4,0,0,4,3,0,0,0,0.0,0,4,2,37,28,0
46,0,0.0,0.0,0.0,185,116,13,0,24,2,9,24,0,0,0.0,0,14,5,431,135,0
283,0,0.0,0.0,0.0,185,34,23,0,95,5,34,51,1461,0,0.0,0,32,9,1027,544,0
44,0,0.0,0.0,0.0,149,142,4,0,1,4,12,4,0,0,0.0,0,5,4,119,108,0
12,0,0.0,0.0,0.0,145,40,12,0,10,1,21,0,45,0,0.0,0,12,3,746,368,0
122,0,0.0,0.0,0.0,71,71,1,0,32,2,12,37,19,0,0.0,0,1,1,10,10,0
74,0,0.0,0.0,0.0,52,52,1,0,16,3,17,30,1,0,0.0,0,1,1,152,152,0
38,0,0.0,0.0,0.0,76,65,2,0,10,2,5,0,35,0,0.0,0,2,1,310,308,0
16,0,0.0,0.0,0.0,0,0,0,0,4,1,1,1,0,0,0.0,0,0,0,0,0,0
15,0,0.0,0.0,0.0,127,76,0,0,4,1,1,1,0,0,0.0,0,3,2,91,37,0
40,0,0.0,0.0,0.0,185,37,4,0,10,1,2,4,19,0,0.0,0,6,2,120,89,0
562,18,12.0,15.0,11.0,155,3,30,1,115,2,52,150,476,11,0.0,0,38,7,1619,666,1
43,0,0.0,0.0,0.0,155,103,7,0,6,1,13,30,3,0,0.0,0,7,5,175,65,0
121,11,5.0,8.0,3.0,144,2,24,1,32,2,17,38,21,3,0.0,0,24,5,1248,444,0
80,0,0.0,0.0,0.0,185,52,20,0,4,4,17,15,3,0,0.0,0,26,7,492,154,0
83,0,0.0,0.0,0.0,71,23,3,0,18,3,24,44,39,0,0.0,0,3,2,65,42,1
35,0,0.0,0.0,0.0,119,100,3,0,11,2,4,4,28,0,0.0,0,3,2,128,91,0
17,0,0.0,0.0,0.0,145,23,14,0,15,1,24,0,105,0,0.0,0,17,4,849,390,0
86,0,0.0,0.0,0.0,145,65,9,0,22,2,12,7,170,0,0.0,0,10,4,669,354,0
90,0,0.0,0.0,0.0,155,121,2,0,27,1,7,14,137,0,0.0,0,3,2,165,156,0
114,0,0.0,0.0,0.0,185,52,19,0,1,5,21,12,0,0,0.0,0,27,7,1120,483,0
50,0,0.0,0.0,0.0,185,97,4,0,17,1,11,20,0,0,0.0,0,4,2,134,92,0
3,0,0.0,0.0,0.0,185,145,3,0,0,4,3,0,0,0,0.0,0,3,2,33,31,0
13,0,0.0,0.0,0.0,70,70,2,0,2,1,1,6,0,0,0.0,0,2,1,41,23,0
52,0,0.0,0.0,0.0,185,78,16,0,7,3,10,10,10,0,0.0,0,24,6,494,221,0
163,0,0.0,0.0,0.0,71,65,2,0,50,2,8,16,159,0,0.0,0,2,1,526,508,0
24,0,0.0,0.0,0.0,145,54,6,0,6,2,8,2,11,0,0.0,0,8,3,240,138,0
132,0,0.0,0.0,0.0,185,72,20,0,4,3,22,15,1,0,0.0,0,31,7,854,234,1
288,0,0.0,0.0,0.0,185,17,22,0,77,2,53,164,19,0,0.0,0,24,6,840,232,1
304,0,0.0,0.0,0.0,150,97,4,0,14,2,16,21,0,0,0.0,0,8,3,347,291,0
93,0,0.0,0.0,0.0,185,119,5,0,1,3,17,12,0,0,0.0,0,10,5,263,194,0
33,0,0.0,0.0,0.0,146,135,3,0,6,1,4,8,3,0,0.0,0,3,2,134,84,0
104,0,0.0,0.0,0.0,185,17,24,0,18,3,20,28,136,0,0.0,0,24,5,565,134,0
50,0,0.0,0.0,0.0,73,70,5,0,14,2,17,16,4,0,0.0,0,5,3,184,99,0
10,0,0.0,0.0,0.0,185,145,2,0,3,3,2,0,1,0,0.0,0,2,2,43,40,0
64,15,3.0,9.0,3.0,145,3,12,1,16,2,11,12,0,3,0.0,0,13,5,456,232,0
65,0,0.0,0.0,0.0,145,65,7,0,19,1,6,17,0,0,0.0,0,7,2,617,402,0
8,0,0.0,0.0,0.0,185,123,2,0,2,4,0,0,1,0,0.0,0,3,3,35,31,0
3,0,0.0,0.0,0.0,185,110,4,0,0,4,3,0,0,0,0.0,0,4,2,37,32,0
17,0,0.0,0.0,0.0,105,58,9,0,1,1,0,0,0,0,0.0,0,9,1,153,64,0
31,0,0.0,0.0,0.0,185,145,4,0,8,3,4,0,20,0,0.0,0,4,3,73,51,0
71,0,0.0,0.0,0.0,70,54,15,0,12,1,5,19,0,0,0.0,0,16,3,273,53,0
304,0,0.0,0.0,0.0,185,71,20,0,89,3,45,94,431,0,0.0,0,21,5,767,186,0
45,0,0.0,0.0,0.0,185,71,5,0,16,1,2,23,15,0,0.0,0,9,3,186,135,0
42,0,0.0,0.0,0.0,0,0,0,0,11,2,8,0,45,0,0.0,0,0,0,0,0,0
86,0,0.0,0.0,0.0,71,17,7,0,16,3,23,33,55,0,0.0,0,7,4,232,163,0
42,0,0.0,0.0,0.0,185,17,9,0,1,1,0,0,0,0,0.0,0,14,2,160,96,0
26,0,0.0,0.0,0.0,105,105,1,0,5,2,7,6,8,0,0.0,0,1,1,69,69,0
20,0,0.0,0.0,0.0,95,95,1,0,4,2,4,3,0,0,0.0,0,1,1,22,22,0
3,0,0.0,0.0,0.0,71,71,1,0,0,4,3,0,0,0,0.0,0,1,1,31,31,0
66,0,0.0,0.0,0.0,185,145,5,0,18,3,12,6,100,0,0.0,0,5,3,148,122,0
62,0,0.0,0.0,0.0,144,40,16,0,16,2,18,24,0,0,0.0,0,17,4,715,302,0
10,0,0.0,0.0,0.0,185,143,3,0,3,3,2,0,1,0,0.0,0,3,3,44,40,0
25,0,0.0,0.0,0.0,165,73,6,0,5,1,3,9,3,0,0.0,0,6,4,87,54,0
29,0,0.0,0.0,0.0,70,70,1,0,6,3,6,15,1,0,0.0,0,1,1,70,70,0
32,0,0.0,0.0,0.0,158,70,12,0,11,1,6,0,55,0,0.0,0,13,6,222,63,0
88,0,0.0,0.0,0.0,185,54,8,0,1,3,14,8,0,0,0.0,0,10,6,269,195,0
9,0,0.0,0.0,0.0,145,65,4,0,2,1,1,0,0,0,0.0,0,4,2,123,82,0
50,0,0.0,0.0,0.0,150,97,6,0,3,3,7,2,3,0,0.0,0,8,4,139,72,0
105,0,0.0,0.0,0.0,185,57,17,0,30,3,21,16,0,0,0.0,0,20,5,630,264,0
25,0,0.0,0.0,0.0,185,70,9,0,6,2,11,2,11,0,0.0,0,9,3,106,75,0
122,0,0.0,0.0,0.0,72,70,2,0,9,4,18,21,0,0,0.0,0,2,2,239,150,0
86,0,0.0,0.0,0.0,71,33,4,0,16,3,23,34,55,0,0.0,0,4,2,231,165,0
38,0,0.0,0.0,0.0,135,59,4,0,6,1,6,10,0,0,0.0,0,5,2,224,110,0
37,0,0.0,0.0,0.0,185,61,8,0,7,4,9,11,15,0,0.0,0,13,6,130,79,0
109,0,0.0,0.0,0.0,185,72,10,0,6,2,16,6,1,0,0.0,0,16,5,522,176,0
176,0,0.0,0.0,0.0,185,53,18,0,41,2,14,26,210,0,0.0,0,20,5,867,300,0
186,0,0.0,0.0,0.0,105,71,3,0,51,1,16,44,74,0,0.0,0,4,2,347,320,0
167,0,0.0,0.0,0.0,185,104,8,0,42,1,2,15,0,0,0.0,0,10,4,449,282,0
151,0,0.0,0.0,0.0,185,51,15,0,18,2,36,32,21,0,0.0,0,19,4,567,175,0
87,0,0.0,0.0,0.0,145,65,6,0,25,3,5,1,252,0,0.0,0,8,3,562,312,0
635,0,0.0,0.0,0.0,185,29,21,0,192,1,59,22,0,0,0.0,0,23,5,1071,401,0
38,0,0.0,0.0,0.0,0,0,0,0,4,2,8,21,0,0,0.0,0,0,0,0,0,0
66,0,0.0,0.0,0.0,150,108,5,0,3,3,5,6,1,0,0.0,0,6,4,171,80,0
53,0,0.0,0.0,0.0,185,52,5,0,4,2,15,11,0,0,0.0,0,6,3,209,107,0
79,0,0.0,0.0,0.0,185,185,1,0,20,1,3,25,5,0,0.0,0,1,1,178,178,0
13,0,0.0,0.0,0.0,65,65,1,0,4,1,0,3,6,0,0.0,0,1,1,96,96,0
48,0,0.0,0.0,0.0,70,65,2,0,5,2,7,18,0,0,0.0,0,2,2,96,90,0
82,0,0.0,0.0,0.0,110,71,3,0,19,2,21,21,1,0,0.0,0,3,1,139,127,0
58,0,0.0,0.0,0.0,96,96,1,0,10,3,9,8,0,0,0.0,0,1,1,14,14,0
30,0,0.0,0.0,0.0,185,120,2,0,9,2,5,8,21,0,0.0,0,3,2,133,104,0
3,0,0.0,0.0,0.0,185,108,4,0,0,4,3,0,0,0,0.0,0,4,2,37,28,0
27,0,0.0,0.0,0.0,145,136,2,0,5,2,4,6,6,0,0.0,0,2,2,113,101,0
32,3,3.0,3.0,6.0,185,8,7,1,9,3,6,2,32,6,0.0,0,7,3,95,72,0
46,0,0.0,0.0,0.0,146,71,8,0,7,2,9,14,1,0,0.0,0,11,3,608,222,0
62,0,0.0,0.0,0.0,145,40,10,0,22,2,8,16,37,0,0.0,0,11,5,439,244,0
25,0,0.0,0.0,0.0,70,70,1,0,6,1,3,12,0,0,0.0,0,1,1,63,63,0
27,0,0.0,0.0,0.0,185,70,16,0,9,5,11,6,11,0,0.0,0,17,5,352,152,0
6,0,0.0,0.0,0.0,69,65,2,0,0,1,0,0,0,0,0.0,0,2,1,35,27,0
16,0,0.0,0.0,0.0,108,108,1,0,2,1,6,8,0,0,0.0,0,1,1,54,54,0
127,3,3.0,3.0,6.0,108,8,4,1,35,3,18,16,332,6,0.0,0,4,2,250,209,0
63,0,0.0,0.0,0.0,96,73,2,0,4,5,17,10,1,0,0.0,0,3,3,146,140,0
178,0,0.0,0.0,0.0,145,65,6,0,50,3,6,0,993,0,0.0,0,9,4,1233,734,0
167,0,0.0,0.0,0.0,145,65,7,0,58,4,8,2,865,0,0.0,0,9,2,971,602,0
326,0,0.0,0.0,0.0,145,16,12,0,72,1,18,138,55,0,0.0,0,15,4,1731,990,0
37,0,0.0,0.0,0.0,185,102,12,0,12,3,13,8,43,0,0.0,0,15,4,367,84,0
27,0,0.0,0.0,0.0,185,119,3,0,2,5,7,5,0,0,0.0,0,7,4,101,67,0
6,0,0.0,0.0,0.0,70,70,2,0,0,1,0,0,0,0,0.0,0,2,1,331,313,0
410,13,-1.0,6.0,6.0,155,8,28,1,134,1,42,107,43,6,0.0,0,44,7,1293,338,0
31,0,0.0,0.0,0.0,185,71,8,0,7,2,6,10,0,0,0.0,0,9,5,111,71,0
205,0,0.0,0.0,0.0,185,17,33,0,5,3,25,29,1,0,0.0,0,38,6,903,271,0
26,0,0.0,0.0,0.0,145,65,8,0,6,2,6,0,5,0,0.0,0,9,2,364,188,0
31,0,0.0,0.0,0.0,119,108,3,0,12,2,6,1,16,0,0.0,0,3,2,153,104,0
121,0,0.0,0.0,0.0,185,95,4,0,34,1,15,6,3,0,0.0,0,7,3,336,121,0
252,47,-31.0,8.0,11.0,146,3,34,1,78,1,31,104,232,11,0.0,0,38,6,1790,699,0
4,0,0.0,0.0,0.0,57,52,2,0,0,1,0,0,0,0,0.0,0,2,2,101,99,0
10,0,0.0,0.0,0.0,73,70,3,0,3,3,2,0,1,0,0.0,0,3,2,45,40,0
35,0,0.0,0.0,0.0,45,45,1,0,9,1,0,4,4,0,0.0,0,1,1,86,86,0
83,0,0.0,0.0,0.0,155,141,5,0,25,2,12,4,127,0,0.0,0,5,3,197,155,0
8,0,0.0,0.0,0.0,185,96,3,0,2,2,5,1,1,0,0.0,0,4,2,48,42,0
21,0,0.0,0.0,0.0,108,37,2,0,5,3,7,0,6,0,0.0,0,2,1,66,58,0
262,0,0.0,0.0,0.0,104,102,4,0,32,2,27,59,21,0,0.0,0,5,3,502,316,0
87,0,0.0,0.0,0.0,185,95,8,0,22,2,15,29,55,0,0.0,0,9,3,282,164,0
389,0,0.0,0.0,0.0,185,65,35,0,47,2,32,52,14,0,0.0,0,44,8,2071,553,0
94,0,0.0,0.0,0.0,185,24,21,0,5,4,19,22,1,0,0.0,0,27,8,594,96,0
79,0,0.0,0.0,0.0,185,52,13,0,9,2,13,7,0,0,0.0,0,17,4,570,140,0
94,0,0.0,0.0,0.0,71,23,4,0,23,3,22,46,36,0,0.0,0,4,3,76,51,1
53,9,1.0,5.0,11.0,155,3,11,1,19,1,11,20,129,11,0.0,0,12,6,198,118,0
37,0,0.0,0.0,0.0,185,72,12,0,8,2,8,14,10,0,0.0,0,12,4,173,37,0
21,0,0.0,0.0,0.0,96,65,3,0,5,2,7,0,6,0,0.0,0,3,2,257,162,0
54,0,0.0,0.0,0.0,185,73,6,0,15,3,13,4,37,0,0.0,0,7,3,223,150,1
48,0,0.0,0.0,0.0,57,54,2,0,1,4,11,7,0,0,0.0,0,2,2,107,103,0
4,0,0.0,0.0,0.0,72,65,2,0,2,1,2,0,0,0,0.0,0,2,1,102,68,0
193,0,0.0,0.0,0.0,185,70,30,0,67,1,34,104,21,0,0.0,0,38,7,824,236,1
24,0,0.0,0.0,0.0,185,71,2,0,8,3,9,4,11,0,0.0,0,5,2,82,74,0
149,0,0.0,0.0,0.0,185,26,9,0,74,2,18,46,124,0,0.0,0,13,3,467,164,0
20,0,0.0,0.0,0.0,100,100,2,0,6,1,1,3,0,0,0.0,0,2,1,65,58,0
21,0,0.0,0.0,0.0,70,70,3,0,4,1,3,2,0,0,0.0,0,3,1,56,31,0
20,0,0.0,0.0,0.0,95,70,5,0,5,5,3,1,6,0,0.0,0,5,1,99,34,0
23,0,0.0,0.0,0.0,185,61,3,0,4,4,6,7,1,0,0.0,0,7,3,89,64,0
92,0,0.0,0.0,0.0,185,118,7,0,23,1,18,42,17,0,0.0,0,9,4,220,157,0
4,0,0.0,0.0,0.0,185,145,2,0,1,1,5,1,0,0,0.0,0,2,2,41,36,0
282,1,1.0,1.0,1.0,185,1,25,1,33,5,30,49,10,1,0.0,0,37,8,1036,246,0
122,0,0.0,0.0,0.0,185,17,15,0,5,4,16,8,0,0,0.0,0,20,6,699,304,0
59,0,0.0,0.0,0.0,185,52,5,0,16,1,8,23,0,0,0.0,0,6,4,223,104,0
39,0,0.0,0.0,0.0,119,48,4,0,10,3,16,16,0,0,0.0,0,5,2,229,160,0
52,0,0.0,0.0,0.0,185,71,3,0,9,1,7,17,0,0,0.0,0,4,1,124,101,0
431,0,0.0,0.0,0.0,150,29,30,0,149,1,56,146,72,0,0.0,0,38,8,1433,556,0
24,0,0.0,0.0,0.0,145,65,6,0,6,5,5,0,9,0,0.0,0,6,3,311,118,0
20,0,0.0,0.0,0.0,145,23,15,0,18,1,30,0,153,0,0.0,0,18,5,1085,490,1
36,0,0.0,0.0,0.0,145,101,3,0,9,2,7,0,28,0,0.0,0,4,2,350,121,0
7,0,0.0,0.0,0.0,145,65,8,0,4,1,2,2,1,0,0.0,0,10,3,165,98,0
11,0,0.0,0.0,0.0,111,65,2,0,3,1,3,2,0,0,0.0,0,2,1,147,98,0
38,0,0.0,0.0,0.0,101,101,1,0,10,2,2,0,35,0,0.0,0,1,1,78,78,0
31,0,0.0,0.0,0.0,70,64,7,0,5,2,8,8,4,0,0.0,0,7,1,111,59,0
22,0,0.0,0.0,0.0,146,104,7,0,3,1,12,14,0,0,0.0,0,8,4,128,84,0
10,0,0.0,0.0,0.0,145,65,5,0,2,2,8,0,0,0,0.0,0,8,2,143,90,0
10,0,0.0,0.0,0.0,73,33,3,0,1,1,2,5,0,0,0.0,0,3,3,169,108,0
116,0,0.0,0.0,0.0,146,61,14,0,29,2,35,64,15,0,0.0,0,14,5,508,292,0
8,0,0.0,0.0,0.0,73,33,3,0,1,1,2,5,0,0,0.0,0,3,3,148,94,0
45,0,0.0,0.0,0.0,157,53,8,0,6,2,20,5,11,0,0.0,0,13,4,197,75,0
263,0,0.0,0.0,0.0,185,37,31,0,18,4,32,46,1,0,0.0,0,42,7,923,209,0
109,0,0.0,0.0,0.0,185,61,5,0,19,1,24,52,0,0,0.0,0,6,1,406,258,0
13,0,0.0,0.0,0.0,158,158,1,0,0,1,0,1,0,0,0.0,0,1,1,46,46,0
38,0,0.0,0.0,0.0,72,71,2,0,11,2,9,13,0,0,0.0,0,2,1,88,84,0
245,0,0.0,0.0,0.0,150,23,13,0,55,2,25,67,26,0,0.0,0,16,5,562,370,0
57,0,0.0,0.0,0.0,185,73,6,0,17,3,13,5,44,0,0.0,0,7,3,222,129,1
88,0,0.0,0.0,0.0,185,53,13,0,4,5,13,6,0,0,0.0,0,20,6,428,119,0
103,0,0.0,0.0,0.0,119,71,7,0,29,1,20,50,17,0,0.0,0,7,1,179,81,0
123,0,0.0,0.0,0.0,185,75,10,0,38,2,13,7,422,0,0.0,0,12,4,314,207,0
259,0,0.0,0.0,0.0,185,17,41,0,55,4,34,73,0,0,0.0,0,46,8,1538,247,0
23,0,0.0,0.0,0.0,185,108,6,0,7,3,8,3,2,0,0.0,0,8,4,129,66,0
88,0,0.0,0.0,0.0,185,96,4,0,20,2,11,18,4,0,0.0,0,8,4,339,183,0
270,0,0.0,0.0,0.0,185,51,37,0,35,4,35,59,0,0,0.0,0,51,7,2084,436,0
392,0,0.0,0.0,0.0,185,52,13,0,57,2,11,10,17,0,0.0,0,13,3,907,254,0
40,0,0.0,0.0,0.0,185,72,11,0,16,2,5,10,9,0,0.0,0,17,4,379,150,0
75,0,0.0,0.0,0.0,145,65,8,0,26,2,8,1,127,0,0.0,0,8,3,571,306,0
50,0,0.0,0.0,0.0,155,145,5,0,19,3,8,11,14,0,0.0,0,6,2,131,118,0
63,0,0.0,0.0,0.0,185,95,16,0,14,2,8,16,21,0,0.0,0,21,4,588,181,0
175,0,0.0,0.0,0.0,71,71,1,0,37,2,18,63,22,0,0.0,0,1,1,335,335,0
197,0,0.0,0.0,0.0,119,52,7,0,46,3,27,61,0,0,0.0,0,7,1,513,398,0
17,0,0.0,0.0,0.0,108,108,1,0,4,3,6,0,2,0,0.0,0,1,1,57,57,0
97,0,0.0,0.0,0.0,96,57,1,0,5,3,7,3,2,0,0.0,0,2,2,175,164,0
15,0,0.0,0.0,0.0,145,65,4,0,3,1,2,2,1,0,0.0,0,6,4,193,122,0
107,0,0.0,0.0,0.0,111,37,3,0,25,1,11,27,151,0,0.0,0,4,1,226,202,0
85,0,0.0,0.0,0.0,65,57,4,0,17,1,4,29,8,0,0.0,0,5,2,198,74,0
53,0,0.0,0.0,0.0,45,45,1,0,15,1,5,18,0,0,0.0,0,1,1,148,148,0
8,8,8.0,8.0,6.0,185,8,10,1,5,2,2,0,10,6,0.0,0,12,4,521,231,0
17,0,0.0,0.0,0.0,185,58,9,0,15,1,6,0,105,0,0.0,0,9,4,76,56,0
38,0,0.0,0.0,0.0,185,61,6,0,5,5,7,13,3,0,0.0,0,10,6,332,190,0
104,2,0.0,1.0,10.0,185,1,12,1,20,3,9,15,28,10,0.0,0,13,6,419,214,0
265,0,0.0,0.0,0.0,71,27,9,0,66,2,35,89,91,0,0.0,0,9,4,741,262,0
12,0,0.0,0.0,0.0,65,65,1,0,2,1,0,1,1,0,0.0,0,1,1,97,97,0
107,0,0.0,0.0,0.0,185,17,8,0,12,6,10,15,4,0,0.0,0,16,7,598,322,0
182,0,0.0,0.0,0.0,71,37,4,0,54,1,37,74,24,0,0.0,0,4,3,48,25,0
212,0,0.0,0.0,0.0,185,22,23,0,5,5,30,24,4,0,0.0,0,36,8,1349,493,0
39,0,0.0,0.0,0.0,101,101,1,0,5,2,6,14,0,0,0.0,0,1,1,83,83,0
36,0,0.0,0.0,0.0,70,70,2,0,6,1,1,0,3,0,0.0,0,2,1,72,54,0
73,0,0.0,0.0,0.0,64,61,1,0,7,1,9,25,1,0,0.0,0,2,2,132,128,0
204,0,0.0,0.0,0.0,185,17,39,0,52,1,47,87,25,0,0.0,0,42,9,1058,270,0
56,0,0.0,0.0,0.0,95,65,7,0,15,4,11,0,91,0,0.0,0,7,2,389,234,1
17,0,0.0,0.0,0.0,108,108,1,0,4,3,6,0,2,0,0.0,0,1,1,57,57,0
140,0,0.0,0.0,0.0,157,54,15,0,2,2,20,8,1,0,0.0,0,17,5,865,185,0
17,0,0.0,0.0,0.0,58,58,1,0,4,2,3,0,2,0,0.0,0,1,1,51,51,0
32,0,0.0,0.0,0.0,95,70,4,0,11,1,4,0,55,0,0.0,0,5,2,195,69,0
13,0,0.0,0.0,0.0,185,96,2,0,2,3,5,2,0,0,0.0,0,3,2,60,46,0
3,0,0.0,0.0,0.0,145,65,3,0,0,2,1,0,0,0,0.0,0,4,2,87,54,0
80,0,0.0,0.0,0.0,58,54,2,0,22,3,13,17,0,0,0.0,0,2,1,154,150,0
21,0,0.0,0.0,0.0,97,97,0,0,5,2,7,0,6,0,0.0,0,1,1,66,66,0
138,0,0.0,0.0,0.0,24,22,3,0,38,3,12,29,4,0,0.0,0,3,2,267,155,0
117,0,0.0,0.0,0.0,185,57,10,0,38,1,22,41,4,0,0.0,0,15,4,451,138,0
200,32,24.0,28.0,3.0,185,3,15,1,45,3,31,66,85,3,0.0,0,16,6,605,214,0
46,0,0.0,0.0,0.0,185,71,7,0,11,2,8,21,0,0,0.0,0,7,3,138,90,0
358,96,-6.0,21.0,7.5,185,3,63,2,81,4,38,108,103,11,0.2006,0,70,8,4156,643,0
44,0,0.0,0.0,0.0,146,71,8,0,11,2,17,30,1,0,0.0,0,13,4,213,112,0
54,0,0.0,0.0,0.0,71,71,1,0,15,3,13,4,37,0,0.0,0,1,1,153,153,0
609,0,0.0,0.0,0.0,185,23,31,0,208,1,63,179,81,0,0.0,0,37,7,2413,755,1
87,0,0.0,0.0,0.0,158,54,7,0,11,1,20,42,0,0,0.0,0,9,2,292,209,0
212,0,0.0,0.0,0.0,150,16,8,0,85,1,13,67,45,0,0.0,0,13,4,648,346,0
78,0,0.0,0.0,0.0,95,52,8,0,16,3,27,32,0,0,0.0,0,9,3,298,159,0
62,0,0.0,0.0,0.0,95,70,5,0,17,4,14,3,122,0,0.0,0,5,2,199,119,0
82,0,0.0,0.0,0.0,104,95,4,0,19,1,3,20,1,0,0.0,0,5,2,229,140,0
246,0,0.0,0.0,0.0,150,54,18,0,26,4,24,36,0,0,0.0,0,26,5,1520,365,0
304,0,0.0,0.0,0.0,185,60,9,0,96,5,47,60,1158,0,0.0,0,11,4,1010,416,0
59,0,0.0,0.0,0.0,145,65,16,0,15,2,14,24,0,0,0.0,0,16,5,660,266,0
44,0,0.0,0.0,0.0,185,104,7,0,10,1,15,14,0,0,0.0,0,7,2,147,89,0
48,0,0.0,0.0,0.0,145,65,7,0,15,3,7,1,68,0,0.0,0,7,3,341,218,0
46,0,0.0,0.0,0.0,185,61,8,0,6,4,8,9,4,0,0.0,0,13,6,135,87,0
20,0,0.0,0.0,0.0,145,17,17,0,18,1,23,0,153,0,0.0,0,17,4,1192,598,0
96,0,0.0,0.0,0.0,185,15,30,0,15,4,26,14,9,0,0.0,0,39,7,469,216,0
23,0,0.0,0.0,0.0,185,73,6,0,7,3,8,3,2,0,0.0,0,8,5,154,66,0
61,0,0.0,0.0,0.0,71,71,1,0,5,3,21,18,0,0,0.0,0,1,1,159,159,1
8,0,0.0,0.0,0.0,65,65,1,0,1,1,0,1,0,0,0.0,0,1,1,57,57,0
57,0,0.0,0.0,0.0,185,87,13,0,23,1,17,22,0,0,0.0,0,15,5,233,123,0
90,0,0.0,0.0,0.0,150,125,1,0,20,1,5,9,100,0,0.0,0,3,3,180,154,0
57,0,0.0,0.0,0.0,53,53,3,0,15,1,3,3,3,0,0.0,0,3,2,115,98,0
25,0,0.0,0.0,0.0,132,132,1,0,4,2,5,1,0,0,0.0,0,1,1,72,72,0
14,3,1.0,2.0,11.0,155,3,9,1,12,1,5,0,66,11,0.0,0,10,5,383,228,0
223,0,0.0,0.0,0.0,185,17,13,0,49,2,22,67,17,0,0.0,0,14,3,568,310,0
22,0,0.0,0.0,0.0,185,70,11,0,4,1,2,0,4,0,0.0,0,11,3,117,43,0
7,0,0.0,0.0,0.0,145,65,9,0,5,1,12,0,10,0,0.0,0,9,3,405,198,0
38,0,0.0,0.0,0.0,101,58,2,0,10,2,3,0,35,0,0.0,0,2,1,81,79,0
11,0,0.0,0.0,0.0,155,52,4,0,2,2,6,4,0,0,0.0,0,5,3,73,41,0
27,0,0.0,0.0,0.0,185,119,4,0,10,2,7,6,0,0,0.0,0,4,2,104,86,0
100,0,0.0,0.0,0.0,185,52,26,0,4,4,18,9,0,0,0.0,0,36,7,410,165,0
59,0,0.0,0.0,0.0,145,65,5,0,16,2,5,0,104,0,0.0,0,5,4,407,270,0
156,0,0.0,0.0,0.0,185,40,34,0,38,3,34,39,0,0,0.0,0,39,5,1008,244,0
103,0,0.0,0.0,0.0,185,59,10,0,21,1,8,34,33,0,0.0,0,12,4,377,200,0
22,0,0.0,0.0,0.0,72,72,1,0,8,1,4,7,3,0,0.0,0,1,1,6,6,0
48,0,0.0,0.0,0.0,71,71,2,0,19,2,15,34,3,0,0.0,0,2,2,151,127,0
47,0,0.0,0.0,0.0,98,72,2,0,8,5,8,7,28,0,0.0,0,2,2,123,109,0
11,0,0.0,0.0,0.0,185,96,2,0,3,4,5,0,1,0,0.0,0,6,3,80,50,0
95,0,0.0,0.0,0.0,145,65,11,0,26,2,8,0,301,0,0.0,0,11,5,586,354,0
13,0,0.0,0.0,0.0,144,144,1,0,4,1,3,2,0,0,0.0,0,1,1,36,36,0
134,0,0.0,0.0,0.0,155,97,4,0,39,1,12,20,227,0,0.0,0,5,2,244,216,0
46,0,0.0,0.0,0.0,185,104,8,0,11,2,9,16,28,0,0.0,0,8,3,193,73,0
34,0,0.0,0.0,0.0,64,57,2,0,8,1,3,2,15,0,0.0,0,2,1,72,63,0
60,0,0.0,0.0,0.0,185,71,4,0,19,1,2,6,57,0,0.0,0,6,3,162,110,0
162,0,0.0,0.0,0.0,141,51,5,0,43,1,11,59,0,0,0.0,0,7,2,394,196,0
439,0,0.0,0.0,0.0,185,52,32,0,6,7,39,33,0,0,0.0,0,42,7,2100,711,0
79,0,0.0,0.0,0.0,185,143,2,0,27,2,10,17,47,0,0.0,0,3,2,151,145,0
21,0,0.0,0.0,0.0,185,70,5,0,7,2,8,2,6,0,0.0,0,5,2,78,65,0
39,0,0.0,0.0,0.0,119,65,5,0,13,2,12,1,28,0,0.0,0,6,1,331,200,1
191,0,0.0,0.0,0.0,185,71,14,0,50,3,24,41,0,0,0.0,0,18,4,618,280,0
402,0,0.0,0.0,0.0,185,52,29,0,5,6,29,18,0,0,0.0,0,37,7,1523,506,0
42,0,0.0,0.0,0.0,145,61,12,0,11,1,5,12,15,0,0.0,0,13,4,655,160,0
33,0,0.0,0.0,0.0,185,102,2,0,13,1,1,2,2,0,0.0,0,5,3,78,72,0
177,0,0.0,0.0,0.0,185,74,12,0,4,2,20,16,1,0,0.0,0,21,5,574,263,0
45,0,0.0,0.0,0.0,155,48,8,0,12,2,13,8,66,0,0.0,0,10,4,196,131,0
49,0,0.0,0.0,0.0,58,27,2,0,2,4,16,7,0,0,0.0,0,2,1,115,113,0
27,0,0.0,0.0,0.0,71,71,1,0,7,4,9,2,6,0,0.0,0,1,1,77,77,0
153,0,0.0,0.0,0.0,185,52,18,0,1,4,17,9,0,0,0.0,0,24,5,972,211,0
79,0,0.0,0.0,0.0,155,77,4,0,24,1,17,5,204,0,0.0,0,8,3,213,120,0
114,0,0.0,0.0,0.0,146,52,15,0,31,3,28,49,3,0,0.0,0,18,5,947,411,0
58,0,0.0,0.0,0.0,98,72,2,0,9,3,7,8,28,0,0.0,0,2,2,96,77,0
10,0,0.0,0.0,0.0,145,65,5,0,2,1,1,0,0,0,0.0,0,7,3,234,92,0
66,0,0.0,0.0,0.0,185,57,11,0,18,3,11,15,0,0,0.0,0,12,5,315,143,0
11,0,0.0,0.0,0.0,158,158,1,0,0,1,0,0,0,0,0.0,0,1,1,41,41,0
15,0,0.0,0.0,0.0,142,15,2,0,3,6,7,4,3,0,0.0,0,4,2,55,49,0
100,0,0.0,0.0,0.0,185,52,17,0,1,2,20,11,0,0,0.0,0,21,6,368,133,0
42,0,0.0,0.0,0.0,145,65,3,0,14,2,2,1,35,0,0.0,0,3,2,267,178,0
33,0,0.0,0.0,0.0,185,16,4,0,10,3,7,7,1,0,0.0,0,4,2,96,50,0
79,8,8.0,8.0,2.0,185,3,15,1,17,3,20,24,16,2,0.0,0,18,7,605,223,0
23,0,0.0,0.0,0.0,185,108,4,0,7,3,8,3,2,0,0.0,0,5,3,106,59,0
150,0,0.0,0.0,0.0,185,22,20,0,4,3,26,18,1,0,0.0,0,30,8,923,262,0
32,0,0.0,0.0,0.0,119,65,2,0,8,2,12,0,22,0,0.0,0,3,1,252,182,0
17,0,0.0,0.0,0.0,108,108,1,0,4,3,6,0,2,0,0.0,0,1,1,58,58,0
20,0,0.0,0.0,0.0,145,17,22,0,18,1,26,0,153,0,0.0,0,22,6,1217,423,0
51,0,0.0,0.0,0.0,104,58,3,0,15,2,7,14,36,0,0.0,0,3,2,87,61,0
50,0,0.0,0.0,0.0,139,96,2,0,1,4,8,2,0,0,0.0,0,5,2,111,101,0
15,0,0.0,0.0,0.0,128,72,1,0,1,2,6,0,0,0,0.0,0,7,3,147,52,0
60,0,0.0,0.0,0.0,185,144,4,0,8,7,7,10,8,0,0.0,0,5,2,134,111,0
26,0,0.0,0.0,0.0,136,71,6,0,5,2,6,12,0,0,0.0,0,6,2,103,53,0
131,0,0.0,0.0,0.0,185,17,30,0,19,3,20,32,153,0,0.0,0,33,7,853,161,0
150,0,0.0,0.0,0.0,185,70,14,0,5,3,25,29,1,0,0.0,0,19,5,514,219,0
37,0,0.0,0.0,0.0,145,65,9,0,9,2,6,2,22,0,0.0,0,9,2,881,252,0
28,0,0.0,0.0,0.0,138,96,2,0,7,2,12,12,4,0,0.0,0,3,2,81,75,0
8,0,0.0,0.0,0.0,128,128,0,0,1,1,0,0,0,0,0.0,0,1,1,34,34,0
6,0,0.0,0.0,0.0,105,96,2,0,1,4,2,1,0,0,0.0,0,2,2,29,22,0
27,0,0.0,0.0,0.0,185,108,4,0,7,4,9,2,6,0,0.0,0,5,3,91,69,0
41,0,0.0,0.0,0.0,98,98,1,0,6,5,7,5,15,0,0.0,0,1,1,90,90,0
20,0,0.0,0.0,0.0,185,140,3,0,7,1,3,7,3,0,0.0,0,3,2,91,54,0
70,0,0.0,0.0,0.0,118,76,3,0,24,1,2,25,10,0,0.0,0,3,1,158,126,0
34,0,0.0,0.0,0.0,70,70,2,0,1,1,2,0,0,0,0.0,0,2,1,70,52,0
3,0,0.0,0.0,0.0,185,110,4,0,0,4,2,0,0,0,0.0,0,4,2,35,31,0
23,0,0.0,0.0,0.0,185,70,11,0,6,7,12,11,3,0,0.0,0,16,6,444,151,0
300,30,10.0,12.5,7.5,185,3,49,2,81,2,42,132,132,11,1.0,0,56,8,1386,411,1
106,0,0.0,0.0,0.0,185,22,20,0,31,3,23,29,210,0,0.0,0,25,7,546,178,1
60,0,0.0,0.0,0.0,185,22,17,0,18,3,14,23,91,0,0.0,0,18,6,296,102,0
56,0,0.0,0.0,0.0,70,69,3,0,13,2,3,5,4,0,0.0,0,3,1,91,64,0
17,0,0.0,0.0,0.0,108,108,1,0,4,3,6,0,2,0,0.0,0,1,1,58,58,0
45,0,0.0,0.0,0.0,72,71,6,0,19,2,14,33,3,0,0.0,0,6,2,184,78,0
8,0,0.0,0.0,0.0,119,119,1,0,1,1,0,0,0,0,0.0,0,1,1,35,35,0
80,0,0.0,0.0,0.0,70,37,5,0,16,2,6,11,2,0,0.0,0,5,3,173,99,0
458,11,5.0,8.0,3.0,71,2,3,1,117,2,29,115,184,3,0.0,0,3,3,736,719,0
286,0,0.0,0.0,0.0,157,73,10,0,8,2,26,18,0,0,0.0,0,14,4,531,271,0
14,0,0.0,0.0,0.0,145,65,15,0,1,1,0,0,0,0,0.0,0,18,3,690,244,0
133,0,0.0,0.0,0.0,70,64,5,0,18,1,24,35,0,0,0.0,0,5,1,342,136,0
113,0,0.0,0.0,0.0,185,29,15,0,25,3,23,35,151,0,0.0,0,19,8,1105,532,0
41,0,0.0,0.0,0.0,136,54,3,0,9,1,6,22,0,0,0.0,0,3,2,105,103,0
61,0,0.0,0.0,0.0,145,23,18,0,16,2,20,31,0,0,0.0,0,19,4,447,163,0
58,0,0.0,0.0,0.0,96,78,1,0,4,5,15,8,1,0,0.0,0,2,2,130,126,0
3,0,0.0,0.0,0.0,155,121,1,0,1,1,1,0,0,0,0.0,0,2,1,28,26,0
11,0,0.0,0.0,0.0,144,141,3,0,1,4,5,3,0,0,0.0,0,3,2,83,44,0
3,0,0.0,0.0,0.0,185,145,3,0,0,4,2,0,0,0,0.0,0,3,2,31,29,0
63,0,0.0,0.0,0.0,145,65,4,0,17,2,4,0,120,0,0.0,0,4,2,417,242,0
35,0,0.0,0.0,0.0,65,65,1,0,14,2,2,0,12,0,0.0,0,1,1,168,168,0
89,0,0.0,0.0,0.0,104,101,3,0,6,2,9,11,0,0,0.0,0,3,2,207,110,0
34,0,0.0,0.0,0.0,104,101,3,0,10,2,7,0,20,0,0.0,0,3,2,116,87,0
59,0,0.0,0.0,0.0,71,70,4,0,11,7,20,24,4,0,0.0,0,4,2,179,121,0
60,0,0.0,0.0,0.0,133,39,4,0,19,2,7,12,6,0,0.0,0,4,1,570,228,0
21,0,0.0,0.0,0.0,108,37,2,0,5,3,7,0,6,0,0.0,0,2,1,65,57,0
29,0,0.0,0.0,0.0,185,95,6,0,8,2,18,7,0,0,0.0,0,6,2,126,83,0
43,0,0.0,0.0,0.0,145,65,6,0,13,2,9,18,6,0,0.0,0,9,3,425,220,0
104,28,4.0,16.0,11.0,155,3,17,1,23,2,20,28,153,11,0.0,0,19,5,378,199,0
425,0,0.0,0.0,0.0,146,70,13,0,102,1,31,73,0,0,0.0,0,14,4,1125,539,1
72,6,4.0,5.0,10.0,140,1,3,1,15,1,1,17,48,10,0.0,0,5,1,207,132,0
54,0,0.0,0.0,0.0,53,47,2,0,1,4,13,7,0,0,0.0,0,2,2,112,111,0
3,0,0.0,0.0,0.0,185,108,5,0,0,4,3,0,0,0,0.0,0,5,2,41,32,0
39,0,0.0,0.0,0.0,185,15,25,0,7,5,21,23,0,0,0.0,0,31,5,260,90,0
70,0,0.0,0.0,0.0,119,29,9,0,17,1,11,31,1,0,0.0,0,9,2,528,252,0
17,0,0.0,0.0,0.0,145,65,9,0,4,5,3,0,2,0,0.0,0,10,2,273,98,0
145,0,0.0,0.0,0.0,150,71,14,0,14,2,26,29,21,0,0.0,0,20,6,626,439,0
18,0,0.0,0.0,0.0,145,65,7,0,6,1,2,2,0,0,0.0,0,9,4,212,108,0
73,0,0.0,0.0,0.0,185,105,5,0,11,2,7,19,1,0,0.0,0,5,3,136,78,0
93,0,0.0,0.0,0.0,101,50,5,0,8,4,9,18,4,0,0.0,0,6,2,347,119,0
33,0,0.0,0.0,0.0,145,65,8,0,8,3,8,0,26,0,0.0,0,8,3,432,230,0
110,0,0.0,0.0,0.0,104,54,4,0,11,2,14,17,6,0,0.0,0,5,3,271,233,0
49,0,0.0,0.0,0.0,145,65,8,0,13,3,7,0,66,0,0.0,0,9,4,396,212,0
65,0,0.0,0.0,0.0,70,37,4,0,16,4,2,7,1,0,0.0,0,4,3,133,79,0
245,0,0.0,0.0,0.0,185,52,17,0,12,6,28,15,6,0,0.0,0,29,7,2254,871,0
66,0,0.0,0.0,0.0,158,27,7,0,20,1,6,7,73,0,0.0,0,9,4,503,136,0
170,0,0.0,0.0,0.0,185,52,19,0,9,3,28,14,1,0,0.0,0,29,7,597,334,0
166,0,0.0,0.0,0.0,73,58,3,0,34,1,8,49,10,0,0.0,0,3,1,340,194,0
32,0,0.0,0.0,0.0,145,65,8,0,9,3,8,0,22,0,0.0,0,10,5,359,194,0
15,0,0.0,0.0,0.0,145,58,14,0,13,1,22,0,78,0,0.0,0,15,3,807,404,0
55,0,0.0,0.0,0.0,54,53,3,0,2,2,19,10,0,0,0.0,0,3,2,270,175,0
115,198,98.0,98.5,5.5,1,0,2,2,9,4,8,16,6,10,0.0815,0,2,2,198,196,0
161,0,0.0,0.0,0.0,70,57,13,0,23,1,11,26,0,0,0.0,0,13,2,466,131,0
66,0,0.0,0.0,0.0,185,61,9,0,19,3,12,5,135,0,0.0,0,9,3,291,139,0
69,0,0.0,0.0,0.0,183,47,5,0,5,4,5,3,0,0,0.0,0,7,6,289,140,0
78,0,0.0,0.0,0.0,98,71,2,0,18,1,4,1,39,0,0.0,0,3,1,152,137,0
137,0,0.0,0.0,0.0,145,16,13,0,39,6,9,6,499,0,0.0,0,14,3,930,516,0
467,0,0.0,0.0,0.0,64,59,0,0,73,1,68,94,0,0,0.0,0,3,1,803,739,0
27,0,0.0,0.0,0.0,185,108,4,0,7,4,9,2,6,0,0.0,0,5,3,91,69,0
13,0,0.0,0.0,0.0,108,108,1,0,2,2,5,2,0,0,0.0,0,1,1,40,40,0
54,0,0.0,0.0,0.0,145,58,10,0,19,4,9,3,51,0,0.0,0,11,2,495,202,0
57,0,0.0,0.0,0.0,185,37,7,0,17,3,13,5,44,0,0.0,0,8,3,230,132,1
122,0,0.0,0.0,0.0,185,96,4,0,32,2,7,31,25,0,0.0,0,5,3,215,202,0
17,0,0.0,0.0,0.0,70,53,2,0,9,2,7,16,0,0,0.0,0,2,2,65,57,0
96,0,0.0,0.0,0.0,145,65,6,0,28,2,9,13,176,0,0.0,0,7,3,536,346,0
109,0,0.0,0.0,0.0,71,52,4,0,3,6,19,24,0,0,0.0,0,6,3,473,201,0
80,0,0.0,0.0,0.0,75,75,1,0,6,2,8,3,0,0,0.0,0,1,1,131,131,0
154,0,0.0,0.0,0.0,145,65,9,0,41,3,10,0,746,0,0.0,0,10,3,840,540,0
76,0,0.0,0.0,0.0,144,23,19,0,23,2,26,32,0,0,0.0,0,22,6,752,316,1
12,0,0.0,0.0,0.0,145,65,3,0,3,1,6,3,3,0,0.0,0,5,2,175,108,0
26,0,0.0,0.0,0.0,22,22,2,0,5,2,12,6,0,0,0.0,0,2,1,124,94,0
66,0,0.0,0.0,0.0,145,65,6,0,18,3,6,0,135,0,0.0,0,7,2,407,246,0
12,0,0.0,0.0,0.0,185,119,3,0,1,5,4,3,0,0,0.0,0,5,2,63,45,0
50,0,0.0,0.0,0.0,105,96,2,0,14,1,4,6,66,0,0.0,0,2,2,91,81,0
158,0,0.0,0.0,0.0,65,54,9,0,32,1,15,47,37,0,0.0,0,9,3,283,97,0
57,0,0.0,0.0,0.0,138,96,5,0,1,3,16,6,0,0,0.0,0,9,3,345,173,1
126,0,0.0,0.0,0.0,144,17,27,0,32,2,20,44,21,0,0.0,0,28,6,1038,197,0
32,3,3.0,3.0,6.0,185,8,8,1,9,3,9,4,28,6,0.0,0,8,4,104,58,0
24,0,0.0,0.0,0.0,185,71,15,0,22,1,9,0,231,0,0.0,0,15,4,111,52,0
51,0,0.0,0.0,0.0,0,0,0,0,9,2,11,12,1,0,0.0,0,0,0,0,0,0
119,0,0.0,0.0,0.0,185,68,7,0,61,2,8,42,66,0,0.0,0,7,6,838,216,0
257,0,0.0,0.0,0.0,185,70,18,0,29,5,38,28,3,0,0.0,0,25,7,703,220,0
67,0,0.0,0.0,0.0,145,65,4,0,18,2,7,1,102,0,0.0,0,4,2,391,250,0
11,0,0.0,0.0,0.0,82,82,0,0,5,2,5,3,3,0,0.0,0,1,1,43,43,0
105,0,0.0,0.0,0.0,185,58,23,0,30,2,13,37,141,0,0.0,0,25,6,551,96,0
10,0,0.0,0.0,0.0,119,65,2,0,2,3,2,0,0,0,0.0,0,2,1,114,76,0
138,0,0.0,0.0,0.0,185,70,15,0,36,1,15,65,8,0,0.0,0,16,4,522,182,0
3,0,0.0,0.0,0.0,185,145,3,0,0,4,3,0,0,0,0.0,0,3,2,33,31,0
64,0,0.0,0.0,0.0,155,145,3,0,23,3,10,16,33,0,0.0,0,4,2,148,135,0
162,0,0.0,0.0,0.0,185,24,22,0,38,1,29,64,81,0,0.0,0,34,7,658,224,0
6,0,0.0,0.0,0.0,145,65,11,0,4,1,13,0,6,0,0.0,0,12,4,354,178,0
17,0,0.0,0.0,0.0,145,65,4,0,4,2,8,3,0,0,0.0,0,4,3,153,102,0
27,0,0.0,0.0,0.0,185,108,4,0,7,4,9,2,6,0,0.0,0,5,3,88,69,0
114,0,0.0,0.0,0.0,158,47,15,0,30,1,19,49,0,0,0.0,0,17,3,482,239,0
45,0,0.0,0.0,0.0,58,57,2,0,2,2,12,14,0,0,0.0,0,2,1,102,96,0
54,0,0.0,0.0,0.0,0,0,0,0,14,1,4,5,81,0,0.0,0,0,0,0,0,0
131,0,0.0,0.0,0.0,185,70,13,0,33,2,27,51,36,0,0.0,0,14,5,364,170,0
471,0,0.0,0.0,0.0,71,27,9,0,99,2,22,82,147,0,0.0,0,9,3,713,406,0
53,0,0.0,0.0,0.0,185,104,5,0,14,1,9,18,0,0,0.0,0,5,3,160,67,0
134,0,0.0,0.0,0.0,185,72,12,0,17,2,22,36,0,0,0.0,0,21,5,836,174,0
128,0,0.0,0.0,0.0,185,72,6,0,44,4,20,26,97,0,0.0,0,9,4,463,196,0
69,0,0.0,0.0,0.0,108,96,2,0,8,3,21,11,7,0,0.0,0,2,1,190,184,1
217,0,0.0,0.0,0.0,185,23,20,0,50,4,32,58,2,0,0.0,0,27,8,1101,434,0
150,0,0.0,0.0,0.0,82,45,2,0,45,1,17,54,0,0,0.0,0,4,1,243,233,0
122,0,0.0,0.0,0.0,185,78,22,0,6,5,24,16,1,0,0.0,0,29,7,624,235,1
75,0,0.0,0.0,0.0,185,37,14,0,21,2,9,27,3,0,0.0,0,16,6,328,109,0
94,0,0.0,0.0,0.0,185,68,12,0,24,2,19,32,1,0,0.0,0,14,6,750,188,1
61,0,0.0,0.0,0.0,185,70,8,0,27,2,13,16,36,0,0.0,0,9,3,187,86,0
108,0,0.0,0.0,0.0,185,66,9,0,33,2,14,17,269,0,0.0,0,9,3,345,188,0
11,0,0.0,0.0,0.0,145,65,14,0,0,1,0,1,0,0,0.0,0,20,4,251,104,0
4,0,0.0,0.0,0.0,145,65,5,0,1,1,2,2,0,0,0.0,0,7,4,124,76,0
97,0,0.0,0.0,0.0,185,22,18,0,4,6,18,7,6,0,0.0,0,25,8,442,179,1
44,0,0.0,0.0,0.0,185,185,1,0,6,2,8,22,1,0,0.0,0,1,1,100,100,0
101,0,0.0,0.0,0.0,145,58,12,0,27,6,10,8,233,0,0.0,0,14,3,631,326,0
26,0,0.0,0.0,0.0,105,52,11,0,8,1,2,4,8,0,0.0,0,11,2,327,210,0
33,0,0.0,0.0,0.0,150,136,5,0,3,4,8,1,1,0,0.0,0,6,4,127,101,0
2,0,0.0,0.0,0.0,104,72,3,0,0,2,3,0,0,0,0.0,0,3,2,39,26,0
34,0,0.0,0.0,0.0,185,61,3,0,13,2,5,2,20,0,0.0,0,4,2,104,93,0
8,0,0.0,0.0,0.0,104,104,1,0,2,1,6,2,1,0,0.0,0,1,1,48,48,0
58,0,0.0,0.0,0.0,71,71,1,0,19,4,8,8,83,0,0.0,0,1,1,133,133,0
55,0,0.0,0.0,0.0,185,15,10,0,4,2,16,10,0,0,0.0,0,11,6,184,107,0
256,0,0.0,0.0,0.0,146,34,19,0,65,1,33,86,15,0,0.0,0,27,5,903,451,1
67,0,0.0,0.0,0.0,141,71,5,0,13,1,16,29,15,0,0.0,0,7,1,197,142,0
48,0,0.0,0.0,0.0,103,103,1,0,8,1,11,21,0,0,0.0,0,1,1,92,92,0
145,0,0.0,0.0,0.0,185,33,26,0,37,1,29,56,24,0,0.0,0,32,7,756,157,0
42,0,0.0,0.0,0.0,71,70,2,0,11,1,6,0,43,0,0.0,0,2,2,19,17,0
24,0,0.0,0.0,0.0,185,111,3,0,6,2,7,0,9,0,0.0,0,3,2,90,69,0
112,0,0.0,0.0,0.0,70,70,4,0,23,2,5,9,4,0,0.0,0,4,1,208,150,0
42,0,0.0,0.0,0.0,145,65,5,0,11,2,7,0,45,0,0.0,0,5,2,351,194,0
64,0,0.0,0.0,0.0,151,61,1,0,11,1,8,15,0,0,0.0,0,2,1,129,127,0
84,0,0.0,0.0,0.0,185,52,29,0,10,4,21,29,0,0,0.0,0,36,7,465,121,0
64,0,0.0,0.0,0.0,185,107,7,0,20,1,8,25,36,0,0.0,0,9,3,158,91,0
3,0,0.0,0.0,0.0,185,145,3,0,0,4,3,0,0,0,0.0,0,3,2,33,31,0
56,0,0.0,0.0,0.0,185,97,10,0,3,3,9,2,3,0,0.0,0,11,4,1349,600,0
10,0,0.0,0.0,0.0,119,65,2,0,2,3,3,0,0,0,0.0,0,2,1,117,78,0
34,0,0.0,0.0,0.0,185,98,5,0,10,1,7,26,0,0,0.0,0,6,3,177,82,0
230,7,-1.0,3.0,10.0,185,1,23,1,54,2,36,71,4,10,0.0,0,34,6,934,221,0
90,0,0.0,0.0,0.0,58,54,4,0,2,4,14,11,0,0,0.0,0,4,2,152,124,0
73,0,0.0,0.0,0.0,22,22,2,0,10,2,8,9,7,0,0.0,0,2,1,132,105,0
39,0,0.0,0.0,0.0,101,101,1,0,5,1,11,14,0,0,0.0,0,1,1,108,108,0
17,0,0.0,0.0,0.0,145,65,4,0,4,2,4,0,2,0,0.0,0,4,2,164,104,0
52,0,0.0,0.0,0.0,155,77,4,0,16,1,12,5,91,0,0.0,0,8,3,190,102,0
7,0,0.0,0.0,0.0,145,65,11,0,5,1,16,0,10,0,0.0,0,13,3,588,238,0
129,0,0.0,0.0,0.0,185,22,18,0,4,3,22,15,1,0,0.0,0,29,8,837,224,0
82,0,0.0,0.0,0.0,108,53,3,0,8,2,12,8,0,0,0.0,0,3,2,215,171,0
171,0,0.0,0.0,0.0,185,96,12,0,6,2,17,6,1,0,0.0,0,18,5,626,185,0
17,0,0.0,0.0,0.0,95,65,3,0,4,5,3,0,2,0,0.0,0,3,2,147,98,0
80,0,0.0,0.0,0.0,138,53,6,0,11,4,17,18,1,0,0.0,0,14,3,282,156,0
49,0,0.0,0.0,0.0,145,65,6,0,16,3,5,1,54,0,0.0,0,7,2,315,202,0
23,0,0.0,0.0,0.0,185,108,4,0,7,3,8,3,2,0,0.0,0,5,3,105,59,0
38,0,0.0,0.0,0.0,70,70,1,0,16,2,9,29,0,0,0.0,0,1,1,84,84,0
45,0,0.0,0.0,0.0,70,64,10,0,10,2,4,8,0,0,0.0,0,11,1,190,44,0
90,0,0.0,0.0,0.0,185,52,15,0,15,3,20,26,0,0,0.0,0,21,5,854,309,0
4,0,0.0,0.0,0.0,145,65,4,0,1,1,2,2,0,0,0.0,0,6,3,106,68,0
8,0,0.0,0.0,0.0,141,95,4,0,6,1,10,0,15,0,0.0,0,4,3,164,62,0
67,0,0.0,0.0,0.0,185,72,6,0,37,3,9,16,171,0,0.0,0,8,2,315,168,0
33,0,0.0,0.0,0.0,121,97,5,0,8,3,8,0,26,0,0.0,0,5,1,179,126,0
11,0,0.0,0.0,0.0,70,37,5,0,0,1,0,0,0,0,0.0,0,5,3,121,72,0
17,0,0.0,0.0,0.0,185,119,3,0,4,2,5,0,2,0,0.0,0,3,2,59,55,0
26,0,0.0,0.0,0.0,145,65,5,0,6,2,7,1,3,0,0.0,0,6,2,284,156,0
11,0,0.0,0.0,0.0,185,101,5,0,4,1,5,4,1,0,0.0,0,5,3,257,110,0
229,0,0.0,0.0,0.0,185,70,25,0,57,1,27,158,70,0,0.0,0,29,4,1088,315,0
31,0,0.0,0.0,0.0,185,145,2,0,5,1,1,10,8,0,0.0,0,2,2,76,75,0
160,0,0.0,0.0,0.0,185,66,19,0,48,3,27,8,779,0,0.0,0,22,4,709,356,0
77,0,0.0,0.0,0.0,157,52,16,0,8,2,22,12,0,0,0.0,0,26,6,431,104,0
134,0,0.0,0.0,0.0,185,70,25,0,28,2,16,40,91,0,0.0,0,26,4,478,180,0
3,0,0.0,0.0,0.0,145,65,2,0,1,1,1,0,0,0,0.0,0,3,2,98,64,0
4,0,0.0,0.0,0.0,57,57,1,0,0,1,0,0,0,0,0.0,0,1,1,80,80,0
38,0,0.0,0.0,0.0,70,53,3,0,6,1,16,7,1,0,0.0,0,3,2,82,77,0
44,0,0.0,0.0,0.0,70,70,1,0,10,2,8,16,0,0,0.0,0,1,1,78,78,0
16,0,0.0,0.0,0.0,145,65,4,0,4,2,3,0,0,0,0.0,0,5,2,169,108,0
27,0,0.0,0.0,0.0,185,71,4,0,4,6,11,10,1,0,0.0,0,7,5,80,59,0
84,0,0.0,0.0,0.0,145,70,4,0,22,1,13,21,54,0,0.0,0,4,2,234,180,0
80,0,0.0,0.0,0.0,145,65,8,0,22,3,6,0,139,0,0.0,0,10,3,648,380,0
155,0,0.0,0.0,0.0,150,17,20,0,14,3,16,16,4,0,0.0,0,23,5,478,203,0
42,0,0.0,0.0,0.0,150,108,4,0,11,2,7,13,0,0,0.0,0,4,2,130,93,0
207,0,0.0,0.0,0.0,185,55,19,0,9,4,24,17,1,0,0.0,0,31,7,757,348,0
204,0,0.0,0.0,0.0,121,17,9,0,42,2,20,55,13,0,0.0,0,10,2,436,287,0
400,0,0.0,0.0,0.0,185,52,25,0,10,7,33,24,1,0,0.0,0,36,8,1773,576,0
26,0,0.0,0.0,0.0,185,53,7,0,6,3,9,5,9,0,0.0,0,8,3,104,67,0
59,0,0.0,0.0,0.0,185,52,11,0,3,5,13,8,1,0,0.0,0,15,6,278,119,0
217,0,0.0,0.0,0.0,95,27,8,0,56,2,28,37,15,0,0.0,0,8,3,544,313,0
251,0,0.0,0.0,0.0,135,41,2,0,60,2,8,75,8,0,0.0,0,5,2,401,376,1
119,0,0.0,0.0,0.0,108,72,9,0,5,7,26,16,0,0,0.0,0,11,3,416,247,1
375,0,0.0,0.0,0.0,185,52,19,0,9,7,33,23,0,0,0.0,0,24,7,1430,410,0
190,0,0.0,0.0,0.0,145,29,24,0,52,1,35,49,55,0,0.0,0,26,6,1700,552,0
57,0,0.0,0.0,0.0,83,80,6,0,18,2,18,22,6,0,0.0,0,6,3,228,112,0
86,0,0.0,0.0,0.0,121,85,2,0,15,1,11,30,1,0,0.0,0,2,1,137,128,0
65,0,0.0,0.0,0.0,168,29,12,0,12,1,20,33,6,0,0.0,0,12,5,299,143,0
83,0,0.0,0.0,0.0,195,83,14,0,20,1,14,24,66,0,0.0,0,16,3,336,115,0
136,0,0.0,0.0,0.0,145,48,1,0,36,2,7,22,0,0,0.0,0,2,2,199,197,0
57,0,0.0,0.0,0.0,195,80,6,0,18,1,10,17,0,0,0.0,0,9,3,316,123,0
51,0,0.0,0.0,0.0,80,75,2,0,9,2,8,16,0,0,0.0,0,2,2,100,94,0
54,0,0.0,0.0,0.0,80,48,7,0,8,1,5,11,0,0,0.0,0,8,2,143,78,0
286,65,8.75,12.5,10.5,195,4,29,4,73,4,38,66,49,18,1.6236,0,33,7,1163,461,0
3,0,0.0,0.0,0.0,195,118,4,0,0,4,3,0,0,0,0.0,0,4,2,37,28,0
46,0,0.0,0.0,0.0,195,127,13,0,24,2,9,24,0,0,0.0,0,14,5,431,135,0
283,0,0.0,0.0,0.0,195,44,23,0,95,5,34,51,1461,0,0.0,0,32,9,1027,544,0
44,0,0.0,0.0,0.0,159,152,4,0,1,4,12,4,0,0,0.0,0,5,4,119,108,0
12,0,0.0,0.0,0.0,155,50,12,0,10,1,21,0,45,0,0.0,0,12,3,746,368,0
29,71,71.0,71.0,18.0,4,4,1,1,2,1,4,1,0,18,0.0,0,1,1,71,71,0
122,0,0.0,0.0,0.0,81,81,1,0,32,2,12,37,19,0,0.0,0,1,1,10,10,1
74,0,0.0,0.0,0.0,63,63,1,0,16,3,17,30,1,0,0.0,0,1,1,152,152,1
38,0,0.0,0.0,0.0,86,75,2,0,10,2,5,0,35,0,0.0,0,2,1,310,308,0
15,0,0.0,0.0,0.0,137,86,0,0,4,1,1,1,0,0,0.0,0,3,2,91,37,0
40,0,0.0,0.0,0.0,195,47,4,0,10,1,2,4,19,0,0.0,0,6,2,120,89,0
599,70,28.0,31.5,1.0,165,0,32,2,121,2,53,156,507,1,0.5535,0,40,8,1689,666,1
43,0,0.0,0.0,0.0,165,113,7,0,6,1,13,30,3,0,0.0,0,7,5,175,65,0
121,0,0.0,0.0,0.0,155,12,24,0,32,2,17,38,21,0,0.0,0,24,5,1248,444,0
80,0,0.0,0.0,0.0,195,62,20,0,4,4,17,15,3,0,0.0,0,26,7,492,154,0
83,2,0.0,1.0,2.0,81,6,4,1,18,3,24,45,39,2,0.0,0,4,3,67,42,0
35,0,0.0,0.0,0.0,129,110,3,0,11,2,4,4,28,0,0.0,0,3,2,128,91,0
18,22,22.0,22.0,18.0,155,4,15,1,16,1,25,0,120,18,0.0,0,18,4,871,390,0
86,0,0.0,0.0,0.0,155,75,9,0,22,2,12,7,170,0,0.0,0,10,4,669,354,0
90,0,0.0,0.0,0.0,165,131,2,0,27,1,7,14,137,0,0.0,0,3,2,165,156,0
114,0,0.0,0.0,0.0,195,62,19,0,1,5,21,12,0,0,0.0,0,27,7,1120,483,0
50,0,0.0,0.0,0.0,195,108,4,0,17,1,11,20,0,0,0.0,0,4,2,134,92,0
3,0,0.0,0.0,0.0,195,155,3,0,0,4,3,0,0,0,0.0,0,3,2,33,31,0
13,0,0.0,0.0,0.0,80,80,2,0,2,1,1,6,0,0,0.0,0,2,1,41,23,0
52,0,0.0,0.0,0.0,195,88,16,0,7,3,10,10,10,0,0.0,0,24,6,494,221,0
163,0,0.0,0.0,0.0,81,75,2,0,50,2,8,16,159,0,0.0,0,2,1,526,508,0
24,0,0.0,0.0,0.0,155,64,6,0,6,2,8,2,11,0,0.0,0,8,3,240,138,0
132,2,0.0,1.0,14.0,195,5,21,1,4,3,22,15,1,14,0.0,0,32,7,856,234,0
291,5,5.0,5.0,2.0,195,6,23,1,78,2,53,164,26,2,0.0,0,25,6,845,232,0
304,0,0.0,0.0,0.0,160,108,4,0,14,2,16,21,0,0,0.0,0,8,3,347,291,0
93,0,0.0,0.0,0.0,195,129,5,0,1,3,17,12,0,0,0.0,0,10,5,263,194,0
33,0,0.0,0.0,0.0,156,145,3,0,6,1,4,8,3,0,0.0,0,3,2,134,84,0
104,0,0.0,0.0,0.0,195,27,24,0,18,3,20,28,136,0,0.0,0,24,5,565,134,0
50,0,0.0,0.0,0.0,83,80,5,0,14,2,17,16,4,0,0.0,0,5,3,184,99,0
10,0,0.0,0.0,0.0,195,155,2,0,3,3,2,0,1,0,0.0,0,2,2,43,40,0
64,0,0.0,0.0,0.0,155,13,12,0,16,2,11,12,0,0,0.0,0,13,5,456,232,0
65,0,0.0,0.0,0.0,155,75,7,0,19,1,6,17,0,0,0.0,0,7,2,617,402,0
8,0,0.0,0.0,0.0,195,134,2,0,2,4,0,0,1,0,0.0,0,3,3,35,31,0
3,0,0.0,0.0,0.0,195,121,4,0,0,4,3,0,0,0,0.0,0,4,2,37,32,0
17,0,0.0,0.0,0.0,115,69,9,0,1,1,0,0,0,0,0.0,0,9,1,153,64,0
31,0,0.0,0.0,0.0,195,155,4,0,8,3,4,0,20,0,0.0,0,4,3,73,51,0
71,0,0.0,0.0,0.0,80,64,15,0,12,1,5,19,0,0,0.0,0,16,3,273,53,0
304,0,0.0,0.0,0.0,195,81,20,0,89,3,45,94,431,0,0.0,0,21,5,767,186,0
45,0,0.0,0.0,0.0,195,81,5,0,16,1,2,23,15,0,0.0,0,9,3,186,135,0
42,0,0.0,0.0,0.0,0,0,0,0,11,2,8,0,45,0,0.0,0,0,0,0,0,0
86,0,0.0,0.0,0.0,81,27,7,0,16,3,23,33,55,0,0.0,0,7,4,232,163,0
42,0,0.0,0.0,0.0,195,27,9,0,1,1,0,0,0,0,0.0,0,14,2,160,96,0
26,0,0.0,0.0,0.0,115,115,1,0,5,2,7,6,8,0,0.0,0,1,1,69,69,0
20,0,0.0,0.0,0.0,106,106,1,0,4,2,4,3,0,0,0.0,0,1,1,22,22,0
3,0,0.0,0.0,0.0,81,81,1,0,0,4,3,0,0,0,0.0,0,1,1,31,31,0
66,0,0.0,0.0,0.0,195,155,5,0,18,3,12,6,100,0,0.0,0,5,3,148,122,0
62,0,0.0,0.0,0.0,155,50,16,0,16,2,18,24,0,0,0.0,0,17,4,715,302,0
10,0,0.0,0.0,0.0,195,153,3,0,3,3,2,0,1,0,0.0,0,3,3,44,40,0
25,0,0.0,0.0,0.0,175,83,6,0,5,1,3,9,3,0,0.0,0,6,4,87,54,0
29,0,0.0,0.0,0.0,80,80,1,0,6,3,6,15,1,0,0.0,0,1,1,70,70,0
32,0,0.0,0.0,0.0,168,80,12,0,11,1,6,0,55,0,0.0,0,13,6,222,63,0
88,0,0.0,0.0,0.0,195,65,8,0,1,3,14,8,0,0,0.0,0,10,6,269,195,0
9,0,0.0,0.0,0.0,155,75,4,0,2,1,1,0,0,0,0.0,0,4,2,123,82,0
50,0,0.0,0.0,0.0,160,107,6,0,3,3,7,2,3,0,0.0,0,8,4,139,72,0
105,0,0.0,0.0,0.0,195,67,17,0,30,3,21,16,0,0,0.0,0,20,5,630,264,0
25,0,0.0,0.0,0.0,195,80,9,0,6,2,11,2,11,0,0.0,0,9,3,106,75,0
122,0,0.0,0.0,0.0,82,80,2,0,9,4,18,21,0,0,0.0,0,2,2,239,150,0
86,0,0.0,0.0,0.0,81,43,4,0,16,3,22,34,55,0,0.0,0,4,2,231,165,0
38,0,0.0,0.0,0.0,145,69,4,0,6,1,6,10,0,0,0.0,0,5,2,224,110,0
37,0,0.0,0.0,0.0,195,71,8,0,7,4,9,11,15,0,0.0,0,13,6,130,79,1
109,0,0.0,0.0,0.0,195,83,10,0,6,2,16,6,1,0,0.0,0,16,5,522,176,0
176,0,0.0,0.0,0.0,195,64,18,0,41,2,14,26,210,0,0.0,0,20,5,867,300,0
186,0,0.0,0.0,0.0,115,81,3,0,51,1,16,44,74,0,0.0,0,4,2,347,320,0
167,0,0.0,0.0,0.0,195,114,8,0,42,1,2,15,0,0,0.0,0,10,4,449,282,0
151,0,0.0,0.0,0.0,195,62,15,0,18,2,36,32,21,0,0.0,0,19,4,567,175,0
87,0,0.0,0.0,0.0,155,75,6,0,25,3,5,1,252,0,0.0,0,8,3,562,312,0
635,0,0.0,0.0,0.0,195,39,21,0,192,1,59,22,0,0,0.0,0,23,5,1071,401,0
38,0,0.0,0.0,0.0,0,0,0,0,4,2,8,21,0,0,0.0,0,0,0,0,0,0
66,0,0.0,0.0,0.0,160,118,5,0,3,3,5,6,1,0,0.0,0,6,4,171,80,0
53,0,0.0,0.0,0.0,195,62,5,0,4,2,15,11,0,0,0.0,0,6,3,209,107,0
79,0,0.0,0.0,0.0,195,195,1,0,20,1,3,25,5,0,0.0,0,1,1,178,178,0
13,0,0.0,0.0,0.0,75,75,1,0,4,1,0,3,6,0,0.0,0,1,1,96,96,0
48,0,0.0,0.0,0.0,80,75,2,0,5,2,7,18,0,0,0.0,0,2,2,96,90,0
82,0,0.0,0.0,0.0,121,81,3,0,19,2,21,21,1,0,0.0,0,3,1,139,127,0
58,0,0.0,0.0,0.0,106,106,1,0,10,3,9,8,0,0,0.0,0,1,1,14,14,0
30,0,0.0,0.0,0.0,195,130,2,0,9,2,5,8,21,0,0.0,0,3,2,133,104,0
3,0,0.0,0.0,0.0,195,118,4,0,0,4,3,0,0,0,0.0,0,4,2,37,28,0
27,0,0.0,0.0,0.0,155,146,2,0,5,2,4,6,6,0,0.0,0,2,2,113,101,0
32,0,0.0,0.0,0.0,195,18,7,0,9,3,6,2,32,0,0.0,0,7,3,95,72,0
46,0,0.0,0.0,0.0,156,81,8,0,7,2,9,14,1,0,0.0,0,11,3,608,222,0
62,0,0.0,0.0,0.0,155,50,10,0,22,2,8,16,37,0,0.0,0,11,5,439,244,0
25,0,0.0,0.0,0.0,80,80,1,0,6,1,3,12,0,0,0.0,0,1,1,63,63,0
27,0,0.0,0.0,0.0,195,80,16,0,9,5,11,6,11,0,0.0,0,17,5,352,152,0
6,0,0.0,0.0,0.0,79,75,2,0,0,1,0,0,0,0,0.0,0,2,1,35,27,0
16,0,0.0,0.0,0.0,118,118,1,0,2,1,6,8,0,0,0.0,0,1,1,54,54,0
127,0,0.0,0.0,0.0,118,18,4,0,35,3,18,16,332,0,0.0,0,4,2,250,209,0
63,0,0.0,0.0,0.0,107,84,2,0,4,5,17,10,1,0,0.0,0,3,3,146,140,0
178,0,0.0,0.0,0.0,155,75,6,0,50,3,6,0,993,0,0.0,0,9,4,1233,734,0
167,0,0.0,0.0,0.0,155,75,7,0,58,4,8,2,865,0,0.0,0,9,2,971,602,0
326,0,0.0,0.0,0.0,155,26,12,0,72,1,18,138,55,0,0.0,0,15,4,1731,990,0
37,0,0.0,0.0,0.0,195,112,12,0,12,3,13,8,43,0,0.0,0,15,4,367,84,0
27,0,0.0,0.0,0.0,195,129,3,0,2,5,7,5,0,0,0.0,0,7,4,101,67,0
6,0,0.0,0.0,0.0,80,80,2,0,0,1,0,0,0,0,0.0,0,2,1,331,313,0
410,0,0.0,0.0,0.0,165,18,28,0,134,1,42,107,43,0,0.0,0,44,7,1293,338,0
31,0,0.0,0.0,0.0,195,81,8,0,7,2,6,10,0,0,0.0,0,9,5,111,71,0
205,0,0.0,0.0,0.0,195,27,33,0,5,3,25,29,1,0,0.0,0,38,6,903,271,0
26,0,0.0,0.0,0.0,155,75,8,0,6,2,6,0,5,0,0.0,0,9,2,364,188,0
31,0,0.0,0.0,0.0,129,118,3,0,12,2,6,1,16,0,0.0,0,3,2,153,104,0
121,0,0.0,0.0,0.0,195,105,4,0,34,1,15,6,3,0,0.0,0,7,3,336,121,0
252,0,0.0,0.0,0.0,156,13,34,0,78,1,31,104,232,0,0.0,0,38,6,1790,699,0
4,0,0.0,0.0,0.0,67,62,2,0,0,1,0,0,0,0,0.0,0,2,2,101,99,0
10,0,0.0,0.0,0.0,84,80,3,0,3,3,2,0,1,0,0.0,0,3,2,45,40,0
35,0,0.0,0.0,0.0,55,55,1,0,9,1,0,4,4,0,0.0,0,1,1,86,86,0
83,0,0.0,0.0,0.0,165,151,5,0,25,2,12,4,127,0,0.0,0,5,3,197,155,0
8,0,0.0,0.0,0.0,195,107,3,0,2,2,5,1,1,0,0.0,0,4,2,48,42,0
21,0,0.0,0.0,0.0,118,48,2,0,5,3,7,0,6,0,0.0,0,2,1,66,58,0
262,0,0.0,0.0,0.0,114,112,4,0,32,2,27,59,21,0,0.0,0,5,3,502,316,0
87,0,0.0,0.0,0.0,195,105,8,0,22,2,15,29,55,0,0.0,0,9,3,282,164,0
389,0,0.0,0.0,0.0,195,76,35,0,47,2,32,52,14,0,0.0,0,44,8,2071,553,1
94,0,0.0,0.0,0.0,195,35,21,0,5,4,19,22,1,0,0.0,0,27,8,594,96,0
79,0,0.0,0.0,0.0,195,62,13,0,9,2,13,7,0,0,0.0,0,17,4,570,140,0
94,2,0.0,1.0,5.0,81,6,5,1,23,3,21,46,36,5,0.0,0,5,4,78,51,0
53,0,0.0,0.0,0.0,165,13,11,0,19,1,11,20,129,0,0.0,0,12,6,198,118,0
37,0,0.0,0.0,0.0,195,82,12,0,8,2,8,14,10,0,0.0,0,12,4,173,37,0
21,0,0.0,0.0,0.0,106,75,3,0,5,2,7,0,6,0,0.0,0,3,2,257,162,0
54,0,0.0,0.0,0.0,195,83,6,0,15,3,13,4,37,0,0.0,0,7,3,223,150,1
48,0,0.0,0.0,0.0,68,65,2,0,1,4,11,7,0,0,0.0,0,2,2,107,103,0
4,0,0.0,0.0,0.0,82,75,2,0,2,1,2,0,0,0,0.0,0,2,1,102,68,0
195,14,2.0,8.0,14.0,195,5,31,1,68,1,34,104,21,14,0.0,0,39,7,838,236,0
24,0,0.0,0.0,0.0,195,81,2,0,8,3,9,4,11,0,0.0,0,5,2,82,74,0
149,0,0.0,0.0,0.0,195,36,9,0,74,2,18,46,124,0,0.0,0,13,3,467,164,0
20,0,0.0,0.0,0.0,111,110,2,0,6,1,1,3,0,0,0.0,0,2,1,65,58,0
21,0,0.0,0.0,0.0,80,80,3,0,4,1,3,2,0,0,0.0,0,3,1,56,31,0
20,0,0.0,0.0,0.0,105,80,5,0,5,5,3,1,6,0,0.0,0,5,1,99,34,0
23,0,0.0,0.0,0.0,195,71,3,0,4,4,6,7,1,0,0.0,0,7,3,89,64,1
92,0,0.0,0.0,0.0,195,129,7,0,23,1,18,42,17,0,0.0,0,9,4,220,157,0
4,0,0.0,0.0,0.0,195,155,2,0,1,1,5,1,0,0,0.0,0,2,2,41,36,0
282,0,0.0,0.0,0.0,195,11,25,0,33,5,30,49,10,0,0.0,0,37,8,1036,246,0
122,0,0.0,0.0,0.0,195,27,15,0,5,4,16,8,0,0,0.0,0,20,6,699,304,0
59,0,0.0,0.0,0.0,195,62,5,0,16,1,8,23,0,0,0.0,0,6,4,223,104,0
39,0,0.0,0.0,0.0,129,58,4,0,10,3,16,16,0,0,0.0,0,5,2,229,160,1
52,0,0.0,0.0,0.0,195,81,3,0,9,1,7,17,0,0,0.0,0,4,1,124,101,0
431,0,0.0,0.0,0.0,160,39,30,0,149,1,56,146,72,0,0.0,0,38,8,1433,556,0
24,0,0.0,0.0,0.0,155,75,6,0,6,5,5,0,9,0,0.0,0,6,3,311,118,0
22,59,13.67,16.67,13.33,155,4,18,3,20,1,30,0,190,18,1.3669,0,21,6,1144,490,0
36,0,0.0,0.0,0.0,155,112,3,0,9,2,7,0,28,0,0.0,0,4,2,350,121,0
7,0,0.0,0.0,0.0,155,75,8,0,4,1,2,2,1,0,0.0,0,10,3,165,98,0
11,0,0.0,0.0,0.0,121,75,2,0,3,1,3,2,0,0,0.0,0,2,1,147,98,0
38,0,0.0,0.0,0.0,111,111,1,0,10,2,2,0,35,0,0.0,0,1,1,78,78,0
31,0,0.0,0.0,0.0,80,75,7,0,5,2,8,8,4,0,0.0,0,7,1,111,59,0
22,0,0.0,0.0,0.0,156,114,7,0,3,1,12,14,0,0,0.0,0,8,4,128,84,0
10,0,0.0,0.0,0.0,155,75,5,0,2,2,8,0,0,0,0.0,0,8,2,143,90,0
10,0,0.0,0.0,0.0,83,43,3,0,1,1,2,5,0,0,0.0,0,3,3,169,108,0
116,0,0.0,0.0,0.0,156,72,14,0,29,2,35,64,15,0,0.0,0,14,5,508,292,0
8,0,0.0,0.0,0.0,83,43,3,0,1,1,2,5,0,0,0.0,0,3,3,148,94,0
45,0,0.0,0.0,0.0,167,63,8,0,6,2,20,5,11,0,0.0,0,13,4,197,75,0
263,0,0.0,0.0,0.0,195,48,31,0,18,4,32,46,1,0,0.0,0,42,7,923,209,0
109,0,0.0,0.0,0.0,195,72,5,0,19,1,24,52,0,0,0.0,0,6,1,406,258,0
13,0,0.0,0.0,0.0,168,168,1,0,0,1,0,1,0,0,0.0,0,1,1,46,46,0
38,0,0.0,0.0,0.0,83,81,2,0,11,2,9,13,0,0,0.0,0,2,1,88,84,0
245,0,0.0,0.0,0.0,160,33,13,0,55,2,25,67,26,0,0.0,0,16,5,562,370,1
57,0,0.0,0.0,0.0,195,83,6,0,17,3,13,5,44,0,0.0,0,7,3,222,129,1
88,0,0.0,0.0,0.0,195,64,13,0,4,5,13,6,0,0,0.0,0,20,6,428,119,0
103,0,0.0,0.0,0.0,129,81,7,0,29,1,20,50,17,0,0.0,0,7,1,179,81,0
123,0,0.0,0.0,0.0,195,86,10,0,38,2,13,7,422,0,0.0,0,12,4,314,207,0
259,0,0.0,0.0,0.0,195,27,41,0,55,4,34,73,0,0,0.0,0,46,8,1538,247,0
23,0,0.0,0.0,0.0,195,118,6,0,7,3,8,3,2,0,0.0,0,8,4,129,66,0
88,0,0.0,0.0,0.0,195,107,4,0,20,2,11,18,4,0,0.0,0,8,4,339,183,0
270,0,0.0,0.0,0.0,195,61,37,0,35,4,35,59,0,0,0.0,0,51,7,2084,436,0
392,0,0.0,0.0,0.0,195,62,13,0,57,2,11,10,17,0,0.0,0,13,3,907,254,0
40,0,0.0,0.0,0.0,195,82,11,0,16,2,5,10,9,0,0.0,0,17,4,379,150,0
75,0,0.0,0.0,0.0,155,75,8,0,26,2,8,1,127,0,0.0,0,8,3,571,306,0
50,0,0.0,0.0,0.0,165,155,5,0,19,3,8,11,14,0,0.0,0,6,2,131,118,0
63,0,0.0,0.0,0.0,195,105,16,0,14,2,8,16,21,0,0.0,0,21,4,588,181,0
175,0,0.0,0.0,0.0,81,81,1,0,37,2,18,63,22,0,0.0,0,1,1,335,335,1
197,0,0.0,0.0,0.0,129,63,7,0,46,3,27,61,0,0,0.0,0,7,1,513,398,0
17,0,0.0,0.0,0.0,118,118,1,0,4,3,6,0,2,0,0.0,0,1,1,57,57,0
97,0,0.0,0.0,0.0,107,67,1,0,5,3,7,3,2,0,0.0,0,2,2,175,164,1
15,0,0.0,0.0,0.0,155,75,4,0,3,1,2,2,1,0,0.0,0,6,4,193,122,0
108,4,2.0,3.0,18.0,121,4,4,1,25,1,12,27,151,18,0.0,0,5,1,230,202,0
85,0,0.0,0.0,0.0,76,68,4,0,17,1,4,29,8,0,0.0,0,5,2,198,74,0
53,0,0.0,0.0,0.0,55,55,1,0,15,1,5,18,0,0,0.0,0,1,1,148,148,0
8,0,0.0,0.0,0.0,195,18,10,0,5,2,2,0,10,0,0.0,0,12,4,521,231,0
17,0,0.0,0.0,0.0,195,69,9,0,15,1,6,0,105,0,0.0,0,9,4,76,56,0
38,0,0.0,0.0,0.0,195,71,6,0,5,5,7,13,3,0,0.0,0,10,6,332,190,0
104,0,0.0,0.0,0.0,195,11,12,0,20,3,9,15,28,0,0.0,0,13,6,419,214,0
265,0,0.0,0.0,0.0,81,37,9,0,66,2,35,89,91,0,0.0,0,9,4,741,262,0
12,0,0.0,0.0,0.0,75,75,1,0,2,1,0,1,1,0,0.0,0,1,1,97,97,0
107,0,0.0,0.0,0.0,195,27,8,0,12,6,10,15,4,0,0.0,0,16,7,598,322,0
182,0,0.0,0.0,0.0,81,47,4,0,54,1,37,74,24,0,0.0,0,4,3,48,25,1
212,0,0.0,0.0,0.0,195,33,23,0,5,5,30,24,4,0,0.0,0,36,8,1349,493,0
39,0,0.0,0.0,0.0,112,112,1,0,5,2,6,14,0,0,0.0,0,1,1,83,83,0
36,0,0.0,0.0,0.0,80,80,2,0,6,1,1,0,3,0,0.0,0,2,1,72,54,0
73,0,0.0,0.0,0.0,74,72,1,0,7,1,9,25,1,0,0.0,0,2,2,132,128,0
204,0,0.0,0.0,0.0,195,27,39,0,52,1,47,87,25,0,0.0,0,42,9,1058,270,0
56,2,0.0,1.0,14.0,105,5,8,1,15,4,11,0,91,14,0.0,0,8,3,391,234,0
17,0,0.0,0.0,0.0,118,118,1,0,4,3,6,0,2,0,0.0,0,1,1,57,57,0
140,0,0.0,0.0,0.0,167,65,15,0,2,2,20,8,1,0,0.0,0,17,5,865,185,0
17,0,0.0,0.0,0.0,69,69,1,0,4,2,3,0,2,0,0.0,0,1,1,51,51,0
32,0,0.0,0.0,0.0,105,80,4,0,11,1,4,0,55,0,0.0,0,5,2,195,69,0
13,0,0.0,0.0,0.0,195,107,2,0,2,3,5,2,0,0,0.0,0,3,2,60,46,0
3,0,0.0,0.0,0.0,155,75,3,0,0,2,1,0,0,0,0.0,0,4,2,87,54,0
80,0,0.0,0.0,0.0,69,64,2,0,22,3,13,17,0,0,0.0,0,2,1,154,150,0
21,0,0.0,0.0,0.0,108,108,0,0,5,2,7,0,6,0,0.0,0,1,1,66,66,0
138,0,0.0,0.0,0.0,34,33,3,0,38,3,12,29,4,0,0.0,0,3,2,267,155,0
84,69,25.5,30.0,13.0,195,4,6,2,25,2,12,25,55,18,0.9656,0,9,2,244,109,0
117,0,0.0,0.0,0.0,195,67,10,0,38,1,22,41,4,0,0.0,0,15,4,451,138,0
200,0,0.0,0.0,0.0,195,13,15,0,45,3,31,66,85,0,0.0,0,16,6,605,214,0
46,0,0.0,0.0,0.0,195,81,7,0,11,2,8,21,0,0,0.0,0,7,3,138,90,0
358,0,0.0,0.0,0.0,195,13,63,0,81,4,38,108,103,0,0.0,0,70,8,4156,643,0
44,0,0.0,0.0,0.0,156,81,8,0,11,2,17,30,1,0,0.0,0,13,4,213,112,0
54,0,0.0,0.0,0.0,81,81,1,0,15,3,13,4,37,0,0.0,0,1,1,153,153,0
609,0,0.0,0.0,0.0,195,34,31,0,208,1,63,179,81,0,0.0,0,37,7,2413,755,1
87,0,0.0,0.0,0.0,168,65,7,0,11,1,20,42,0,0,0.0,0,9,2,292,209,0
212,0,0.0,0.0,0.0,160,26,8,0,85,1,13,67,45,0,0.0,0,13,4,648,346,0
78,0,0.0,0.0,0.0,105,62,8,0,16,3,27,32,0,0,0.0,0,9,3,298,159,0
62,0,0.0,0.0,0.0,105,80,5,0,17,4,14,3,122,0,0.0,0,5,2,199,119,0
82,0,0.0,0.0,0.0,114,105,4,0,19,1,3,20,1,0,0.0,0,5,2,229,140,0
246,0,0.0,0.0,0.0,160,65,18,0,26,4,24,36,0,0,0.0,0,26,5,1520,365,0
304,0,0.0,0.0,0.0,195,70,9,0,96,5,47,60,1158,0,0.0,0,11,4,1010,416,0
59,0,0.0,0.0,0.0,155,75,16,0,15,2,14,24,0,0,0.0,0,16,5,660,266,0
44,0,0.0,0.0,0.0,195,114,7,0,10,1,15,14,0,0,0.0,0,7,2,147,89,0
48,0,0.0,0.0,0.0,155,75,7,0,15,3,7,1,68,0,0.0,0,7,3,341,218,0
46,0,0.0,0.0,0.0,195,71,8,0,6,4,8,9,4,0,0.0,0,13,6,135,87,1
20,0,0.0,0.0,0.0,155,27,17,0,18,1,23,0,153,0,0.0,0,17,4,1192,598,0
96,0,0.0,0.0,0.0,195,25,30,0,15,4,26,14,9,0,0.0,0,39,7,469,216,0
23,0,0.0,0.0,0.0,195,83,6,0,7,3,8,3,2,0,0.0,0,8,5,154,66,0
8,0,0.0,0.0,0.0,75,75,1,0,1,1,0,1,0,0,0.0,0,1,1,57,57,0
57,0,0.0,0.0,0.0,195,97,13,0,23,1,17,22,0,0,0.0,0,15,5,233,123,0
90,0,0.0,0.0,0.0,160,135,1,0,20,1,5,9,100,0,0.0,0,3,3,180,154,0
57,0,0.0,0.0,0.0,64,63,3,0,15,1,3,3,3,0,0.0,0,3,2,115,98,0
25,0,0.0,0.0,0.0,143,143,1,0,4,2,5,1,0,0,0.0,0,1,1,72,72,0
14,0,0.0,0.0,0.0,165,13,9,0,12,1,5,0,66,0,0.0,0,10,5,383,228,0
223,0,0.0,0.0,0.0,195,27,13,0,49,2,22,67,17,0,0.0,0,14,3,568,310,0
22,0,0.0,0.0,0.0,195,80,11,0,4,1,2,0,4,0,0.0,0,11,3,117,43,0
7,0,0.0,0.0,0.0,155,75,9,0,5,1,12,0,10,0,0.0,0,9,3,405,198,0
38,0,0.0,0.0,0.0,111,69,2,0,10,2,3,0,35,0,0.0,0,2,1,81,79,0
11,0,0.0,0.0,0.0,165,62,4,0,2,2,6,4,0,0,0.0,0,5,3,73,41,0
27,0,0.0,0.0,0.0,195,129,4,0,10,2,7,6,0,0,0.0,0,4,2,104,86,0
100,0,0.0,0.0,0.0,195,62,26,0,4,4,18,9,0,0,0.0,0,36,7,410,165,0
85,148,148.0,148.0,7.0,3,3,1,1,5,4,11,12,1,7,0.0,0,1,1,148,148,0
59,0,0.0,0.0,0.0,155,75,5,0,16,2,5,0,104,0,0.0,0,5,4,407,270,0
156,0,0.0,0.0,0.0,195,50,34,0,38,3,34,39,0,0,0.0,0,39,5,1008,244,0
103,0,0.0,0.0,0.0,195,69,10,0,21,1,8,34,33,0,0.0,0,12,4,377,200,0
22,0,0.0,0.0,0.0,82,82,1,0,8,1,4,7,3,0,0.0,0,1,1,6,6,0
48,0,0.0,0.0,0.0,81,81,2,0,19,2,15,34,3,0,0.0,0,2,2,151,127,0
47,0,0.0,0.0,0.0,108,82,2,0,8,5,8,7,28,0,0.0,0,2,2,123,109,0
11,0,0.0,0.0,0.0,195,107,2,0,3,4,5,0,1,0,0.0,0,6,3,80,50,0
95,0,0.0,0.0,0.0,155,75,11,0,26,2,8,0,301,0,0.0,0,11,5,586,354,0
13,0,0.0,0.0,0.0,154,154,1,0,4,1,3,2,0,0,0.0,0,1,1,36,36,0
134,0,0.0,0.0,0.0,165,108,4,0,39,1,12,20,227,0,0.0,0,5,2,244,216,0
46,0,0.0,0.0,0.0,195,114,8,0,11,2,9,16,28,0,0.0,0,8,3,193,73,0
34,0,0.0,0.0,0.0,75,67,2,0,8,1,3,2,15,0,0.0,0,2,1,72,63,0
60,0,0.0,0.0,0.0,195,81,4,0,19,1,2,6,57,0,0.0,0,6,3,162,110,0
162,0,0.0,0.0,0.0,151,61,5,0,43,1,11,59,0,0,0.0,0,7,2,394,196,0
439,0,0.0,0.0,0.0,195,62,32,0,6,7,39,33,0,0,0.0,0,42,7,2100,711,0
79,0,0.0,0.0,0.0,195,153,2,0,27,2,10,17,47,0,0.0,0,3,2,151,145,0
21,0,0.0,0.0,0.0,195,80,5,0,7,2,8,2,6,0,0.0,0,5,2,78,65,0
39,2,0.0,1.0,14.0,129,5,6,1,13,2,12,1,28,14,0.0,0,7,2,333,200,0
191,0,0.0,0.0,0.0,195,81,14,0,50,3,24,41,0,0,0.0,0,18,4,618,280,0
402,0,0.0,0.0,0.0,195,62,29,0,5,6,29,18,0,0,0.0,0,37,7,1523,506,0
42,0,0.0,0.0,0.0,155,71,12,0,11,1,5,12,15,0,0.0,0,13,4,655,160,0
33,0,0.0,0.0,0.0,195,112,2,0,13,1,1,2,2,0,0.0,0,5,3,78,72,0
177,0,0.0,0.0,0.0,195,84,12,0,4,2,20,16,1,0,0.0,0,21,5,574,263,0
45,0,0.0,0.0,0.0,165,58,8,0,12,2,13,8,66,0,0.0,0,10,4,196,131,1
49,0,0.0,0.0,0.0,68,37,2,0,2,4,16,7,0,0,0.0,0,2,1,115,113,0
27,0,0.0,0.0,0.0,81,81,1,0,7,4,9,2,6,0,0.0,0,1,1,77,77,0
153,0,0.0,0.0,0.0,195,62,18,0,1,4,17,9,0,0,0.0,0,24,5,972,211,0
79,0,0.0,0.0,0.0,165,88,4,0,24,1,17,5,204,0,0.0,0,8,3,213,120,0
114,0,0.0,0.0,0.0,156,62,15,0,31,3,28,49,3,0,0.0,0,18,5,947,411,0
58,0,0.0,0.0,0.0,108,82,2,0,9,3,7,8,28,0,0.0,0,2,2,96,77,0
10,0,0.0,0.0,0.0,155,75,5,0,2,1,1,0,0,0,0.0,0,7,3,234,92,0
66,0,0.0,0.0,0.0,195,67,11,0,18,3,11,15,0,0,0.0,0,12,5,315,143,0
11,0,0.0,0.0,0.0,168,168,1,0,0,1,0,0,0,0,0.0,0,1,1,41,41,0
15,0,0.0,0.0,0.0,153,25,2,0,3,6,7,4,3,0,0.0,0,4,2,55,49,0
100,0,0.0,0.0,0.0,195,62,17,0,1,2,20,11,0,0,0.0,0,21,6,368,133,0
42,0,0.0,0.0,0.0,155,75,3,0,14,2,2,1,35,0,0.0,0,3,2,267,178,0
33,0,0.0,0.0,0.0,195,26,4,0,10,3,7,7,1,0,0.0,0,4,2,96,50,0
79,0,0.0,0.0,0.0,195,13,15,0,17,3,20,24,16,0,0.0,0,18,7,605,223,0
23,0,0.0,0.0,0.0,195,118,4,0,7,3,8,3,2,0,0.0,0,5,3,106,59,0
150,0,0.0,0.0,0.0,195,33,20,0,4,3,26,18,1,0,0.0,0,30,8,923,262,0
32,0,0.0,0.0,0.0,129,75,2,0,8,2,12,0,22,0,0.0,0,3,1,252,182,0
17,0,0.0,0.0,0.0,118,118,1,0,4,3,6,0,2,0,0.0,0,1,1,58,58,0
20,0,0.0,0.0,0.0,155,27,22,0,18,1,26,0,153,0,0.0,0,22,6,1217,423,0
51,0,0.0,0.0,0.0,114,68,3,0,15,2,7,14,36,0,0.0,0,3,2,87,61,0
50,0,0.0,0.0,0.0,149,107,2,0,1,4,8,2,0,0,0.0,0,5,2,111,101,0
60,0,0.0,0.0,0.0,195,154,4,0,8,7,7,10,8,0,0.0,0,5,2,134,111,0
26,0,0.0,0.0,0.0,146,81,6,0,5,2,6,12,0,0,0.0,0,6,2,103,53,0
131,0,0.0,0.0,0.0,195,27,30,0,19,3,20,32,153,0,0.0,0,33,7,853,161,0
150,0,0.0,0.0,0.0,195,80,14,0,5,3,25,29,1,0,0.0,0,19,5,514,219,0
37,0,0.0,0.0,0.0,155,75,9,0,9,2,6,2,22,0,0.0,0,9,2,881,252,0
28,0,0.0,0.0,0.0,148,106,2,0,7,2,12,12,4,0,0.0,0,3,2,81,75,0
8,0,0.0,0.0,0.0,138,138,0,0,1,1,0,0,0,0,0.0,0,1,1,34,34,0
6,0,0.0,0.0,0.0,115,106,2,0,1,4,2,1,0,0,0.0,0,2,2,29,22,0
27,0,0.0,0.0,0.0,195,118,4,0,7,4,9,2,6,0,0.0,0,5,3,91,69,0
41,0,0.0,0.0,0.0,108,108,1,0,6,5,7,5,15,0,0.0,0,1,1,90,90,0
20,0,0.0,0.0,0.0,195,150,3,0,7,1,3,7,3,0,0.0,0,3,2,91,54,0
70,0,0.0,0.0,0.0,129,86,3,0,24,1,2,25,10,0,0.0,0,3,1,158,126,0
34,0,0.0,0.0,0.0,80,80,2,0,1,1,2,0,0,0,0.0,0,2,1,70,52,0
3,0,0.0,0.0,0.0,195,121,4,0,0,4,2,0,0,0,0.0,0,4,2,35,31,0
23,0,0.0,0.0,0.0,195,80,11,0,6,7,12,11,3,0,0.0,0,16,6,444,151,0
303,39,5.0,22.0,5.0,195,6,50,1,82,2,42,132,149,5,0.0,0,57,9,1425,411,0
114,38,5.0,12.0,11.0,195,5,22,2,33,3,23,32,253,14,0.7425,0,27,7,584,178,0
60,0,0.0,0.0,0.0,195,33,17,0,18,3,14,23,91,0,0.0,0,18,6,296,102,0
56,0,0.0,0.0,0.0,80,80,3,0,13,2,3,5,4,0,0.0,0,3,1,91,64,0
17,0,0.0,0.0,0.0,118,118,1,0,4,3,6,0,2,0,0.0,0,1,1,58,58,0
45,0,0.0,0.0,0.0,82,82,6,0,19,2,14,33,3,0,0.0,0,6,2,184,78,0
8,0,0.0,0.0,0.0,129,129,1,0,1,1,0,0,0,0,0.0,0,1,1,35,35,0
80,0,0.0,0.0,0.0,80,48,5,0,16,2,6,11,2,0,0.0,0,5,3,173,99,0
458,0,0.0,0.0,0.0,81,12,3,0,117,2,29,115,184,0,0.0,0,3,3,736,719,1
286,0,0.0,0.0,0.0,167,84,10,0,8,2,26,18,0,0,0.0,0,14,4,531,271,0
14,0,0.0,0.0,0.0,155,75,15,0,1,1,0,0,0,0,0.0,0,18,3,690,244,0
133,0,0.0,0.0,0.0,80,75,5,0,18,1,24,35,0,0,0.0,0,5,1,342,136,0
113,0,0.0,0.0,0.0,195,39,15,0,25,3,23,35,151,0,0.0,0,19,8,1105,532,0
41,0,0.0,0.0,0.0,146,64,3,0,9,1,6,22,0,0,0.0,0,3,2,105,103,0
64,46,10.0,28.0,18.0,155,4,19,1,17,2,22,31,0,18,0.0,0,20,4,493,163,0
58,0,0.0,0.0,0.0,107,88,1,0,4,5,15,8,1,0,0.0,0,2,2,130,126,0
3,0,0.0,0.0,0.0,165,131,1,0,1,1,1,0,0,0,0.0,0,2,1,28,26,0
11,0,0.0,0.0,0.0,154,151,3,0,1,4,5,3,0,0,0.0,0,3,2,83,44,0
3,0,0.0,0.0,0.0,195,155,3,0,0,4,2,0,0,0,0.0,0,3,2,31,29,0
63,0,0.0,0.0,0.0,155,75,4,0,17,2,4,0,120,0,0.0,0,4,2,417,242,0
35,0,0.0,0.0,0.0,75,75,1,0,14,2,2,0,12,0,0.0,0,1,1,168,168,0
89,0,0.0,0.0,0.0,114,112,3,0,6,2,9,11,0,0,0.0,0,3,2,207,110,0
34,0,0.0,0.0,0.0,114,112,3,0,10,2,7,0,20,0,0.0,0,3,2,116,87,0
59,0,0.0,0.0,0.0,82,80,4,0,11,7,20,24,4,0,0.0,0,4,2,179,121,0
60,0,0.0,0.0,0.0,143,50,4,0,19,2,7,12,6,0,0.0,0,4,1,570,228,0
21,0,0.0,0.0,0.0,118,48,2,0,5,3,7,0,6,0,0.0,0,2,1,65,57,0
29,0,0.0,0.0,0.0,195,105,6,0,8,2,18,7,0,0,0.0,0,6,2,126,83,0
43,0,0.0,0.0,0.0,155,75,6,0,13,2,9,18,6,0,0.0,0,9,3,425,220,0
104,0,0.0,0.0,0.0,165,13,17,0,23,2,15,27,153,0,0.0,0,19,5,378,199,1
406,41,-33.0,4.0,3.0,156,9,14,1,95,1,30,72,0,3,0.0,0,15,4,1166,539,0
72,0,0.0,0.0,0.0,150,11,3,0,15,1,1,17,48,0,0.0,0,5,1,207,132,0
54,0,0.0,0.0,0.0,63,57,2,0,1,4,13,7,0,0,0.0,0,2,2,112,111,0
3,0,0.0,0.0,0.0,195,118,5,0,0,4,3,0,0,0,0.0,0,5,2,41,32,0
39,0,0.0,0.0,0.0,195,25,25,0,7,5,21,23,0,0,0.0,0,31,5,260,90,0
70,0,0.0,0.0,0.0,129,39,9,0,17,1,11,31,1,0,0.0,0,9,2,528,252,0
17,0,0.0,0.0,0.0,155,75,9,0,4,5,3,0,2,0,0.0,0,10,2,273,98,0
145,0,0.0,0.0,0.0,160,81,14,0,14,2,26,29,21,0,0.0,0,20,6,626,439,1
18,0,0.0,0.0,0.0,155,75,7,0,6,1,2,2,0,0,0.0,0,9,4,212,108,0
73,0,0.0,0.0,0.0,195,115,5,0,11,2,7,19,1,0,0.0,0,5,3,136,78,0
93,0,0.0,0.0,0.0,111,60,5,0,8,4,9,18,4,0,0.0,0,6,2,347,119,0
33,0,0.0,0.0,0.0,155,75,8,0,8,3,8,0,26,0,0.0,0,8,3,432,230,0
110,0,0.0,0.0,0.0,114,65,4,0,11,2,14,17,6,0,0.0,0,5,3,271,233,0
49,0,0.0,0.0,0.0,155,75,8,0,13,3,7,0,66,0,0.0,0,9,4,396,212,0
65,0,0.0,0.0,0.0,80,48,4,0,16,4,2,7,1,0,0.0,0,4,3,133,79,0
245,0,0.0,0.0,0.0,195,62,17,0,12,6,28,15,6,0,0.0,0,29,7,2254,871,0
66,0,0.0,0.0,0.0,168,37,7,0,20,1,6,7,73,0,0.0,0,9,4,503,136,0
170,0,0.0,0.0,0.0,195,62,19,0,9,3,28,14,1,0,0.0,0,29,7,597,334,0
166,0,0.0,0.0,0.0,83,69,3,0,34,1,8,49,10,0,0.0,0,3,1,340,194,0
32,0,0.0,0.0,0.0,155,75,8,0,9,3,8,0,22,0,0.0,0,10,5,359,194,0
15,0,0.0,0.0,0.0,155,69,14,0,13,1,22,0,78,0,0.0,0,15,3,807,404,0
55,0,0.0,0.0,0.0,65,64,3,0,2,2,19,10,0,0,0.0,0,3,2,270,175,0
115,0,0.0,0.0,0.0,11,11,2,0,9,4,8,16,6,0,0.0,0,2,2,198,196,0
161,0,0.0,0.0,0.0,80,67,13,0,23,1,11,26,0,0,0.0,0,13,2,466,131,0
66,0,0.0,0.0,0.0,195,72,9,0,19,3,12,5,135,0,0.0,0,9,3,291,139,0
69,0,0.0,0.0,0.0,193,57,5,0,5,4,5,3,0,0,0.0,0,7,6,289,140,0
78,0,0.0,0.0,0.0,108,81,2,0,18,1,4,1,39,0,0.0,0,3,1,152,137,0
137,0,0.0,0.0,0.0,155,26,13,0,39,6,9,6,499,0,0.0,0,14,3,930,516,0
467,0,0.0,0.0,0.0,74,69,0,0,73,1,68,94,0,0,0.0,0,3,1,803,739,0
27,0,0.0,0.0,0.0,195,118,4,0,7,4,9,2,6,0,0.0,0,5,3,91,69,0
13,0,0.0,0.0,0.0,118,118,1,0,2,2,5,2,0,0,0.0,0,1,1,40,40,0
54,0,0.0,0.0,0.0,155,69,10,0,19,4,9,3,51,0,0.0,0,11,2,495,202,0
57,0,0.0,0.0,0.0,195,48,7,0,17,3,13,5,44,0,0.0,0,8,3,230,132,1
122,0,0.0,0.0,0.0,195,107,4,0,32,2,7,31,25,0,0.0,0,5,3,215,202,0
17,0,0.0,0.0,0.0,80,63,2,0,9,2,7,16,0,0,0.0,0,2,2,65,57,0
96,0,0.0,0.0,0.0,155,75,6,0,28,2,9,13,176,0,0.0,0,7,3,536,346,0
109,0,0.0,0.0,0.0,82,62,4,0,3,6,19,24,0,0,0.0,0,6,3,473,201,0
80,0,0.0,0.0,0.0,85,85,1,0,6,2,8,3,0,0,0.0,0,1,1,131,131,0
154,0,0.0,0.0,0.0,155,75,9,0,41,3,10,0,746,0,0.0,0,10,3,840,540,0
82,37,3.75,6.5,10.5,154,4,23,4,25,2,27,35,0,18,1.629,0,26,7,789,316,0
12,0,0.0,0.0,0.0,155,75,3,0,3,1,6,3,3,0,0.0,0,5,2,175,108,0
26,0,0.0,0.0,0.0,33,32,2,0,5,2,12,6,0,0,0.0,0,2,1,124,94,0
66,0,0.0,0.0,0.0,155,75,6,0,18,3,6,0,135,0,0.0,0,7,2,407,246,0
12,0,0.0,0.0,0.0,195,129,3,0,1,5,4,3,0,0,0.0,0,5,2,63,45,0
50,0,0.0,0.0,0.0,115,106,2,0,14,1,4,6,66,0,0.0,0,2,2,91,81,0
158,0,0.0,0.0,0.0,76,64,9,0,32,1,15,47,37,0,0.0,0,9,3,283,97,0
57,0,0.0,0.0,0.0,148,106,5,0,1,3,16,6,0,0,0.0,0,9,3,345,173,0
126,0,0.0,0.0,0.0,154,27,27,0,32,2,20,44,21,0,0.0,0,28,6,1038,197,0
32,0,0.0,0.0,0.0,195,18,8,0,9,3,9,4,28,0,0.0,0,8,4,104,58,0
24,0,0.0,0.0,0.0,195,81,15,0,22,1,9,0,231,0,0.0,0,15,4,111,52,0
51,0,0.0,0.0,0.0,0,0,0,0,9,2,11,12,1,0,0.0,0,0,0,0,0,0
9,4,0.0,2.0,18.0,195,4,3,1,7,1,3,0,21,18,0.0,0,3,2,46,41,0
119,0,0.0,0.0,0.0,195,79,7,0,61,2,8,42,66,0,0.0,0,7,6,838,216,0
257,0,0.0,0.0,0.0,195,80,18,0,29,5,38,28,3,0,0.0,0,25,7,703,220,0
67,0,0.0,0.0,0.0,155,75,4,0,18,2,7,1,102,0,0.0,0,4,2,391,250,0
11,0,0.0,0.0,0.0,92,92,0,0,5,2,5,3,3,0,0.0,0,1,1,43,43,0
105,0,0.0,0.0,0.0,195,68,23,0,30,2,13,37,141,0,0.0,0,25,6,551,96,0
10,0,0.0,0.0,0.0,129,75,2,0,2,3,2,0,0,0,0.0,0,2,1,114,76,0
138,0,0.0,0.0,0.0,195,80,15,0,36,1,15,65,8,0,0.0,0,16,4,522,182,0
3,0,0.0,0.0,0.0,195,155,3,0,0,4,3,0,0,0,0.0,0,3,2,33,31,0
64,0,0.0,0.0,0.0,165,155,3,0,23,3,10,16,33,0,0.0,0,4,2,148,135,0
162,0,0.0,0.0,0.0,195,34,22,0,38,1,29,64,81,0,0.0,0,34,7,658,224,0
6,0,0.0,0.0,0.0,155,75,11,0,4,1,13,0,6,0,0.0,0,12,4,354,178,0
17,0,0.0,0.0,0.0,155,75,4,0,4,2,8,3,0,0,0.0,0,4,3,153,102,0
27,0,0.0,0.0,0.0,195,118,4,0,7,4,9,2,6,0,0.0,0,5,3,88,69,0
114,0,0.0,0.0,0.0,168,57,15,0,30,1,19,49,0,0,0.0,0,17,3,482,239,0
45,0,0.0,0.0,0.0,68,68,2,0,2,2,12,14,0,0,0.0,0,2,1,102,96,0
54,0,0.0,0.0,0.0,0,0,0,0,14,1,4,5,81,0,0.0,0,0,0,0,0,1
131,0,0.0,0.0,0.0,195,80,13,0,33,2,27,51,36,0,0.0,0,14,5,364,170,0
64,43,33.0,38.0,18.0,195,4,4,1,20,2,8,18,28,18,0.0,0,5,2,161,100,0
471,0,0.0,0.0,0.0,81,37,9,0,99,2,22,82,147,0,0.0,0,9,3,713,406,0
53,0,0.0,0.0,0.0,195,114,5,0,14,1,9,18,0,0,0.0,0,5,3,160,67,0
134,0,0.0,0.0,0.0,195,82,12,0,17,2,22,36,0,0,0.0,0,21,5,836,174,0
128,0,0.0,0.0,0.0,195,82,6,0,44,4,20,26,97,0,0.0,0,9,4,463,196,0
69,0,0.0,0.0,0.0,118,106,2,0,8,3,21,11,7,0,0.0,0,2,1,190,184,0
235,26,26.0,26.0,18.0,195,4,21,1,54,4,33,60,0,18,0.0,0,28,8,1127,434,0
150,0,0.0,0.0,0.0,92,55,2,0,45,1,17,54,0,0,0.0,0,4,1,243,233,0
119,81,-7.5,16.5,11.0,195,5,24,2,1,5,18,8,0,14,0.9599,0,31,7,705,235,0
75,0,0.0,0.0,0.0,195,47,14,0,21,2,9,27,3,0,0.0,0,16,6,328,109,0
94,0,0.0,0.0,0.0,195,79,12,0,24,2,19,32,1,0,0.0,0,14,6,750,188,1
61,0,0.0,0.0,0.0,195,80,8,0,27,2,13,16,36,0,0.0,0,9,3,187,86,0
108,0,0.0,0.0,0.0,195,76,9,0,33,2,14,17,269,0,0.0,0,9,3,345,188,0
11,0,0.0,0.0,0.0,155,75,14,0,0,1,0,1,0,0,0.0,0,20,4,251,104,0
4,0,0.0,0.0,0.0,155,75,5,0,1,1,2,2,0,0,0.0,0,7,4,124,76,0
44,0,0.0,0.0,0.0,195,195,1,0,6,2,8,22,1,0,0.0,0,1,1,100,100,0
101,0,0.0,0.0,0.0,155,69,12,0,27,6,10,8,233,0,0.0,0,14,3,631,326,0
26,0,0.0,0.0,0.0,115,63,11,0,8,1,2,4,8,0,0.0,0,11,2,327,210,0
33,0,0.0,0.0,0.0,160,147,5,0,3,4,8,1,1,0,0.0,0,6,4,127,101,0
2,0,0.0,0.0,0.0,114,82,3,0,0,2,3,0,0,0,0.0,0,3,2,39,26,0
34,2,2.0,2.0,18.0,195,4,4,1,13,2,6,2,20,18,0.0,0,5,2,106,93,0
8,0,0.0,0.0,0.0,114,114,1,0,2,1,6,2,1,0,0.0,0,1,1,48,48,0
58,0,0.0,0.0,0.0,81,81,1,0,19,4,8,8,83,0,0.0,0,1,1,133,133,0
55,0,0.0,0.0,0.0,195,25,10,0,4,2,16,10,0,0,0.0,0,11,6,184,107,0
256,3,-1.0,1.0,3.0,156,9,20,1,65,1,33,86,15,3,0.0,0,28,5,906,451,0
67,0,0.0,0.0,0.0,151,81,5,0,13,1,16,29,15,0,0.0,0,7,1,197,142,0
48,0,0.0,0.0,0.0,113,113,1,0,8,1,11,21,0,0,0.0,0,1,1,92,92,0
145,0,0.0,0.0,0.0,195,44,26,0,37,1,29,56,24,0,0.0,0,32,7,756,157,0
42,0,0.0,0.0,0.0,81,80,2,0,11,1,6,0,43,0,0.0,0,2,2,19,17,0
24,0,0.0,0.0,0.0,195,121,3,0,6,2,7,0,9,0,0.0,0,3,2,90,69,0
112,0,0.0,0.0,0.0,80,80,4,0,23,2,5,9,4,0,0.0,0,4,1,208,150,0
42,0,0.0,0.0,0.0,155,75,5,0,11,2,7,0,45,0,0.0,0,5,2,351,194,0
64,0,0.0,0.0,0.0,162,72,1,0,11,1,8,15,0,0,0.0,0,2,1,129,127,0
84,0,0.0,0.0,0.0,195,62,29,0,10,4,21,29,0,0,0.0,0,36,7,465,121,0
64,0,0.0,0.0,0.0,195,118,7,0,20,1,8,25,36,0,0.0,0,9,3,158,91,0
3,0,0.0,0.0,0.0,195,155,3,0,0,4,3,0,0,0,0.0,0,3,2,33,31,0
56,0,0.0,0.0,0.0,195,107,10,0,3,3,9,2,3,0,0.0,0,11,4,1349,600,1
10,0,0.0,0.0,0.0,129,75,2,0,2,3,3,0,0,0,0.0,0,2,1,117,78,0
34,0,0.0,0.0,0.0,195,108,5,0,10,1,7,26,0,0,0.0,0,6,3,177,82,0
230,0,0.0,0.0,0.0,195,11,23,0,54,2,36,71,4,0,0.0,0,34,6,934,221,0
90,0,0.0,0.0,0.0,68,65,4,0,2,4,14,11,0,0,0.0,0,4,2,152,124,0
73,0,0.0,0.0,0.0,33,32,2,0,10,2,8,9,7,0,0.0,0,2,1,132,105,0
39,0,0.0,0.0,0.0,112,112,1,0,5,1,11,14,0,0,0.0,0,1,1,108,108,0
17,0,0.0,0.0,0.0,155,75,4,0,4,2,4,0,2,0,0.0,0,4,2,164,104,0
52,0,0.0,0.0,0.0,165,88,4,0,16,1,12,5,91,0,0.0,0,8,3,190,102,0
7,0,0.0,0.0,0.0,155,75,11,0,5,1,16,0,10,0,0.0,0,13,3,588,238,0
129,0,0.0,0.0,0.0,195,33,18,0,4,3,22,15,1,0,0.0,0,29,8,837,224,0
82,0,0.0,0.0,0.0,118,64,3,0,8,2,12,8,0,0,0.0,0,3,2,215,171,0
171,0,0.0,0.0,0.0,195,107,12,0,6,2,17,6,1,0,0.0,0,18,5,626,185,0
17,0,0.0,0.0,0.0,105,75,3,0,4,5,3,0,2,0,0.0,0,3,2,147,98,0
80,0,0.0,0.0,0.0,148,63,6,0,11,4,17,18,1,0,0.0,0,14,3,282,156,0
49,0,0.0,0.0,0.0,155,75,6,0,16,3,5,1,54,0,0.0,0,7,2,315,202,0
23,0,0.0,0.0,0.0,195,118,4,0,7,3,8,3,2,0,0.0,0,5,3,105,59,0
38,0,0.0,0.0,0.0,80,80,1,0,16,2,9,29,0,0,0.0,0,1,1,84,84,0
45,0,0.0,0.0,0.0,80,74,10,0,10,2,4,8,0,0,0.0,0,11,1,190,44,0
90,0,0.0,0.0,0.0,195,63,15,0,15,3,20,26,0,0,0.0,0,21,5,854,309,0
4,0,0.0,0.0,0.0,155,75,4,0,1,1,2,2,0,0,0.0,0,6,3,106,68,0
8,0,0.0,0.0,0.0,152,106,4,0,6,1,10,0,15,0,0.0,0,4,3,164,62,1
67,0,0.0,0.0,0.0,195,82,6,0,37,3,9,16,171,0,0.0,0,8,2,315,168,0
33,0,0.0,0.0,0.0,131,107,5,0,8,3,8,0,26,0,0.0,0,5,1,179,126,0
11,0,0.0,0.0,0.0,80,48,5,0,0,1,0,0,0,0,0.0,0,5,3,121,72,0
17,0,0.0,0.0,0.0,195,129,3,0,4,2,5,0,2,0,0.0,0,3,2,59,55,0
26,0,0.0,0.0,0.0,155,75,5,0,6,2,7,1,3,0,0.0,0,6,2,284,156,0
11,0,0.0,0.0,0.0,195,112,5,0,4,1,5,4,1,0,0.0,0,5,3,257,110,0
229,0,0.0,0.0,0.0,195,80,25,0,57,1,27,158,70,0,0.0,0,29,4,1088,315,0
31,0,0.0,0.0,0.0,195,155,2,0,5,1,1,10,8,0,0.0,0,2,2,76,75,0
160,0,0.0,0.0,0.0,195,76,19,0,48,3,27,8,779,0,0.0,0,22,4,709,356,0
77,0,0.0,0.0,0.0,167,62,16,0,8,2,22,12,0,0,0.0,0,26,6,431,104,0
134,0,0.0,0.0,0.0,195,80,25,0,28,2,16,40,91,0,0.0,0,26,4,478,180,0
3,0,0.0,0.0,0.0,155,75,2,0,1,1,1,0,0,0,0.0,0,3,2,98,64,0
4,0,0.0,0.0,0.0,67,67,1,0,0,1,0,0,0,0,0.0,0,1,1,80,80,0
38,0,0.0,0.0,0.0,80,63,3,0,6,1,16,7,1,0,0.0,0,3,2,82,77,0
44,0,0.0,0.0,0.0,80,80,1,0,10,2,8,16,0,0,0.0,0,1,1,78,78,0
16,0,0.0,0.0,0.0,155,75,4,0,4,2,3,0,0,0,0.0,0,5,2,169,108,0
27,0,0.0,0.0,0.0,195,82,4,0,4,6,11,10,1,0,0.0,0,7,5,80,59,0
84,0,0.0,0.0,0.0,155,80,4,0,22,1,13,21,54,0,0.0,0,4,2,234,180,0
80,0,0.0,0.0,0.0,155,75,8,0,22,3,6,0,139,0,0.0,0,10,3,648,380,0
155,0,0.0,0.0,0.0,160,27,20,0,14,3,16,16,4,0,0.0,0,23,5,478,203,0
42,0,0.0,0.0,0.0,160,118,4,0,11,2,7,13,0,0,0.0,0,4,2,130,93,0
207,0,0.0,0.0,0.0,195,65,19,0,9,4,24,17,1,0,0.0,0,31,7,757,348,0
204,0,0.0,0.0,0.0,131,27,9,0,42,2,20,55,13,0,0.0,0,10,2,436,287,0
400,0,0.0,0.0,0.0,195,62,25,0,10,7,33,24,1,0,0.0,0,36,8,1773,576,0
26,0,0.0,0.0,0.0,195,64,7,0,6,3,9,5,9,0,0.0,0,8,3,104,67,0
59,0,0.0,0.0,0.0,195,62,11,0,3,5,13,8,1,0,0.0,0,15,6,278,119,0
217,0,0.0,0.0,0.0,105,37,8,0,56,2,28,37,15,0,0.0,0,8,3,544,313,0
251,0,0.0,0.0,0.0,145,51,2,0,60,2,8,75,8,0,0.0,0,5,2,401,376,1
119,0,0.0,0.0,0.0,118,82,9,0,5,7,26,16,0,0,0.0,0,11,3,416,247,0
12,9,2.5,3.5,13.0,195,4,4,2,10,1,3,0,45,18,0.9911,0,5,2,53,41,0
375,0,0.0,0.0,0.0,195,62,19,0,9,7,33,23,0,0,0.0,0,24,7,1430,410,0
190,0,0.0,0.0,0.0,155,39,24,0,52,1,35,49,55,0,0.0,0,26,6,1700,552,0
