LOC,LOC_TOUCHED,AVC,ALA,ACSS,AGE,AOC,NFIX,FIX,WMC,DIT,CBO,RFC,LCOM,NF,ENTROPY,NSMELLS,NR,NAUTH,CHURN,MAX_CHURN,Bugginess
6,32,32.0,32.0,1516.0,15,15,1,1,4,1,1,0,6,1516,0.0,0,1,1,32,32,0
8,35,16.5,17.0,8.0,6,1,2,2,2,2,1,5,0,13,0.316,0,2,2,35,33,0
44,115,115.0,115.0,1516.0,15,15,1,1,9,1,13,17,4,1516,0.0,0,1,1,115,115,0
5,35,35.0,35.0,1516.0,15,15,1,1,1,2,2,0,0,1516,0.0,0,1,1,35,35,0
16,59,28.5,29.0,759.0,15,13,2,2,4,3,8,2,1,1516,0.3576,0,2,2,59,55,0
17,66,66.0,66.0,1516.0,15,15,1,1,3,2,8,7,1,1516,0.0,0,1,1,66,66,0
7,38,38.0,38.0,1516.0,15,15,1,1,5,1,4,0,10,1516,0.0,0,1,1,38,38,0
33,91,91.0,91.0,1516.0,15,15,1,1,11,2,11,4,0,1516,0.0,0,1,1,91,91,0
42,89,89.0,89.0,1516.0,15,15,1,1,11,1,2,4,23,1516,0.0,0,1,1,89,89,0
6,34,34.0,34.0,1516.0,15,15,1,1,4,1,2,0,6,1516,0.0,0,1,1,34,34,0
9,41,41.0,41.0,1516.0,15,15,1,1,1,2,5,5,0,1516,0.0,0,1,1,41,41,0
17,64,64.0,64.0,1516.0,15,15,1,1,4,3,5,2,0,1516,0.0,0,1,1,64,64,0
30,92,40.0,43.0,771.0,15,6,2,2,9,2,8,12,21,1516,0.7348,0,2,2,92,73,0
6,42,42.0,42.0,1516.0,15,15,1,1,1,3,0,0,0,1516,0.0,0,1,1,42,42,0
77,158,77.0,78.0,761.5,15,12,2,2,5,3,14,14,3,1516,0.1703,0,2,2,158,154,0
8,37,37.0,37.0,1516.0,15,15,1,1,2,1,0,0,0,1516,0.0,0,1,1,37,37,0
4,28,28.0,28.0,1516.0,15,15,1,1,1,2,2,0,0,1516,0.0,0,1,1,28,28,0
5,31,31.0,31.0,1516.0,15,15,1,1,1,2,2,1,0,1516,0.0,0,1,1,31,31,0
1,35,35.0,35.0,1516.0,15,15,1,1,0,1,0,0,0,1516,0.0,0,1,1,35,35,0
8,33,33.0,33.0,1516.0,15,15,1,1,2,2,2,0,1,1516,0.0,0,1,1,33,33,0
5,31,31.0,31.0,1516.0,15,15,1,1,3,1,0,0,3,1516,0.0,0,1,1,31,31,0
9,32,32.0,32.0,1516.0,15,15,1,1,2,3,0,0,1,1516,0.0,0,1,1,32,32,0
21,56,27.0,27.5,758.5,15,4,2,2,7,2,4,7,1,1516,0.2223,0,2,2,56,54,0
6,59,59.0,59.0,1516.0,15,15,1,1,4,1,3,0,6,1516,0.0,0,1,1,59,59,0
9,32,32.0,32.0,1516.0,15,15,1,1,2,3,0,0,1,1516,0.0,0,1,1,32,32,0
31,116,52.0,55.0,771.0,15,6,2,2,7,2,5,6,10,1516,0.7355,0,2,2,116,92,0
52,143,143.0,143.0,1516.0,15,15,1,1,9,2,14,16,0,1516,0.0,0,1,1,143,143,0
7,38,38.0,38.0,1516.0,15,15,1,1,5,1,4,0,10,1516,0.0,0,1,1,38,38,0
16,59,28.5,29.0,759.0,15,13,2,2,4,3,8,2,1,1516,0.3576,0,2,2,59,55,0
29,71,71.0,71.0,1516.0,15,15,1,1,6,2,7,12,1,1516,0.0,0,1,1,71,71,0
10,60,16.0,18.0,518.33,15,6,3,3,1,3,5,10,0,1516,1.2014,0,3,2,60,41,0
92,221,221.0,221.0,1516.0,15,15,1,1,16,1,21,26,0,1516,0.0,0,1,1,221,221,0
12,43,43.0,43.0,1516.0,15,15,1,1,3,2,4,4,1,1516,0.0,0,1,1,43,43,0
1,26,26.0,26.0,1516.0,15,15,1,1,0,1,0,0,0,1516,0.0,0,1,1,26,26,0
17,71,31.5,33.5,759.5,15,0,2,2,6,1,6,0,15,1516,0.4645,0,2,2,71,64,1
44,87,87.0,87.0,1516.0,15,15,1,1,12,2,2,3,6,1516,0.0,0,1,1,87,87,0
7,36,36.0,36.0,1516.0,15,15,1,1,5,1,2,0,10,1516,0.0,0,1,1,36,36,0
3,40,40.0,40.0,1516.0,15,15,1,1,1,1,2,0,0,1516,0.0,0,1,1,40,40,0
22,67,67.0,67.0,1516.0,15,15,1,1,3,2,4,1,3,1516,0.0,0,1,1,67,67,0
9,32,32.0,32.0,1516.0,15,15,1,1,2,3,0,0,1,1516,0.0,0,1,1,32,32,0
11,39,39.0,39.0,1516.0,15,15,1,1,3,2,4,1,1,1516,0.0,0,1,1,39,39,0
15,45,45.0,45.0,1516.0,15,15,1,1,4,1,3,1,0,1516,0.0,0,1,1,45,45,0
8,34,34.0,34.0,1516.0,15,15,1,1,2,3,2,0,1,1516,0.0,0,1,1,34,34,0
39,139,37.0,41.67,515.0,15,6,3,3,11,2,6,6,45,1516,0.9675,0,3,2,139,102,0
14,40,40.0,40.0,1516.0,15,15,1,1,3,1,2,2,1,1516,0.0,0,1,1,40,40,0
24,68,68.0,68.0,1516.0,15,15,1,1,10,2,6,2,26,1516,0.0,0,1,1,68,68,0
7,36,36.0,36.0,1516.0,15,15,1,1,5,1,2,0,10,1516,0.0,0,1,1,36,36,0
11,43,43.0,43.0,1516.0,15,15,1,1,6,1,0,0,1,1516,0.0,0,1,1,43,43,0
16,59,28.5,29.0,758.5,15,13,2,2,4,3,8,2,1,1516,0.3576,0,2,2,59,55,0
25,69,69.0,69.0,1516.0,15,15,1,1,7,2,8,10,10,1516,0.0,0,1,1,69,69,0
44,107,107.0,107.0,1516.0,15,15,1,1,10,1,14,13,0,1516,0.0,0,1,1,107,107,0
26,68,68.0,68.0,1516.0,15,15,1,1,8,2,7,12,10,1516,0.0,0,1,1,68,68,0
21,59,59.0,59.0,1516.0,15,15,1,1,3,1,4,8,1,1516,0.0,0,1,1,59,59,0
25,68,68.0,68.0,1516.0,15,15,1,1,7,2,8,10,10,1516,0.0,0,1,1,68,68,0
6,34,34.0,34.0,1516.0,15,15,1,1,4,1,2,0,6,1516,0.0,0,1,1,34,34,0
25,94,44.0,45.5,762.5,15,4,1,1,12,2,12,15,15,1516,0.3425,0,2,1,94,88,0
23,118,24.0,31.67,515.0,15,6,3,3,7,2,4,5,21,1516,1.1691,0,3,2,118,64,0
7,32,32.0,32.0,1516.0,15,15,1,1,1,3,3,2,0,1516,0.0,0,1,1,32,32,0
27,63,63.0,63.0,1516.0,15,15,1,1,6,2,7,15,1,1516,0.0,0,1,1,63,63,0
4,42,42.0,42.0,1516.0,15,15,1,1,3,1,0,0,0,1516,0.0,0,1,1,42,42,0
10,49,49.0,49.0,1516.0,15,15,1,1,3,1,5,1,3,1516,0.0,0,1,1,49,49,0
14,54,54.0,54.0,1516.0,15,15,1,1,2,2,6,3,0,1516,0.0,0,1,1,54,54,0
29,66,66.0,66.0,1516.0,15,15,1,1,8,1,5,6,0,1516,0.0,0,1,1,66,66,0
12,41,41.0,41.0,1516.0,15,15,1,1,4,2,1,0,0,1516,0.0,0,1,1,41,41,0
13,43,43.0,43.0,1516.0,15,15,1,1,3,1,3,2,1,1516,0.0,0,1,1,43,43,0
20,76,20.0,22.67,515.0,15,6,3,3,6,2,6,5,15,1516,1.0344,0,3,2,76,54,0
9,52,21.0,23.5,762.5,15,4,1,1,2,1,3,0,0,1516,0.8113,0,2,1,52,39,0
11,54,24.0,25.5,771.0,15,6,2,2,3,2,5,5,3,1516,0.6913,0,2,2,54,44,0
18,84,84.0,84.0,1516.0,15,15,1,1,3,2,11,6,0,1516,0.0,0,1,1,84,84,0
7,38,38.0,38.0,1516.0,15,15,1,1,5,1,4,0,10,1516,0.0,0,1,1,38,38,0
9,41,41.0,41.0,1516.0,15,15,1,1,1,3,5,5,0,1516,0.0,0,1,1,41,41,0
31,84,36.0,39.0,771.0,15,6,2,2,7,2,4,6,10,1516,0.7025,0,2,2,84,68,0
72,121,121.0,121.0,1516.0,15,15,1,1,20,1,9,0,6,1516,0.0,0,1,1,121,121,0
7,36,36.0,36.0,1516.0,15,15,1,1,5,1,2,0,10,1516,0.0,0,1,1,36,36,0
12,54,25.0,26.0,771.0,15,6,2,2,2,2,3,5,0,1516,0.5033,0,2,2,54,48,0
28,66,66.0,66.0,1516.0,15,15,1,1,8,4,1,0,24,1516,0.0,0,1,1,66,66,0
35,94,94.0,94.0,1516.0,15,15,1,1,8,2,12,17,10,1516,0.0,0,1,1,94,94,0
4,47,47.0,47.0,1516.0,15,15,1,1,2,1,2,0,1,1516,0.0,0,1,1,47,47,0
1,31,31.0,31.0,1516.0,15,15,1,1,0,1,0,0,0,1516,0.0,0,1,1,31,31,0
15,52,52.0,52.0,1516.0,15,15,1,1,4,2,6,7,6,1516,0.0,0,1,1,52,52,0
9,39,39.0,39.0,1516.0,15,15,1,1,2,2,2,0,1,1516,0.0,0,1,1,39,39,0
8,51,19.5,22.5,771.0,15,6,2,2,2,2,4,4,1,1516,0.8479,0,2,2,51,37,0
19,71,71.0,71.0,1516.0,15,15,1,1,4,1,8,3,4,1516,0.0,0,1,1,71,71,0
32,90,90.0,90.0,1516.0,15,15,1,1,7,1,9,7,4,1516,0.0,0,1,1,90,90,0
12,48,48.0,48.0,1516.0,15,15,1,1,4,2,5,7,6,1516,0.0,0,1,1,48,48,0
3,27,27.0,27.0,1516.0,15,15,1,1,1,1,1,0,0,1516,0.0,0,1,1,27,27,0
6,33,33.0,33.0,1516.0,15,15,1,1,1,3,2,0,0,1516,0.0,0,1,1,33,33,0
14,45,45.0,45.0,1516.0,15,15,1,1,2,1,3,4,1,1516,0.0,0,1,1,45,45,0
34,73,73.0,73.0,1516.0,15,15,1,1,8,2,3,6,0,1516,0.0,0,1,1,73,73,0
37,102,102.0,102.0,1516.0,15,15,1,1,8,2,12,18,10,1516,0.0,0,1,1,102,102,0
36,86,86.0,86.0,1516.0,15,15,1,1,9,2,9,15,15,1516,0.0,0,1,1,86,86,0
26,70,70.0,70.0,1516.0,15,15,1,1,1,3,9,6,0,1516,0.0,0,1,1,70,70,0
51,98,98.0,98.0,1516.0,15,15,1,1,16,3,3,7,21,1516,0.0,0,1,1,98,98,0
7,43,18.5,20.0,758.5,15,9,2,2,1,2,3,6,0,1516,0.6931,0,2,1,43,35,0
9,41,41.0,41.0,1516.0,15,15,1,1,7,1,3,0,21,1516,0.0,0,1,1,41,41,0
13,53,53.0,53.0,1516.0,15,15,1,1,5,2,5,2,1,1516,0.0,0,1,1,53,53,0
20,72,72.0,72.0,1516.0,15,15,1,1,3,1,13,6,3,1516,0.0,0,1,1,72,72,0
10,34,34.0,34.0,1516.0,15,15,1,1,2,3,1,0,0,1516,0.0,0,1,1,34,34,0
7,36,36.0,36.0,1516.0,15,15,1,1,5,1,2,0,10,1516,0.0,0,1,1,36,36,0
5,29,29.0,29.0,1516.0,15,15,1,1,1,2,1,0,0,1516,0.0,0,1,1,29,29,0
6,30,30.0,30.0,1516.0,15,15,1,1,1,2,1,0,0,1516,0.0,0,1,1,30,30,0
20,66,66.0,66.0,1516.0,15,15,1,1,3,3,9,0,0,1516,0.0,0,1,1,66,66,0
26,63,63.0,63.0,1516.0,15,15,1,1,5,2,7,11,1,1516,0.0,0,1,1,63,63,0
11,82,82.0,82.0,1516.0,15,15,1,1,7,2,5,10,0,1516,0.0,0,1,1,82,82,0
38,98,45.0,47.0,760.0,15,14,2,2,8,2,11,13,10,1516,0.2907,0,2,1,98,93,1
17,82,36.0,38.5,771.0,15,6,2,2,5,2,4,5,10,1516,0.7121,0,2,2,82,66,0
92,158,158.0,158.0,1516.0,15,15,1,1,20,2,7,17,0,1516,0.0,0,1,1,158,158,0
33,89,42.5,43.5,762.0,15,3,2,2,10,2,7,14,21,1516,0.2645,0,2,1,89,85,0
38,100,100.0,100.0,1516.0,15,15,1,1,12,2,8,16,28,1516,0.0,0,1,1,100,100,0
30,67,67.0,67.0,1516.0,15,15,1,1,7,1,6,13,1,1516,0.0,0,1,1,67,67,0
104,224,104.0,108.0,759.5,15,13,2,2,31,3,15,8,226,1516,0.5436,0,2,2,224,196,0
9,42,42.0,42.0,1516.0,15,15,1,1,1,2,6,3,0,1516,0.0,0,1,1,42,42,0
14,48,48.0,48.0,1516.0,15,15,1,1,3,2,6,4,1,1516,0.0,0,1,1,48,48,0
83,140,140.0,140.0,1516.0,15,15,1,1,21,3,3,8,44,1516,0.0,0,1,1,140,140,0
25,61,61.0,61.0,1516.0,15,15,1,1,6,2,7,8,1,1516,0.0,0,1,1,61,61,0
32,86,86.0,86.0,1516.0,15,15,1,1,14,2,10,10,28,1516,0.0,0,1,1,86,86,0
1,27,27.0,27.0,1516.0,15,15,1,1,0,1,0,0,0,1516,0.0,0,1,1,27,27,0
6,34,34.0,34.0,1516.0,15,15,1,1,4,1,2,0,6,1516,0.0,0,1,1,34,34,0
21,89,25.0,27.33,510.0,15,4,2,2,4,2,12,4,0,1516,0.6862,0,3,2,89,75,0
15,56,56.0,56.0,1516.0,15,15,1,1,4,2,7,7,6,1516,0.0,0,1,1,56,56,0
7,37,37.0,37.0,1516.0,15,15,1,1,5,1,3,0,10,1516,0.0,0,1,1,37,37,0
10,45,45.0,45.0,1516.0,15,15,1,1,8,1,7,0,28,1516,0.0,0,1,1,45,45,0
1,28,28.0,28.0,1516.0,15,15,1,1,0,1,0,0,0,1516,0.0,0,1,1,28,28,0
37,101,101.0,101.0,1516.0,15,15,1,1,8,2,12,18,10,1516,0.0,0,1,1,101,101,0
1,29,29.0,29.0,1516.0,15,15,1,1,0,1,0,0,0,1516,0.0,0,1,1,29,29,0
7,36,36.0,36.0,1516.0,15,15,1,1,5,1,2,0,10,1516,0.0,0,1,1,36,36,0
12,45,45.0,45.0,1516.0,15,15,1,1,3,2,1,0,1,1516,0.0,0,1,1,45,45,1
32,82,82.0,82.0,1516.0,15,15,1,1,9,1,9,23,0,1516,0.0,0,1,1,82,82,0
1,27,27.0,27.0,1516.0,15,15,1,1,0,1,0,0,0,1516,0.0,0,1,1,27,27,0
4,28,28.0,28.0,1516.0,15,15,1,1,1,2,2,0,0,1516,0.0,0,1,1,28,28,0
49,135,60.5,64.0,759.5,15,0,2,2,14,2,13,25,36,1516,0.7069,0,2,1,135,109,1
5,28,28.0,28.0,1516.0,15,15,1,1,2,3,2,0,1,1516,0.0,0,1,1,28,28,0
9,37,37.0,37.0,1516.0,15,15,1,1,2,2,2,0,1,1516,0.0,0,1,1,37,37,0
10,44,44.0,44.0,1516.0,15,15,1,1,8,1,4,0,28,1516,0.0,0,1,1,44,44,0
33,75,75.0,75.0,1516.0,15,15,1,1,9,2,7,10,10,1516,0.0,0,1,1,75,75,0
13,40,40.0,40.0,1516.0,15,15,1,1,3,3,2,2,1,1516,0.0,0,1,1,40,40,0
8,39,39.0,39.0,1516.0,15,15,1,1,6,1,3,0,15,1516,0.0,0,1,1,39,39,0
8,103,45.5,48.5,759.5,15,0,2,2,6,1,5,0,15,1516,0.4902,0,2,2,103,92,1
25,66,66.0,66.0,1516.0,15,15,1,1,4,1,6,13,0,1516,0.0,0,1,1,66,66,0
7,38,38.0,38.0,1516.0,15,15,1,1,5,1,4,0,10,1516,0.0,0,1,1,38,38,0
18,50,50.0,50.0,1516.0,15,15,1,1,3,2,5,1,3,1516,0.0,0,1,1,50,50,0
49,102,48.0,49.5,758.5,15,13,1,1,18,2,10,18,78,1516,0.1914,0,2,2,102,99,0
36,89,89.0,89.0,1516.0,15,15,1,1,9,1,12,9,0,1516,0.0,0,1,1,89,89,0
17,56,56.0,56.0,1516.0,15,15,1,1,3,2,6,6,1,1516,0.0,0,1,1,56,56,0
25,69,69.0,69.0,1516.0,15,15,1,1,7,2,8,10,10,1516,0.0,0,1,1,69,69,0
5,40,40.0,40.0,1516.0,15,15,1,1,0,1,0,0,0,1516,0.0,0,1,1,40,40,0
1,26,26.0,26.0,1516.0,15,15,1,1,0,1,0,0,0,1516,0.0,0,1,1,26,26,0
9,40,40.0,40.0,1516.0,15,15,1,1,7,1,2,0,21,1516,0.0,0,1,1,40,40,0
12,65,65.0,65.0,1516.0,15,15,1,1,2,1,10,8,0,1516,0.0,0,1,1,65,65,0
9,43,20.5,21.0,759.5,15,13,1,1,2,2,3,3,0,1516,0.583,0,2,2,43,37,0
1,28,28.0,28.0,1516.0,15,15,1,1,0,1,0,0,0,1516,0.0,0,1,1,28,28,0
25,66,66.0,66.0,1516.0,15,15,1,1,7,2,8,10,10,1516,0.0,0,1,1,66,66,0
14,50,50.0,50.0,1516.0,15,15,1,1,5,1,3,4,4,1516,0.0,0,1,1,50,50,0
23,67,67.0,67.0,1516.0,15,15,1,1,5,3,8,4,8,1516,0.0,0,1,1,67,67,0
5,43,43.0,43.0,1516.0,15,15,1,1,1,1,1,0,0,1516,0.0,0,1,1,43,43,0
35,82,82.0,82.0,1516.0,15,15,1,1,12,3,2,1,49,1516,0.0,0,1,1,82,82,0
10,43,21.5,21.5,759.5,15,0,2,2,8,1,3,0,28,1516,0.2714,0,2,1,43,41,1
38,88,88.0,88.0,1516.0,15,15,1,1,9,2,10,16,4,1516,0.0,0,1,1,88,88,0
37,75,75.0,75.0,1516.0,15,15,1,1,10,3,2,5,0,1516,0.0,0,1,1,75,75,0
6,0,0.0,0.0,0.0,19,19,1,0,4,1,1,0,6,0,0.0,0,1,1,32,32,0
8,0,0.0,0.0,0.0,10,4,2,0,2,2,1,5,0,0,0.0,0,2,2,35,33,0
44,0,0.0,0.0,0.0,19,19,1,0,9,1,13,17,4,0,0.0,0,1,1,115,115,0
5,0,0.0,0.0,0.0,19,19,1,0,1,2,2,0,0,0,0.0,0,1,1,35,35,0
16,0,0.0,0.0,0.0,19,17,2,0,4,3,8,2,1,0,0.0,0,2,2,59,55,0
17,0,0.0,0.0,0.0,19,19,1,0,3,2,8,7,1,0,0.0,0,1,1,66,66,0
7,0,0.0,0.0,0.0,19,19,1,0,5,1,4,0,10,0,0.0,0,1,1,38,38,0
33,0,0.0,0.0,0.0,19,19,1,0,11,2,11,4,0,0,0.0,0,1,1,91,91,0
42,0,0.0,0.0,0.0,19,19,1,0,11,1,2,4,23,0,0.0,0,1,1,89,89,0
6,0,0.0,0.0,0.0,19,19,1,0,4,1,2,0,6,0,0.0,0,1,1,34,34,0
9,0,0.0,0.0,0.0,19,19,1,0,1,2,5,5,0,0,0.0,0,1,1,41,41,0
17,0,0.0,0.0,0.0,19,19,1,0,4,3,5,2,0,0,0.0,0,1,1,64,64,0
30,0,0.0,0.0,0.0,19,9,2,0,9,2,8,12,21,0,0.0,0,2,2,92,73,0
6,0,0.0,0.0,0.0,19,19,1,0,1,3,0,0,0,0,0.0,0,1,1,42,42,0
77,0,0.0,0.0,0.0,19,16,2,0,5,3,14,14,3,0,0.0,0,2,2,158,154,0
8,0,0.0,0.0,0.0,19,19,1,0,2,1,0,0,0,0,0.0,0,1,1,37,37,0
4,0,0.0,0.0,0.0,19,19,1,0,1,2,2,0,0,0,0.0,0,1,1,28,28,0
5,0,0.0,0.0,0.0,19,19,1,0,1,2,2,1,0,0,0.0,0,1,1,31,31,0
1,0,0.0,0.0,0.0,19,19,1,0,0,1,0,0,0,0,0.0,0,1,1,35,35,0
8,0,0.0,0.0,0.0,19,19,1,0,2,2,2,0,1,0,0.0,0,1,1,33,33,0
5,0,0.0,0.0,0.0,19,19,1,0,3,1,0,0,3,0,0.0,0,1,1,31,31,0
9,0,0.0,0.0,0.0,19,19,1,0,2,3,0,0,1,0,0.0,0,1,1,32,32,0
21,0,0.0,0.0,0.0,19,7,2,0,7,2,4,7,1,0,0.0,0,2,2,56,54,0
6,0,0.0,0.0,0.0,19,19,1,0,4,1,3,0,6,0,0.0,0,1,1,59,59,0
9,0,0.0,0.0,0.0,19,19,1,0,2,3,0,0,1,0,0.0,0,1,1,32,32,0
31,0,0.0,0.0,0.0,19,9,2,0,7,2,5,6,10,0,0.0,0,2,2,116,92,0
52,0,0.0,0.0,0.0,19,19,1,0,9,2,14,16,0,0,0.0,0,1,1,143,143,0
7,0,0.0,0.0,0.0,19,19,1,0,5,1,4,0,10,0,0.0,0,1,1,38,38,0
16,0,0.0,0.0,0.0,19,17,2,0,4,3,8,2,1,0,0.0,0,2,2,59,55,0
29,0,0.0,0.0,0.0,19,19,1,0,6,2,7,12,1,0,0.0,0,1,1,71,71,0
10,0,0.0,0.0,0.0,19,9,3,0,1,3,5,10,0,0,0.0,0,3,2,60,41,0
92,0,0.0,0.0,0.0,19,19,1,0,16,1,21,26,0,0,0.0,0,1,1,221,221,0
12,0,0.0,0.0,0.0,19,19,1,0,3,2,4,4,1,0,0.0,0,1,1,43,43,0
1,0,0.0,0.0,0.0,19,19,1,0,0,1,0,0,0,0,0.0,0,1,1,26,26,0
17,0,0.0,0.0,0.0,19,4,2,0,6,1,6,0,15,0,0.0,0,2,2,71,64,0
44,0,0.0,0.0,0.0,19,19,1,0,12,2,2,3,6,0,0.0,0,1,1,87,87,0
7,0,0.0,0.0,0.0,19,19,1,0,5,1,2,0,10,0,0.0,0,1,1,36,36,0
3,0,0.0,0.0,0.0,19,19,1,0,1,1,2,0,0,0,0.0,0,1,1,40,40,0
22,0,0.0,0.0,0.0,19,19,1,0,3,2,4,1,3,0,0.0,0,1,1,67,67,0
9,0,0.0,0.0,0.0,19,19,1,0,2,3,0,0,1,0,0.0,0,1,1,32,32,0
11,0,0.0,0.0,0.0,19,19,1,0,3,2,4,1,1,0,0.0,0,1,1,39,39,0
15,0,0.0,0.0,0.0,19,19,1,0,4,1,3,1,0,0,0.0,0,1,1,45,45,0
8,0,0.0,0.0,0.0,19,19,1,0,2,3,2,0,1,0,0.0,0,1,1,34,34,0
39,0,0.0,0.0,0.0,19,9,3,0,11,2,6,6,45,0,0.0,0,3,2,139,102,0
14,0,0.0,0.0,0.0,19,19,1,0,3,1,2,2,1,0,0.0,0,1,1,40,40,0
24,0,0.0,0.0,0.0,19,19,1,0,10,2,6,2,26,0,0.0,0,1,1,68,68,0
7,0,0.0,0.0,0.0,19,19,1,0,5,1,2,0,10,0,0.0,0,1,1,36,36,0
11,0,0.0,0.0,0.0,19,19,1,0,6,1,0,0,1,0,0.0,0,1,1,43,43,0
16,0,0.0,0.0,0.0,19,17,2,0,4,3,8,2,1,0,0.0,0,2,2,59,55,0
25,0,0.0,0.0,0.0,19,19,1,0,7,2,8,10,10,0,0.0,0,1,1,69,69,0
44,0,0.0,0.0,0.0,19,19,1,0,10,1,14,13,0,0,0.0,0,1,1,107,107,0
26,0,0.0,0.0,0.0,19,19,1,0,8,2,7,12,10,0,0.0,0,1,1,68,68,0
21,0,0.0,0.0,0.0,19,19,1,0,3,1,4,8,1,0,0.0,0,1,1,59,59,0
25,0,0.0,0.0,0.0,19,19,1,0,7,2,8,10,10,0,0.0,0,1,1,68,68,0
6,0,0.0,0.0,0.0,19,19,1,0,4,1,2,0,6,0,0.0,0,1,1,34,34,0
25,0,0.0,0.0,0.0,19,7,1,0,12,2,12,15,15,0,0.0,0,2,1,94,88,0
23,0,0.0,0.0,0.0,19,9,3,0,7,2,4,5,21,0,0.0,0,3,2,118,64,0
7,0,0.0,0.0,0.0,19,19,1,0,1,3,3,2,0,0,0.0,0,1,1,32,32,0
27,0,0.0,0.0,0.0,19,19,1,0,6,2,7,15,1,0,0.0,0,1,1,63,63,0
4,0,0.0,0.0,0.0,19,19,1,0,3,1,0,0,0,0,0.0,0,1,1,42,42,0
10,0,0.0,0.0,0.0,19,19,1,0,3,1,5,1,3,0,0.0,0,1,1,49,49,0
14,0,0.0,0.0,0.0,19,19,1,0,2,2,6,3,0,0,0.0,0,1,1,54,54,0
29,0,0.0,0.0,0.0,19,19,1,0,8,1,5,6,0,0,0.0,0,1,1,66,66,0
12,0,0.0,0.0,0.0,19,19,1,0,4,2,1,0,0,0,0.0,0,1,1,41,41,0
13,0,0.0,0.0,0.0,19,19,1,0,3,1,3,2,1,0,0.0,0,1,1,43,43,0
20,0,0.0,0.0,0.0,19,9,3,0,6,2,6,5,15,0,0.0,0,3,2,76,54,0
9,0,0.0,0.0,0.0,19,7,1,0,2,1,3,0,0,0,0.0,0,2,1,52,39,0
30,4,-2.0,1.0,4.0,19,0,2,1,7,2,10,13,1,4,0.0,0,2,1,76,72,0
11,0,0.0,0.0,0.0,19,9,2,0,3,2,5,5,3,0,0.0,0,2,2,54,44,0
18,0,0.0,0.0,0.0,19,19,1,0,3,2,11,6,0,0,0.0,0,1,1,84,84,0
7,0,0.0,0.0,0.0,19,19,1,0,5,1,4,0,10,0,0.0,0,1,1,38,38,0
9,0,0.0,0.0,0.0,19,19,1,0,1,3,5,5,0,0,0.0,0,1,1,41,41,0
31,0,0.0,0.0,0.0,19,9,2,0,7,2,4,6,10,0,0.0,0,2,2,84,68,0
72,0,0.0,0.0,0.0,19,19,1,0,20,1,9,0,6,0,0.0,0,1,1,121,121,0
7,0,0.0,0.0,0.0,19,19,1,0,5,1,2,0,10,0,0.0,0,1,1,36,36,0
12,0,0.0,0.0,0.0,19,9,2,0,2,2,3,5,0,0,0.0,0,2,2,54,48,0
28,0,0.0,0.0,0.0,19,19,1,0,8,4,1,0,24,0,0.0,0,1,1,66,66,0
35,0,0.0,0.0,0.0,19,19,1,0,8,2,12,17,10,0,0.0,0,1,1,94,94,0
4,0,0.0,0.0,0.0,19,19,1,0,2,1,2,0,1,0,0.0,0,1,1,47,47,0
1,0,0.0,0.0,0.0,19,19,1,0,0,1,0,0,0,0,0.0,0,1,1,31,31,0
15,0,0.0,0.0,0.0,19,19,1,0,4,2,6,7,6,0,0.0,0,1,1,52,52,0
9,0,0.0,0.0,0.0,19,19,1,0,2,2,2,0,1,0,0.0,0,1,1,39,39,0
8,0,0.0,0.0,0.0,19,9,2,0,2,2,4,4,1,0,0.0,0,2,2,51,37,0
19,0,0.0,0.0,0.0,19,19,1,0,4,1,8,3,4,0,0.0,0,1,1,71,71,0
32,0,0.0,0.0,0.0,19,19,1,0,7,1,9,7,4,0,0.0,0,1,1,90,90,0
12,0,0.0,0.0,0.0,19,19,1,0,4,2,5,7,6,0,0.0,0,1,1,48,48,0
3,0,0.0,0.0,0.0,19,19,1,0,1,1,1,0,0,0,0.0,0,1,1,27,27,0
6,0,0.0,0.0,0.0,19,19,1,0,1,3,2,0,0,0,0.0,0,1,1,33,33,0
14,0,0.0,0.0,0.0,19,19,1,0,2,1,3,4,1,0,0.0,0,1,1,45,45,0
34,0,0.0,0.0,0.0,19,19,1,0,8,2,3,6,0,0,0.0,0,1,1,73,73,0
37,0,0.0,0.0,0.0,19,19,1,0,8,2,12,18,10,0,0.0,0,1,1,102,102,0
36,0,0.0,0.0,0.0,19,19,1,0,9,2,9,15,15,0,0.0,0,1,1,86,86,0
26,0,0.0,0.0,0.0,19,19,1,0,1,3,9,6,0,0,0.0,0,1,1,70,70,0
51,0,0.0,0.0,0.0,19,19,1,0,16,3,3,7,21,0,0.0,0,1,1,98,98,0
7,0,0.0,0.0,0.0,19,12,2,0,1,2,3,6,0,0,0.0,0,2,1,43,35,0
9,0,0.0,0.0,0.0,19,19,1,0,7,1,3,0,21,0,0.0,0,1,1,41,41,0
13,0,0.0,0.0,0.0,19,19,1,0,5,2,5,2,1,0,0.0,0,1,1,53,53,0
20,0,0.0,0.0,0.0,19,19,1,0,3,1,13,6,3,0,0.0,0,1,1,72,72,0
10,0,0.0,0.0,0.0,19,19,1,0,2,3,1,0,0,0,0.0,0,1,1,34,34,0
7,0,0.0,0.0,0.0,19,19,1,0,5,1,2,0,10,0,0.0,0,1,1,36,36,0
5,0,0.0,0.0,0.0,19,19,1,0,1,2,1,0,0,0,0.0,0,1,1,29,29,0
6,0,0.0,0.0,0.0,19,19,1,0,1,2,1,0,0,0,0.0,0,1,1,30,30,0
20,0,0.0,0.0,0.0,19,19,1,0,3,3,9,0,0,0,0.0,0,1,1,66,66,0
26,0,0.0,0.0,0.0,19,19,1,0,5,2,7,11,1,0,0.0,0,1,1,63,63,0
11,0,0.0,0.0,0.0,19,19,1,0,7,2,5,10,0,0,0.0,0,1,1,82,82,0
38,0,0.0,0.0,0.0,19,17,2,0,8,2,11,13,10,0,0.0,0,2,1,98,93,1
17,0,0.0,0.0,0.0,19,9,2,0,5,2,4,5,10,0,0.0,0,2,2,82,66,0
92,0,0.0,0.0,0.0,19,19,1,0,20,2,7,17,0,0,0.0,0,1,1,158,158,0
33,0,0.0,0.0,0.0,19,7,2,0,10,2,7,14,21,0,0.0,0,2,1,89,85,0
38,0,0.0,0.0,0.0,19,19,1,0,12,2,8,16,28,0,0.0,0,1,1,100,100,0
30,0,0.0,0.0,0.0,19,19,1,0,7,1,6,13,1,0,0.0,0,1,1,67,67,0
104,0,0.0,0.0,0.0,19,17,2,0,31,3,15,8,226,0,0.0,0,2,2,224,196,0
9,0,0.0,0.0,0.0,19,19,1,0,1,2,6,3,0,0,0.0,0,1,1,42,42,0
14,0,0.0,0.0,0.0,19,19,1,0,3,2,6,4,1,0,0.0,0,1,1,48,48,0
83,0,0.0,0.0,0.0,19,19,1,0,21,3,3,8,44,0,0.0,0,1,1,140,140,0
25,0,0.0,0.0,0.0,19,19,1,0,6,2,7,8,1,0,0.0,0,1,1,61,61,0
32,0,0.0,0.0,0.0,19,19,1,0,14,2,10,10,28,0,0.0,0,1,1,86,86,0
1,0,0.0,0.0,0.0,19,19,1,0,0,1,0,0,0,0,0.0,0,1,1,27,27,0
6,0,0.0,0.0,0.0,19,19,1,0,4,1,2,0,6,0,0.0,0,1,1,34,34,0
21,0,0.0,0.0,0.0,19,8,2,0,4,2,12,4,0,0,0.0,0,3,2,89,75,0
15,0,0.0,0.0,0.0,19,19,1,0,4,2,7,7,6,0,0.0,0,1,1,56,56,0
7,0,0.0,0.0,0.0,19,19,1,0,5,1,3,0,10,0,0.0,0,1,1,37,37,0
10,0,0.0,0.0,0.0,19,19,1,0,8,1,7,0,28,0,0.0,0,1,1,45,45,0
1,0,0.0,0.0,0.0,19,19,1,0,0,1,0,0,0,0,0.0,0,1,1,28,28,0
37,0,0.0,0.0,0.0,19,19,1,0,8,2,12,18,10,0,0.0,0,1,1,101,101,0
1,0,0.0,0.0,0.0,19,19,1,0,0,1,0,0,0,0,0.0,0,1,1,29,29,0
7,0,0.0,0.0,0.0,19,19,1,0,5,1,2,0,10,0,0.0,0,1,1,36,36,0
12,0,0.0,0.0,0.0,19,19,1,0,3,2,1,0,1,0,0.0,0,1,1,45,45,1
32,0,0.0,0.0,0.0,19,19,1,0,9,1,9,23,0,0,0.0,0,1,1,82,82,0
1,0,0.0,0.0,0.0,19,19,1,0,0,1,0,0,0,0,0.0,0,1,1,27,27,0
4,0,0.0,0.0,0.0,19,19,1,0,1,2,2,0,0,0,0.0,0,1,1,28,28,0
49,0,0.0,0.0,0.0,19,4,2,0,14,2,13,25,36,0,0.0,0,2,1,135,109,0
5,0,0.0,0.0,0.0,19,19,1,0,2,3,2,0,1,0,0.0,0,1,1,28,28,0
9,0,0.0,0.0,0.0,19,19,1,0,2,2,2,0,1,0,0.0,0,1,1,37,37,0
10,0,0.0,0.0,0.0,19,19,1,0,8,1,4,0,28,0,0.0,0,1,1,44,44,0
33,0,0.0,0.0,0.0,19,19,1,0,9,2,7,10,10,0,0.0,0,1,1,75,75,0
13,0,0.0,0.0,0.0,19,19,1,0,3,3,2,2,1,0,0.0,0,1,1,40,40,0
8,0,0.0,0.0,0.0,19,19,1,0,6,1,3,0,15,0,0.0,0,1,1,39,39,0
8,0,0.0,0.0,0.0,19,4,2,0,6,1,5,0,15,0,0.0,0,2,2,103,92,0
25,0,0.0,0.0,0.0,19,19,1,0,4,1,6,13,0,0,0.0,0,1,1,66,66,0
7,0,0.0,0.0,0.0,19,19,1,0,5,1,4,0,10,0,0.0,0,1,1,38,38,0
18,0,0.0,0.0,0.0,19,19,1,0,3,2,5,1,3,0,0.0,0,1,1,50,50,0
49,0,0.0,0.0,0.0,19,17,1,0,18,2,10,18,78,0,0.0,0,2,2,102,99,0
36,0,0.0,0.0,0.0,19,19,1,0,9,1,12,9,0,0,0.0,0,1,1,89,89,0
17,0,0.0,0.0,0.0,19,19,1,0,3,2,6,6,1,0,0.0,0,1,1,56,56,0
25,0,0.0,0.0,0.0,19,19,1,0,7,2,8,10,10,0,0.0,0,1,1,69,69,0
5,0,0.0,0.0,0.0,19,19,1,0,0,1,0,0,0,0,0.0,0,1,1,40,40,0
1,0,0.0,0.0,0.0,19,19,1,0,0,1,0,0,0,0,0.0,0,1,1,26,26,0
9,0,0.0,0.0,0.0,19,19,1,0,7,1,2,0,21,0,0.0,0,1,1,40,40,0
12,0,0.0,0.0,0.0,19,19,1,0,2,1,10,8,0,0,0.0,0,1,1,65,65,0
9,0,0.0,0.0,0.0,19,16,1,0,2,2,3,3,0,0,0.0,0,2,2,43,37,0
1,0,0.0,0.0,0.0,19,19,1,0,0,1,0,0,0,0,0.0,0,1,1,28,28,0
25,0,0.0,0.0,0.0,19,19,1,0,7,2,8,10,10,0,0.0,0,1,1,66,66,0
14,0,0.0,0.0,0.0,19,19,1,0,5,1,3,4,4,0,0.0,0,1,1,50,50,0
23,0,0.0,0.0,0.0,19,19,1,0,5,3,8,4,8,0,0.0,0,1,1,67,67,0
5,0,0.0,0.0,0.0,19,19,1,0,1,1,1,0,0,0,0.0,0,1,1,43,43,0
35,0,0.0,0.0,0.0,19,19,1,0,12,3,2,1,49,0,0.0,0,1,1,82,82,0
10,0,0.0,0.0,0.0,19,4,2,0,8,1,3,0,28,0,0.0,0,2,1,43,41,0
38,0,0.0,0.0,0.0,19,19,1,0,9,2,10,16,4,0,0.0,0,1,1,88,88,0
37,0,0.0,0.0,0.0,19,19,1,0,10,3,2,5,0,0,0.0,0,1,1,75,75,0
6,0,0.0,0.0,0.0,23,23,1,0,4,1,1,0,6,0,0.0,0,1,1,32,32,0
8,0,0.0,0.0,0.0,14,9,2,0,2,2,1,5,0,0,0.0,0,2,2,35,33,0
44,0,0.0,0.0,0.0,23,23,1,0,9,1,13,17,4,0,0.0,0,1,1,115,115,0
5,0,0.0,0.0,0.0,23,23,1,0,1,2,2,0,0,0,0.0,0,1,1,35,35,0
16,0,0.0,0.0,0.0,23,21,2,0,4,3,8,2,1,0,0.0,0,2,2,59,55,0
17,0,0.0,0.0,0.0,23,23,1,0,3,2,8,7,1,0,0.0,0,1,1,66,66,0
7,0,0.0,0.0,0.0,23,23,1,0,5,1,4,0,10,0,0.0,0,1,1,38,38,0
33,0,0.0,0.0,0.0,23,23,1,0,11,2,11,4,0,0,0.0,0,1,1,91,91,0
42,0,0.0,0.0,0.0,23,23,1,0,11,1,2,4,23,0,0.0,0,1,1,89,89,0
6,0,0.0,0.0,0.0,23,23,1,0,4,1,2,0,6,0,0.0,0,1,1,34,34,0
9,0,0.0,0.0,0.0,23,23,1,0,1,2,5,5,0,0,0.0,0,1,1,41,41,0
17,0,0.0,0.0,0.0,23,23,1,0,4,3,5,2,0,0,0.0,0,1,1,64,64,0
30,0,0.0,0.0,0.0,23,14,2,0,9,2,8,12,21,0,0.0,0,2,2,92,73,0
6,0,0.0,0.0,0.0,23,23,1,0,1,3,0,0,0,0,0.0,0,1,1,42,42,0
77,2,0.0,1.0,25.0,23,3,3,1,5,3,14,14,3,25,0.0,0,3,3,160,154,0
8,0,0.0,0.0,0.0,23,23,1,0,2,1,0,0,0,0,0.0,0,1,1,37,37,0
4,0,0.0,0.0,0.0,23,23,1,0,1,2,2,0,0,0,0.0,0,1,1,28,28,0
5,0,0.0,0.0,0.0,23,23,1,0,1,2,2,1,0,0,0.0,0,1,1,31,31,0
1,0,0.0,0.0,0.0,23,23,1,0,0,1,0,0,0,0,0.0,0,1,1,35,35,0
8,0,0.0,0.0,0.0,23,23,1,0,2,2,2,0,1,0,0.0,0,1,1,33,33,0
5,0,0.0,0.0,0.0,23,23,1,0,3,1,0,0,3,0,0.0,0,1,1,31,31,0
9,0,0.0,0.0,0.0,23,23,1,0,2,3,0,0,1,0,0.0,0,1,1,32,32,0
21,0,0.0,0.0,0.0,23,12,2,0,7,2,4,7,1,0,0.0,0,2,2,56,54,0
6,0,0.0,0.0,0.0,23,23,1,0,4,1,3,0,6,0,0.0,0,1,1,59,59,0
9,0,0.0,0.0,0.0,23,23,1,0,2,3,0,0,1,0,0.0,0,1,1,32,32,0
31,0,0.0,0.0,0.0,23,14,2,0,7,2,5,6,10,0,0.0,0,2,2,116,92,0
52,0,0.0,0.0,0.0,23,23,1,0,9,2,14,16,0,0,0.0,0,1,1,143,143,0
7,0,0.0,0.0,0.0,23,23,1,0,5,1,4,0,10,0,0.0,0,1,1,38,38,0
16,0,0.0,0.0,0.0,23,21,2,0,4,3,8,2,1,0,0.0,0,2,2,59,55,0
35,6,-4.0,1.0,25.0,23,3,2,1,1,2,16,6,0,25,0.0,0,2,2,106,100,0
29,0,0.0,0.0,0.0,23,23,1,0,6,2,7,12,1,0,0.0,0,1,1,71,71,0
10,0,0.0,0.0,0.0,23,14,3,0,1,3,5,10,0,0,0.0,0,3,2,60,41,0
92,0,0.0,0.0,0.0,23,23,1,0,16,1,21,26,0,0,0.0,0,1,1,221,221,0
12,0,0.0,0.0,0.0,23,23,1,0,3,2,4,4,1,0,0.0,0,1,1,43,43,0
1,0,0.0,0.0,0.0,23,23,1,0,0,1,0,0,0,0,0.0,0,1,1,26,26,0
17,0,0.0,0.0,0.0,23,8,2,0,6,1,6,0,15,0,0.0,0,2,2,71,64,0
44,0,0.0,0.0,0.0,23,23,1,0,12,2,2,3,6,0,0.0,0,1,1,87,87,0
7,0,0.0,0.0,0.0,23,23,1,0,5,1,2,0,10,0,0.0,0,1,1,36,36,0
3,0,0.0,0.0,0.0,23,23,1,0,1,1,2,0,0,0,0.0,0,1,1,40,40,0
22,0,0.0,0.0,0.0,23,23,1,0,3,2,4,1,3,0,0.0,0,1,1,67,67,0
9,0,0.0,0.0,0.0,23,23,1,0,2,3,0,0,1,0,0.0,0,1,1,32,32,0
11,0,0.0,0.0,0.0,23,23,1,0,3,2,4,1,1,0,0.0,0,1,1,39,39,0
15,0,0.0,0.0,0.0,23,23,1,0,4,1,3,1,0,0,0.0,0,1,1,45,45,0
8,0,0.0,0.0,0.0,23,23,1,0,2,3,2,0,1,0,0.0,0,1,1,34,34,0
39,0,0.0,0.0,0.0,23,14,3,0,11,2,6,6,45,0,0.0,0,3,2,139,102,0
14,0,0.0,0.0,0.0,23,23,1,0,3,1,2,2,1,0,0.0,0,1,1,40,40,0
24,0,0.0,0.0,0.0,23,23,1,0,10,2,6,2,26,0,0.0,0,1,1,68,68,0
7,0,0.0,0.0,0.0,23,23,1,0,5,1,2,0,10,0,0.0,0,1,1,36,36,0
11,0,0.0,0.0,0.0,23,23,1,0,6,1,0,0,1,0,0.0,0,1,1,43,43,0
16,0,0.0,0.0,0.0,23,21,2,0,4,3,8,2,1,0,0.0,0,2,2,59,55,0
25,0,0.0,0.0,0.0,23,23,1,0,7,2,8,10,10,0,0.0,0,1,1,69,69,0
44,0,0.0,0.0,0.0,23,23,1,0,10,1,14,13,0,0,0.0,0,1,1,107,107,0
26,0,0.0,0.0,0.0,23,23,1,0,8,2,7,12,10,0,0.0,0,1,1,68,68,0
21,0,0.0,0.0,0.0,23,23,1,0,3,1,4,8,1,0,0.0,0,1,1,59,59,0
25,0,0.0,0.0,0.0,23,23,1,0,7,2,8,10,10,0,0.0,0,1,1,68,68,0
6,0,0.0,0.0,0.0,23,23,1,0,4,1,2,0,6,0,0.0,0,1,1,34,34,0
25,0,0.0,0.0,0.0,23,12,1,0,12,2,12,15,15,0,0.0,0,2,1,94,88,0
23,0,0.0,0.0,0.0,23,14,3,0,7,2,4,5,21,0,0.0,0,3,2,118,64,0
7,0,0.0,0.0,0.0,23,23,1,0,1,3,3,2,0,0,0.0,0,1,1,32,32,0
27,0,0.0,0.0,0.0,23,23,1,0,6,2,7,15,1,0,0.0,0,1,1,63,63,0
4,0,0.0,0.0,0.0,23,23,1,0,3,1,0,0,0,0,0.0,0,1,1,42,42,0
10,0,0.0,0.0,0.0,23,23,1,0,3,1,5,1,3,0,0.0,0,1,1,49,49,0
14,0,0.0,0.0,0.0,23,23,1,0,2,2,6,3,0,0,0.0,0,1,1,54,54,0
29,0,0.0,0.0,0.0,23,23,1,0,8,1,5,6,0,0,0.0,0,1,1,66,66,0
12,0,0.0,0.0,0.0,23,23,1,0,4,2,1,0,0,0,0.0,0,1,1,41,41,0
13,0,0.0,0.0,0.0,23,23,1,0,3,1,3,2,1,0,0.0,0,1,1,43,43,0
20,0,0.0,0.0,0.0,23,14,3,0,6,2,6,5,15,0,0.0,0,3,2,76,54,0
9,0,0.0,0.0,0.0,23,12,1,0,2,1,3,0,0,0,0.0,0,2,1,52,39,0
30,0,0.0,0.0,0.0,23,4,2,0,7,2,10,13,1,0,0.0,0,2,1,76,72,0
11,0,0.0,0.0,0.0,23,14,2,0,3,2,5,5,3,0,0.0,0,2,2,54,44,1
18,0,0.0,0.0,0.0,23,23,1,0,3,2,11,6,0,0,0.0,0,1,1,84,84,1
7,0,0.0,0.0,0.0,23,23,1,0,5,1,4,0,10,0,0.0,0,1,1,38,38,0
9,0,0.0,0.0,0.0,23,23,1,0,1,3,5,5,0,0,0.0,0,1,1,41,41,0
3,0,0.0,0.0,0.0,0,0,0,0,1,1,0,0,0,0,0.0,0,0,0,0,0,0
31,0,0.0,0.0,0.0,23,14,2,0,7,2,4,6,10,0,0.0,0,2,2,84,68,0
72,0,0.0,0.0,0.0,23,23,1,0,20,1,9,0,6,0,0.0,0,1,1,121,121,0
7,0,0.0,0.0,0.0,23,23,1,0,5,1,2,0,10,0,0.0,0,1,1,36,36,0
12,0,0.0,0.0,0.0,23,14,2,0,2,2,3,5,0,0,0.0,0,2,2,54,48,0
28,2,0.0,1.0,30.0,23,3,1,0,8,4,1,1,24,30,0.0,0,2,2,68,66,0
35,0,0.0,0.0,0.0,23,23,1,0,8,2,12,17,10,0,0.0,0,1,1,94,94,0
4,0,0.0,0.0,0.0,23,23,1,0,2,1,2,0,1,0,0.0,0,1,1,47,47,0
1,0,0.0,0.0,0.0,23,23,1,0,0,1,0,0,0,0,0.0,0,1,1,31,31,0
15,0,0.0,0.0,0.0,23,23,1,0,4,2,6,7,6,0,0.0,0,1,1,52,52,0
9,0,0.0,0.0,0.0,23,23,1,0,2,2,2,0,1,0,0.0,0,1,1,39,39,0
8,0,0.0,0.0,0.0,23,14,2,0,2,2,4,4,1,0,0.0,0,2,2,51,37,0
19,0,0.0,0.0,0.0,23,23,1,0,4,1,8,3,4,0,0.0,0,1,1,71,71,0
32,0,0.0,0.0,0.0,23,23,1,0,7,1,9,7,4,0,0.0,0,1,1,90,90,0
12,0,0.0,0.0,0.0,23,23,1,0,4,2,5,7,6,0,0.0,0,1,1,48,48,0
3,0,0.0,0.0,0.0,23,23,1,0,1,1,1,0,0,0,0.0,0,1,1,27,27,0
6,0,0.0,0.0,0.0,23,23,1,0,1,3,2,0,0,0,0.0,0,1,1,33,33,0
14,0,0.0,0.0,0.0,23,23,1,0,2,1,3,4,1,0,0.0,0,1,1,45,45,0
34,2,0.0,1.0,30.0,23,3,1,0,8,2,3,7,0,30,0.0,0,2,2,75,73,0
37,0,0.0,0.0,0.0,23,23,1,0,8,2,12,18,10,0,0.0,0,1,1,102,102,0
36,0,0.0,0.0,0.0,23,23,1,0,9,2,9,15,15,0,0.0,0,1,1,86,86,0
26,0,0.0,0.0,0.0,23,23,1,0,1,3,9,6,0,0,0.0,0,1,1,70,70,0
51,0,0.0,0.0,0.0,23,23,1,0,16,3,3,7,21,0,0.0,0,1,1,98,98,0
7,0,0.0,0.0,0.0,23,17,2,0,1,2,3,6,0,0,0.0,0,2,1,43,35,0
9,0,0.0,0.0,0.0,23,23,1,0,7,1,3,0,21,0,0.0,0,1,1,41,41,0
13,0,0.0,0.0,0.0,23,23,1,0,5,2,5,2,1,0,0.0,0,1,1,53,53,0
10,0,0.0,0.0,0.0,23,23,1,0,2,3,1,0,0,0,0.0,0,1,1,34,34,0
7,0,0.0,0.0,0.0,23,23,1,0,5,1,2,0,10,0,0.0,0,1,1,36,36,0
5,0,0.0,0.0,0.0,23,23,1,0,1,2,1,0,0,0,0.0,0,1,1,29,29,0
6,0,0.0,0.0,0.0,23,23,1,0,1,2,1,0,0,0,0.0,0,1,1,30,30,0
20,0,0.0,0.0,0.0,23,23,1,0,3,3,9,0,0,0,0.0,0,1,1,66,66,0
26,0,0.0,0.0,0.0,23,23,1,0,5,2,7,11,1,0,0.0,0,1,1,63,63,0
11,0,0.0,0.0,0.0,23,23,1,0,7,2,5,10,0,0,0.0,0,1,1,82,82,0
38,0,0.0,0.0,0.0,23,21,2,0,8,2,11,13,10,0,0.0,0,2,1,98,93,1
17,0,0.0,0.0,0.0,23,14,2,0,5,2,4,5,10,0,0.0,0,2,2,82,66,0
92,0,0.0,0.0,0.0,23,23,1,0,20,2,7,17,0,0,0.0,0,1,1,158,158,0
33,0,0.0,0.0,0.0,23,11,2,0,10,2,7,14,21,0,0.0,0,2,1,89,85,0
38,0,0.0,0.0,0.0,23,23,1,0,12,2,8,16,28,0,0.0,0,1,1,100,100,0
30,0,0.0,0.0,0.0,23,23,1,0,7,1,6,13,1,0,0.0,0,1,1,67,67,0
104,6,0.0,3.0,30.0,23,3,2,0,31,3,15,9,226,30,0.0,0,3,3,230,196,0
9,0,0.0,0.0,0.0,23,23,1,0,1,2,6,3,0,0,0.0,0,1,1,42,42,0
14,0,0.0,0.0,0.0,23,23,1,0,3,2,6,4,1,0,0.0,0,1,1,48,48,0
83,4,0.0,2.0,30.0,23,3,1,0,21,3,3,9,44,30,0.0,0,2,2,144,140,0
25,0,0.0,0.0,0.0,23,23,1,0,6,2,7,8,1,0,0.0,0,1,1,61,61,0
32,0,0.0,0.0,0.0,23,23,1,0,14,2,10,10,28,0,0.0,0,1,1,86,86,0
1,0,0.0,0.0,0.0,23,23,1,0,0,1,0,0,0,0,0.0,0,1,1,27,27,0
6,0,0.0,0.0,0.0,23,23,1,0,4,1,2,0,6,0,0.0,0,1,1,34,34,0
21,0,0.0,0.0,0.0,23,12,2,0,4,2,12,4,0,0,0.0,0,3,2,89,75,0
15,0,0.0,0.0,0.0,23,23,1,0,4,2,7,7,6,0,0.0,0,1,1,56,56,0
7,0,0.0,0.0,0.0,23,23,1,0,5,1,3,0,10,0,0.0,0,1,1,37,37,0
10,0,0.0,0.0,0.0,23,23,1,0,8,1,7,0,28,0,0.0,0,1,1,45,45,0
1,0,0.0,0.0,0.0,23,23,1,0,0,1,0,0,0,0,0.0,0,1,1,28,28,0
37,0,0.0,0.0,0.0,23,23,1,0,8,2,12,18,10,0,0.0,0,1,1,101,101,0
1,0,0.0,0.0,0.0,23,23,1,0,0,1,0,0,0,0,0.0,0,1,1,29,29,0
7,0,0.0,0.0,0.0,23,23,1,0,5,1,2,0,10,0,0.0,0,1,1,36,36,0
12,0,0.0,0.0,0.0,23,23,1,0,3,2,1,0,1,0,0.0,0,1,1,45,45,1
32,0,0.0,0.0,0.0,23,23,1,0,9,1,9,23,0,0,0.0,0,1,1,82,82,0
1,0,0.0,0.0,0.0,23,23,1,0,0,1,0,0,0,0,0.0,0,1,1,27,27,0
4,0,0.0,0.0,0.0,23,23,1,0,1,2,2,0,0,0,0.0,0,1,1,28,28,0
49,0,0.0,0.0,0.0,23,8,2,0,14,2,13,25,36,0,0.0,0,2,1,135,109,0
5,0,0.0,0.0,0.0,23,23,1,0,2,3,2,0,1,0,0.0,0,1,1,28,28,0
9,0,0.0,0.0,0.0,23,23,1,0,2,2,2,0,1,0,0.0,0,1,1,37,37,0
10,0,0.0,0.0,0.0,23,23,1,0,8,1,4,0,28,0,0.0,0,1,1,44,44,0
33,0,0.0,0.0,0.0,23,23,1,0,9,2,7,10,10,0,0.0,0,1,1,75,75,0
13,0,0.0,0.0,0.0,23,23,1,0,3,3,2,2,1,0,0.0,0,1,1,40,40,0
8,0,0.0,0.0,0.0,23,23,1,0,6,1,3,0,15,0,0.0,0,1,1,39,39,0
8,0,0.0,0.0,0.0,23,8,2,0,6,1,5,0,15,0,0.0,0,2,2,103,92,0
25,0,0.0,0.0,0.0,23,23,1,0,4,1,6,13,0,0,0.0,0,1,1,66,66,0
7,0,0.0,0.0,0.0,23,23,1,0,5,1,4,0,10,0,0.0,0,1,1,38,38,0
18,0,0.0,0.0,0.0,23,23,1,0,3,2,5,1,3,0,0.0,0,1,1,50,50,0
49,0,0.0,0.0,0.0,23,21,1,0,18,2,10,18,78,0,0.0,0,2,2,102,99,0
36,0,0.0,0.0,0.0,23,23,1,0,9,1,12,9,0,0,0.0,0,1,1,89,89,0
17,0,0.0,0.0,0.0,23,23,1,0,3,2,6,6,1,0,0.0,0,1,1,56,56,0
25,0,0.0,0.0,0.0,23,23,1,0,7,2,8,10,10,0,0.0,0,1,1,69,69,0
5,0,0.0,0.0,0.0,23,23,1,0,0,1,0,0,0,0,0.0,0,1,1,40,40,0
1,0,0.0,0.0,0.0,23,23,1,0,0,1,0,0,0,0,0.0,0,1,1,26,26,0
9,0,0.0,0.0,0.0,23,23,1,0,7,1,2,0,21,0,0.0,0,1,1,40,40,0
12,0,0.0,0.0,0.0,23,23,1,0,2,1,10,8,0,0,0.0,0,1,1,65,65,0
9,0,0.0,0.0,0.0,23,21,1,0,2,2,3,3,0,0,0.0,0,2,2,43,37,0
1,0,0.0,0.0,0.0,23,23,1,0,0,1,0,0,0,0,0.0,0,1,1,28,28,0
25,0,0.0,0.0,0.0,23,23,1,0,7,2,8,10,10,0,0.0,0,1,1,66,66,0
14,0,0.0,0.0,0.0,23,23,1,0,5,1,3,4,4,0,0.0,0,1,1,50,50,0
23,0,0.0,0.0,0.0,23,23,1,0,5,3,8,4,8,0,0.0,0,1,1,67,67,0
5,0,0.0,0.0,0.0,23,23,1,0,1,1,1,0,0,0,0.0,0,1,1,43,43,0
35,4,0.0,2.0,30.0,23,3,1,0,12,3,2,2,49,30,0.0,0,2,2,86,82,0
10,0,0.0,0.0,0.0,23,8,2,0,8,1,3,0,28,0,0.0,0,2,1,43,41,0
38,0,0.0,0.0,0.0,23,23,1,0,9,2,10,16,4,0,0.0,0,1,1,88,88,0
37,0,0.0,0.0,0.0,23,23,1,0,10,3,2,5,0,0,0.0,0,1,1,75,75,0
6,0,0.0,0.0,0.0,23,23,1,0,4,1,1,0,6,0,0.0,0,1,1,32,32,0
8,0,0.0,0.0,0.0,14,9,2,0,2,2,1,5,0,0,0.0,0,2,2,35,33,0
44,0,0.0,0.0,0.0,23,23,1,0,9,1,13,17,4,0,0.0,0,1,1,115,115,0
5,0,0.0,0.0,0.0,23,23,1,0,1,2,2,0,0,0,0.0,0,1,1,35,35,0
16,0,0.0,0.0,0.0,23,22,2,0,4,3,8,2,1,0,0.0,0,2,2,59,55,0
17,0,0.0,0.0,0.0,23,23,1,0,3,2,8,7,1,0,0.0,0,1,1,66,66,0
7,0,0.0,0.0,0.0,23,23,1,0,5,1,4,0,10,0,0.0,0,1,1,38,38,0
33,0,0.0,0.0,0.0,23,23,1,0,11,2,11,4,0,0,0.0,0,1,1,91,91,0
42,0,0.0,0.0,0.0,23,23,1,0,11,1,2,4,23,0,0.0,0,1,1,89,89,0
6,0,0.0,0.0,0.0,23,23,1,0,4,1,2,0,6,0,0.0,0,1,1,34,34,0
9,0,0.0,0.0,0.0,23,23,1,0,1,2,5,5,0,0,0.0,0,1,1,41,41,0
17,0,0.0,0.0,0.0,23,23,1,0,4,3,5,2,0,0,0.0,0,1,1,64,64,0
30,0,0.0,0.0,0.0,23,14,2,0,9,2,8,12,21,0,0.0,0,2,2,92,73,0
6,0,0.0,0.0,0.0,23,23,1,0,1,3,0,0,0,0,0.0,0,1,1,42,42,0
77,0,0.0,0.0,0.0,23,4,3,0,5,3,14,14,3,0,0.0,0,3,3,160,154,0
8,0,0.0,0.0,0.0,23,23,1,0,2,1,0,0,0,0,0.0,0,1,1,37,37,0
4,0,0.0,0.0,0.0,23,23,1,0,1,2,2,0,0,0,0.0,0,1,1,28,28,0
5,0,0.0,0.0,0.0,23,23,1,0,1,2,2,1,0,0,0.0,0,1,1,31,31,0
1,0,0.0,0.0,0.0,23,23,1,0,0,1,0,0,0,0,0.0,0,1,1,35,35,0
8,0,0.0,0.0,0.0,23,23,1,0,2,2,2,0,1,0,0.0,0,1,1,33,33,0
5,0,0.0,0.0,0.0,23,23,1,0,3,1,0,0,3,0,0.0,0,1,1,31,31,0
9,0,0.0,0.0,0.0,23,23,1,0,2,3,0,0,1,0,0.0,0,1,1,32,32,0
21,0,0.0,0.0,0.0,23,12,2,0,7,2,4,7,1,0,0.0,0,2,2,56,54,0
6,0,0.0,0.0,0.0,23,23,1,0,4,1,3,0,6,0,0.0,0,1,1,59,59,0
9,0,0.0,0.0,0.0,23,23,1,0,2,3,0,0,1,0,0.0,0,1,1,32,32,0
31,0,0.0,0.0,0.0,23,14,2,0,7,2,5,6,10,0,0.0,0,2,2,116,92,0
52,0,0.0,0.0,0.0,23,23,1,0,9,2,14,16,0,0,0.0,0,1,1,143,143,0
7,0,0.0,0.0,0.0,23,23,1,0,5,1,4,0,10,0,0.0,0,1,1,38,38,0
16,0,0.0,0.0,0.0,23,22,2,0,4,3,8,2,1,0,0.0,0,2,2,59,55,0
35,0,0.0,0.0,0.0,23,4,2,0,1,2,16,6,0,0,0.0,0,2,2,106,100,0
29,0,0.0,0.0,0.0,23,23,1,0,6,2,7,12,1,0,0.0,0,1,1,71,71,0
10,0,0.0,0.0,0.0,23,14,3,0,1,3,5,10,0,0,0.0,0,3,2,60,41,0
92,0,0.0,0.0,0.0,23,23,1,0,16,1,21,26,0,0,0.0,0,1,1,221,221,0
12,0,0.0,0.0,0.0,23,23,1,0,3,2,4,4,1,0,0.0,0,1,1,43,43,0
1,0,0.0,0.0,0.0,23,23,1,0,0,1,0,0,0,0,0.0,0,1,1,26,26,0
17,0,0.0,0.0,0.0,23,8,2,0,6,1,6,0,15,0,0.0,0,2,2,71,64,0
44,0,0.0,0.0,0.0,23,23,1,0,12,2,2,3,6,0,0.0,0,1,1,87,87,0
7,0,0.0,0.0,0.0,23,23,1,0,5,1,2,0,10,0,0.0,0,1,1,36,36,0
3,0,0.0,0.0,0.0,23,23,1,0,1,1,2,0,0,0,0.0,0,1,1,40,40,0
22,0,0.0,0.0,0.0,23,23,1,0,3,2,4,1,3,0,0.0,0,1,1,67,67,0
9,0,0.0,0.0,0.0,23,23,1,0,2,3,0,0,1,0,0.0,0,1,1,32,32,0
11,0,0.0,0.0,0.0,23,23,1,0,3,2,4,1,1,0,0.0,0,1,1,39,39,0
15,0,0.0,0.0,0.0,23,23,1,0,4,1,3,1,0,0,0.0,0,1,1,45,45,0
8,0,0.0,0.0,0.0,23,23,1,0,2,3,2,0,1,0,0.0,0,1,1,34,34,0
39,0,0.0,0.0,0.0,23,14,3,0,11,2,6,6,45,0,0.0,0,3,2,139,102,0
14,0,0.0,0.0,0.0,23,23,1,0,3,1,2,2,1,0,0.0,0,1,1,40,40,0
24,0,0.0,0.0,0.0,23,23,1,0,10,2,6,2,26,0,0.0,0,1,1,68,68,0
7,0,0.0,0.0,0.0,23,23,1,0,5,1,2,0,10,0,0.0,0,1,1,36,36,0
11,0,0.0,0.0,0.0,23,23,1,0,6,1,0,0,1,0,0.0,0,1,1,43,43,0
16,0,0.0,0.0,0.0,23,22,2,0,4,3,8,2,1,0,0.0,0,2,2,59,55,0
25,0,0.0,0.0,0.0,23,23,1,0,7,2,8,10,10,0,0.0,0,1,1,69,69,0
44,0,0.0,0.0,0.0,23,23,1,0,10,1,14,13,0,0,0.0,0,1,1,107,107,0
26,0,0.0,0.0,0.0,23,23,1,0,8,2,7,12,10,0,0.0,0,1,1,68,68,0
21,0,0.0,0.0,0.0,23,23,1,0,3,1,4,8,1,0,0.0,0,1,1,59,59,0
25,0,0.0,0.0,0.0,23,23,1,0,7,2,8,10,10,0,0.0,0,1,1,68,68,0
6,0,0.0,0.0,0.0,23,23,1,0,4,1,2,0,6,0,0.0,0,1,1,34,34,0
25,0,0.0,0.0,0.0,23,12,1,0,12,2,12,15,15,0,0.0,0,2,1,94,88,0
23,0,0.0,0.0,0.0,23,14,3,0,7,2,4,5,21,0,0.0,0,3,2,118,64,0
7,0,0.0,0.0,0.0,23,23,1,0,1,3,3,2,0,0,0.0,0,1,1,32,32,0
27,0,0.0,0.0,0.0,23,23,1,0,6,2,7,15,1,0,0.0,0,1,1,63,63,0
4,0,0.0,0.0,0.0,23,23,1,0,3,1,0,0,0,0,0.0,0,1,1,42,42,0
10,0,0.0,0.0,0.0,23,23,1,0,3,1,5,1,3,0,0.0,0,1,1,49,49,0
14,0,0.0,0.0,0.0,23,23,1,0,2,2,6,3,0,0,0.0,0,1,1,54,54,0
29,0,0.0,0.0,0.0,23,23,1,0,8,1,5,6,0,0,0.0,0,1,1,66,66,0
12,0,0.0,0.0,0.0,23,23,1,0,4,2,1,0,0,0,0.0,0,1,1,41,41,0
13,0,0.0,0.0,0.0,23,23,1,0,3,1,3,2,1,0,0.0,0,1,1,43,43,0
20,0,0.0,0.0,0.0,23,14,3,0,6,2,6,5,15,0,0.0,0,3,2,76,54,0
9,0,0.0,0.0,0.0,23,12,1,0,2,1,3,0,0,0,0.0,0,2,1,52,39,0
30,0,0.0,0.0,0.0,23,4,2,0,7,2,10,13,1,0,0.0,0,2,1,76,72,0
11,0,0.0,0.0,0.0,23,14,2,0,3,2,5,5,3,0,0.0,0,2,2,54,44,1
18,0,0.0,0.0,0.0,23,23,1,0,3,2,11,6,0,0,0.0,0,1,1,84,84,1
7,0,0.0,0.0,0.0,23,23,1,0,5,1,4,0,10,0,0.0,0,1,1,38,38,0
9,0,0.0,0.0,0.0,23,23,1,0,1,3,5,5,0,0,0.0,0,1,1,41,41,0
31,0,0.0,0.0,0.0,23,14,2,0,7,2,4,6,10,0,0.0,0,2,2,84,68,0
72,0,0.0,0.0,0.0,23,23,1,0,20,1,9,0,6,0,0.0,0,1,1,121,121,0
7,0,0.0,0.0,0.0,23,23,1,0,5,1,2,0,10,0,0.0,0,1,1,36,36,0
12,0,0.0,0.0,0.0,23,14,2,0,2,2,3,5,0,0,0.0,0,2,2,54,48,0
28,0,0.0,0.0,0.0,23,4,1,0,8,4,1,1,24,0,0.0,0,2,2,68,66,0
35,0,0.0,0.0,0.0,23,23,1,0,8,2,12,17,10,0,0.0,0,1,1,94,94,0
4,0,0.0,0.0,0.0,23,23,1,0,2,1,2,0,1,0,0.0,0,1,1,47,47,0
1,0,0.0,0.0,0.0,23,23,1,0,0,1,0,0,0,0,0.0,0,1,1,31,31,0
15,0,0.0,0.0,0.0,23,23,1,0,4,2,6,7,6,0,0.0,0,1,1,52,52,0
9,0,0.0,0.0,0.0,23,23,1,0,2,2,2,0,1,0,0.0,0,1,1,39,39,0
8,0,0.0,0.0,0.0,23,14,2,0,2,2,4,4,1,0,0.0,0,2,2,51,37,0
19,0,0.0,0.0,0.0,23,23,1,0,4,1,8,3,4,0,0.0,0,1,1,71,71,0
32,0,0.0,0.0,0.0,23,23,1,0,7,1,9,7,4,0,0.0,0,1,1,90,90,0
12,0,0.0,0.0,0.0,23,23,1,0,4,2,5,7,6,0,0.0,0,1,1,48,48,0
3,0,0.0,0.0,0.0,23,23,1,0,1,1,1,0,0,0,0.0,0,1,1,27,27,0
6,0,0.0,0.0,0.0,23,23,1,0,1,3,2,0,0,0,0.0,0,1,1,33,33,0
14,0,0.0,0.0,0.0,23,23,1,0,2,1,3,4,1,0,0.0,0,1,1,45,45,0
34,0,0.0,0.0,0.0,23,4,1,0,8,2,3,7,0,0,0.0,0,2,2,75,73,0
37,0,0.0,0.0,0.0,23,23,1,0,8,2,12,18,10,0,0.0,0,1,1,102,102,0
36,0,0.0,0.0,0.0,23,23,1,0,9,2,9,15,15,0,0.0,0,1,1,86,86,0
26,0,0.0,0.0,0.0,23,23,1,0,1,3,9,6,0,0,0.0,0,1,1,70,70,0
51,0,0.0,0.0,0.0,23,23,1,0,16,3,3,7,21,0,0.0,0,1,1,98,98,0
7,0,0.0,0.0,0.0,23,17,2,0,1,2,3,6,0,0,0.0,0,2,1,43,35,0
9,0,0.0,0.0,0.0,23,23,1,0,7,1,3,0,21,0,0.0,0,1,1,41,41,0
13,0,0.0,0.0,0.0,23,23,1,0,5,2,5,2,1,0,0.0,0,1,1,53,53,0
20,0,0.0,0.0,0.0,23,23,1,0,3,1,13,6,3,0,0.0,0,1,1,72,72,1
10,0,0.0,0.0,0.0,23,23,1,0,2,3,1,0,0,0,0.0,0,1,1,34,34,0
7,0,0.0,0.0,0.0,23,23,1,0,5,1,2,0,10,0,0.0,0,1,1,36,36,0
5,0,0.0,0.0,0.0,23,23,1,0,1,2,1,0,0,0,0.0,0,1,1,29,29,0
6,0,0.0,0.0,0.0,23,23,1,0,1,2,1,0,0,0,0.0,0,1,1,30,30,0
20,0,0.0,0.0,0.0,23,23,1,0,3,3,9,0,0,0,0.0,0,1,1,66,66,0
26,0,0.0,0.0,0.0,23,23,1,0,5,2,7,11,1,0,0.0,0,1,1,63,63,0
11,0,0.0,0.0,0.0,23,23,1,0,7,2,5,10,0,0,0.0,0,1,1,82,82,0
38,0,0.0,0.0,0.0,23,22,2,0,8,2,11,13,10,0,0.0,0,2,1,98,93,1
17,0,0.0,0.0,0.0,23,14,2,0,5,2,4,5,10,0,0.0,0,2,2,82,66,0
92,0,0.0,0.0,0.0,23,23,1,0,20,2,7,17,0,0,0.0,0,1,1,158,158,0
33,0,0.0,0.0,0.0,23,11,2,0,10,2,7,14,21,0,0.0,0,2,1,89,85,0
38,0,0.0,0.0,0.0,23,23,1,0,12,2,8,16,28,0,0.0,0,1,1,100,100,0
30,0,0.0,0.0,0.0,23,23,1,0,7,1,6,13,1,0,0.0,0,1,1,67,67,0
104,0,0.0,0.0,0.0,23,4,2,0,31,3,15,9,226,0,0.0,0,3,3,230,196,0
9,0,0.0,0.0,0.0,23,23,1,0,1,2,6,3,0,0,0.0,0,1,1,42,42,0
14,0,0.0,0.0,0.0,23,23,1,0,3,2,6,4,1,0,0.0,0,1,1,48,48,0
83,0,0.0,0.0,0.0,23,4,1,0,21,3,3,9,44,0,0.0,0,2,2,144,140,0
25,0,0.0,0.0,0.0,23,23,1,0,6,2,7,8,1,0,0.0,0,1,1,61,61,0
32,0,0.0,0.0,0.0,23,23,1,0,14,2,10,10,28,0,0.0,0,1,1,86,86,0
1,0,0.0,0.0,0.0,23,23,1,0,0,1,0,0,0,0,0.0,0,1,1,27,27,0
6,0,0.0,0.0,0.0,23,23,1,0,4,1,2,0,6,0,0.0,0,1,1,34,34,0
21,0,0.0,0.0,0.0,23,13,2,0,4,2,12,4,0,0,0.0,0,3,2,89,75,0
15,0,0.0,0.0,0.0,23,23,1,0,4,2,7,7,6,0,0.0,0,1,1,56,56,0
7,0,0.0,0.0,0.0,23,23,1,0,5,1,3,0,10,0,0.0,0,1,1,37,37,0
10,0,0.0,0.0,0.0,23,23,1,0,8,1,7,0,28,0,0.0,0,1,1,45,45,0
1,0,0.0,0.0,0.0,23,23,1,0,0,1,0,0,0,0,0.0,0,1,1,28,28,0
37,0,0.0,0.0,0.0,23,23,1,0,8,2,12,18,10,0,0.0,0,1,1,101,101,0
1,0,0.0,0.0,0.0,23,23,1,0,0,1,0,0,0,0,0.0,0,1,1,29,29,0
7,0,0.0,0.0,0.0,23,23,1,0,5,1,2,0,10,0,0.0,0,1,1,36,36,0
12,0,0.0,0.0,0.0,23,23,1,0,3,2,1,0,1,0,0.0,0,1,1,45,45,1
32,0,0.0,0.0,0.0,23,23,1,0,9,1,9,23,0,0,0.0,0,1,1,82,82,0
1,0,0.0,0.0,0.0,23,23,1,0,0,1,0,0,0,0,0.0,0,1,1,27,27,0
4,0,0.0,0.0,0.0,23,23,1,0,1,2,2,0,0,0,0.0,0,1,1,28,28,0
49,0,0.0,0.0,0.0,23,8,2,0,14,2,13,25,36,0,0.0,0,2,1,135,109,0
5,0,0.0,0.0,0.0,23,23,1,0,2,3,2,0,1,0,0.0,0,1,1,28,28,0
9,0,0.0,0.0,0.0,23,23,1,0,2,2,2,0,1,0,0.0,0,1,1,37,37,0
10,0,0.0,0.0,0.0,23,23,1,0,8,1,4,0,28,0,0.0,0,1,1,44,44,0
33,0,0.0,0.0,0.0,23,23,1,0,9,2,7,10,10,0,0.0,0,1,1,75,75,0
13,0,0.0,0.0,0.0,23,23,1,0,3,3,2,2,1,0,0.0,0,1,1,40,40,0
8,0,0.0,0.0,0.0,23,23,1,0,6,1,3,0,15,0,0.0,0,1,1,39,39,0
8,0,0.0,0.0,0.0,23,8,2,0,6,1,5,0,15,0,0.0,0,2,2,103,92,0
25,0,0.0,0.0,0.0,23,23,1,0,4,1,6,13,0,0,0.0,0,1,1,66,66,1
7,0,0.0,0.0,0.0,23,23,1,0,5,1,4,0,10,0,0.0,0,1,1,38,38,0
18,0,0.0,0.0,0.0,23,23,1,0,3,2,5,1,3,0,0.0,0,1,1,50,50,0
49,0,0.0,0.0,0.0,23,22,1,0,18,2,10,18,78,0,0.0,0,2,2,102,99,0
36,0,0.0,0.0,0.0,23,23,1,0,9,1,12,9,0,0,0.0,0,1,1,89,89,0
17,0,0.0,0.0,0.0,23,23,1,0,3,2,6,6,1,0,0.0,0,1,1,56,56,0
25,0,0.0,0.0,0.0,23,23,1,0,7,2,8,10,10,0,0.0,0,1,1,69,69,0
5,0,0.0,0.0,0.0,23,23,1,0,0,1,0,0,0,0,0.0,0,1,1,40,40,0
1,0,0.0,0.0,0.0,23,23,1,0,0,1,0,0,0,0,0.0,0,1,1,26,26,0
9,0,0.0,0.0,0.0,23,23,1,0,7,1,2,0,21,0,0.0,0,1,1,40,40,0
12,0,0.0,0.0,0.0,23,23,1,0,2,1,10,8,0,0,0.0,0,1,1,65,65,0
9,0,0.0,0.0,0.0,23,21,1,0,2,2,3,3,0,0,0.0,0,2,2,43,37,0
1,0,0.0,0.0,0.0,23,23,1,0,0,1,0,0,0,0,0.0,0,1,1,28,28,0
25,0,0.0,0.0,0.0,23,23,1,0,7,2,8,10,10,0,0.0,0,1,1,66,66,0
14,0,0.0,0.0,0.0,23,23,1,0,5,1,3,4,4,0,0.0,0,1,1,50,50,0
23,0,0.0,0.0,0.0,23,23,1,0,5,3,8,4,8,0,0.0,0,1,1,67,67,0
5,0,0.0,0.0,0.0,23,23,1,0,1,1,1,0,0,0,0.0,0,1,1,43,43,0
35,0,0.0,0.0,0.0,23,4,1,0,12,3,2,2,49,0,0.0,0,2,2,86,82,0
10,0,0.0,0.0,0.0,23,8,2,0,8,1,3,0,28,0,0.0,0,2,1,43,41,0
38,0,0.0,0.0,0.0,23,23,1,0,9,2,10,16,4,0,0.0,0,1,1,88,88,0
37,0,0.0,0.0,0.0,23,23,1,0,10,3,2,5,0,0,0.0,0,1,1,75,75,0
6,0,0.0,0.0,0.0,33,33,1,0,4,1,1,0,6,0,0.0,0,1,1,32,32,0
8,0,0.0,0.0,0.0,24,19,2,0,2,2,1,5,0,0,0.0,0,2,2,35,33,0
44,0,0.0,0.0,0.0,33,33,1,0,9,1,13,17,4,0,0.0,0,1,1,115,115,0
5,0,0.0,0.0,0.0,33,33,1,0,1,2,2,0,0,0,0.0,0,1,1,35,35,0
16,0,0.0,0.0,0.0,33,31,2,0,4,3,8,2,1,0,0.0,0,2,2,59,55,0
17,0,0.0,0.0,0.0,33,33,1,0,3,2,8,7,1,0,0.0,0,1,1,66,66,0
7,0,0.0,0.0,0.0,33,33,1,0,5,1,4,0,10,0,0.0,0,1,1,38,38,0
33,0,0.0,0.0,0.0,33,33,1,0,11,2,11,4,0,0,0.0,0,1,1,91,91,0
42,0,0.0,0.0,0.0,33,33,1,0,11,1,2,4,23,0,0.0,0,1,1,89,89,0
6,0,0.0,0.0,0.0,33,33,1,0,4,1,2,0,6,0,0.0,0,1,1,34,34,0
9,0,0.0,0.0,0.0,33,33,1,0,1,2,5,5,0,0,0.0,0,1,1,41,41,0
17,0,0.0,0.0,0.0,33,33,1,0,4,3,5,2,0,0,0.0,0,1,1,64,64,0
30,0,0.0,0.0,0.0,33,24,2,0,9,2,8,12,21,0,0.0,0,2,2,92,73,0
6,0,0.0,0.0,0.0,33,33,1,0,1,3,0,0,0,0,0.0,0,1,1,42,42,0
77,0,0.0,0.0,0.0,33,13,3,0,5,3,14,14,3,0,0.0,0,3,3,160,154,0
8,0,0.0,0.0,0.0,33,33,1,0,2,1,0,0,0,0,0.0,0,1,1,37,37,0
4,0,0.0,0.0,0.0,33,33,1,0,1,2,2,0,0,0,0.0,0,1,1,28,28,0
5,0,0.0,0.0,0.0,33,33,1,0,1,2,2,1,0,0,0.0,0,1,1,31,31,0
1,0,0.0,0.0,0.0,33,33,1,0,0,1,0,0,0,0,0.0,0,1,1,35,35,0
8,0,0.0,0.0,0.0,33,33,1,0,2,2,2,0,1,0,0.0,0,1,1,33,33,0
5,0,0.0,0.0,0.0,33,33,1,0,3,1,0,0,3,0,0.0,0,1,1,31,31,0
9,0,0.0,0.0,0.0,33,33,1,0,2,3,0,0,1,0,0.0,0,1,1,32,32,0
21,0,0.0,0.0,0.0,33,22,2,0,7,2,4,7,1,0,0.0,0,2,2,56,54,0
6,0,0.0,0.0,0.0,33,33,1,0,4,1,3,0,6,0,0.0,0,1,1,59,59,0
9,0,0.0,0.0,0.0,33,33,1,0,2,3,0,0,1,0,0.0,0,1,1,32,32,0
31,0,0.0,0.0,0.0,33,24,2,0,7,2,5,6,10,0,0.0,0,2,2,116,92,0
52,0,0.0,0.0,0.0,33,33,1,0,9,2,14,16,0,0,0.0,0,1,1,143,143,0
7,0,0.0,0.0,0.0,33,33,1,0,5,1,4,0,10,0,0.0,0,1,1,38,38,0
16,0,0.0,0.0,0.0,33,31,2,0,4,3,8,2,1,0,0.0,0,2,2,59,55,0
35,0,0.0,0.0,0.0,33,13,2,0,1,2,16,6,0,0,0.0,0,2,2,106,100,0
29,0,0.0,0.0,0.0,33,33,1,0,6,2,7,12,1,0,0.0,0,1,1,71,71,0
10,0,0.0,0.0,0.0,33,24,3,0,1,3,5,10,0,0,0.0,0,3,2,60,41,0
87,90,-16.0,37.0,9.0,33,1,1,0,15,1,21,25,0,9,0.0,0,2,1,311,221,0
12,0,0.0,0.0,0.0,33,33,1,0,3,2,4,4,1,0,0.0,0,1,1,43,43,0
1,0,0.0,0.0,0.0,33,33,1,0,0,1,0,0,0,0,0.0,0,1,1,26,26,0
17,0,0.0,0.0,0.0,33,18,2,0,6,1,6,0,15,0,0.0,0,2,2,71,64,0
44,0,0.0,0.0,0.0,33,33,1,0,12,2,2,3,6,0,0.0,0,1,1,87,87,0
7,0,0.0,0.0,0.0,33,33,1,0,5,1,2,0,10,0,0.0,0,1,1,36,36,0
3,0,0.0,0.0,0.0,33,33,1,0,1,1,2,0,0,0,0.0,0,1,1,40,40,0
22,0,0.0,0.0,0.0,33,33,1,0,3,2,4,1,3,0,0.0,0,1,1,67,67,0
9,0,0.0,0.0,0.0,33,33,1,0,2,3,0,0,1,0,0.0,0,1,1,32,32,0
11,0,0.0,0.0,0.0,33,33,1,0,3,2,4,1,1,0,0.0,0,1,1,39,39,0
15,0,0.0,0.0,0.0,33,33,1,0,4,1,3,1,0,0,0.0,0,1,1,45,45,0
8,0,0.0,0.0,0.0,33,33,1,0,2,3,2,0,1,0,0.0,0,1,1,34,34,0
39,0,0.0,0.0,0.0,33,24,3,0,11,2,6,6,45,0,0.0,0,3,2,139,102,0
14,0,0.0,0.0,0.0,33,33,1,0,3,1,2,2,1,0,0.0,0,1,1,40,40,0
24,0,0.0,0.0,0.0,33,33,1,0,10,2,6,2,26,0,0.0,0,1,1,68,68,0
7,0,0.0,0.0,0.0,33,33,1,0,5,1,2,0,10,0,0.0,0,1,1,36,36,0
11,0,0.0,0.0,0.0,33,33,1,0,6,1,0,0,1,0,0.0,0,1,1,43,43,0
16,0,0.0,0.0,0.0,33,31,2,0,4,3,8,2,1,0,0.0,0,2,2,59,55,0
25,0,0.0,0.0,0.0,33,33,1,0,7,2,8,10,10,0,0.0,0,1,1,69,69,0
44,24,-4.0,10.0,9.0,33,1,1,0,10,1,14,13,0,9,0.0,0,2,1,131,107,0
26,0,0.0,0.0,0.0,33,33,1,0,8,2,7,12,10,0,0.0,0,1,1,68,68,0
21,0,0.0,0.0,0.0,33,33,1,0,3,1,4,8,1,0,0.0,0,1,1,59,59,0
25,0,0.0,0.0,0.0,33,33,1,0,7,2,8,10,10,0,0.0,0,1,1,68,68,0
6,0,0.0,0.0,0.0,33,33,1,0,4,1,2,0,6,0,0.0,0,1,1,34,34,0
25,0,0.0,0.0,0.0,33,22,1,0,12,2,12,15,15,0,0.0,0,2,1,94,88,0
23,0,0.0,0.0,0.0,33,24,3,0,7,2,4,5,21,0,0.0,0,3,2,118,64,0
7,0,0.0,0.0,0.0,33,33,1,0,1,3,3,2,0,0,0.0,0,1,1,32,32,0
27,0,0.0,0.0,0.0,33,33,1,0,6,2,7,15,1,0,0.0,0,1,1,63,63,0
4,0,0.0,0.0,0.0,33,33,1,0,3,1,0,0,0,0,0.0,0,1,1,42,42,0
10,0,0.0,0.0,0.0,33,33,1,0,3,1,5,1,3,0,0.0,0,1,1,49,49,0
14,0,0.0,0.0,0.0,33,33,1,0,2,2,6,3,0,0,0.0,0,1,1,54,54,0
29,0,0.0,0.0,0.0,33,33,1,0,8,1,5,6,0,0,0.0,0,1,1,66,66,0
12,0,0.0,0.0,0.0,33,33,1,0,4,2,1,0,0,0,0.0,0,1,1,41,41,0
13,0,0.0,0.0,0.0,33,33,1,0,3,1,3,2,1,0,0.0,0,1,1,43,43,0
17,4,-4.0,0.0,9.0,33,1,3,0,5,2,6,5,10,9,0.0,0,4,2,80,54,0
9,0,0.0,0.0,0.0,33,22,1,0,2,1,3,0,0,0,0.0,0,2,1,52,39,0
30,0,0.0,0.0,0.0,33,14,2,0,7,2,10,13,1,0,0.0,0,2,1,76,72,0
11,2,0.0,1.0,4.0,33,1,3,1,3,2,5,5,3,4,0.0,0,3,2,56,44,0
18,16,-2.0,7.0,4.0,33,1,2,1,3,2,11,6,0,4,0.0,0,2,1,100,84,0
7,0,0.0,0.0,0.0,33,33,1,0,5,1,4,0,10,0,0.0,0,1,1,38,38,0
9,0,0.0,0.0,0.0,33,33,1,0,1,3,5,5,0,0,0.0,0,1,1,41,41,0
3,24,24.0,24.0,17.0,7,7,1,1,1,1,0,0,0,17,0.0,0,1,1,24,24,0
31,0,0.0,0.0,0.0,33,24,2,0,7,2,4,6,10,0,0.0,0,2,2,84,68,0
72,0,0.0,0.0,0.0,33,33,1,0,20,1,9,0,6,0,0.0,0,1,1,121,121,0
7,0,0.0,0.0,0.0,33,33,1,0,5,1,2,0,10,0,0.0,0,1,1,36,36,0
12,0,0.0,0.0,0.0,33,24,2,0,2,2,3,5,0,0,0.0,0,2,2,54,48,0
28,0,0.0,0.0,0.0,33,14,1,0,8,4,1,1,24,0,0.0,0,2,2,68,66,0
35,0,0.0,0.0,0.0,33,33,1,0,8,2,12,17,10,0,0.0,0,1,1,94,94,0
4,0,0.0,0.0,0.0,33,33,1,0,2,1,2,0,1,0,0.0,0,1,1,47,47,0
1,0,0.0,0.0,0.0,33,33,1,0,0,1,0,0,0,0,0.0,0,1,1,31,31,0
15,0,0.0,0.0,0.0,33,33,1,0,4,2,6,7,6,0,0.0,0,1,1,52,52,0
9,0,0.0,0.0,0.0,33,33,1,0,2,2,2,0,1,0,0.0,0,1,1,39,39,0
8,0,0.0,0.0,0.0,33,24,2,0,2,2,4,4,1,0,0.0,0,2,2,51,37,0
19,0,0.0,0.0,0.0,33,33,1,0,4,1,8,3,4,0,0.0,0,1,1,71,71,0
32,0,0.0,0.0,0.0,33,33,1,0,7,1,9,7,4,0,0.0,0,1,1,90,90,0
12,0,0.0,0.0,0.0,33,33,1,0,4,2,5,7,6,0,0.0,0,1,1,48,48,0
3,0,0.0,0.0,0.0,33,33,1,0,1,1,1,0,0,0,0.0,0,1,1,27,27,0
6,0,0.0,0.0,0.0,33,33,1,0,1,3,2,0,0,0,0.0,0,1,1,33,33,0
14,0,0.0,0.0,0.0,33,33,1,0,2,1,3,4,1,0,0.0,0,1,1,45,45,0
34,0,0.0,0.0,0.0,33,14,1,0,8,2,3,7,0,0,0.0,0,2,2,75,73,0
37,0,0.0,0.0,0.0,33,33,1,0,8,2,12,18,10,0,0.0,0,1,1,102,102,0
36,0,0.0,0.0,0.0,33,33,1,0,9,2,9,15,15,0,0.0,0,1,1,86,86,0
26,0,0.0,0.0,0.0,33,33,1,0,1,3,9,6,0,0,0.0,0,1,1,70,70,0
51,0,0.0,0.0,0.0,33,33,1,0,16,3,3,7,21,0,0.0,0,1,1,98,98,0
7,0,0.0,0.0,0.0,33,27,2,0,1,2,3,6,0,0,0.0,0,2,1,43,35,0
9,0,0.0,0.0,0.0,33,33,1,0,7,1,3,0,21,0,0.0,0,1,1,41,41,0
13,0,0.0,0.0,0.0,33,33,1,0,5,2,5,2,1,0,0.0,0,1,1,53,53,0
10,0,0.0,0.0,0.0,33,33,1,0,2,3,1,0,0,0,0.0,0,1,1,34,34,0
7,0,0.0,0.0,0.0,33,33,1,0,5,1,2,0,10,0,0.0,0,1,1,36,36,0
5,0,0.0,0.0,0.0,33,33,1,0,1,2,1,0,0,0,0.0,0,1,1,29,29,0
6,0,0.0,0.0,0.0,33,33,1,0,1,2,1,0,0,0,0.0,0,1,1,30,30,0
20,0,0.0,0.0,0.0,33,33,1,0,3,3,9,0,0,0,0.0,0,1,1,66,66,0
26,0,0.0,0.0,0.0,33,33,1,0,5,2,7,11,1,0,0.0,0,1,1,63,63,0
11,0,0.0,0.0,0.0,33,33,1,0,7,2,5,10,0,0,0.0,0,1,1,82,82,0
38,0,0.0,0.0,0.0,33,32,2,0,8,2,11,13,10,0,0.0,0,2,1,98,93,1
17,0,0.0,0.0,0.0,33,24,2,0,5,2,4,5,10,0,0.0,0,2,2,82,66,0
92,0,0.0,0.0,0.0,33,33,1,0,20,2,7,17,0,0,0.0,0,1,1,158,158,0
33,0,0.0,0.0,0.0,33,21,2,0,10,2,7,14,21,0,0.0,0,2,1,89,85,0
38,0,0.0,0.0,0.0,33,33,1,0,12,2,8,16,28,0,0.0,0,1,1,100,100,0
30,0,0.0,0.0,0.0,33,33,1,0,7,1,6,13,1,0,0.0,0,1,1,67,67,0
104,0,0.0,0.0,0.0,33,14,2,0,31,3,15,9,226,0,0.0,0,3,3,230,196,0
9,0,0.0,0.0,0.0,33,33,1,0,1,2,6,3,0,0,0.0,0,1,1,42,42,0
14,0,0.0,0.0,0.0,33,33,1,0,3,2,6,4,1,0,0.0,0,1,1,48,48,0
83,0,0.0,0.0,0.0,33,14,1,0,21,3,3,9,44,0,0.0,0,2,2,144,140,0
25,0,0.0,0.0,0.0,33,33,1,0,6,2,7,8,1,0,0.0,0,1,1,61,61,0
32,0,0.0,0.0,0.0,33,33,1,0,14,2,10,10,28,0,0.0,0,1,1,86,86,0
1,0,0.0,0.0,0.0,33,33,1,0,0,1,0,0,0,0,0.0,0,1,1,27,27,0
6,0,0.0,0.0,0.0,33,33,1,0,4,1,2,0,6,0,0.0,0,1,1,34,34,0
21,0,0.0,0.0,0.0,33,22,2,0,4,2,12,4,0,0,0.0,0,3,2,89,75,0
15,0,0.0,0.0,0.0,33,33,1,0,4,2,7,7,6,0,0.0,0,1,1,56,56,0
7,0,0.0,0.0,0.0,33,33,1,0,5,1,3,0,10,0,0.0,0,1,1,37,37,0
10,0,0.0,0.0,0.0,33,33,1,0,8,1,7,0,28,0,0.0,0,1,1,45,45,0
1,0,0.0,0.0,0.0,33,33,1,0,0,1,0,0,0,0,0.0,0,1,1,28,28,0
37,0,0.0,0.0,0.0,33,33,1,0,8,2,12,18,10,0,0.0,0,1,1,101,101,0
1,0,0.0,0.0,0.0,33,33,1,0,0,1,0,0,0,0,0.0,0,1,1,29,29,0
7,0,0.0,0.0,0.0,33,33,1,0,5,1,2,0,10,0,0.0,0,1,1,36,36,0
12,0,0.0,0.0,0.0,33,33,1,0,3,2,1,0,1,0,0.0,0,1,1,45,45,1
33,7,3.0,5.0,5.0,33,5,2,1,9,1,10,23,0,5,0.0,0,2,2,89,82,0
1,0,0.0,0.0,0.0,33,33,1,0,0,1,0,0,0,0,0.0,0,1,1,27,27,0
4,0,0.0,0.0,0.0,33,33,1,0,1,2,2,0,0,0,0.0,0,1,1,28,28,0
49,0,0.0,0.0,0.0,33,18,2,0,14,2,13,25,36,0,0.0,0,2,1,135,109,0
5,0,0.0,0.0,0.0,33,33,1,0,2,3,2,0,1,0,0.0,0,1,1,28,28,0
9,0,0.0,0.0,0.0,33,33,1,0,2,2,2,0,1,0,0.0,0,1,1,37,37,0
10,0,0.0,0.0,0.0,33,33,1,0,8,1,4,0,28,0,0.0,0,1,1,44,44,0
33,0,0.0,0.0,0.0,33,33,1,0,9,2,7,10,10,0,0.0,0,1,1,75,75,0
13,0,0.0,0.0,0.0,33,33,1,0,3,3,2,2,1,0,0.0,0,1,1,40,40,0
8,0,0.0,0.0,0.0,33,33,1,0,6,1,3,0,15,0,0.0,0,1,1,39,39,0
8,0,0.0,0.0,0.0,33,18,2,0,6,1,5,0,15,0,0.0,0,2,2,103,92,0
25,7,-1.0,3.0,17.0,33,7,2,1,4,1,6,13,0,17,0.0,0,2,1,73,66,0
7,0,0.0,0.0,0.0,33,33,1,0,5,1,4,0,10,0,0.0,0,1,1,38,38,0
18,0,0.0,0.0,0.0,33,33,1,0,3,2,5,1,3,0,0.0,0,1,1,50,50,0
49,0,0.0,0.0,0.0,33,31,1,0,18,2,10,18,78,0,0.0,0,2,2,102,99,0
36,0,0.0,0.0,0.0,33,33,1,0,9,1,12,9,0,0,0.0,0,1,1,89,89,0
17,0,0.0,0.0,0.0,33,33,1,0,3,2,6,6,1,0,0.0,0,1,1,56,56,0
25,0,0.0,0.0,0.0,33,33,1,0,7,2,8,10,10,0,0.0,0,1,1,69,69,0
5,0,0.0,0.0,0.0,33,33,1,0,0,1,0,0,0,0,0.0,0,1,1,40,40,0
1,0,0.0,0.0,0.0,33,33,1,0,0,1,0,0,0,0,0.0,0,1,1,26,26,0
9,0,0.0,0.0,0.0,33,33,1,0,7,1,2,0,21,0,0.0,0,1,1,40,40,0
12,0,0.0,0.0,0.0,33,33,1,0,2,1,10,8,0,0,0.0,0,1,1,65,65,0
9,0,0.0,0.0,0.0,33,31,1,0,2,2,3,3,0,0,0.0,0,2,2,43,37,0
1,0,0.0,0.0,0.0,33,33,1,0,0,1,0,0,0,0,0.0,0,1,1,28,28,0
25,0,0.0,0.0,0.0,33,33,1,0,7,2,8,10,10,0,0.0,0,1,1,66,66,0
14,0,0.0,0.0,0.0,33,33,1,0,5,1,3,4,4,0,0.0,0,1,1,50,50,0
23,0,0.0,0.0,0.0,33,33,1,0,5,3,8,4,8,0,0.0,0,1,1,67,67,0
5,0,0.0,0.0,0.0,33,33,1,0,1,1,1,0,0,0,0.0,0,1,1,43,43,0
35,0,0.0,0.0,0.0,33,14,1,0,12,3,2,2,49,0,0.0,0,2,2,86,82,0
10,0,0.0,0.0,0.0,33,18,2,0,8,1,3,0,28,0,0.0,0,2,1,43,41,0
38,0,0.0,0.0,0.0,33,33,1,0,9,2,10,16,4,0,0.0,0,1,1,88,88,0
37,0,0.0,0.0,0.0,33,33,1,0,10,3,2,5,0,0,0.0,0,1,1,75,75,0
6,0,0.0,0.0,0.0,40,40,1,0,4,1,1,0,6,0,0.0,0,1,1,32,32,0
8,0,0.0,0.0,0.0,31,25,2,0,2,2,1,5,0,0,0.0,0,2,2,35,33,0
44,0,0.0,0.0,0.0,40,40,1,0,9,1,13,17,4,0,0.0,0,1,1,115,115,0
5,0,0.0,0.0,0.0,40,40,1,0,1,2,2,0,0,0,0.0,0,1,1,35,35,0
16,0,0.0,0.0,0.0,40,38,2,0,4,3,8,2,1,0,0.0,0,2,2,59,55,0
17,0,0.0,0.0,0.0,40,40,1,0,3,2,8,7,1,0,0.0,0,1,1,66,66,0
7,0,0.0,0.0,0.0,40,40,1,0,5,1,4,0,10,0,0.0,0,1,1,38,38,0
33,0,0.0,0.0,0.0,40,40,1,0,11,2,11,4,0,0,0.0,0,1,1,91,91,0
42,0,0.0,0.0,0.0,40,40,1,0,11,1,2,4,23,0,0.0,0,1,1,89,89,1
6,0,0.0,0.0,0.0,40,40,1,0,4,1,2,0,6,0,0.0,0,1,1,34,34,0
9,0,0.0,0.0,0.0,40,40,1,0,1,2,5,5,0,0,0.0,0,1,1,41,41,0
17,0,0.0,0.0,0.0,40,40,1,0,4,3,5,2,0,0,0.0,0,1,1,64,64,0
30,0,0.0,0.0,0.0,40,30,2,0,9,2,8,12,21,0,0.0,0,2,2,92,73,0
6,0,0.0,0.0,0.0,40,40,1,0,1,3,0,0,0,0,0.0,0,1,1,42,42,0
77,0,0.0,0.0,0.0,40,20,3,0,5,3,14,14,3,0,0.0,0,3,3,160,154,1
8,0,0.0,0.0,0.0,40,40,1,0,2,1,0,0,0,0,0.0,0,1,1,37,37,0
4,0,0.0,0.0,0.0,40,40,1,0,1,2,2,0,0,0,0.0,0,1,1,28,28,0
5,0,0.0,0.0,0.0,40,40,1,0,1,2,2,1,0,0,0.0,0,1,1,31,31,0
1,0,0.0,0.0,0.0,40,40,1,0,0,1,0,0,0,0,0.0,0,1,1,35,35,0
8,0,0.0,0.0,0.0,40,40,1,0,2,2,2,0,1,0,0.0,0,1,1,33,33,0
5,0,0.0,0.0,0.0,40,40,1,0,3,1,0,0,3,0,0.0,0,1,1,31,31,0
9,0,0.0,0.0,0.0,40,40,1,0,2,3,0,0,1,0,0.0,0,1,1,32,32,0
21,0,0.0,0.0,0.0,40,28,2,0,7,2,4,7,1,0,0.0,0,2,2,56,54,0
6,0,0.0,0.0,0.0,40,40,1,0,4,1,3,0,6,0,0.0,0,1,1,59,59,0
9,0,0.0,0.0,0.0,40,40,1,0,2,3,0,0,1,0,0.0,0,1,1,32,32,0
31,0,0.0,0.0,0.0,40,30,2,0,7,2,5,6,10,0,0.0,0,2,2,116,92,0
52,0,0.0,0.0,0.0,40,40,1,0,9,2,14,16,0,0,0.0,0,1,1,143,143,0
7,0,0.0,0.0,0.0,40,40,1,0,5,1,4,0,10,0,0.0,0,1,1,38,38,0
16,0,0.0,0.0,0.0,40,38,2,0,4,3,8,2,1,0,0.0,0,2,2,59,55,0
35,0,0.0,0.0,0.0,40,20,2,0,1,2,16,6,0,0,0.0,0,2,2,106,100,1
29,0,0.0,0.0,0.0,40,40,1,0,6,2,7,12,1,0,0.0,0,1,1,71,71,1
10,0,0.0,0.0,0.0,40,30,3,0,1,3,5,10,0,0,0.0,0,3,2,60,41,0
87,0,0.0,0.0,0.0,40,8,1,0,15,1,21,25,0,0,0.0,0,2,1,311,221,0
12,0,0.0,0.0,0.0,40,40,1,0,3,2,4,4,1,0,0.0,0,1,1,43,43,0
1,0,0.0,0.0,0.0,40,40,1,0,0,1,0,0,0,0,0.0,0,1,1,26,26,0
17,0,0.0,0.0,0.0,40,25,2,0,6,1,6,0,15,0,0.0,0,2,2,71,64,0
44,0,0.0,0.0,0.0,40,40,1,0,12,2,2,3,6,0,0.0,0,1,1,87,87,0
7,0,0.0,0.0,0.0,40,40,1,0,5,1,2,0,10,0,0.0,0,1,1,36,36,0
3,0,0.0,0.0,0.0,40,40,1,0,1,1,2,0,0,0,0.0,0,1,1,40,40,0
22,0,0.0,0.0,0.0,40,40,1,0,3,2,4,1,3,0,0.0,0,1,1,67,67,0
9,0,0.0,0.0,0.0,40,40,1,0,2,3,0,0,1,0,0.0,0,1,1,32,32,0
11,0,0.0,0.0,0.0,40,40,1,0,3,2,4,1,1,0,0.0,0,1,1,39,39,0
15,0,0.0,0.0,0.0,40,40,1,0,4,1,3,1,0,0,0.0,0,1,1,45,45,0
8,0,0.0,0.0,0.0,40,40,1,0,2,3,2,0,1,0,0.0,0,1,1,34,34,0
39,0,0.0,0.0,0.0,40,30,3,0,11,2,6,6,45,0,0.0,0,3,2,139,102,0
14,0,0.0,0.0,0.0,40,40,1,0,3,1,2,2,1,0,0.0,0,1,1,40,40,0
24,0,0.0,0.0,0.0,40,40,1,0,10,2,6,2,26,0,0.0,0,1,1,68,68,0
7,0,0.0,0.0,0.0,40,40,1,0,5,1,2,0,10,0,0.0,0,1,1,36,36,0
11,0,0.0,0.0,0.0,40,40,1,0,6,1,0,0,1,0,0.0,0,1,1,43,43,0
16,0,0.0,0.0,0.0,40,38,2,0,4,3,8,2,1,0,0.0,0,2,2,59,55,0
25,0,0.0,0.0,0.0,40,40,1,0,7,2,8,10,10,0,0.0,0,1,1,69,69,0
44,0,0.0,0.0,0.0,40,8,1,0,10,1,14,13,0,0,0.0,0,2,1,131,107,0
26,0,0.0,0.0,0.0,40,40,1,0,8,2,7,12,10,0,0.0,0,1,1,68,68,0
21,0,0.0,0.0,0.0,40,40,1,0,3,1,4,8,1,0,0.0,0,1,1,59,59,0
25,0,0.0,0.0,0.0,40,40,1,0,7,2,8,10,10,0,0.0,0,1,1,68,68,0
6,0,0.0,0.0,0.0,40,40,1,0,4,1,2,0,6,0,0.0,0,1,1,34,34,0
25,0,0.0,0.0,0.0,40,28,1,0,12,2,12,15,15,0,0.0,0,2,1,94,88,0
23,0,0.0,0.0,0.0,40,30,3,0,7,2,4,5,21,0,0.0,0,3,2,118,64,0
7,0,0.0,0.0,0.0,40,40,1,0,1,3,3,2,0,0,0.0,0,1,1,32,32,0
27,0,0.0,0.0,0.0,40,40,1,0,6,2,7,15,1,0,0.0,0,1,1,63,63,1
4,0,0.0,0.0,0.0,40,40,1,0,3,1,0,0,0,0,0.0,0,1,1,42,42,0
14,0,0.0,0.0,0.0,40,40,1,0,2,2,6,3,0,0,0.0,0,1,1,54,54,1
29,0,0.0,0.0,0.0,40,40,1,0,8,1,5,6,0,0,0.0,0,1,1,66,66,1
12,0,0.0,0.0,0.0,40,40,1,0,4,2,1,0,0,0,0.0,0,1,1,41,41,0
13,0,0.0,0.0,0.0,40,40,1,0,3,1,3,2,1,0,0.0,0,1,1,43,43,0
17,0,0.0,0.0,0.0,40,8,3,0,5,2,6,5,10,0,0.0,0,4,2,80,54,0
9,0,0.0,0.0,0.0,40,28,1,0,2,1,3,0,0,0,0.0,0,2,1,52,39,0
30,0,0.0,0.0,0.0,40,21,2,0,7,2,10,13,1,0,0.0,0,2,1,76,72,1
11,0,0.0,0.0,0.0,40,8,3,0,3,2,5,5,3,0,0.0,0,3,2,56,44,1
18,0,0.0,0.0,0.0,40,8,2,0,3,2,11,6,0,0,0.0,0,2,1,100,84,0
7,0,0.0,0.0,0.0,40,40,1,0,5,1,4,0,10,0,0.0,0,1,1,38,38,0
9,0,0.0,0.0,0.0,40,40,1,0,1,3,5,5,0,0,0.0,0,1,1,41,41,0
3,0,0.0,0.0,0.0,13,13,1,0,1,1,0,0,0,0,0.0,0,1,1,24,24,0
31,0,0.0,0.0,0.0,40,30,2,0,7,2,4,6,10,0,0.0,0,2,2,84,68,0
72,0,0.0,0.0,0.0,40,40,1,0,20,1,9,0,6,0,0.0,0,1,1,121,121,0
7,0,0.0,0.0,0.0,40,40,1,0,5,1,2,0,10,0,0.0,0,1,1,36,36,0
12,0,0.0,0.0,0.0,40,30,2,0,2,2,3,5,0,0,0.0,0,2,2,54,48,0
28,0,0.0,0.0,0.0,40,20,1,0,8,4,1,1,24,0,0.0,0,2,2,68,66,0
35,0,0.0,0.0,0.0,40,40,1,0,8,2,12,17,10,0,0.0,0,1,1,94,94,0
4,0,0.0,0.0,0.0,40,40,1,0,2,1,2,0,1,0,0.0,0,1,1,47,47,0
1,0,0.0,0.0,0.0,40,40,1,0,0,1,0,0,0,0,0.0,0,1,1,31,31,0
15,0,0.0,0.0,0.0,40,40,1,0,4,2,6,7,6,0,0.0,0,1,1,52,52,0
9,0,0.0,0.0,0.0,40,40,1,0,2,2,2,0,1,0,0.0,0,1,1,39,39,0
8,0,0.0,0.0,0.0,40,30,2,0,2,2,4,4,1,0,0.0,0,2,2,51,37,0
19,0,0.0,0.0,0.0,40,40,1,0,4,1,8,3,4,0,0.0,0,1,1,71,71,0
32,0,0.0,0.0,0.0,40,40,1,0,7,1,9,7,4,0,0.0,0,1,1,90,90,0
12,0,0.0,0.0,0.0,40,40,1,0,4,2,5,7,6,0,0.0,0,1,1,48,48,0
3,0,0.0,0.0,0.0,40,40,1,0,1,1,1,0,0,0,0.0,0,1,1,27,27,0
6,0,0.0,0.0,0.0,40,40,1,0,1,3,2,0,0,0,0.0,0,1,1,33,33,0
14,0,0.0,0.0,0.0,40,40,1,0,2,1,3,4,1,0,0.0,0,1,1,45,45,0
34,0,0.0,0.0,0.0,40,20,1,0,8,2,3,7,0,0,0.0,0,2,2,75,73,0
37,0,0.0,0.0,0.0,40,40,1,0,8,2,12,18,10,0,0.0,0,1,1,102,102,0
36,0,0.0,0.0,0.0,40,40,1,0,9,2,9,15,15,0,0.0,0,1,1,86,86,0
26,0,0.0,0.0,0.0,40,40,1,0,1,3,9,6,0,0,0.0,0,1,1,70,70,0
51,0,0.0,0.0,0.0,40,40,1,0,16,3,3,7,21,0,0.0,0,1,1,98,98,0
7,0,0.0,0.0,0.0,40,33,2,0,1,2,3,6,0,0,0.0,0,2,1,43,35,0
9,0,0.0,0.0,0.0,40,40,1,0,7,1,3,0,21,0,0.0,0,1,1,41,41,0
13,0,0.0,0.0,0.0,40,40,1,0,5,2,5,2,1,0,0.0,0,1,1,53,53,0
10,0,0.0,0.0,0.0,40,40,1,0,2,3,1,0,0,0,0.0,0,1,1,34,34,0
7,0,0.0,0.0,0.0,40,40,1,0,5,1,2,0,10,0,0.0,0,1,1,36,36,0
5,0,0.0,0.0,0.0,40,40,1,0,1,2,1,0,0,0,0.0,0,1,1,29,29,0
6,0,0.0,0.0,0.0,40,40,1,0,1,2,1,0,0,0,0.0,0,1,1,30,30,0
20,0,0.0,0.0,0.0,40,40,1,0,3,3,9,0,0,0,0.0,0,1,1,66,66,1
26,0,0.0,0.0,0.0,40,40,1,0,5,2,7,11,1,0,0.0,0,1,1,63,63,1
11,0,0.0,0.0,0.0,40,40,1,0,7,2,5,10,0,0,0.0,0,1,1,82,82,0
38,0,0.0,0.0,0.0,40,38,2,0,8,2,11,13,10,0,0.0,0,2,1,98,93,1
17,0,0.0,0.0,0.0,40,30,2,0,5,2,4,5,10,0,0.0,0,2,2,82,66,0
92,0,0.0,0.0,0.0,40,40,1,0,20,2,7,17,0,0,0.0,0,1,1,158,158,0
33,0,0.0,0.0,0.0,40,28,2,0,10,2,7,14,21,0,0.0,0,2,1,89,85,0
38,0,0.0,0.0,0.0,40,40,1,0,12,2,8,16,28,0,0.0,0,1,1,100,100,0
30,0,0.0,0.0,0.0,40,40,1,0,7,1,6,13,1,0,0.0,0,1,1,67,67,0
104,0,0.0,0.0,0.0,40,20,2,0,31,3,15,9,226,0,0.0,0,3,3,230,196,0
9,0,0.0,0.0,0.0,40,40,1,0,1,2,6,3,0,0,0.0,0,1,1,42,42,0
14,0,0.0,0.0,0.0,40,40,1,0,3,2,6,4,1,0,0.0,0,1,1,48,48,0
83,0,0.0,0.0,0.0,40,20,1,0,21,3,3,9,44,0,0.0,0,2,2,144,140,0
25,0,0.0,0.0,0.0,40,40,1,0,6,2,7,8,1,0,0.0,0,1,1,61,61,1
32,0,0.0,0.0,0.0,40,40,1,0,14,2,10,10,28,0,0.0,0,1,1,86,86,0
1,0,0.0,0.0,0.0,40,40,1,0,0,1,0,0,0,0,0.0,0,1,1,27,27,0
6,0,0.0,0.0,0.0,40,40,1,0,4,1,2,0,6,0,0.0,0,1,1,34,34,0
21,0,0.0,0.0,0.0,40,29,2,0,4,2,12,4,0,0,0.0,0,3,2,89,75,0
15,0,0.0,0.0,0.0,40,40,1,0,4,2,7,7,6,0,0.0,0,1,1,56,56,0
7,0,0.0,0.0,0.0,40,40,1,0,5,1,3,0,10,0,0.0,0,1,1,37,37,0
10,0,0.0,0.0,0.0,40,40,1,0,8,1,7,0,28,0,0.0,0,1,1,45,45,1
1,0,0.0,0.0,0.0,40,40,1,0,0,1,0,0,0,0,0.0,0,1,1,28,28,0
37,0,0.0,0.0,0.0,40,40,1,0,8,2,12,18,10,0,0.0,0,1,1,101,101,0
1,0,0.0,0.0,0.0,40,40,1,0,0,1,0,0,0,0,0.0,0,1,1,29,29,0
7,0,0.0,0.0,0.0,40,40,1,0,5,1,2,0,10,0,0.0,0,1,1,36,36,0
12,0,0.0,0.0,0.0,40,40,1,0,3,2,1,0,1,0,0.0,0,1,1,45,45,1
33,0,0.0,0.0,0.0,40,11,2,0,9,1,10,23,0,0,0.0,0,2,2,89,82,0
1,0,0.0,0.0,0.0,40,40,1,0,0,1,0,0,0,0,0.0,0,1,1,27,27,0
4,0,0.0,0.0,0.0,40,40,1,0,1,2,2,0,0,0,0.0,0,1,1,28,28,0
49,0,0.0,0.0,0.0,40,25,2,0,14,2,13,25,36,0,0.0,0,2,1,135,109,0
5,0,0.0,0.0,0.0,40,40,1,0,2,3,2,0,1,0,0.0,0,1,1,28,28,0
9,0,0.0,0.0,0.0,40,40,1,0,2,2,2,0,1,0,0.0,0,1,1,37,37,0
10,0,0.0,0.0,0.0,40,40,1,0,8,1,4,0,28,0,0.0,0,1,1,44,44,0
33,0,0.0,0.0,0.0,40,40,1,0,9,2,7,10,10,0,0.0,0,1,1,75,75,0
13,0,0.0,0.0,0.0,40,40,1,0,3,3,2,2,1,0,0.0,0,1,1,40,40,0
8,0,0.0,0.0,0.0,40,40,1,0,6,1,3,0,15,0,0.0,0,1,1,39,39,0
8,0,0.0,0.0,0.0,40,25,2,0,6,1,5,0,15,0,0.0,0,2,2,103,92,0
25,0,0.0,0.0,0.0,40,13,2,0,4,1,6,13,0,0,0.0,0,2,1,73,66,0
7,0,0.0,0.0,0.0,40,40,1,0,5,1,4,0,10,0,0.0,0,1,1,38,38,0
18,0,0.0,0.0,0.0,40,40,1,0,3,2,5,1,3,0,0.0,0,1,1,50,50,1
49,6,0.0,3.0,10.0,40,2,2,1,18,2,10,18,78,10,0.0,0,3,2,108,99,0
36,0,0.0,0.0,0.0,40,40,1,0,9,1,12,9,0,0,0.0,0,1,1,89,89,0
17,0,0.0,0.0,0.0,40,40,1,0,3,2,6,6,1,0,0.0,0,1,1,56,56,0
25,0,0.0,0.0,0.0,40,40,1,0,7,2,8,10,10,0,0.0,0,1,1,69,69,0
5,0,0.0,0.0,0.0,40,40,1,0,0,1,0,0,0,0,0.0,0,1,1,40,40,0
1,0,0.0,0.0,0.0,40,40,1,0,0,1,0,0,0,0,0.0,0,1,1,26,26,0
9,0,0.0,0.0,0.0,40,40,1,0,7,1,2,0,21,0,0.0,0,1,1,40,40,0
12,0,0.0,0.0,0.0,40,40,1,0,2,1,10,8,0,0,0.0,0,1,1,65,65,0
9,0,0.0,0.0,0.0,40,37,1,0,2,2,3,3,0,0,0.0,0,2,2,43,37,1
1,0,0.0,0.0,0.0,40,40,1,0,0,1,0,0,0,0,0.0,0,1,1,28,28,0
25,0,0.0,0.0,0.0,40,40,1,0,7,2,8,10,10,0,0.0,0,1,1,66,66,0
14,0,0.0,0.0,0.0,40,40,1,0,5,1,3,4,4,0,0.0,0,1,1,50,50,0
23,0,0.0,0.0,0.0,40,40,1,0,5,3,8,4,8,0,0.0,0,1,1,67,67,1
5,0,0.0,0.0,0.0,40,40,1,0,1,1,1,0,0,0,0.0,0,1,1,43,43,0
35,0,0.0,0.0,0.0,40,20,1,0,12,3,2,2,49,0,0.0,0,2,2,86,82,0
10,0,0.0,0.0,0.0,40,25,2,0,8,1,3,0,28,0,0.0,0,2,1,43,41,0
38,0,0.0,0.0,0.0,40,40,1,0,9,2,10,16,4,0,0.0,0,1,1,88,88,0
37,0,0.0,0.0,0.0,40,40,1,0,10,3,2,5,0,0,0.0,0,1,1,75,75,0
6,0,0.0,0.0,0.0,45,45,1,0,4,1,1,0,6,0,0.0,0,1,1,32,32,0
8,0,0.0,0.0,0.0,36,30,2,0,2,2,1,5,0,0,0.0,0,2,2,35,33,0
44,0,0.0,0.0,0.0,45,45,1,0,9,1,13,17,4,0,0.0,0,1,1,115,115,0
5,0,0.0,0.0,0.0,45,45,1,0,1,2,2,0,0,0,0.0,0,1,1,35,35,0
16,0,0.0,0.0,0.0,45,43,2,0,4,3,8,2,1,0,0.0,0,2,2,59,55,0
17,0,0.0,0.0,0.0,45,45,1,0,3,2,8,7,1,0,0.0,0,1,1,66,66,0
7,0,0.0,0.0,0.0,45,45,1,0,5,1,4,0,10,0,0.0,0,1,1,38,38,0
33,0,0.0,0.0,0.0,45,45,1,0,11,2,11,4,0,0,0.0,0,1,1,91,91,0
42,2,-2.0,0.0,10.0,45,4,2,1,11,1,2,4,23,10,0.0,0,2,1,91,89,0
6,0,0.0,0.0,0.0,45,45,1,0,4,1,2,0,6,0,0.0,0,1,1,34,34,0
9,0,0.0,0.0,0.0,45,45,1,0,1,2,5,5,0,0,0.0,0,1,1,41,41,0
17,0,0.0,0.0,0.0,45,45,1,0,4,3,5,2,0,0,0.0,0,1,1,64,64,0
30,0,0.0,0.0,0.0,45,35,2,0,9,2,8,12,21,0,0.0,0,2,2,92,73,0
6,0,0.0,0.0,0.0,45,45,1,0,1,3,0,0,0,0,0.0,0,1,1,42,42,0
79,59,1.5,15.5,48.5,45,0,4,1,5,3,14,15,3,92,0.9831,0,5,3,219,154,1
8,0,0.0,0.0,0.0,45,45,1,0,2,1,0,0,0,0,0.0,0,1,1,37,37,0
4,0,0.0,0.0,0.0,45,45,1,0,1,2,2,0,0,0,0.0,0,1,1,28,28,0
5,0,0.0,0.0,0.0,45,45,1,0,1,2,2,1,0,0,0.0,0,1,1,31,31,0
1,0,0.0,0.0,0.0,45,45,1,0,0,1,0,0,0,0,0.0,0,1,1,35,35,0
8,0,0.0,0.0,0.0,45,45,1,0,2,2,2,0,1,0,0.0,0,1,1,33,33,0
5,0,0.0,0.0,0.0,45,45,1,0,3,1,0,0,3,0,0.0,0,1,1,31,31,0
9,0,0.0,0.0,0.0,45,45,1,0,2,3,0,0,1,0,0.0,0,1,1,32,32,0
21,0,0.0,0.0,0.0,45,33,2,0,7,2,4,7,1,0,0.0,0,2,2,56,54,0
6,0,0.0,0.0,0.0,45,45,1,0,4,1,3,0,6,0,0.0,0,1,1,59,59,0
9,0,0.0,0.0,0.0,45,45,1,0,2,3,0,0,1,0,0.0,0,1,1,32,32,0
31,0,0.0,0.0,0.0,45,35,2,0,7,2,5,6,10,0,0.0,0,2,2,116,92,0
52,0,0.0,0.0,0.0,45,45,1,0,9,2,14,16,0,0,0.0,0,1,1,143,143,0
7,0,0.0,0.0,0.0,45,45,1,0,5,1,4,0,10,0,0.0,0,1,1,38,38,0
16,0,0.0,0.0,0.0,45,43,2,0,4,3,8,2,1,0,0.0,0,2,2,59,55,0
32,73,-4.5,16.0,50.0,45,0,2,0,1,2,14,6,0,92,0.883,0,4,2,179,100,1
29,0,0.0,0.0,0.0,45,45,1,0,6,2,7,12,1,0,0.0,0,1,1,71,71,1
10,0,0.0,0.0,0.0,45,35,3,0,1,3,5,10,0,0,0.0,0,3,2,60,41,0
87,0,0.0,0.0,0.0,45,13,1,0,15,1,21,25,0,0,0.0,0,2,1,311,221,0
12,0,0.0,0.0,0.0,45,45,1,0,3,2,4,4,1,0,0.0,0,1,1,43,43,0
1,0,0.0,0.0,0.0,45,45,1,0,0,1,0,0,0,0,0.0,0,1,1,26,26,0
17,0,0.0,0.0,0.0,45,30,2,0,6,1,6,0,15,0,0.0,0,2,2,71,64,0
44,0,0.0,0.0,0.0,45,45,1,0,12,2,2,3,6,0,0.0,0,1,1,87,87,0
7,0,0.0,0.0,0.0,45,45,1,0,5,1,2,0,10,0,0.0,0,1,1,36,36,0
3,0,0.0,0.0,0.0,45,45,1,0,1,1,2,0,0,0,0.0,0,1,1,40,40,0
22,0,0.0,0.0,0.0,45,45,1,0,3,2,4,1,3,0,0.0,0,1,1,67,67,0
9,0,0.0,0.0,0.0,45,45,1,0,2,3,0,0,1,0,0.0,0,1,1,32,32,0
11,0,0.0,0.0,0.0,45,45,1,0,3,2,4,1,1,0,0.0,0,1,1,39,39,0
15,0,0.0,0.0,0.0,45,45,1,0,4,1,3,1,0,0,0.0,0,1,1,45,45,0
8,0,0.0,0.0,0.0,45,45,1,0,2,3,2,0,1,0,0.0,0,1,1,34,34,0
39,0,0.0,0.0,0.0,45,35,3,0,11,2,6,6,45,0,0.0,0,3,2,139,102,0
14,0,0.0,0.0,0.0,45,45,1,0,3,1,2,2,1,0,0.0,0,1,1,40,40,0
24,0,0.0,0.0,0.0,45,45,1,0,10,2,6,2,26,0,0.0,0,1,1,68,68,0
29,69,69.0,69.0,92.0,1,1,0,0,7,2,8,5,0,92,0.0,0,1,1,69,69,0
7,0,0.0,0.0,0.0,45,45,1,0,5,1,2,0,10,0,0.0,0,1,1,36,36,0
11,0,0.0,0.0,0.0,45,45,1,0,6,1,0,0,1,0,0.0,0,1,1,43,43,1
16,0,0.0,0.0,0.0,45,43,2,0,4,3,8,2,1,0,0.0,0,2,2,59,55,0
25,0,0.0,0.0,0.0,45,45,1,0,7,2,8,10,10,0,0.0,0,1,1,69,69,0
44,0,0.0,0.0,0.0,45,13,1,0,10,1,14,13,0,0,0.0,0,2,1,131,107,0
26,0,0.0,0.0,0.0,45,45,1,0,8,2,7,12,10,0,0.0,0,1,1,68,68,0
21,0,0.0,0.0,0.0,45,45,1,0,3,1,4,8,1,0,0.0,0,1,1,59,59,0
25,0,0.0,0.0,0.0,45,45,1,0,7,2,8,10,10,0,0.0,0,1,1,68,68,0
6,0,0.0,0.0,0.0,45,45,1,0,4,1,2,0,6,0,0.0,0,1,1,34,34,0
25,0,0.0,0.0,0.0,45,33,1,0,12,2,12,15,15,0,0.0,0,2,1,94,88,0
23,0,0.0,0.0,0.0,45,35,3,0,7,2,4,5,21,0,0.0,0,3,2,118,64,0
20,54,54.0,54.0,92.0,1,1,0,0,5,2,7,4,0,92,0.0,0,1,1,54,54,0
7,0,0.0,0.0,0.0,45,45,1,0,1,3,3,2,0,0,0.0,0,1,1,32,32,0
27,0,0.0,0.0,0.0,45,45,1,0,6,2,7,15,1,0,0.0,0,1,1,63,63,1
4,0,0.0,0.0,0.0,45,45,1,0,3,1,0,0,0,0,0.0,0,1,1,42,42,0
14,2,0.0,1.0,92.0,45,1,1,0,2,2,6,3,0,92,0.0,0,2,1,56,54,0
29,0,0.0,0.0,0.0,45,45,1,0,8,1,5,6,0,0,0.0,0,1,1,66,66,1
12,0,0.0,0.0,0.0,45,45,1,0,4,2,1,0,0,0,0.0,0,1,1,41,41,0
13,0,0.0,0.0,0.0,45,45,1,0,3,1,3,2,1,0,0.0,0,1,1,43,43,0
17,0,0.0,0.0,0.0,45,13,3,0,5,2,6,5,10,0,0.0,0,4,2,80,54,0
9,0,0.0,0.0,0.0,45,33,1,0,2,1,3,0,0,0,0.0,0,2,1,52,39,0
30,0,0.0,0.0,0.0,45,26,2,0,7,2,10,13,1,0,0.0,0,2,1,76,72,1
11,0,0.0,0.0,0.0,45,13,3,0,3,2,5,5,3,0,0.0,0,3,2,56,44,0
18,0,0.0,0.0,0.0,45,13,2,0,3,2,11,6,0,0,0.0,0,2,1,100,84,0
7,0,0.0,0.0,0.0,45,45,1,0,5,1,4,0,10,0,0.0,0,1,1,38,38,0
9,0,0.0,0.0,0.0,45,45,1,0,1,3,5,5,0,0,0.0,0,1,1,41,41,0
3,0,0.0,0.0,0.0,18,18,1,0,1,1,0,0,0,0,0.0,0,1,1,24,24,0
67,138,138.0,138.0,13.0,2,2,1,1,9,2,11,14,10,13,0.0,0,1,1,138,138,1
31,0,0.0,0.0,0.0,45,35,2,0,7,2,4,6,10,0,0.0,0,2,2,84,68,0
72,0,0.0,0.0,0.0,45,45,1,0,20,1,9,0,6,0,0.0,0,1,1,121,121,0
7,0,0.0,0.0,0.0,45,45,1,0,5,1,2,0,10,0,0.0,0,1,1,36,36,0
12,0,0.0,0.0,0.0,45,35,2,0,2,2,3,5,0,0,0.0,0,2,2,54,48,0
28,0,0.0,0.0,0.0,45,25,1,0,8,4,1,1,24,0,0.0,0,2,2,68,66,0
35,0,0.0,0.0,0.0,45,45,1,0,8,2,12,17,10,0,0.0,0,1,1,94,94,0
4,0,0.0,0.0,0.0,45,45,1,0,2,1,2,0,1,0,0.0,0,1,1,47,47,0
1,0,0.0,0.0,0.0,45,45,1,0,0,1,0,0,0,0,0.0,0,1,1,31,31,0
15,0,0.0,0.0,0.0,45,45,1,0,4,2,6,7,6,0,0.0,0,1,1,52,52,0
9,0,0.0,0.0,0.0,45,45,1,0,2,2,2,0,1,0,0.0,0,1,1,39,39,0
8,0,0.0,0.0,0.0,45,35,2,0,2,2,4,4,1,0,0.0,0,2,2,51,37,0
19,0,0.0,0.0,0.0,45,45,1,0,4,1,8,3,4,0,0.0,0,1,1,71,71,0
32,0,0.0,0.0,0.0,45,45,1,0,7,1,9,7,4,0,0.0,0,1,1,90,90,0
12,0,0.0,0.0,0.0,45,45,1,0,4,2,5,7,6,0,0.0,0,1,1,48,48,0
3,0,0.0,0.0,0.0,45,45,1,0,1,1,1,0,0,0,0.0,0,1,1,27,27,0
6,0,0.0,0.0,0.0,45,45,1,0,1,3,2,0,0,0,0.0,0,1,1,33,33,0
14,0,0.0,0.0,0.0,45,45,1,0,2,1,3,4,1,0,0.0,0,1,1,45,45,0
34,0,0.0,0.0,0.0,45,25,1,0,8,2,3,7,0,0,0.0,0,2,2,75,73,0
37,0,0.0,0.0,0.0,45,45,1,0,8,2,12,18,10,0,0.0,0,1,1,102,102,0
36,0,0.0,0.0,0.0,45,45,1,0,9,2,9,15,15,0,0.0,0,1,1,86,86,0
26,0,0.0,0.0,0.0,45,45,1,0,1,3,9,6,0,0,0.0,0,1,1,70,70,0
51,0,0.0,0.0,0.0,45,45,1,0,16,3,3,7,21,0,0.0,0,1,1,98,98,0
7,0,0.0,0.0,0.0,45,38,2,0,1,2,3,6,0,0,0.0,0,2,1,43,35,0
9,0,0.0,0.0,0.0,45,45,1,0,7,1,3,0,21,0,0.0,0,1,1,41,41,0
13,0,0.0,0.0,0.0,45,45,1,0,5,2,5,2,1,0,0.0,0,1,1,53,53,0
10,0,0.0,0.0,0.0,45,45,1,0,2,3,1,0,0,0,0.0,0,1,1,34,34,0
7,0,0.0,0.0,0.0,45,45,1,0,5,1,2,0,10,0,0.0,0,1,1,36,36,0
5,0,0.0,0.0,0.0,45,45,1,0,1,2,1,0,0,0,0.0,0,1,1,29,29,0
6,0,0.0,0.0,0.0,45,45,1,0,1,2,1,0,0,0,0.0,0,1,1,30,30,0
20,0,0.0,0.0,0.0,45,45,1,0,3,3,9,0,0,0,0.0,0,1,1,66,66,1
26,0,0.0,0.0,0.0,45,45,1,0,5,2,7,11,1,0,0.0,0,1,1,63,63,1
11,0,0.0,0.0,0.0,45,45,1,0,7,2,5,10,0,0,0.0,0,1,1,82,82,0
38,0,0.0,0.0,0.0,45,43,2,0,8,2,11,13,10,0,0.0,0,2,1,98,93,1
17,0,0.0,0.0,0.0,45,35,2,0,5,2,4,5,10,0,0.0,0,2,2,82,66,0
92,0,0.0,0.0,0.0,45,45,1,0,20,2,7,17,0,0,0.0,0,1,1,158,158,0
33,0,0.0,0.0,0.0,45,33,2,0,10,2,7,14,21,0,0.0,0,2,1,89,85,0
38,0,0.0,0.0,0.0,45,45,1,0,12,2,8,16,28,0,0.0,0,1,1,100,100,0
30,0,0.0,0.0,0.0,45,45,1,0,7,1,6,13,1,0,0.0,0,1,1,67,67,0
104,0,0.0,0.0,0.0,45,25,2,0,31,3,15,9,226,0,0.0,0,3,3,230,196,0
9,1,-1.0,0.0,15.0,45,2,2,1,1,2,6,3,0,15,0.0,0,2,1,43,42,0
14,0,0.0,0.0,0.0,45,45,1,0,3,2,6,4,1,0,0.0,0,1,1,48,48,0
83,0,0.0,0.0,0.0,45,25,1,0,21,3,3,9,44,0,0.0,0,2,2,144,140,0
25,0,0.0,0.0,0.0,45,45,1,0,6,2,7,8,1,0,0.0,0,1,1,61,61,1
32,0,0.0,0.0,0.0,45,45,1,0,14,2,10,10,28,0,0.0,0,1,1,86,86,0
1,0,0.0,0.0,0.0,45,45,1,0,0,1,0,0,0,0,0.0,0,1,1,27,27,0
6,0,0.0,0.0,0.0,45,45,1,0,4,1,2,0,6,0,0.0,0,1,1,34,34,0
21,0,0.0,0.0,0.0,45,34,2,0,4,2,12,4,0,0,0.0,0,3,2,89,75,0
15,0,0.0,0.0,0.0,45,45,1,0,4,2,7,7,6,0,0.0,0,1,1,56,56,0
7,0,0.0,0.0,0.0,45,45,1,0,5,1,3,0,10,0,0.0,0,1,1,37,37,0
10,0,0.0,0.0,0.0,45,45,1,0,8,1,7,0,28,0,0.0,0,1,1,45,45,1
1,0,0.0,0.0,0.0,45,45,1,0,0,1,0,0,0,0,0.0,0,1,1,28,28,0
37,0,0.0,0.0,0.0,45,45,1,0,8,2,12,18,10,0,0.0,0,1,1,101,101,0
1,0,0.0,0.0,0.0,45,45,1,0,0,1,0,0,0,0,0.0,0,1,1,29,29,0
7,0,0.0,0.0,0.0,45,45,1,0,5,1,2,0,10,0,0.0,0,1,1,36,36,0
12,0,0.0,0.0,0.0,45,45,1,0,3,2,1,0,1,0,0.0,0,1,1,45,45,1
33,0,0.0,0.0,0.0,45,16,2,0,9,1,10,23,0,0,0.0,0,2,2,89,82,0
1,0,0.0,0.0,0.0,45,45,1,0,0,1,0,0,0,0,0.0,0,1,1,27,27,0
4,0,0.0,0.0,0.0,45,45,1,0,1,2,2,0,0,0,0.0,0,1,1,28,28,0
49,0,0.0,0.0,0.0,45,30,2,0,14,2,13,25,36,0,0.0,0,2,1,135,109,0
5,0,0.0,0.0,0.0,45,45,1,0,2,3,2,0,1,0,0.0,0,1,1,28,28,0
9,0,0.0,0.0,0.0,45,45,1,0,2,2,2,0,1,0,0.0,0,1,1,37,37,0
10,0,0.0,0.0,0.0,45,45,1,0,8,1,4,0,28,0,0.0,0,1,1,44,44,0
33,0,0.0,0.0,0.0,45,45,1,0,9,2,7,10,10,0,0.0,0,1,1,75,75,0
13,0,0.0,0.0,0.0,45,45,1,0,3,3,2,2,1,0,0.0,0,1,1,40,40,0
8,0,0.0,0.0,0.0,45,45,1,0,6,1,3,0,15,0,0.0,0,1,1,39,39,0
8,0,0.0,0.0,0.0,45,30,2,0,6,1,5,0,15,0,0.0,0,2,2,103,92,0
25,0,0.0,0.0,0.0,45,18,2,0,4,1,6,13,0,0,0.0,0,2,1,73,66,0
7,0,0.0,0.0,0.0,45,45,1,0,5,1,4,0,10,0,0.0,0,1,1,38,38,0
18,12,0.0,6.0,92.0,45,1,1,0,3,3,7,1,3,92,0.0,0,2,1,62,50,0
49,0,0.0,0.0,0.0,45,7,2,0,18,2,10,18,78,0,0.0,0,3,2,108,99,0
36,0,0.0,0.0,0.0,45,45,1,0,9,1,12,9,0,0,0.0,0,1,1,89,89,0
17,0,0.0,0.0,0.0,45,45,1,0,3,2,6,6,1,0,0.0,0,1,1,56,56,0
25,0,0.0,0.0,0.0,45,45,1,0,7,2,8,10,10,0,0.0,0,1,1,69,69,0
5,0,0.0,0.0,0.0,45,45,1,0,0,1,0,0,0,0,0.0,0,1,1,40,40,0
1,0,0.0,0.0,0.0,45,45,1,0,0,1,0,0,0,0,0.0,0,1,1,26,26,0
9,0,0.0,0.0,0.0,45,45,1,0,7,1,2,0,21,0,0.0,0,1,1,40,40,0
12,0,0.0,0.0,0.0,45,45,1,0,2,1,10,8,0,0,0.0,0,1,1,65,65,0
9,1,-1.0,0.0,4.0,45,2,2,1,2,2,3,3,0,4,0.0,0,3,2,44,37,0
1,0,0.0,0.0,0.0,45,45,1,0,0,1,0,0,0,0,0.0,0,1,1,28,28,0
25,0,0.0,0.0,0.0,45,45,1,0,7,2,8,10,10,0,0.0,0,1,1,66,66,0
14,0,0.0,0.0,0.0,45,45,1,0,5,1,3,4,4,0,0.0,0,1,1,50,50,0
20,13,-7.0,3.0,13.0,45,2,2,1,4,3,9,3,4,13,0.0,0,2,1,80,67,0
5,0,0.0,0.0,0.0,45,45,1,0,1,1,1,0,0,0,0.0,0,1,1,43,43,0
35,0,0.0,0.0,0.0,45,25,1,0,12,3,2,2,49,0,0.0,0,2,2,86,82,0
10,0,0.0,0.0,0.0,45,30,2,0,8,1,3,0,28,0,0.0,0,2,1,43,41,0
38,0,0.0,0.0,0.0,45,45,1,0,9,2,10,16,4,0,0.0,0,1,1,88,88,0
37,0,0.0,0.0,0.0,45,45,1,0,10,3,2,5,0,0,0.0,0,1,1,75,75,0
6,0,0.0,0.0,0.0,48,48,1,0,4,1,1,0,6,0,0.0,0,1,1,32,32,0
8,0,0.0,0.0,0.0,39,34,2,0,2,2,1,5,0,0,0.0,0,2,2,35,33,0
44,0,0.0,0.0,0.0,48,48,1,0,9,1,13,17,4,0,0.0,0,1,1,115,115,0
5,0,0.0,0.0,0.0,48,48,1,0,1,2,2,0,0,0,0.0,0,1,1,35,35,0
16,0,0.0,0.0,0.0,48,47,2,0,4,3,8,2,1,0,0.0,0,2,2,59,55,0
17,0,0.0,0.0,0.0,48,48,1,0,3,2,8,7,1,0,0.0,0,1,1,66,66,0
7,0,0.0,0.0,0.0,48,48,1,0,5,1,4,0,10,0,0.0,0,1,1,38,38,0
33,0,0.0,0.0,0.0,48,48,1,0,11,2,11,4,0,0,0.0,0,1,1,91,91,0
42,0,0.0,0.0,0.0,48,7,2,0,11,1,2,4,23,0,0.0,0,2,1,91,89,0
6,0,0.0,0.0,0.0,48,48,1,0,4,1,2,0,6,0,0.0,0,1,1,34,34,0
9,0,0.0,0.0,0.0,48,48,1,0,1,2,5,5,0,0,0.0,0,1,1,41,41,0
17,0,0.0,0.0,0.0,48,48,1,0,4,3,5,2,0,0,0.0,0,1,1,64,64,0
30,0,0.0,0.0,0.0,48,39,2,0,9,2,8,12,21,0,0.0,0,2,2,92,73,0
6,0,0.0,0.0,0.0,48,48,1,0,1,3,0,0,0,0,0.0,0,1,1,42,42,0
79,0,0.0,0.0,0.0,48,4,4,0,5,3,14,15,3,0,0.0,0,5,3,219,154,0
8,0,0.0,0.0,0.0,48,48,1,0,2,1,0,0,0,0,0.0,0,1,1,37,37,0
4,0,0.0,0.0,0.0,48,48,1,0,1,2,2,0,0,0,0.0,0,1,1,28,28,0
5,0,0.0,0.0,0.0,48,48,1,0,1,2,2,1,0,0,0.0,0,1,1,31,31,0
1,0,0.0,0.0,0.0,48,48,1,0,0,1,0,0,0,0,0.0,0,1,1,35,35,0
8,0,0.0,0.0,0.0,48,48,1,0,2,2,2,0,1,0,0.0,0,1,1,33,33,0
5,0,0.0,0.0,0.0,48,48,1,0,3,1,0,0,3,0,0.0,0,1,1,31,31,0
9,0,0.0,0.0,0.0,48,48,1,0,2,3,0,0,1,0,0.0,0,1,1,32,32,0
21,0,0.0,0.0,0.0,48,37,2,0,7,2,4,7,1,0,0.0,0,2,2,56,54,0
6,0,0.0,0.0,0.0,48,48,1,0,4,1,3,0,6,0,0.0,0,1,1,59,59,0
9,0,0.0,0.0,0.0,48,48,1,0,2,3,0,0,1,0,0.0,0,1,1,32,32,0
31,0,0.0,0.0,0.0,48,39,2,0,7,2,5,6,10,0,0.0,0,2,2,116,92,1
52,0,0.0,0.0,0.0,48,48,1,0,9,2,14,16,0,0,0.0,0,1,1,143,143,0
7,0,0.0,0.0,0.0,48,48,1,0,5,1,4,0,10,0,0.0,0,1,1,38,38,0
16,0,0.0,0.0,0.0,48,47,2,0,4,3,8,2,1,0,0.0,0,2,2,59,55,0
32,0,0.0,0.0,0.0,48,4,2,0,1,2,14,6,0,0,0.0,0,4,2,179,100,0
29,0,0.0,0.0,0.0,48,48,1,0,6,2,7,12,1,0,0.0,0,1,1,71,71,1
10,0,0.0,0.0,0.0,48,39,3,0,1,3,5,10,0,0,0.0,0,3,2,60,41,0
87,0,0.0,0.0,0.0,48,16,1,0,15,1,21,25,0,0,0.0,0,2,1,311,221,0
12,0,0.0,0.0,0.0,48,48,1,0,3,2,4,4,1,0,0.0,0,1,1,43,43,0
1,0,0.0,0.0,0.0,48,48,1,0,0,1,0,0,0,0,0.0,0,1,1,26,26,0
17,0,0.0,0.0,0.0,48,33,2,0,6,1,6,0,15,0,0.0,0,2,2,71,64,0
44,0,0.0,0.0,0.0,48,48,1,0,12,2,2,3,6,0,0.0,0,1,1,87,87,0
7,0,0.0,0.0,0.0,48,48,1,0,5,1,2,0,10,0,0.0,0,1,1,36,36,0
3,0,0.0,0.0,0.0,48,48,1,0,1,1,2,0,0,0,0.0,0,1,1,40,40,0
22,0,0.0,0.0,0.0,48,48,1,0,3,2,4,1,3,0,0.0,0,1,1,67,67,0
9,0,0.0,0.0,0.0,48,48,1,0,2,3,0,0,1,0,0.0,0,1,1,32,32,0
11,0,0.0,0.0,0.0,48,48,1,0,3,2,4,1,1,0,0.0,0,1,1,39,39,0
15,0,0.0,0.0,0.0,48,48,1,0,4,1,3,1,0,0,0.0,0,1,1,45,45,0
8,0,0.0,0.0,0.0,48,48,1,0,2,3,2,0,1,0,0.0,0,1,1,34,34,0
39,0,0.0,0.0,0.0,48,39,3,0,11,2,6,6,45,0,0.0,0,3,2,139,102,1
14,0,0.0,0.0,0.0,48,48,1,0,3,1,2,2,1,0,0.0,0,1,1,40,40,0
24,0,0.0,0.0,0.0,48,48,1,0,10,2,6,2,26,0,0.0,0,1,1,68,68,0
29,0,0.0,0.0,0.0,5,5,0,0,7,2,8,5,0,0,0.0,0,1,1,69,69,0
7,0,0.0,0.0,0.0,48,48,1,0,5,1,2,0,10,0,0.0,0,1,1,36,36,0
11,0,0.0,0.0,0.0,48,48,1,0,6,1,0,0,1,0,0.0,0,1,1,43,43,0
16,0,0.0,0.0,0.0,48,47,2,0,4,3,8,2,1,0,0.0,0,2,2,59,55,0
25,0,0.0,0.0,0.0,48,48,1,0,7,2,8,10,10,0,0.0,0,1,1,69,69,0
44,0,0.0,0.0,0.0,48,16,1,0,10,1,14,13,0,0,0.0,0,2,1,131,107,0
26,0,0.0,0.0,0.0,48,48,1,0,8,2,7,12,10,0,0.0,0,1,1,68,68,0
21,0,0.0,0.0,0.0,48,48,1,0,3,1,4,8,1,0,0.0,0,1,1,59,59,0
25,0,0.0,0.0,0.0,48,48,1,0,7,2,8,10,10,0,0.0,0,1,1,68,68,0
6,0,0.0,0.0,0.0,48,48,1,0,4,1,2,0,6,0,0.0,0,1,1,34,34,0
25,0,0.0,0.0,0.0,48,37,1,0,12,2,12,15,15,0,0.0,0,2,1,94,88,0
23,0,0.0,0.0,0.0,48,39,3,0,7,2,4,5,21,0,0.0,0,3,2,118,64,0
20,0,0.0,0.0,0.0,5,5,0,0,5,2,7,4,0,0,0.0,0,1,1,54,54,0
7,0,0.0,0.0,0.0,48,48,1,0,1,3,3,2,0,0,0.0,0,1,1,32,32,0
27,0,0.0,0.0,0.0,48,48,1,0,6,2,7,15,1,0,0.0,0,1,1,63,63,1
4,0,0.0,0.0,0.0,48,48,1,0,3,1,0,0,0,0,0.0,0,1,1,42,42,0
14,0,0.0,0.0,0.0,48,5,1,0,2,2,6,3,0,0,0.0,0,2,1,56,54,0
29,12,0.0,6.0,5.0,48,3,2,1,8,1,5,6,0,5,0.0,0,2,1,78,66,0
12,0,0.0,0.0,0.0,48,48,1,0,4,2,1,0,0,0,0.0,0,1,1,41,41,0
13,0,0.0,0.0,0.0,48,48,1,0,3,1,3,2,1,0,0.0,0,1,1,43,43,0
17,0,0.0,0.0,0.0,48,16,3,0,5,2,6,5,10,0,0.0,0,4,2,80,54,0
9,0,0.0,0.0,0.0,48,37,1,0,2,1,3,0,0,0,0.0,0,2,1,52,39,0
30,0,0.0,0.0,0.0,48,29,2,0,7,2,10,13,1,0,0.0,0,2,1,76,72,1
11,0,0.0,0.0,0.0,48,16,3,0,3,2,5,5,3,0,0.0,0,3,2,56,44,0
18,0,0.0,0.0,0.0,48,16,2,0,3,2,11,6,0,0,0.0,0,2,1,100,84,0
7,0,0.0,0.0,0.0,48,48,1,0,5,1,4,0,10,0,0.0,0,1,1,38,38,0
9,0,0.0,0.0,0.0,48,48,1,0,1,3,5,5,0,0,0.0,0,1,1,41,41,0
3,0,0.0,0.0,0.0,22,22,1,0,1,1,0,0,0,0,0.0,0,1,1,24,24,0
12,92,-44.0,1.0,2.0,6,3,2,1,3,2,3,0,3,3,0.2073,0,3,1,230,138,0
31,0,0.0,0.0,0.0,48,39,2,0,7,2,4,6,10,0,0.0,0,2,2,84,68,0
72,0,0.0,0.0,0.0,48,48,1,0,20,1,9,0,6,0,0.0,0,1,1,121,121,0
7,0,0.0,0.0,0.0,48,48,1,0,5,1,2,0,10,0,0.0,0,1,1,36,36,0
12,0,0.0,0.0,0.0,48,39,2,0,2,2,3,5,0,0,0.0,0,2,2,54,48,0
28,0,0.0,0.0,0.0,48,29,1,0,8,4,1,1,24,0,0.0,0,2,2,68,66,0
35,0,0.0,0.0,0.0,48,48,1,0,8,2,12,17,10,0,0.0,0,1,1,94,94,0
4,0,0.0,0.0,0.0,48,48,1,0,2,1,2,0,1,0,0.0,0,1,1,47,47,0
1,0,0.0,0.0,0.0,48,48,1,0,0,1,0,0,0,0,0.0,0,1,1,31,31,0
15,0,0.0,0.0,0.0,48,48,1,0,4,2,6,7,6,0,0.0,0,1,1,52,52,0
9,0,0.0,0.0,0.0,48,48,1,0,2,2,2,0,1,0,0.0,0,1,1,39,39,0
8,0,0.0,0.0,0.0,48,39,2,0,2,2,4,4,1,0,0.0,0,2,2,51,37,0
19,0,0.0,0.0,0.0,48,48,1,0,4,1,8,3,4,0,0.0,0,1,1,71,71,0
32,0,0.0,0.0,0.0,48,48,1,0,7,1,9,7,4,0,0.0,0,1,1,90,90,0
12,0,0.0,0.0,0.0,48,48,1,0,4,2,5,7,6,0,0.0,0,1,1,48,48,0
3,0,0.0,0.0,0.0,48,48,1,0,1,1,1,0,0,0,0.0,0,1,1,27,27,0
6,0,0.0,0.0,0.0,48,48,1,0,1,3,2,0,0,0,0.0,0,1,1,33,33,0
14,0,0.0,0.0,0.0,48,48,1,0,2,1,3,4,1,0,0.0,0,1,1,45,45,0
34,0,0.0,0.0,0.0,48,29,1,0,8,2,3,7,0,0,0.0,0,2,2,75,73,0
37,0,0.0,0.0,0.0,48,48,1,0,8,2,12,18,10,0,0.0,0,1,1,102,102,0
36,0,0.0,0.0,0.0,48,48,1,0,9,2,9,15,15,0,0.0,0,1,1,86,86,0
26,0,0.0,0.0,0.0,48,48,1,0,1,3,9,6,0,0,0.0,0,1,1,70,70,0
51,0,0.0,0.0,0.0,48,48,1,0,16,3,3,7,21,0,0.0,0,1,1,98,98,0
7,0,0.0,0.0,0.0,48,42,2,0,1,2,3,6,0,0,0.0,0,2,1,43,35,0
9,0,0.0,0.0,0.0,48,48,1,0,7,1,3,0,21,0,0.0,0,1,1,41,41,0
13,0,0.0,0.0,0.0,48,48,1,0,5,2,5,2,1,0,0.0,0,1,1,53,53,0
10,0,0.0,0.0,0.0,48,48,1,0,2,3,1,0,0,0,0.0,0,1,1,34,34,0
7,0,0.0,0.0,0.0,48,48,1,0,5,1,2,0,10,0,0.0,0,1,1,36,36,0
5,0,0.0,0.0,0.0,48,48,1,0,1,2,1,0,0,0,0.0,0,1,1,29,29,0
6,0,0.0,0.0,0.0,48,48,1,0,1,2,1,0,0,0,0.0,0,1,1,30,30,0
20,0,0.0,0.0,0.0,48,48,1,0,3,3,9,0,0,0,0.0,0,1,1,66,66,0
26,0,0.0,0.0,0.0,48,48,1,0,5,2,7,11,1,0,0.0,0,1,1,63,63,1
11,0,0.0,0.0,0.0,48,48,1,0,7,2,5,10,0,0,0.0,0,1,1,82,82,0
38,0,0.0,0.0,0.0,48,47,2,0,8,2,11,13,10,0,0.0,0,2,1,98,93,1
17,0,0.0,0.0,0.0,48,39,2,0,5,2,4,5,10,0,0.0,0,2,2,82,66,0
92,0,0.0,0.0,0.0,48,48,1,0,20,2,7,17,0,0,0.0,0,1,1,158,158,0
33,0,0.0,0.0,0.0,48,36,2,0,10,2,7,14,21,0,0.0,0,2,1,89,85,1
38,0,0.0,0.0,0.0,48,48,1,0,12,2,8,16,28,0,0.0,0,1,1,100,100,0
30,0,0.0,0.0,0.0,48,48,1,0,7,1,6,13,1,0,0.0,0,1,1,67,67,0
104,0,0.0,0.0,0.0,48,29,2,0,31,3,15,9,226,0,0.0,0,3,3,230,196,0
9,0,0.0,0.0,0.0,48,6,2,0,1,2,6,3,0,0,0.0,0,2,1,43,42,0
14,0,0.0,0.0,0.0,48,48,1,0,3,2,6,4,1,0,0.0,0,1,1,48,48,0
83,0,0.0,0.0,0.0,48,29,1,0,21,3,3,9,44,0,0.0,0,2,2,144,140,0
25,0,0.0,0.0,0.0,48,48,1,0,6,2,7,8,1,0,0.0,0,1,1,61,61,1
32,0,0.0,0.0,0.0,48,48,1,0,14,2,10,10,28,0,0.0,0,1,1,86,86,0
1,0,0.0,0.0,0.0,48,48,1,0,0,1,0,0,0,0,0.0,0,1,1,27,27,0
6,0,0.0,0.0,0.0,48,48,1,0,4,1,2,0,6,0,0.0,0,1,1,34,34,0
21,0,0.0,0.0,0.0,48,38,2,0,4,2,12,4,0,0,0.0,0,3,2,89,75,0
15,0,0.0,0.0,0.0,48,48,1,0,4,2,7,7,6,0,0.0,0,1,1,56,56,0
7,0,0.0,0.0,0.0,48,48,1,0,5,1,3,0,10,0,0.0,0,1,1,37,37,0
10,0,0.0,0.0,0.0,48,48,1,0,8,1,7,0,28,0,0.0,0,1,1,45,45,0
1,0,0.0,0.0,0.0,48,48,1,0,0,1,0,0,0,0,0.0,0,1,1,28,28,0
37,0,0.0,0.0,0.0,48,48,1,0,8,2,12,18,10,0,0.0,0,1,1,101,101,0
1,0,0.0,0.0,0.0,48,48,1,0,0,1,0,0,0,0,0.0,0,1,1,29,29,0
7,0,0.0,0.0,0.0,48,48,1,0,5,1,2,0,10,0,0.0,0,1,1,36,36,0
12,0,0.0,0.0,0.0,48,48,1,0,3,2,1,0,1,0,0.0,0,1,1,45,45,1
33,0,0.0,0.0,0.0,48,20,2,0,9,1,10,23,0,0,0.0,0,2,2,89,82,0
1,0,0.0,0.0,0.0,48,48,1,0,0,1,0,0,0,0,0.0,0,1,1,27,27,0
4,0,0.0,0.0,0.0,48,48,1,0,1,2,2,0,0,0,0.0,0,1,1,28,28,0
49,0,0.0,0.0,0.0,48,33,2,0,14,2,13,25,36,0,0.0,0,2,1,135,109,0
5,0,0.0,0.0,0.0,48,48,1,0,2,3,2,0,1,0,0.0,0,1,1,28,28,0
9,0,0.0,0.0,0.0,48,48,1,0,2,2,2,0,1,0,0.0,0,1,1,37,37,0
10,0,0.0,0.0,0.0,48,48,1,0,8,1,4,0,28,0,0.0,0,1,1,44,44,0
33,0,0.0,0.0,0.0,48,48,1,0,9,2,7,10,10,0,0.0,0,1,1,75,75,0
13,0,0.0,0.0,0.0,48,48,1,0,3,3,2,2,1,0,0.0,0,1,1,40,40,0
8,0,0.0,0.0,0.0,48,48,1,0,6,1,3,0,15,0,0.0,0,1,1,39,39,0
8,0,0.0,0.0,0.0,48,33,2,0,6,1,5,0,15,0,0.0,0,2,2,103,92,0
25,0,0.0,0.0,0.0,48,22,2,0,4,1,6,13,0,0,0.0,0,2,1,73,66,0
7,0,0.0,0.0,0.0,48,48,1,0,5,1,4,0,10,0,0.0,0,1,1,38,38,0
18,0,0.0,0.0,0.0,48,5,1,0,3,3,7,1,3,0,0.0,0,2,1,62,50,0
49,0,0.0,0.0,0.0,48,11,2,0,18,2,10,18,78,0,0.0,0,3,2,108,99,0
36,0,0.0,0.0,0.0,48,48,1,0,9,1,12,9,0,0,0.0,0,1,1,89,89,0
17,0,0.0,0.0,0.0,48,48,1,0,3,2,6,6,1,0,0.0,0,1,1,56,56,0
25,0,0.0,0.0,0.0,48,48,1,0,7,2,8,10,10,0,0.0,0,1,1,69,69,0
5,0,0.0,0.0,0.0,48,48,1,0,0,1,0,0,0,0,0.0,0,1,1,40,40,0
1,0,0.0,0.0,0.0,48,48,1,0,0,1,0,0,0,0,0.0,0,1,1,26,26,0
9,0,0.0,0.0,0.0,48,48,1,0,7,1,2,0,21,0,0.0,0,1,1,40,40,1
12,0,0.0,0.0,0.0,48,48,1,0,2,1,10,8,0,0,0.0,0,1,1,65,65,0
9,0,0.0,0.0,0.0,48,6,2,0,2,2,3,3,0,0,0.0,0,3,2,44,37,0
1,0,0.0,0.0,0.0,48,48,1,0,0,1,0,0,0,0,0.0,0,1,1,28,28,0
25,0,0.0,0.0,0.0,48,48,1,0,7,2,8,10,10,0,0.0,0,1,1,66,66,0
14,0,0.0,0.0,0.0,48,48,1,0,5,1,3,4,4,0,0.0,0,1,1,50,50,0
23,5,5.0,5.0,6.0,48,1,3,1,5,3,9,4,4,6,0.0,0,3,2,85,67,0
5,0,0.0,0.0,0.0,48,48,1,0,1,1,1,0,0,0,0.0,0,1,1,43,43,0
35,0,0.0,0.0,0.0,48,29,1,0,12,3,2,2,49,0,0.0,0,2,2,86,82,0
10,0,0.0,0.0,0.0,48,33,2,0,8,1,3,0,28,0,0.0,0,2,1,43,41,0
38,0,0.0,0.0,0.0,48,48,1,0,9,2,10,16,4,0,0.0,0,1,1,88,88,0
37,0,0.0,0.0,0.0,48,48,1,0,10,3,2,5,0,0,0.0,0,1,1,75,75,0
6,0,0.0,0.0,0.0,50,50,1,0,4,1,1,0,6,0,0.0,0,1,1,32,32,0
8,0,0.0,0.0,0.0,41,36,2,0,2,2,1,5,0,0,0.0,0,2,2,35,33,0
42,7,-7.0,0.0,40.0,50,1,5,1,9,1,12,16,6,40,0.0,0,6,2,170,115,0
15,0,0.0,0.0,0.0,10,10,3,0,3,2,4,1,0,0,0.0,0,3,1,159,53,0
42,0,0.0,0.0,0.0,10,2,6,0,13,2,13,15,55,0,0.0,0,6,3,179,91,0
7,0,0.0,0.0,0.0,20,20,1,0,1,2,4,6,0,0,0.0,0,1,1,37,37,0
17,0,0.0,0.0,0.0,50,10,3,0,4,3,8,2,1,0,0.0,0,4,3,66,55,0
17,0,0.0,0.0,0.0,50,10,3,0,3,2,8,7,1,0,0.0,0,3,2,81,66,0
7,0,0.0,0.0,0.0,50,10,2,0,5,1,4,0,10,0,0.0,0,3,2,40,38,0
17,0,0.0,0.0,0.0,20,10,3,0,5,3,6,2,1,0,0.0,0,4,2,59,56,0
33,0,0.0,0.0,0.0,50,10,3,0,11,2,11,4,0,0,0.0,0,3,2,100,91,0
9,0,0.0,0.0,0.0,10,9,4,0,6,1,8,0,15,0,0.0,0,4,2,116,60,0
42,0,0.0,0.0,0.0,50,9,3,0,11,1,2,4,23,0,0.0,0,3,2,93,89,0
6,0,0.0,0.0,0.0,50,10,2,0,4,1,2,0,6,0,0.0,0,2,2,35,34,0
17,0,0.0,0.0,0.0,50,3,1,0,4,3,5,6,0,0,0.0,0,2,1,77,64,0
39,0,0.0,0.0,0.0,50,10,6,0,9,2,9,14,21,0,0.0,0,6,3,157,73,0
9,0,0.0,0.0,0.0,50,6,4,0,2,4,0,0,1,0,0.0,0,4,3,59,42,0
4,0,0.0,0.0,0.0,20,20,1,0,1,2,2,0,0,0,0.0,0,1,1,28,28,0
8,0,0.0,0.0,0.0,10,10,1,0,2,3,3,0,1,0,0.0,0,1,1,34,34,0
15,0,0.0,0.0,0.0,20,9,5,0,5,1,9,4,8,0,0.0,0,5,4,73,63,0
9,0,0.0,0.0,0.0,20,8,3,0,1,2,6,3,0,0,0.0,0,3,2,45,42,0
14,0,0.0,0.0,0.0,50,10,3,0,4,2,2,1,6,0,0.0,0,3,3,46,33,0
4,0,0.0,0.0,0.0,50,6,2,0,2,1,0,0,1,0,0.0,0,3,2,44,31,0
9,0,0.0,0.0,0.0,50,11,2,0,2,4,0,0,1,0,0.0,0,2,2,34,32,0
21,0,0.0,0.0,0.0,50,8,5,0,7,2,4,8,1,0,0.0,0,6,4,81,54,0
43,0,0.0,0.0,0.0,20,9,4,0,11,2,12,9,55,0,0.0,0,4,3,148,131,0
3,0,0.0,0.0,0.0,11,9,4,0,1,1,2,0,0,0,0.0,0,4,3,87,28,0
9,0,0.0,0.0,0.0,50,11,2,0,2,4,0,0,1,0,0.0,0,2,2,34,32,0
51,0,0.0,0.0,0.0,20,4,3,0,14,2,14,5,49,0,0.0,0,6,2,144,120,0
17,0,0.0,0.0,0.0,20,10,2,0,5,2,6,2,1,0,0.0,0,3,2,59,56,0
9,0,0.0,0.0,0.0,5,5,1,0,2,1,2,2,1,0,0.0,0,1,1,44,44,0
7,0,0.0,0.0,0.0,10,9,4,0,5,1,8,0,10,0,0.0,0,4,2,92,51,0
15,0,0.0,0.0,0.0,10,10,1,0,3,2,4,1,0,0,0.0,0,1,1,53,53,0
4,0,0.0,0.0,0.0,10,10,1,0,2,1,3,0,1,0,0.0,0,1,1,43,43,0
37,0,0.0,0.0,0.0,50,3,12,0,11,3,14,16,55,0,0.0,0,12,4,310,92,1
56,0,0.0,0.0,0.0,50,2,6,0,10,2,15,17,0,0,0.0,0,7,3,205,143,0
7,0,0.0,0.0,0.0,50,10,2,0,5,1,4,0,10,0,0.0,0,2,2,39,38,0
17,0,0.0,0.0,0.0,50,10,3,0,4,2,8,2,1,0,0.0,0,4,3,66,55,0
33,0,0.0,0.0,0.0,50,2,11,0,1,2,16,6,0,0,0.0,0,12,4,204,100,0
63,0,0.0,0.0,0.0,10,9,6,0,16,1,10,12,0,0,0.0,0,6,2,175,110,0
29,0,0.0,0.0,0.0,50,10,2,0,6,2,6,12,1,0,0.0,0,2,2,79,71,1
10,0,0.0,0.0,0.0,50,10,4,0,1,4,5,10,0,0,0.0,0,4,3,62,41,0
6,0,0.0,0.0,0.0,23,11,3,0,2,1,4,0,1,0,0.0,0,3,3,39,37,0
87,0,0.0,0.0,0.0,50,6,7,0,15,1,22,26,0,0,0.0,0,9,3,469,221,0
37,0,0.0,0.0,0.0,10,9,1,0,10,3,2,5,0,0,0.0,0,2,2,77,76,0
14,6,4.0,5.0,2.0,50,0,4,1,3,2,4,4,1,2,0.0,0,4,3,55,43,0
13,0,0.0,0.0,0.0,23,10,2,0,4,2,5,7,1,0,0.0,0,2,2,51,48,1
40,0,0.0,0.0,0.0,11,5,3,0,11,1,10,10,0,0,0.0,0,3,3,110,59,0
9,0,0.0,0.0,0.0,15,2,5,0,2,2,4,4,1,0,0.0,0,5,2,93,53,0
7,0,0.0,0.0,0.0,50,10,2,0,5,1,2,0,10,0,0.0,0,2,2,37,36,0
3,0,0.0,0.0,0.0,50,10,3,0,1,1,2,0,0,0,0.0,0,3,2,56,40,0
1,0,0.0,0.0,0.0,10,10,4,0,0,1,1,0,0,0,0.0,0,4,1,35,26,0
5,0,0.0,0.0,0.0,20,20,1,0,1,2,2,0,0,0,0.0,0,1,1,35,35,0
9,0,0.0,0.0,0.0,8,8,0,0,2,3,0,0,1,0,0.0,0,1,1,37,37,0
14,47,47.0,47.0,15.0,0,0,1,1,3,2,3,6,0,15,0.0,0,1,1,47,47,0
40,0,0.0,0.0,0.0,10,3,6,0,11,1,15,20,0,0,0.0,0,7,4,232,146,0
19,0,0.0,0.0,0.0,50,18,3,0,3,2,4,1,3,0,0.0,0,3,2,111,67,0
9,0,0.0,0.0,0.0,50,11,2,0,2,4,0,0,1,0,0.0,0,2,2,34,32,0
13,6,0.0,3.0,2.0,50,0,4,1,3,2,4,1,1,2,0.0,0,4,3,50,39,0
19,0,0.0,0.0,0.0,32,11,4,0,3,2,4,4,3,0,0.0,0,4,2,147,68,0
10,0,0.0,0.0,0.0,15,3,7,0,7,2,6,0,21,0,0.0,0,7,4,63,39,1
15,0,0.0,0.0,0.0,20,20,1,0,4,1,3,1,0,0,0.0,0,1,1,45,45,0
17,0,0.0,0.0,0.0,23,10,8,0,6,1,6,0,15,0,0.0,0,8,4,129,63,0
9,0,0.0,0.0,0.0,20,7,2,0,2,2,3,3,0,0,0.0,0,2,1,42,41,0
20,0,0.0,0.0,0.0,7,7,1,0,6,2,5,4,15,0,0.0,0,1,1,63,63,0
29,0,0.0,0.0,0.0,14,8,3,0,5,1,5,7,1,0,0.0,0,3,2,81,68,0
45,0,0.0,0.0,0.0,50,6,11,0,12,2,9,16,55,0,0.0,0,12,5,250,102,1
33,0,0.0,0.0,0.0,15,9,3,0,4,3,4,1,6,0,0.0,0,4,3,79,72,0
22,0,0.0,0.0,0.0,10,9,5,0,6,2,5,9,15,0,0.0,0,5,2,113,62,0
14,0,0.0,0.0,0.0,50,9,2,0,3,1,3,2,1,0,0.0,0,2,1,46,40,0
24,0,0.0,0.0,0.0,50,10,2,0,10,2,6,2,26,0,0.0,0,2,2,69,68,0
29,0,0.0,0.0,0.0,6,6,1,0,7,2,9,5,0,0,0.0,0,1,1,69,69,0
7,0,0.0,0.0,0.0,50,10,2,0,5,1,2,0,10,0,0.0,0,2,2,37,36,0
17,0,0.0,0.0,0.0,50,10,3,0,4,3,8,2,1,0,0.0,0,4,3,66,55,0
25,0,0.0,0.0,0.0,50,10,2,0,7,2,6,10,10,0,0.0,0,3,2,83,69,0
44,0,0.0,0.0,0.0,50,9,5,0,10,1,14,13,0,0,0.0,0,6,3,156,107,0
26,0,0.0,0.0,0.0,50,10,2,0,8,2,7,12,10,0,0.0,0,3,2,84,68,0
21,0,0.0,0.0,0.0,50,6,2,0,3,1,4,8,1,0,0.0,0,3,2,65,59,0
15,0,0.0,0.0,0.0,8,8,1,0,3,2,4,1,0,0,0.0,0,1,1,52,52,0
25,0,0.0,0.0,0.0,50,10,2,0,7,2,6,10,10,0,0.0,0,3,2,82,68,0
6,0,0.0,0.0,0.0,50,10,2,0,4,1,2,0,6,0,0.0,0,2,2,35,34,0
19,0,0.0,0.0,0.0,50,10,4,0,6,2,11,8,15,0,0.0,0,6,3,192,88,0
24,0,0.0,0.0,0.0,50,9,10,0,7,2,8,12,21,0,0.0,0,11,4,214,64,0
20,0,0.0,0.0,0.0,6,6,1,0,5,2,8,4,0,0,0.0,0,1,1,54,54,0
7,0,0.0,0.0,0.0,50,50,1,0,1,4,3,2,0,0,0.0,0,1,1,32,32,0
27,0,0.0,0.0,0.0,50,10,2,0,6,2,5,15,1,0,0.0,0,2,2,66,63,1
15,0,0.0,0.0,0.0,10,10,3,0,3,2,4,1,0,0,0.0,0,3,1,159,53,0
6,0,0.0,0.0,0.0,15,6,5,0,4,1,4,0,6,0,0.0,0,6,4,103,47,0
6,0,0.0,0.0,0.0,18,10,2,0,4,1,4,0,6,0,0.0,0,2,2,72,69,1
12,0,0.0,0.0,0.0,50,2,6,0,2,3,6,3,1,0,0.0,0,6,3,103,54,0
29,0,0.0,0.0,0.0,3,3,1,0,2,4,12,5,0,0,0.0,0,1,1,97,97,0
29,0,0.0,0.0,0.0,50,4,5,0,8,1,5,6,0,0,0.0,0,6,4,90,66,0
18,61,61.0,61.0,5.0,1,1,1,1,6,1,0,5,1,5,0.0,0,1,1,61,61,1
11,0,0.0,0.0,0.0,9,3,1,0,6,1,1,0,1,0,0.0,0,2,2,73,46,0
10,0,0.0,0.0,0.0,10,8,5,0,8,1,10,0,28,0,0.0,0,6,3,107,68,0
26,0,0.0,0.0,0.0,3,3,2,0,8,2,4,2,1,0,0.0,0,3,2,81,73,0
13,0,0.0,0.0,0.0,50,9,2,0,3,1,3,2,1,0,0.0,0,3,3,45,43,0
18,0,0.0,0.0,0.0,7,7,1,0,5,1,7,5,0,0,0.0,0,1,1,63,63,0
27,0,0.0,0.0,0.0,50,2,9,0,5,2,6,8,10,0,0.0,0,11,5,159,54,0
12,0,0.0,0.0,0.0,50,23,2,0,3,1,4,1,0,0,0.0,0,3,1,57,39,0
1,0,0.0,0.0,0.0,10,8,4,0,0,1,1,0,0,0,0.0,0,4,2,43,28,0
30,0,0.0,0.0,0.0,50,10,4,0,7,2,6,13,1,0,0.0,0,5,2,106,72,1
12,0,0.0,0.0,0.0,50,6,7,0,3,2,4,4,3,0,0.0,0,9,4,89,44,0
37,0,0.0,0.0,0.0,50,6,8,0,9,2,14,9,18,0,0.0,0,11,3,216,84,0
7,0,0.0,0.0,0.0,50,10,2,0,5,1,4,0,10,0,0.0,0,2,2,39,38,0
9,0,0.0,0.0,0.0,50,50,1,0,1,4,5,5,0,0,0.0,0,1,1,41,41,0
9,0,0.0,0.0,0.0,9,9,1,0,2,4,0,0,1,0,0.0,0,1,1,35,35,0
12,0,0.0,0.0,0.0,8,5,2,0,3,2,3,0,3,0,0.0,0,3,1,230,138,0
48,0,0.0,0.0,0.0,10,2,7,0,14,2,13,12,21,0,0.0,0,7,3,177,102,0
12,0,0.0,0.0,0.0,50,10,3,0,10,1,3,0,45,0,0.0,0,3,2,60,53,1
46,0,0.0,0.0,0.0,50,3,8,0,10,2,8,11,21,0,0.0,0,8,3,152,68,0
39,0,0.0,0.0,0.0,10,10,5,0,12,4,6,2,62,0,0.0,0,6,2,125,86,0
77,0,0.0,0.0,0.0,50,10,2,0,20,1,9,0,6,0,0.0,0,3,2,153,121,0
7,0,0.0,0.0,0.0,50,10,2,0,5,1,2,0,10,0,0.0,0,2,2,39,36,0
39,4,0.0,2.0,14.0,11,0,10,0,9,1,13,21,0,14,0.0,0,13,4,435,107,0
35,0,0.0,0.0,0.0,50,10,4,0,8,2,12,17,10,0,0.0,0,5,2,120,94,0
4,0,0.0,0.0,0.0,50,10,2,0,2,1,2,0,1,0,0.0,0,2,2,49,47,0
1,0,0.0,0.0,0.0,10,10,2,0,0,1,1,0,0,0,0.0,0,2,1,32,29,0
16,0,0.0,0.0,0.0,10,2,5,0,3,1,4,0,0,0,0.0,0,6,2,184,56,0
7,0,0.0,0.0,0.0,15,10,3,0,1,1,4,3,0,0,0.0,0,4,2,57,41,1
15,0,0.0,0.0,0.0,50,10,2,0,4,2,6,7,6,0,0.0,0,3,2,64,52,0
9,0,0.0,0.0,0.0,50,50,1,0,2,2,2,0,1,0,0.0,0,1,1,39,39,0
9,0,0.0,0.0,0.0,50,9,7,0,2,2,4,3,1,0,0.0,0,7,4,85,37,0
17,0,0.0,0.0,0.0,50,6,2,0,4,1,5,2,6,0,0.0,0,3,2,119,71,0
32,0,0.0,0.0,0.0,50,6,2,0,7,1,9,7,6,0,0.0,0,3,2,144,90,0
12,0,0.0,0.0,0.0,50,50,1,0,4,2,5,7,6,0,0.0,0,1,1,48,48,0
9,0,0.0,0.0,0.0,9,9,1,0,2,3,0,0,1,0,0.0,0,1,1,32,32,0
3,0,0.0,0.0,0.0,50,50,1,0,1,1,1,0,0,0,0.0,0,1,1,27,27,0
1,0,0.0,0.0,0.0,6,2,2,0,0,1,0,0,0,0,0.0,0,2,1,28,24,0
37,0,0.0,0.0,0.0,9,9,1,0,10,1,10,6,0,0,0.0,0,1,1,84,84,0
6,0,0.0,0.0,0.0,50,50,1,0,1,4,2,0,0,0,0.0,0,1,1,33,33,0
14,0,0.0,0.0,0.0,50,6,2,0,2,1,3,4,1,0,0.0,0,3,2,53,45,0
37,0,0.0,0.0,0.0,50,10,4,0,8,2,12,18,10,0,0.0,0,5,2,138,102,0
16,0,0.0,0.0,0.0,9,9,1,0,4,1,1,1,0,0,0.0,0,1,1,49,49,0
36,0,0.0,0.0,0.0,50,10,2,0,9,2,10,15,15,0,0.0,0,3,2,98,86,0
9,0,0.0,0.0,0.0,50,11,3,0,2,4,0,0,1,0,0.0,0,3,3,36,32,0
3,0,0.0,0.0,0.0,2,2,1,0,1,1,2,0,0,0,0.0,0,1,1,36,36,0
11,0,0.0,0.0,0.0,50,11,2,0,2,4,0,0,0,0,0.0,0,3,2,58,51,0
27,0,0.0,0.0,0.0,50,8,5,0,1,4,9,6,0,0,0.0,0,6,4,87,70,0
35,0,0.0,0.0,0.0,10,10,2,0,12,3,6,2,49,0,0.0,0,2,1,94,82,0
14,0,0.0,0.0,0.0,10,9,2,0,4,2,5,6,6,0,0.0,0,2,2,62,47,0
79,0,0.0,0.0,0.0,3,2,2,0,7,2,17,12,0,0,0.0,0,3,2,180,173,1
9,0,0.0,0.0,0.0,50,10,2,0,7,1,3,0,21,0,0.0,0,2,2,42,41,0
25,15,15.0,15.0,15.0,50,0,12,1,3,1,11,7,0,15,0.0,0,13,4,353,108,0
22,0,0.0,0.0,0.0,50,5,4,0,5,1,8,8,0,0,0.0,0,4,2,101,77,0
7,0,0.0,0.0,0.0,50,10,2,0,5,1,2,0,10,0,0.0,0,2,2,37,36,0
13,0,0.0,0.0,0.0,10,10,1,0,3,2,5,4,3,0,0.0,0,1,1,48,48,0
6,0,0.0,0.0,0.0,50,50,1,0,1,2,1,0,0,0,0.0,0,1,1,30,30,0
6,0,0.0,0.0,0.0,15,10,1,0,1,2,2,1,0,0,0.0,0,2,2,36,34,0
20,0,0.0,0.0,0.0,50,2,3,0,4,1,6,0,1,0,0.0,0,4,2,106,66,0
26,0,0.0,0.0,0.0,50,10,2,0,5,2,5,10,1,0,0.0,0,2,2,67,63,1
15,0,0.0,0.0,0.0,10,10,1,0,3,2,4,1,0,0,0.0,0,1,1,53,53,0
83,0,0.0,0.0,0.0,15,2,5,0,5,3,9,3,6,0,0.0,0,6,4,316,154,0
12,0,0.0,0.0,0.0,50,9,2,0,7,2,5,10,0,0,0.0,0,3,3,90,82,0
36,4,-2.0,1.0,4.0,50,0,4,1,7,2,12,12,10,4,0.0,0,5,3,113,93,0
14,0,0.0,0.0,0.0,50,11,2,0,3,4,0,1,1,0,0.0,0,2,2,46,40,0
36,0,0.0,0.0,0.0,10,9,9,0,10,1,9,18,0,0,0.0,0,9,2,160,96,1
5,0,0.0,0.0,0.0,11,5,3,0,3,1,0,0,3,0,0.0,0,3,3,30,24,0
5,0,0.0,0.0,0.0,10,9,3,0,3,1,6,0,3,0,0.0,0,3,2,69,43,0
23,0,0.0,0.0,0.0,50,8,8,0,6,2,6,8,15,0,0.0,0,8,3,123,66,0
92,0,0.0,0.0,0.0,50,6,3,0,20,2,7,17,0,0,0.0,0,3,2,193,158,0
33,0,0.0,0.0,0.0,50,10,3,0,10,2,8,14,21,0,0.0,0,4,2,95,85,1
5,0,0.0,0.0,0.0,10,10,4,0,0,1,1,0,0,0,0.0,0,4,1,49,40,0
38,0,0.0,0.0,0.0,50,10,3,0,12,2,8,16,28,0,0.0,0,4,2,118,100,0
30,0,0.0,0.0,0.0,50,10,3,0,7,1,6,13,1,0,0.0,0,3,2,79,67,0
54,0,0.0,0.0,0.0,15,4,4,0,11,2,9,12,0,0,0.0,0,5,4,132,96,1
16,0,0.0,0.0,0.0,50,10,5,0,4,2,7,4,1,0,0.0,0,5,3,75,48,0
12,0,0.0,0.0,0.0,10,9,2,0,4,2,4,0,0,0,0.0,0,2,1,47,42,0
6,0,0.0,0.0,0.0,20,9,3,0,4,1,4,0,6,0,0.0,0,3,3,84,78,0
81,0,0.0,0.0,0.0,10,8,7,0,21,1,18,22,0,0,0.0,0,8,4,304,170,0
32,0,0.0,0.0,0.0,50,10,3,0,14,2,11,9,28,0,0.0,0,4,2,103,86,0
24,0,0.0,0.0,0.0,10,9,6,0,6,1,9,11,0,0,0.0,0,6,2,151,91,1
6,0,0.0,0.0,0.0,50,10,2,0,4,1,2,0,6,0,0.0,0,2,2,35,34,0
36,0,0.0,0.0,0.0,10,9,5,0,10,2,6,15,21,0,0.0,0,6,3,172,71,0
9,0,0.0,0.0,0.0,3,2,1,0,1,2,5,1,0,0,0.0,0,2,2,41,34,0
3,0,0.0,0.0,0.0,10,10,1,0,1,1,1,0,0,0,0.0,0,1,1,27,27,0
16,0,0.0,0.0,0.0,2,2,1,0,3,2,2,2,0,0,0.0,0,2,2,46,44,0
21,0,0.0,0.0,0.0,50,39,2,0,4,2,12,4,0,0,0.0,0,3,2,89,75,0
34,0,0.0,0.0,0.0,10,9,5,0,8,2,7,7,0,0,0.0,0,5,2,103,74,0
15,0,0.0,0.0,0.0,50,10,2,0,4,2,7,7,6,0,0.0,0,3,2,76,56,0
13,0,0.0,0.0,0.0,10,9,2,0,4,2,4,0,0,0,0.0,0,2,1,46,41,0
7,0,0.0,0.0,0.0,50,10,2,0,5,1,3,0,10,0,0.0,0,2,2,40,37,0
38,0,0.0,0.0,0.0,20,10,2,0,19,2,7,6,64,0,0.0,0,3,2,96,89,0
15,0,0.0,0.0,0.0,10,10,2,0,3,2,4,1,0,0,0.0,0,2,1,55,53,0
10,0,0.0,0.0,0.0,50,4,3,0,8,1,7,0,28,0,0.0,0,3,2,52,45,0
17,0,0.0,0.0,0.0,3,3,1,0,5,2,8,4,10,0,0.0,0,1,1,59,59,0
3,0,0.0,0.0,0.0,10,10,1,0,1,1,1,0,0,0,0.0,0,1,1,26,26,0
37,0,0.0,0.0,0.0,50,10,5,0,8,2,12,18,10,0,0.0,0,6,2,138,101,0
36,0,0.0,0.0,0.0,10,2,7,0,10,2,9,14,36,0,0.0,0,7,2,229,93,0
28,0,0.0,0.0,0.0,7,5,2,0,7,1,1,3,15,0,0.0,0,2,2,109,73,0
9,0,0.0,0.0,0.0,10,6,2,0,2,4,0,0,1,0,0.0,0,2,2,52,43,0
18,0,0.0,0.0,0.0,6,6,1,0,16,1,12,0,120,0,0.0,0,1,1,199,199,0
4,0,0.0,0.0,0.0,23,11,3,0,2,1,3,0,1,0,0.0,0,3,3,90,30,0
39,0,0.0,0.0,0.0,50,6,8,0,4,3,6,1,6,0,0.0,0,8,3,1300,600,1
11,0,0.0,0.0,0.0,11,10,3,0,2,1,5,3,0,0,0.0,0,3,2,144,48,0
50,0,0.0,0.0,0.0,10,2,4,0,9,1,14,25,4,0,0.0,0,4,3,111,51,0
7,0,0.0,0.0,0.0,50,10,2,0,5,1,2,0,10,0,0.0,0,2,2,37,36,0
4,0,0.0,0.0,0.0,15,6,3,0,2,1,1,0,1,0,0.0,0,4,3,55,31,0
33,0,0.0,0.0,0.0,50,10,3,0,9,1,10,23,0,0,0.0,0,4,3,112,82,0
72,0,0.0,0.0,0.0,10,2,9,0,22,1,15,21,0,0,0.0,0,11,4,347,152,1
24,0,0.0,0.0,0.0,9,9,0,0,4,2,5,0,6,0,0.0,0,1,1,59,59,0
49,0,0.0,0.0,0.0,50,3,3,0,14,2,13,25,36,0,0.0,0,6,2,168,109,0
5,0,0.0,0.0,0.0,50,50,1,0,2,3,2,0,1,0,0.0,0,1,1,28,28,0
8,0,0.0,0.0,0.0,50,10,3,0,6,1,4,0,15,0,0.0,0,3,2,56,44,0
33,0,0.0,0.0,0.0,50,10,2,0,9,2,7,10,10,0,0.0,0,3,2,89,75,0
8,0,0.0,0.0,0.0,50,10,2,0,6,1,3,0,15,0,0.0,0,2,2,40,39,0
26,0,0.0,0.0,0.0,9,2,2,0,3,1,3,4,3,0,0.0,0,3,2,83,55,0
6,0,0.0,0.0,0.0,18,9,4,0,4,1,6,0,6,0,0.0,0,4,4,43,40,0
30,15,5.0,10.0,3.0,11,0,3,0,5,2,8,11,0,3,0.0,0,4,3,112,77,0
5,0,0.0,0.0,0.0,20,6,2,0,1,2,2,1,0,0,0.0,0,2,1,32,31,0
7,0,0.0,0.0,0.0,50,10,2,0,5,1,4,0,10,0,0.0,0,3,2,40,38,0
8,0,0.0,0.0,0.0,23,10,5,0,6,1,5,0,15,0,0.0,0,5,4,338,99,0
20,0,0.0,0.0,0.0,11,10,3,0,4,1,5,6,0,0,0.0,0,3,3,77,57,0
20,0,0.0,0.0,0.0,50,6,5,0,3,3,6,3,3,0,0.0,0,5,2,102,50,0
49,0,0.0,0.0,0.0,50,10,3,0,18,2,9,18,78,0,0.0,0,6,3,122,99,0
13,0,0.0,0.0,0.0,23,14,2,0,5,2,5,2,1,0,0.0,0,2,1,55,53,0
7,0,0.0,0.0,0.0,7,7,1,0,5,1,6,0,10,0,0.0,0,1,1,52,52,0
52,0,0.0,0.0,0.0,10,3,8,0,14,1,15,24,0,0,0.0,0,8,5,313,159,1
10,0,0.0,0.0,0.0,20,8,6,0,8,1,3,0,28,0,0.0,0,6,4,114,103,0
7,0,0.0,0.0,0.0,3,3,1,0,1,2,3,1,0,0,0.0,0,1,1,34,34,0
14,0,0.0,0.0,0.0,50,10,4,0,3,2,6,6,1,0,0.0,0,5,3,72,56,0
12,0,0.0,0.0,0.0,15,9,2,0,3,2,4,1,3,0,0.0,0,3,2,45,43,0
44,0,0.0,0.0,0.0,10,10,2,0,12,2,6,3,6,0,0.0,0,2,1,99,87,0
12,0,0.0,0.0,0.0,2,2,0,0,3,2,2,0,3,0,0.0,0,1,1,45,45,0
10,0,0.0,0.0,0.0,10,10,4,0,2,3,3,0,0,0,0.0,0,4,1,49,34,0
25,0,0.0,0.0,0.0,50,10,2,0,7,2,6,10,10,0,0.0,0,3,2,85,69,0
6,15,3.0,9.0,3.0,23,0,2,0,4,1,3,0,6,3,0.0,0,3,2,78,62,0
3,0,0.0,0.0,0.0,11,11,1,0,1,1,1,0,0,0,0.0,0,2,2,30,26,0
11,1,1.0,1.0,40.0,10,1,3,1,4,1,1,1,0,40,0.0,0,3,2,73,69,1
15,0,0.0,0.0,0.0,10,10,1,0,3,2,4,1,0,0,0.0,0,1,1,53,53,0
9,0,0.0,0.0,0.0,50,10,2,0,7,1,2,0,21,0,0.0,0,2,2,41,40,1
4,0,0.0,0.0,0.0,20,20,1,0,1,2,2,0,0,0,0.0,0,1,1,28,28,0
12,0,0.0,0.0,0.0,50,10,2,0,2,1,10,8,0,0,0.0,0,2,2,67,65,0
12,0,0.0,0.0,0.0,20,6,5,0,10,1,5,0,45,0,0.0,0,6,4,343,228,0
25,0,0.0,0.0,0.0,50,10,2,0,7,2,6,10,10,0,0.0,0,3,2,76,66,0
14,0,0.0,0.0,0.0,50,9,2,0,5,1,3,4,4,0,0.0,0,3,3,54,50,0
9,0,0.0,0.0,0.0,20,10,2,0,1,2,5,5,0,0,0.0,0,2,2,43,41,0
10,0,0.0,0.0,0.0,50,10,2,0,8,1,3,0,28,0,0.0,0,3,2,44,41,0
38,0,0.0,0.0,0.0,50,6,5,0,9,2,9,16,4,0,0.0,0,6,3,115,88,0
10,0,0.0,0.0,0.0,10,9,3,0,2,3,3,0,0,0,0.0,0,3,1,50,40,0
6,0,0.0,0.0,0.0,52,52,1,0,4,1,1,0,6,0,0.0,0,1,1,32,32,0
8,0,0.0,0.0,0.0,43,38,2,0,2,2,1,5,0,0,0.0,0,2,2,35,33,0
44,0,0.0,0.0,0.0,52,52,1,0,9,1,13,17,4,0,0.0,0,1,1,115,115,0
5,0,0.0,0.0,0.0,52,52,1,0,1,2,2,0,0,0,0.0,0,1,1,35,35,0
16,0,0.0,0.0,0.0,52,50,2,0,4,3,8,2,1,0,0.0,0,2,2,59,55,0
17,0,0.0,0.0,0.0,52,52,1,0,3,2,8,7,1,0,0.0,0,1,1,66,66,0
7,0,0.0,0.0,0.0,52,52,1,0,5,1,4,0,10,0,0.0,0,1,1,38,38,0
33,0,0.0,0.0,0.0,52,52,1,0,11,2,11,4,0,0,0.0,0,1,1,91,91,0
42,0,0.0,0.0,0.0,52,11,2,0,11,1,2,4,23,0,0.0,0,2,1,91,89,0
6,0,0.0,0.0,0.0,52,52,1,0,4,1,2,0,6,0,0.0,0,1,1,34,34,0
9,0,0.0,0.0,0.0,52,52,1,0,1,2,5,5,0,0,0.0,0,1,1,41,41,0
17,0,0.0,0.0,0.0,52,52,1,0,4,3,5,2,0,0,0.0,0,1,1,64,64,0
30,0,0.0,0.0,0.0,52,43,2,0,9,2,8,12,21,0,0.0,0,2,2,92,73,0
6,0,0.0,0.0,0.0,52,52,1,0,1,3,0,0,0,0,0.0,0,1,1,42,42,0
79,0,0.0,0.0,0.0,52,7,4,0,5,3,14,15,3,0,0.0,0,5,3,219,154,0
8,0,0.0,0.0,0.0,52,52,1,0,2,1,0,0,0,0,0.0,0,1,1,37,37,0
4,0,0.0,0.0,0.0,52,52,1,0,1,2,2,0,0,0,0.0,0,1,1,28,28,0
5,0,0.0,0.0,0.0,52,52,1,0,1,2,2,1,0,0,0.0,0,1,1,31,31,0
1,0,0.0,0.0,0.0,52,52,1,0,0,1,0,0,0,0,0.0,0,1,1,35,35,0
8,0,0.0,0.0,0.0,52,52,1,0,2,2,2,0,1,0,0.0,0,1,1,33,33,0
5,0,0.0,0.0,0.0,52,52,1,0,3,1,0,0,3,0,0.0,0,1,1,31,31,0
9,0,0.0,0.0,0.0,52,52,1,0,2,3,0,0,1,0,0.0,0,1,1,32,32,0
21,0,0.0,0.0,0.0,52,2,3,0,7,2,4,7,1,0,0.0,0,3,2,59,54,0
6,0,0.0,0.0,0.0,52,52,1,0,4,1,3,0,6,0,0.0,0,1,1,59,59,0
9,0,0.0,0.0,0.0,52,52,1,0,2,3,0,0,1,0,0.0,0,1,1,32,32,0
31,0,0.0,0.0,0.0,52,43,2,0,7,2,5,6,10,0,0.0,0,2,2,116,92,1
52,0,0.0,0.0,0.0,52,52,1,0,9,2,14,16,0,0,0.0,0,1,1,143,143,0
7,0,0.0,0.0,0.0,52,52,1,0,5,1,4,0,10,0,0.0,0,1,1,38,38,0
16,0,0.0,0.0,0.0,52,50,2,0,4,3,8,2,1,0,0.0,0,2,2,59,55,0
32,0,0.0,0.0,0.0,52,7,2,0,1,2,14,6,0,0,0.0,0,4,2,179,100,0
29,0,0.0,0.0,0.0,52,52,1,0,6,2,7,12,1,0,0.0,0,1,1,71,71,1
10,0,0.0,0.0,0.0,52,43,3,0,1,3,5,10,0,0,0.0,0,3,2,60,41,0
87,0,0.0,0.0,0.0,52,20,1,0,15,1,21,25,0,0,0.0,0,2,1,311,221,0
13,0,0.0,0.0,0.0,52,2,2,0,3,2,4,4,1,0,0.0,0,2,1,49,43,0
1,0,0.0,0.0,0.0,52,52,1,0,0,1,0,0,0,0,0.0,0,1,1,26,26,0
17,0,0.0,0.0,0.0,52,37,2,0,6,1,6,0,15,0,0.0,0,2,2,71,64,0
44,0,0.0,0.0,0.0,52,52,1,0,12,2,2,3,6,0,0.0,0,1,1,87,87,0
7,0,0.0,0.0,0.0,52,52,1,0,5,1,2,0,10,0,0.0,0,1,1,36,36,0
3,0,0.0,0.0,0.0,52,52,1,0,1,1,2,0,0,0,0.0,0,1,1,40,40,0
22,0,0.0,0.0,0.0,52,52,1,0,3,2,4,1,3,0,0.0,0,1,1,67,67,0
9,0,0.0,0.0,0.0,52,52,1,0,2,3,0,0,1,0,0.0,0,1,1,32,32,0
12,0,0.0,0.0,0.0,52,2,2,0,3,2,4,1,1,0,0.0,0,2,1,45,39,0
15,0,0.0,0.0,0.0,52,52,1,0,4,1,3,1,0,0,0.0,0,1,1,45,45,0
8,0,0.0,0.0,0.0,52,52,1,0,2,3,2,0,1,0,0.0,0,1,1,34,34,0
39,0,0.0,0.0,0.0,52,43,3,0,11,2,6,6,45,0,0.0,0,3,2,139,102,1
14,0,0.0,0.0,0.0,52,52,1,0,3,1,2,2,1,0,0.0,0,1,1,40,40,0
24,0,0.0,0.0,0.0,52,52,1,0,10,2,6,2,26,0,0.0,0,1,1,68,68,0
29,0,0.0,0.0,0.0,8,8,0,0,7,2,8,5,0,0,0.0,0,1,1,69,69,0
7,0,0.0,0.0,0.0,52,52,1,0,5,1,2,0,10,0,0.0,0,1,1,36,36,0
11,0,0.0,0.0,0.0,52,52,1,0,6,1,0,0,1,0,0.0,0,1,1,43,43,0
16,0,0.0,0.0,0.0,52,50,2,0,4,3,8,2,1,0,0.0,0,2,2,59,55,0
25,0,0.0,0.0,0.0,52,52,1,0,7,2,8,10,10,0,0.0,0,1,1,69,69,0
44,0,0.0,0.0,0.0,52,20,1,0,10,1,14,13,0,0,0.0,0,2,1,131,107,0
26,0,0.0,0.0,0.0,52,52,1,0,8,2,7,12,10,0,0.0,0,1,1,68,68,0
21,0,0.0,0.0,0.0,52,52,1,0,3,1,4,8,1,0,0.0,0,1,1,59,59,0
25,0,0.0,0.0,0.0,52,52,1,0,7,2,8,10,10,0,0.0,0,1,1,68,68,0
6,0,0.0,0.0,0.0,52,52,1,0,4,1,2,0,6,0,0.0,0,1,1,34,34,0
25,0,0.0,0.0,0.0,52,41,1,0,12,2,12,15,15,0,0.0,0,2,1,94,88,0
23,0,0.0,0.0,0.0,52,43,3,0,7,2,4,5,21,0,0.0,0,3,2,118,64,0
20,0,0.0,0.0,0.0,8,8,0,0,5,2,7,4,0,0,0.0,0,1,1,54,54,0
7,0,0.0,0.0,0.0,52,52,1,0,1,3,3,2,0,0,0.0,0,1,1,32,32,0
27,0,0.0,0.0,0.0,52,52,1,0,6,2,7,15,1,0,0.0,0,1,1,63,63,1
4,0,0.0,0.0,0.0,52,52,1,0,3,1,0,0,0,0,0.0,0,1,1,42,42,0
14,0,0.0,0.0,0.0,52,8,1,0,2,2,6,3,0,0,0.0,0,2,1,56,54,0
29,0,0.0,0.0,0.0,52,6,2,0,8,1,5,6,0,0,0.0,0,2,1,78,66,0
12,0,0.0,0.0,0.0,52,52,1,0,4,2,1,0,0,0,0.0,0,1,1,41,41,0
13,0,0.0,0.0,0.0,52,52,1,0,3,1,3,2,1,0,0.0,0,1,1,43,43,0
17,0,0.0,0.0,0.0,52,20,3,0,5,2,6,5,10,0,0.0,0,4,2,80,54,0
9,0,0.0,0.0,0.0,52,41,1,0,2,1,3,0,0,0,0.0,0,2,1,52,39,0
30,0,0.0,0.0,0.0,52,33,2,0,7,2,10,13,1,0,0.0,0,2,1,76,72,1
11,0,0.0,0.0,0.0,52,20,3,0,3,2,5,5,3,0,0.0,0,3,2,56,44,0
18,0,0.0,0.0,0.0,52,20,2,0,3,2,11,6,0,0,0.0,0,2,1,100,84,0
7,0,0.0,0.0,0.0,52,52,1,0,5,1,4,0,10,0,0.0,0,1,1,38,38,0
9,0,0.0,0.0,0.0,52,52,1,0,1,3,5,5,0,0,0.0,0,1,1,41,41,0
3,0,0.0,0.0,0.0,26,26,1,0,1,1,0,0,0,0,0.0,0,1,1,24,24,0
12,0,0.0,0.0,0.0,9,7,2,0,3,2,3,0,3,0,0.0,0,3,1,230,138,0
31,0,0.0,0.0,0.0,52,43,2,0,7,2,4,6,10,0,0.0,0,2,2,84,68,0
72,0,0.0,0.0,0.0,52,52,1,0,20,1,9,0,6,0,0.0,0,1,1,121,121,0
7,0,0.0,0.0,0.0,52,52,1,0,5,1,2,0,10,0,0.0,0,1,1,36,36,0
12,0,0.0,0.0,0.0,52,43,2,0,2,2,3,5,0,0,0.0,0,2,2,54,48,0
28,0,0.0,0.0,0.0,52,32,1,0,8,4,1,1,24,0,0.0,0,2,2,68,66,0
35,0,0.0,0.0,0.0,52,52,1,0,8,2,12,17,10,0,0.0,0,1,1,94,94,0
4,0,0.0,0.0,0.0,52,52,1,0,2,1,2,0,1,0,0.0,0,1,1,47,47,0
1,0,0.0,0.0,0.0,52,52,1,0,0,1,0,0,0,0,0.0,0,1,1,31,31,0
15,0,0.0,0.0,0.0,52,52,1,0,4,2,6,7,6,0,0.0,0,1,1,52,52,0
9,0,0.0,0.0,0.0,52,52,1,0,2,2,2,0,1,0,0.0,0,1,1,39,39,0
8,0,0.0,0.0,0.0,52,43,2,0,2,2,4,4,1,0,0.0,0,2,2,51,37,0
19,0,0.0,0.0,0.0,52,52,1,0,4,1,8,3,4,0,0.0,0,1,1,71,71,0
32,0,0.0,0.0,0.0,52,52,1,0,7,1,9,7,4,0,0.0,0,1,1,90,90,0
12,0,0.0,0.0,0.0,52,52,1,0,4,2,5,7,6,0,0.0,0,1,1,48,48,0
3,0,0.0,0.0,0.0,52,52,1,0,1,1,1,0,0,0,0.0,0,1,1,27,27,0
6,0,0.0,0.0,0.0,52,52,1,0,1,3,2,0,0,0,0.0,0,1,1,33,33,0
14,0,0.0,0.0,0.0,52,52,1,0,2,1,3,4,1,0,0.0,0,1,1,45,45,0
34,0,0.0,0.0,0.0,52,32,1,0,8,2,3,7,0,0,0.0,0,2,2,75,73,0
37,0,0.0,0.0,0.0,52,52,1,0,8,2,12,18,10,0,0.0,0,1,1,102,102,0
36,0,0.0,0.0,0.0,52,52,1,0,9,2,9,15,15,0,0.0,0,1,1,86,86,0
26,0,0.0,0.0,0.0,52,52,1,0,1,3,9,6,0,0,0.0,0,1,1,70,70,0
51,0,0.0,0.0,0.0,52,52,1,0,16,3,3,7,21,0,0.0,0,1,1,98,98,0
7,0,0.0,0.0,0.0,52,46,2,0,1,2,3,6,0,0,0.0,0,2,1,43,35,0
9,0,0.0,0.0,0.0,52,52,1,0,7,1,3,0,21,0,0.0,0,1,1,41,41,0
13,0,0.0,0.0,0.0,52,52,1,0,5,2,5,2,1,0,0.0,0,1,1,53,53,0
10,0,0.0,0.0,0.0,52,52,1,0,2,3,1,0,0,0,0.0,0,1,1,34,34,0
7,0,0.0,0.0,0.0,52,52,1,0,5,1,2,0,10,0,0.0,0,1,1,36,36,0
5,0,0.0,0.0,0.0,52,52,1,0,1,2,1,0,0,0,0.0,0,1,1,29,29,0
6,0,0.0,0.0,0.0,52,52,1,0,1,2,1,0,0,0,0.0,0,1,1,30,30,0
20,0,0.0,0.0,0.0,52,52,1,0,3,3,9,0,0,0,0.0,0,1,1,66,66,0
26,0,0.0,0.0,0.0,52,52,1,0,5,2,7,11,1,0,0.0,0,1,1,63,63,1
11,0,0.0,0.0,0.0,52,52,1,0,7,2,5,10,0,0,0.0,0,1,1,82,82,0
38,0,0.0,0.0,0.0,52,50,2,0,8,2,11,13,10,0,0.0,0,2,1,98,93,0
17,0,0.0,0.0,0.0,52,43,2,0,5,2,4,5,10,0,0.0,0,2,2,82,66,0
92,0,0.0,0.0,0.0,52,52,1,0,20,2,7,17,0,0,0.0,0,1,1,158,158,0
33,0,0.0,0.0,0.0,52,40,2,0,10,2,7,14,21,0,0.0,0,2,1,89,85,1
38,0,0.0,0.0,0.0,52,52,1,0,12,2,8,16,28,0,0.0,0,1,1,100,100,0
30,0,0.0,0.0,0.0,52,52,1,0,7,1,6,13,1,0,0.0,0,1,1,67,67,0
104,0,0.0,0.0,0.0,52,32,2,0,31,3,15,9,226,0,0.0,0,3,3,230,196,0
9,0,0.0,0.0,0.0,52,9,2,0,1,2,6,3,0,0,0.0,0,2,1,43,42,0
14,0,0.0,0.0,0.0,52,52,1,0,3,2,6,4,1,0,0.0,0,1,1,48,48,0
83,0,0.0,0.0,0.0,52,32,1,0,21,3,3,9,44,0,0.0,0,2,2,144,140,0
25,0,0.0,0.0,0.0,52,52,1,0,6,2,7,8,1,0,0.0,0,1,1,61,61,1
32,0,0.0,0.0,0.0,52,52,1,0,14,2,10,10,28,0,0.0,0,1,1,86,86,0
1,0,0.0,0.0,0.0,52,52,1,0,0,1,0,0,0,0,0.0,0,1,1,27,27,0
6,0,0.0,0.0,0.0,52,52,1,0,4,1,2,0,6,0,0.0,0,1,1,34,34,0
21,0,0.0,0.0,0.0,52,41,2,0,4,2,12,4,0,0,0.0,0,3,2,89,75,0
15,0,0.0,0.0,0.0,52,52,1,0,4,2,7,7,6,0,0.0,0,1,1,56,56,0
7,0,0.0,0.0,0.0,52,52,1,0,5,1,3,0,10,0,0.0,0,1,1,37,37,0
10,0,0.0,0.0,0.0,52,52,1,0,8,1,7,0,28,0,0.0,0,1,1,45,45,0
1,0,0.0,0.0,0.0,52,52,1,0,0,1,0,0,0,0,0.0,0,1,1,28,28,0
37,0,0.0,0.0,0.0,52,52,1,0,8,2,12,18,10,0,0.0,0,1,1,101,101,0
1,0,0.0,0.0,0.0,52,52,1,0,0,1,0,0,0,0,0.0,0,1,1,29,29,0
7,0,0.0,0.0,0.0,52,52,1,0,5,1,2,0,10,0,0.0,0,1,1,36,36,0
12,0,0.0,0.0,0.0,52,52,1,0,3,2,1,0,1,0,0.0,0,1,1,45,45,1
33,0,0.0,0.0,0.0,52,23,2,0,9,1,10,23,0,0,0.0,0,2,2,89,82,0
1,0,0.0,0.0,0.0,52,52,1,0,0,1,0,0,0,0,0.0,0,1,1,27,27,0
4,0,0.0,0.0,0.0,52,52,1,0,1,2,2,0,0,0,0.0,0,1,1,28,28,0
49,0,0.0,0.0,0.0,52,37,2,0,14,2,13,25,36,0,0.0,0,2,1,135,109,0
5,0,0.0,0.0,0.0,52,52,1,0,2,3,2,0,1,0,0.0,0,1,1,28,28,0
9,0,0.0,0.0,0.0,52,52,1,0,2,2,2,0,1,0,0.0,0,1,1,37,37,0
10,0,0.0,0.0,0.0,52,52,1,0,8,1,4,0,28,0,0.0,0,1,1,44,44,0
33,0,0.0,0.0,0.0,52,52,1,0,9,2,7,10,10,0,0.0,0,1,1,75,75,0
13,0,0.0,0.0,0.0,52,52,1,0,3,3,2,2,1,0,0.0,0,1,1,40,40,0
8,0,0.0,0.0,0.0,52,52,1,0,6,1,3,0,15,0,0.0,0,1,1,39,39,0
8,0,0.0,0.0,0.0,52,37,2,0,6,1,5,0,15,0,0.0,0,2,2,103,92,0
25,0,0.0,0.0,0.0,52,26,2,0,4,1,6,13,0,0,0.0,0,2,1,73,66,0
7,0,0.0,0.0,0.0,52,52,1,0,5,1,4,0,10,0,0.0,0,1,1,38,38,0
18,0,0.0,0.0,0.0,52,8,1,0,3,3,7,1,3,0,0.0,0,2,1,62,50,0
49,0,0.0,0.0,0.0,52,15,2,0,18,2,10,18,78,0,0.0,0,3,2,108,99,0
36,0,0.0,0.0,0.0,52,52,1,0,9,1,12,9,0,0,0.0,0,1,1,89,89,0
17,0,0.0,0.0,0.0,52,52,1,0,3,2,6,6,1,0,0.0,0,1,1,56,56,0
25,0,0.0,0.0,0.0,52,52,1,0,7,2,8,10,10,0,0.0,0,1,1,69,69,0
5,0,0.0,0.0,0.0,52,52,1,0,0,1,0,0,0,0,0.0,0,1,1,40,40,0
1,0,0.0,0.0,0.0,52,52,1,0,0,1,0,0,0,0,0.0,0,1,1,26,26,0
9,0,0.0,0.0,0.0,52,52,1,0,7,1,2,0,21,0,0.0,0,1,1,40,40,1
12,0,0.0,0.0,0.0,52,52,1,0,2,1,10,8,0,0,0.0,0,1,1,65,65,0
9,0,0.0,0.0,0.0,52,9,2,0,2,2,3,3,0,0,0.0,0,3,2,44,37,0
1,0,0.0,0.0,0.0,52,52,1,0,0,1,0,0,0,0,0.0,0,1,1,28,28,0
25,0,0.0,0.0,0.0,52,52,1,0,7,2,8,10,10,0,0.0,0,1,1,66,66,0
14,0,0.0,0.0,0.0,52,52,1,0,5,1,3,4,4,0,0.0,0,1,1,50,50,0
23,0,0.0,0.0,0.0,52,4,3,0,5,3,9,4,4,0,0.0,0,3,2,85,67,0
5,0,0.0,0.0,0.0,52,52,1,0,1,1,1,0,0,0,0.0,0,1,1,43,43,0
35,0,0.0,0.0,0.0,52,32,1,0,12,3,2,2,49,0,0.0,0,2,2,86,82,0
10,0,0.0,0.0,0.0,52,37,2,0,8,1,3,0,28,0,0.0,0,2,1,43,41,0
38,0,0.0,0.0,0.0,52,52,1,0,9,2,10,16,4,0,0.0,0,1,1,88,88,0
37,0,0.0,0.0,0.0,52,52,1,0,10,3,2,5,0,0,0.0,0,1,1,75,75,0
6,0,0.0,0.0,0.0,53,53,1,0,4,1,1,0,6,0,0.0,0,1,1,32,32,0
8,0,0.0,0.0,0.0,44,39,2,0,2,2,1,5,0,0,0.0,0,2,2,35,33,0
42,0,0.0,0.0,0.0,53,4,5,0,9,1,12,16,6,0,0.0,0,6,2,170,115,0
15,0,0.0,0.0,0.0,13,13,3,0,3,2,4,1,0,0,0.0,0,3,1,159,53,0
42,0,0.0,0.0,0.0,14,5,6,0,13,2,13,15,55,0,0.0,0,6,3,179,91,0
7,0,0.0,0.0,0.0,24,24,1,0,1,2,4,6,0,0,0.0,0,1,1,37,37,0
17,0,0.0,0.0,0.0,53,13,3,0,4,3,8,2,1,0,0.0,0,4,3,66,55,0
17,0,0.0,0.0,0.0,53,14,3,0,3,2,8,7,1,0,0.0,0,3,2,81,66,0
7,0,0.0,0.0,0.0,53,13,2,0,5,1,4,0,10,0,0.0,0,3,2,40,38,0
17,0,0.0,0.0,0.0,24,13,3,0,5,3,6,2,1,0,0.0,0,4,2,59,56,0
33,0,0.0,0.0,0.0,53,14,3,0,11,2,11,4,0,0,0.0,0,3,2,100,91,0
9,0,0.0,0.0,0.0,14,12,4,0,6,1,8,0,15,0,0.0,0,4,2,116,60,0
42,0,0.0,0.0,0.0,53,12,3,0,11,1,2,4,23,0,0.0,0,3,2,93,89,0
6,0,0.0,0.0,0.0,53,14,2,0,4,1,2,0,6,0,0.0,0,2,2,35,34,0
17,0,0.0,0.0,0.0,53,6,1,0,4,3,5,6,0,0,0.0,0,2,1,77,64,0
39,0,0.0,0.0,0.0,53,13,6,0,9,2,9,14,21,0,0.0,0,6,3,157,73,0
9,0,0.0,0.0,0.0,53,10,4,0,2,4,0,0,1,0,0.0,0,4,3,59,42,0
4,0,0.0,0.0,0.0,24,24,1,0,1,2,2,0,0,0,0.0,0,1,1,28,28,0
8,0,0.0,0.0,0.0,14,14,1,0,2,3,3,0,1,0,0.0,0,1,1,34,34,0
15,0,0.0,0.0,0.0,23,13,5,0,5,1,9,4,8,0,0.0,0,5,4,73,63,0
9,0,0.0,0.0,0.0,24,11,3,0,1,2,6,3,0,0,0.0,0,3,2,45,42,0
14,0,0.0,0.0,0.0,53,14,3,0,4,2,2,1,6,0,0.0,0,3,3,46,33,0
4,0,0.0,0.0,0.0,53,10,2,0,2,1,0,0,1,0,0.0,0,3,2,44,31,0
9,0,0.0,0.0,0.0,53,14,2,0,2,4,0,0,1,0,0.0,0,2,2,34,32,0
21,0,0.0,0.0,0.0,53,11,5,0,7,2,4,8,1,0,0.0,0,6,4,81,54,0
43,0,0.0,0.0,0.0,23,13,4,0,11,2,12,9,55,0,0.0,0,4,3,148,131,0
3,0,0.0,0.0,0.0,14,13,4,0,1,1,2,0,0,0,0.0,0,4,3,87,28,0
9,0,0.0,0.0,0.0,53,14,2,0,2,4,0,0,1,0,0.0,0,2,2,34,32,0
51,0,0.0,0.0,0.0,24,7,3,0,14,2,14,5,49,0,0.0,0,6,2,144,120,0
17,0,0.0,0.0,0.0,24,13,2,0,5,2,6,2,1,0,0.0,0,3,2,59,56,0
9,0,0.0,0.0,0.0,8,8,1,0,2,1,2,2,1,0,0.0,0,1,1,44,44,0
7,0,0.0,0.0,0.0,14,12,4,0,5,1,8,0,10,0,0.0,0,4,2,92,51,0
15,0,0.0,0.0,0.0,13,13,1,0,3,2,4,1,0,0,0.0,0,1,1,53,53,0
13,0,0.0,0.0,0.0,53,14,2,0,3,1,5,3,1,0,0.0,0,3,2,201,119,0
4,0,0.0,0.0,0.0,14,14,1,0,2,1,3,0,1,0,0.0,0,1,1,43,43,0
37,0,0.0,0.0,0.0,53,6,12,0,11,3,14,16,55,0,0.0,0,12,4,310,92,1
56,0,0.0,0.0,0.0,53,5,6,0,10,2,15,17,0,0,0.0,0,7,3,205,143,0
7,0,0.0,0.0,0.0,53,14,2,0,5,1,4,0,10,0,0.0,0,2,2,39,38,0
17,0,0.0,0.0,0.0,53,13,3,0,4,2,8,2,1,0,0.0,0,4,3,66,55,0
33,0,0.0,0.0,0.0,53,5,11,0,1,2,16,6,0,0,0.0,0,12,4,204,100,0
63,0,0.0,0.0,0.0,13,12,6,0,16,1,10,12,0,0,0.0,0,6,2,175,110,0
29,10,2.0,6.0,19.0,53,0,3,1,6,2,6,12,1,19,0.0,0,3,3,89,71,0
10,0,0.0,0.0,0.0,53,14,4,0,1,4,5,10,0,0,0.0,0,4,3,62,41,0
6,0,0.0,0.0,0.0,26,14,3,0,2,1,4,0,1,0,0.0,0,3,3,39,37,0
87,0,0.0,0.0,0.0,53,9,7,0,15,1,22,26,0,0,0.0,0,9,3,469,221,0
37,0,0.0,0.0,0.0,14,12,1,0,10,3,2,5,0,0,0.0,0,2,2,77,76,0
14,0,0.0,0.0,0.0,53,3,4,0,3,2,4,4,1,0,0.0,0,4,3,55,43,0
13,7,1.0,4.0,19.0,26,0,3,1,4,2,5,7,1,19,0.0,0,3,3,58,48,0
40,0,0.0,0.0,0.0,15,8,3,0,11,1,10,10,0,0,0.0,0,3,3,110,59,0
9,0,0.0,0.0,0.0,18,5,5,0,2,2,4,4,1,0,0.0,0,5,2,93,53,0
7,0,0.0,0.0,0.0,53,14,2,0,5,1,2,0,10,0,0.0,0,2,2,37,36,0
3,0,0.0,0.0,0.0,53,14,3,0,1,1,2,0,0,0,0.0,0,3,2,56,40,0
1,0,0.0,0.0,0.0,14,13,4,0,0,1,1,0,0,0,0.0,0,4,1,35,26,0
5,0,0.0,0.0,0.0,24,24,1,0,1,2,2,0,0,0,0.0,0,1,1,35,35,0
9,0,0.0,0.0,0.0,11,11,0,0,2,3,0,0,1,0,0.0,0,1,1,37,37,0
14,0,0.0,0.0,0.0,3,3,1,0,3,2,3,6,0,0,0.0,0,1,1,47,47,0
40,0,0.0,0.0,0.0,13,6,6,0,11,1,15,20,0,0,0.0,0,7,4,232,146,0
19,0,0.0,0.0,0.0,53,21,3,0,3,2,4,1,3,0,0.0,0,3,2,111,67,0
9,0,0.0,0.0,0.0,53,14,2,0,2,4,0,0,1,0,0.0,0,2,2,34,32,0
13,0,0.0,0.0,0.0,53,3,4,0,3,2,4,1,1,0,0.0,0,4,3,50,39,0
19,0,0.0,0.0,0.0,35,14,4,0,3,2,4,4,3,0,0.0,0,4,2,147,68,0
10,0,0.0,0.0,0.0,18,6,7,0,7,2,6,0,21,0,0.0,0,7,4,63,39,1
15,0,0.0,0.0,0.0,24,24,1,0,4,1,3,1,0,0,0.0,0,1,1,45,45,0
17,0,0.0,0.0,0.0,26,14,8,0,6,1,6,0,15,0,0.0,0,8,4,129,63,0
9,0,0.0,0.0,0.0,24,11,2,0,2,2,3,3,0,0,0.0,0,2,1,42,41,0
20,0,0.0,0.0,0.0,10,10,1,0,6,2,5,4,15,0,0.0,0,1,1,63,63,0
29,0,0.0,0.0,0.0,17,11,3,0,5,1,5,7,1,0,0.0,0,3,2,81,68,0
6,4,4.0,4.0,19.0,53,0,2,1,1,1,3,2,0,19,0.0,0,2,2,35,31,0
43,6,-2.0,2.0,1.0,53,1,12,1,12,2,9,15,55,1,0.0,0,13,5,256,102,1
33,0,0.0,0.0,0.0,18,12,3,0,4,3,4,1,6,0,0.0,0,4,3,79,72,0
22,0,0.0,0.0,0.0,14,12,5,0,6,2,5,9,15,0,0.0,0,5,2,113,62,0
14,0,0.0,0.0,0.0,53,12,2,0,3,1,3,2,1,0,0.0,0,2,1,46,40,0
24,0,0.0,0.0,0.0,53,14,2,0,10,2,6,2,26,0,0.0,0,2,2,69,68,0
29,0,0.0,0.0,0.0,10,10,1,0,7,2,9,5,0,0,0.0,0,1,1,69,69,0
7,0,0.0,0.0,0.0,53,14,2,0,5,1,2,0,10,0,0.0,0,2,2,37,36,0
17,0,0.0,0.0,0.0,53,13,3,0,4,3,8,2,1,0,0.0,0,4,3,66,55,0
25,0,0.0,0.0,0.0,53,13,2,0,7,2,6,10,10,0,0.0,0,3,2,83,69,0
44,0,0.0,0.0,0.0,53,13,5,0,10,1,14,13,0,0,0.0,0,6,3,156,107,0
26,0,0.0,0.0,0.0,53,13,2,0,8,2,7,12,10,0,0.0,0,3,2,84,68,0
21,0,0.0,0.0,0.0,53,9,2,0,3,1,4,8,1,0,0.0,0,3,2,65,59,0
15,0,0.0,0.0,0.0,11,11,1,0,3,2,4,1,0,0,0.0,0,1,1,52,52,0
25,0,0.0,0.0,0.0,53,13,2,0,7,2,6,10,10,0,0.0,0,3,2,82,68,0
6,0,0.0,0.0,0.0,53,14,2,0,4,1,2,0,6,0,0.0,0,2,2,35,34,0
19,0,0.0,0.0,0.0,53,14,4,0,6,2,11,8,15,0,0.0,0,6,3,192,88,0
24,0,0.0,0.0,0.0,53,12,10,0,7,2,8,12,21,0,0.0,0,11,4,214,64,0
20,0,0.0,0.0,0.0,10,10,1,0,5,2,8,4,0,0,0.0,0,1,1,54,54,0
7,0,0.0,0.0,0.0,53,53,1,0,1,4,3,2,0,0,0.0,0,1,1,32,32,0
27,9,1.0,5.0,19.0,53,0,3,1,6,2,5,15,1,19,0.0,0,3,3,75,63,0
15,0,0.0,0.0,0.0,13,13,3,0,3,2,4,1,0,0,0.0,0,3,1,159,53,0
6,0,0.0,0.0,0.0,19,9,5,0,4,1,4,0,6,0,0.0,0,6,4,103,47,0
6,0,0.0,0.0,0.0,21,14,2,0,4,1,4,0,6,0,0.0,0,2,2,72,69,1
12,0,0.0,0.0,0.0,53,5,6,0,2,3,6,3,1,0,0.0,0,6,3,103,54,0
29,0,0.0,0.0,0.0,6,6,1,0,2,4,12,5,0,0,0.0,0,1,1,97,97,1
29,0,0.0,0.0,0.0,53,8,5,0,8,1,5,6,0,0,0.0,0,6,4,90,66,0
18,6,0.0,3.0,3.0,4,0,2,1,6,1,0,5,1,3,0.0,0,2,1,67,61,0
11,0,0.0,0.0,0.0,12,6,1,0,6,1,1,0,1,0,0.0,0,2,2,73,46,0
10,0,0.0,0.0,0.0,14,11,5,0,8,1,10,0,28,0,0.0,0,6,3,107,68,0
26,0,0.0,0.0,0.0,6,6,2,0,8,2,4,2,1,0,0.0,0,3,2,81,73,0
13,0,0.0,0.0,0.0,53,12,2,0,3,1,3,2,1,0,0.0,0,3,3,45,43,0
18,0,0.0,0.0,0.0,10,10,1,0,5,1,7,5,0,0,0.0,0,1,1,63,63,0
27,0,0.0,0.0,0.0,53,5,9,0,5,2,6,8,10,0,0.0,0,11,5,159,54,0
12,0,0.0,0.0,0.0,53,26,2,0,3,1,4,1,0,0,0.0,0,3,1,57,39,0
1,0,0.0,0.0,0.0,14,11,4,0,0,1,1,0,0,0,0.0,0,4,2,43,28,0
30,5,1.0,3.0,19.0,53,0,5,1,7,2,6,16,1,19,0.0,0,6,3,111,72,0
12,0,0.0,0.0,0.0,53,10,7,0,3,2,4,4,3,0,0.0,0,9,4,89,44,0
37,0,0.0,0.0,0.0,53,9,8,0,9,2,14,9,18,0,0.0,0,11,3,216,84,0
7,0,0.0,0.0,0.0,53,14,2,0,5,1,4,0,10,0,0.0,0,2,2,39,38,0
9,0,0.0,0.0,0.0,53,53,1,0,1,4,5,5,0,0,0.0,0,1,1,41,41,0
9,0,0.0,0.0,0.0,13,13,1,0,2,4,0,0,1,0,0.0,0,1,1,35,35,0
12,0,0.0,0.0,0.0,11,8,2,0,3,2,3,0,3,0,0.0,0,3,1,230,138,0
48,0,0.0,0.0,0.0,14,5,7,0,14,2,13,12,21,0,0.0,0,7,3,177,102,0
12,0,0.0,0.0,0.0,53,14,3,0,10,1,3,0,45,0,0.0,0,3,2,60,53,1
46,0,0.0,0.0,0.0,53,6,8,0,10,2,8,11,21,0,0.0,0,8,3,152,68,0
39,0,0.0,0.0,0.0,14,13,5,0,12,4,6,2,62,0,0.0,0,6,2,125,86,0
77,0,0.0,0.0,0.0,53,13,2,0,20,1,9,0,6,0,0.0,0,3,2,153,121,0
7,0,0.0,0.0,0.0,53,14,2,0,5,1,2,0,10,0,0.0,0,2,2,39,36,0
39,0,0.0,0.0,0.0,14,3,10,0,9,1,13,21,0,0,0.0,0,13,4,435,107,0
35,0,0.0,0.0,0.0,53,13,4,0,8,2,12,17,10,0,0.0,0,5,2,120,94,0
4,0,0.0,0.0,0.0,53,14,2,0,2,1,2,0,1,0,0.0,0,2,2,49,47,0
1,0,0.0,0.0,0.0,14,13,2,0,0,1,1,0,0,0,0.0,0,2,1,32,29,0
16,0,0.0,0.0,0.0,14,5,5,0,3,1,4,0,0,0,0.0,0,6,2,184,56,0
7,0,0.0,0.0,0.0,18,14,3,0,1,1,4,3,0,0,0.0,0,4,2,57,41,1
15,0,0.0,0.0,0.0,53,13,2,0,4,2,6,7,6,0,0.0,0,3,2,64,52,0
9,0,0.0,0.0,0.0,53,53,1,0,2,2,2,0,1,0,0.0,0,1,1,39,39,0
9,0,0.0,0.0,0.0,53,12,7,0,2,2,4,3,1,0,0.0,0,7,4,85,37,0
17,0,0.0,0.0,0.0,53,9,2,0,4,1,5,2,6,0,0.0,0,3,2,119,71,0
32,0,0.0,0.0,0.0,53,9,2,0,7,1,9,7,6,0,0.0,0,3,2,144,90,0
12,0,0.0,0.0,0.0,53,53,1,0,4,2,5,7,6,0,0.0,0,1,1,48,48,0
9,0,0.0,0.0,0.0,12,12,1,0,2,3,0,0,1,0,0.0,0,1,1,32,32,0
3,0,0.0,0.0,0.0,53,53,1,0,1,1,1,0,0,0,0.0,0,1,1,27,27,0
1,0,0.0,0.0,0.0,10,5,2,0,0,1,0,0,0,0,0.0,0,2,1,28,24,0
37,0,0.0,0.0,0.0,12,12,1,0,10,1,10,6,0,0,0.0,0,1,1,84,84,0
6,0,0.0,0.0,0.0,53,53,1,0,1,4,2,0,0,0,0.0,0,1,1,33,33,0
14,0,0.0,0.0,0.0,53,9,2,0,2,1,3,4,1,0,0.0,0,3,2,53,45,0
37,0,0.0,0.0,0.0,53,13,4,0,8,2,12,18,10,0,0.0,0,5,2,138,102,0
16,0,0.0,0.0,0.0,12,12,1,0,4,1,1,1,0,0,0.0,0,1,1,49,49,0
36,0,0.0,0.0,0.0,53,13,2,0,9,2,10,15,15,0,0.0,0,3,2,98,86,0
9,0,0.0,0.0,0.0,53,14,3,0,2,4,0,0,1,0,0.0,0,3,3,36,32,0
3,0,0.0,0.0,0.0,5,5,1,0,1,1,2,0,0,0,0.0,0,1,1,36,36,0
11,0,0.0,0.0,0.0,53,14,2,0,2,4,0,0,0,0,0.0,0,3,2,58,51,0
27,0,0.0,0.0,0.0,53,11,5,0,1,4,9,6,0,0,0.0,0,6,4,87,70,0
35,0,0.0,0.0,0.0,14,13,2,0,12,3,6,2,49,0,0.0,0,2,1,94,82,0
14,0,0.0,0.0,0.0,14,12,2,0,4,2,5,6,6,0,0.0,0,2,2,62,47,0
79,0,0.0,0.0,0.0,6,5,2,0,7,2,17,12,0,0,0.0,0,3,2,180,173,1
9,0,0.0,0.0,0.0,53,14,2,0,7,1,3,0,21,0,0.0,0,2,2,42,41,0
25,0,0.0,0.0,0.0,53,3,12,0,3,1,11,7,0,0,0.0,0,13,4,353,108,0
22,0,0.0,0.0,0.0,53,8,4,0,5,1,8,8,0,0,0.0,0,4,2,101,77,0
7,0,0.0,0.0,0.0,53,14,2,0,5,1,2,0,10,0,0.0,0,2,2,37,36,0
13,0,0.0,0.0,0.0,14,14,1,0,3,2,5,4,3,0,0.0,0,1,1,48,48,0
6,0,0.0,0.0,0.0,53,53,1,0,1,2,1,0,0,0,0.0,0,1,1,30,30,0
6,0,0.0,0.0,0.0,19,14,1,0,1,2,2,1,0,0,0.0,0,2,2,36,34,0
20,0,0.0,0.0,0.0,53,5,3,0,4,1,6,0,1,0,0.0,0,4,2,106,66,0
26,9,-1.0,4.0,19.0,53,0,3,1,5,2,5,10,1,19,0.0,0,3,3,76,63,0
15,0,0.0,0.0,0.0,14,14,1,0,3,2,4,1,0,0,0.0,0,1,1,53,53,0
83,0,0.0,0.0,0.0,18,5,5,0,5,3,9,3,6,0,0.0,0,6,4,316,154,0
12,0,0.0,0.0,0.0,53,12,2,0,7,2,5,10,0,0,0.0,0,3,3,90,82,0
36,0,0.0,0.0,0.0,53,3,4,0,7,2,12,12,10,0,0.0,0,5,3,113,93,0
14,0,0.0,0.0,0.0,53,14,2,0,3,4,0,1,1,0,0.0,0,2,2,46,40,0
36,0,0.0,0.0,0.0,13,12,9,0,10,1,9,18,0,0,0.0,0,9,2,160,96,1
5,0,0.0,0.0,0.0,15,8,3,0,3,1,0,0,3,0,0.0,0,3,3,30,24,0
5,0,0.0,0.0,0.0,14,12,3,0,3,1,6,0,3,0,0.0,0,3,2,69,43,0
23,0,0.0,0.0,0.0,53,11,8,0,6,2,6,8,15,0,0.0,0,8,3,123,66,0
92,0,0.0,0.0,0.0,53,9,3,0,20,2,7,17,0,0,0.0,0,3,2,193,158,0
33,0,0.0,0.0,0.0,53,13,3,0,10,2,8,14,21,0,0.0,0,4,2,95,85,1
5,0,0.0,0.0,0.0,14,13,4,0,0,1,1,0,0,0,0.0,0,4,1,49,40,0
38,0,0.0,0.0,0.0,53,13,3,0,12,2,8,16,28,0,0.0,0,4,2,118,100,0
30,0,0.0,0.0,0.0,53,14,3,0,7,1,6,13,1,0,0.0,0,3,2,79,67,0
54,0,0.0,0.0,0.0,18,8,4,0,11,2,9,12,0,0,0.0,0,5,4,132,96,1
16,0,0.0,0.0,0.0,53,14,5,0,4,2,7,4,1,0,0.0,0,5,3,75,48,0
12,0,0.0,0.0,0.0,14,13,2,0,4,2,4,0,0,0,0.0,0,2,1,47,42,0
6,0,0.0,0.0,0.0,23,13,3,0,4,1,4,0,6,0,0.0,0,3,3,84,78,0
81,0,0.0,0.0,0.0,13,12,7,0,21,1,18,22,0,0,0.0,0,8,4,304,170,0
32,0,0.0,0.0,0.0,53,13,3,0,14,2,11,9,28,0,0.0,0,4,2,103,86,0
24,0,0.0,0.0,0.0,13,12,6,0,6,1,9,11,0,0,0.0,0,6,2,151,91,1
6,0,0.0,0.0,0.0,53,14,2,0,4,1,2,0,6,0,0.0,0,2,2,35,34,0
36,0,0.0,0.0,0.0,14,12,5,0,10,2,6,15,21,0,0.0,0,6,3,172,71,0
9,0,0.0,0.0,0.0,6,5,1,0,1,2,5,1,0,0,0.0,0,2,2,41,34,0
3,0,0.0,0.0,0.0,14,14,1,0,1,1,1,0,0,0,0.0,0,1,1,27,27,0
16,0,0.0,0.0,0.0,5,5,1,0,3,2,2,2,0,0,0.0,0,2,2,46,44,0
21,0,0.0,0.0,0.0,53,42,2,0,4,2,12,4,0,0,0.0,0,3,2,89,75,0
34,0,0.0,0.0,0.0,14,12,5,0,8,2,7,7,0,0,0.0,0,5,2,103,74,0
15,0,0.0,0.0,0.0,53,13,2,0,4,2,7,7,6,0,0.0,0,3,2,76,56,0
13,0,0.0,0.0,0.0,14,13,2,0,4,2,4,0,0,0,0.0,0,2,1,46,41,0
7,0,0.0,0.0,0.0,53,14,2,0,5,1,3,0,10,0,0.0,0,2,2,40,37,0
38,0,0.0,0.0,0.0,24,13,2,0,19,2,7,6,64,0,0.0,0,3,2,96,89,0
15,0,0.0,0.0,0.0,14,13,2,0,3,2,4,1,0,0,0.0,0,2,1,55,53,0
10,0,0.0,0.0,0.0,53,7,3,0,8,1,7,0,28,0,0.0,0,3,2,52,45,0
17,0,0.0,0.0,0.0,6,6,1,0,5,2,8,4,10,0,0.0,0,1,1,59,59,0
3,0,0.0,0.0,0.0,14,14,1,0,1,1,1,0,0,0,0.0,0,1,1,26,26,0
37,0,0.0,0.0,0.0,53,13,5,0,8,2,12,18,10,0,0.0,0,6,2,138,101,0
36,0,0.0,0.0,0.0,14,5,7,0,10,2,9,14,36,0,0.0,0,7,2,229,93,0
28,0,0.0,0.0,0.0,10,8,2,0,7,1,1,3,15,0,0.0,0,2,2,109,73,0
9,0,0.0,0.0,0.0,13,9,2,0,2,4,0,0,1,0,0.0,0,2,2,52,43,0
19,13,7.0,10.0,15.0,9,1,2,1,17,1,12,0,136,15,0.0,0,2,1,212,199,0
4,0,0.0,0.0,0.0,26,14,3,0,2,1,3,0,1,0,0.0,0,3,3,90,30,0
39,0,0.0,0.0,0.0,53,10,8,0,4,3,6,1,6,0,0.0,0,8,3,1300,600,0
11,0,0.0,0.0,0.0,14,14,3,0,2,1,5,3,0,0,0.0,0,3,2,144,48,0
50,0,0.0,0.0,0.0,14,5,4,0,9,1,14,25,4,0,0.0,0,4,3,111,51,0
7,0,0.0,0.0,0.0,53,14,2,0,5,1,2,0,10,0,0.0,0,2,2,37,36,0
4,0,0.0,0.0,0.0,19,9,3,0,2,1,1,0,1,0,0.0,0,4,3,55,31,0
33,0,0.0,0.0,0.0,53,14,3,0,9,1,10,23,0,0,0.0,0,4,3,112,82,0
72,0,0.0,0.0,0.0,13,5,9,0,22,1,15,21,0,0,0.0,0,11,4,347,152,1
24,0,0.0,0.0,0.0,12,12,0,0,4,2,5,0,6,0,0.0,0,1,1,59,59,0
49,0,0.0,0.0,0.0,53,6,3,0,14,2,13,25,36,0,0.0,0,6,2,168,109,0
5,0,0.0,0.0,0.0,53,53,1,0,2,3,2,0,1,0,0.0,0,1,1,28,28,0
8,0,0.0,0.0,0.0,53,14,3,0,6,1,4,0,15,0,0.0,0,3,2,56,44,0
33,0,0.0,0.0,0.0,53,13,2,0,9,2,7,10,10,0,0.0,0,3,2,89,75,0
8,0,0.0,0.0,0.0,53,14,2,0,6,1,3,0,15,0,0.0,0,2,2,40,39,0
26,0,0.0,0.0,0.0,12,5,2,0,3,1,3,4,3,0,0.0,0,3,2,83,55,0
6,0,0.0,0.0,0.0,21,12,4,0,4,1,6,0,6,0,0.0,0,4,4,43,40,0
30,0,0.0,0.0,0.0,14,3,3,0,5,2,8,11,0,0,0.0,0,4,3,112,77,0
5,0,0.0,0.0,0.0,24,10,2,0,1,2,2,1,0,0,0.0,0,2,1,32,31,0
7,0,0.0,0.0,0.0,53,13,2,0,5,1,4,0,10,0,0.0,0,3,2,40,38,0
8,0,0.0,0.0,0.0,26,14,5,0,6,1,5,0,15,0,0.0,0,5,4,338,99,0
20,0,0.0,0.0,0.0,14,13,3,0,4,1,5,6,0,0,0.0,0,3,3,77,57,0
20,0,0.0,0.0,0.0,53,9,5,0,3,3,6,3,3,0,0.0,0,5,2,102,50,0
49,0,0.0,0.0,0.0,53,14,3,0,18,2,9,18,78,0,0.0,0,6,3,122,99,0
13,0,0.0,0.0,0.0,26,18,2,0,5,2,5,2,1,0,0.0,0,2,1,55,53,0
7,0,0.0,0.0,0.0,10,10,1,0,5,1,6,0,10,0,0.0,0,1,1,52,52,0
10,0,0.0,0.0,0.0,23,12,6,0,8,1,3,0,28,0,0.0,0,6,4,114,103,0
7,0,0.0,0.0,0.0,6,6,1,0,1,2,3,1,0,0,0.0,0,1,1,34,34,0
14,0,0.0,0.0,0.0,53,14,4,0,3,2,6,6,1,0,0.0,0,5,3,72,56,0
12,0,0.0,0.0,0.0,19,12,2,0,3,2,4,1,3,0,0.0,0,3,2,45,43,0
44,0,0.0,0.0,0.0,14,13,2,0,12,2,6,3,6,0,0.0,0,2,1,99,87,0
12,0,0.0,0.0,0.0,5,5,0,0,3,2,2,0,3,0,0.0,0,1,1,45,45,0
10,0,0.0,0.0,0.0,14,13,4,0,2,3,3,0,0,0,0.0,0,4,1,49,34,0
25,0,0.0,0.0,0.0,53,13,2,0,7,2,6,10,10,0,0.0,0,3,2,85,69,0
6,0,0.0,0.0,0.0,27,3,2,0,4,1,3,0,6,0,0.0,0,3,2,78,62,0
3,0,0.0,0.0,0.0,15,14,1,0,1,1,1,0,0,0,0.0,0,2,2,30,26,0
11,9,-3.0,3.0,19.0,14,0,4,1,3,1,1,0,0,19,0.0,0,4,3,82,69,0
15,0,0.0,0.0,0.0,14,14,1,0,3,2,4,1,0,0,0.0,0,1,1,53,53,0
9,0,0.0,0.0,0.0,53,14,2,0,7,1,2,0,21,0,0.0,0,2,2,41,40,1
4,0,0.0,0.0,0.0,24,24,1,0,1,2,2,0,0,0,0.0,0,1,1,28,28,0
12,0,0.0,0.0,0.0,53,14,2,0,2,1,10,8,0,0,0.0,0,2,2,67,65,0
12,0,0.0,0.0,0.0,24,10,5,0,10,1,5,0,45,0,0.0,0,6,4,343,228,0
25,0,0.0,0.0,0.0,53,13,2,0,7,2,6,10,10,0,0.0,0,3,2,76,66,0
14,0,0.0,0.0,0.0,53,12,2,0,5,1,3,4,4,0,0.0,0,3,3,54,50,0
9,0,0.0,0.0,0.0,24,14,2,0,1,2,5,5,0,0,0.0,0,2,2,43,41,0
10,0,0.0,0.0,0.0,53,14,2,0,8,1,3,0,28,0,0.0,0,3,2,44,41,0
38,0,0.0,0.0,0.0,53,9,5,0,9,2,9,16,4,0,0.0,0,6,3,115,88,0
10,0,0.0,0.0,0.0,14,12,3,0,2,3,3,0,0,0,0.0,0,3,1,50,40,0
6,0,0.0,0.0,0.0,59,59,1,0,4,1,1,0,6,0,0.0,0,1,1,32,32,0
8,0,0.0,0.0,0.0,50,45,2,0,2,2,1,5,0,0,0.0,0,2,2,35,33,0
42,0,0.0,0.0,0.0,59,10,5,0,9,1,12,16,6,0,0.0,0,6,2,170,115,0
15,0,0.0,0.0,0.0,19,19,3,0,3,2,4,1,0,0,0.0,0,3,1,159,53,0
42,0,0.0,0.0,0.0,20,11,6,0,13,2,13,15,55,0,0.0,0,6,3,179,91,0
7,0,0.0,0.0,0.0,30,30,1,0,1,2,4,6,0,0,0.0,0,1,1,37,37,0
17,0,0.0,0.0,0.0,59,20,3,0,4,3,8,2,1,0,0.0,0,4,3,66,55,0
17,0,0.0,0.0,0.0,59,20,3,0,3,2,8,7,1,0,0.0,0,3,2,81,66,0
7,0,0.0,0.0,0.0,59,20,2,0,5,1,4,0,10,0,0.0,0,3,2,40,38,0
17,0,0.0,0.0,0.0,30,20,3,0,5,3,6,2,1,0,0.0,0,4,2,59,56,0
33,0,0.0,0.0,0.0,59,20,3,0,11,2,11,4,0,0,0.0,0,3,2,100,91,0
9,0,0.0,0.0,0.0,20,18,4,0,6,1,8,0,15,0,0.0,0,4,2,116,60,0
42,0,0.0,0.0,0.0,59,18,3,0,11,1,2,4,23,0,0.0,0,3,2,93,89,0
6,0,0.0,0.0,0.0,59,20,2,0,4,1,2,0,6,0,0.0,0,2,2,35,34,0
17,0,0.0,0.0,0.0,59,13,1,0,4,3,5,6,0,0,0.0,0,2,1,77,64,0
39,0,0.0,0.0,0.0,59,19,6,0,9,2,9,14,21,0,0.0,0,6,3,157,73,0
9,0,0.0,0.0,0.0,59,16,4,0,2,4,0,0,1,0,0.0,0,4,3,59,42,0
4,0,0.0,0.0,0.0,30,30,1,0,1,2,2,0,0,0,0.0,0,1,1,28,28,0
8,0,0.0,0.0,0.0,20,20,1,0,2,3,3,0,1,0,0.0,0,1,1,34,34,0
15,0,0.0,0.0,0.0,30,19,5,0,5,1,9,4,8,0,0.0,0,5,4,73,63,0
9,0,0.0,0.0,0.0,30,17,3,0,1,2,6,3,0,0,0.0,0,3,2,45,42,0
14,0,0.0,0.0,0.0,59,20,3,0,4,2,2,1,6,0,0.0,0,3,3,46,33,0
4,0,0.0,0.0,0.0,59,16,2,0,2,1,0,0,1,0,0.0,0,3,2,44,31,0
9,0,0.0,0.0,0.0,59,20,2,0,2,4,0,0,1,0,0.0,0,2,2,34,32,0
21,0,0.0,0.0,0.0,59,17,5,0,7,2,4,8,1,0,0.0,0,6,4,81,54,0
43,0,0.0,0.0,0.0,30,19,4,0,11,2,12,9,55,0,0.0,0,4,3,148,131,0
3,0,0.0,0.0,0.0,20,19,4,0,1,1,2,0,0,0,0.0,0,4,3,87,28,0
9,0,0.0,0.0,0.0,59,20,2,0,2,4,0,0,1,0,0.0,0,2,2,34,32,0
51,0,0.0,0.0,0.0,30,13,3,0,14,2,14,5,49,0,0.0,0,6,2,144,120,0
17,0,0.0,0.0,0.0,30,20,2,0,5,2,6,2,1,0,0.0,0,3,2,59,56,0
9,0,0.0,0.0,0.0,14,14,1,0,2,1,2,2,1,0,0.0,0,1,1,44,44,0
7,1,-1.0,0.0,18.0,20,3,4,0,5,1,8,0,10,18,0.0,0,5,3,93,51,0
15,0,0.0,0.0,0.0,19,19,1,0,3,2,4,1,0,0,0.0,0,1,1,53,53,0
13,0,0.0,0.0,0.0,59,20,2,0,3,1,5,3,1,0,0.0,0,3,2,201,119,0
4,0,0.0,0.0,0.0,20,20,1,0,2,1,3,0,1,0,0.0,0,1,1,43,43,0
37,0,0.0,0.0,0.0,59,13,12,0,11,3,14,16,55,0,0.0,0,12,4,310,92,1
56,0,0.0,0.0,0.0,59,12,6,0,10,2,15,17,0,0,0.0,0,7,3,205,143,0
7,0,0.0,0.0,0.0,59,20,2,0,5,1,4,0,10,0,0.0,0,2,2,39,38,0
17,0,0.0,0.0,0.0,59,20,3,0,4,2,8,2,1,0,0.0,0,4,3,66,55,0
33,3,1.0,2.0,6.0,59,3,11,0,1,2,17,10,0,6,0.0,0,13,5,207,100,0
63,0,0.0,0.0,0.0,19,18,6,0,16,1,10,12,0,0,0.0,0,6,2,175,110,0
29,0,0.0,0.0,0.0,59,6,3,0,6,2,6,12,1,0,0.0,0,3,3,89,71,0
10,0,0.0,0.0,0.0,59,20,4,0,1,4,5,10,0,0,0.0,0,4,3,62,41,0
6,0,0.0,0.0,0.0,33,20,3,0,2,1,4,0,1,0,0.0,0,3,3,39,37,0
87,0,0.0,0.0,0.0,59,15,7,0,15,1,22,26,0,0,0.0,0,9,3,469,221,0
37,12,0.0,6.0,18.0,20,3,1,0,10,3,2,5,0,18,0.0,0,3,2,89,76,0
14,0,0.0,0.0,0.0,59,10,4,0,3,2,4,4,1,0,0.0,0,4,3,55,43,0
13,0,0.0,0.0,0.0,32,6,3,0,4,2,5,7,1,0,0.0,0,3,3,58,48,0
40,0,0.0,0.0,0.0,21,15,3,0,11,1,10,10,0,0,0.0,0,3,3,110,59,0
9,0,0.0,0.0,0.0,24,11,5,0,2,2,4,4,1,0,0.0,0,5,2,93,53,0
7,0,0.0,0.0,0.0,59,20,2,0,5,1,2,0,10,0,0.0,0,2,2,37,36,0
3,0,0.0,0.0,0.0,59,20,3,0,1,1,2,0,0,0,0.0,0,3,2,56,40,0
1,0,0.0,0.0,0.0,20,19,4,0,0,1,1,0,0,0,0.0,0,4,1,35,26,0
5,0,0.0,0.0,0.0,30,30,1,0,1,2,2,0,0,0,0.0,0,1,1,35,35,0
9,0,0.0,0.0,0.0,18,18,0,0,2,3,0,0,1,0,0.0,0,1,1,37,37,0
14,0,0.0,0.0,0.0,10,10,1,0,3,2,3,6,0,0,0.0,0,1,1,47,47,0
40,0,0.0,0.0,0.0,19,12,6,0,11,1,15,20,0,0,0.0,0,7,4,232,146,0
19,0,0.0,0.0,0.0,59,27,3,0,3,2,4,1,3,0,0.0,0,3,2,111,67,0
9,0,0.0,0.0,0.0,59,20,2,0,2,4,0,0,1,0,0.0,0,2,2,34,32,0
13,0,0.0,0.0,0.0,59,10,4,0,3,2,4,1,1,0,0.0,0,4,3,50,39,0
19,0,0.0,0.0,0.0,42,20,4,0,3,2,4,4,3,0,0.0,0,4,2,147,68,0
10,0,0.0,0.0,0.0,24,13,7,0,7,2,6,0,21,0,0.0,0,7,4,63,39,1
15,0,0.0,0.0,0.0,30,30,1,0,4,1,3,1,0,0,0.0,0,1,1,45,45,0
17,0,0.0,0.0,0.0,33,20,8,0,6,1,6,0,15,0,0.0,0,8,4,129,63,0
9,0,0.0,0.0,0.0,30,17,2,0,2,2,3,3,0,0,0.0,0,2,1,42,41,0
20,0,0.0,0.0,0.0,16,16,1,0,6,2,5,4,15,0,0.0,0,1,1,63,63,0
29,0,0.0,0.0,0.0,23,18,3,0,5,1,5,7,1,0,0.0,0,3,2,81,68,0
6,0,0.0,0.0,0.0,59,6,2,0,1,1,3,2,0,0,0.0,0,2,2,35,31,0
43,0,0.0,0.0,0.0,59,7,12,0,12,2,9,15,55,0,0.0,0,13,5,256,102,1
27,13,-9.0,2.0,2.0,24,1,3,0,2,3,3,1,1,2,0.0,0,5,3,92,72,0
22,0,0.0,0.0,0.0,20,18,5,0,6,2,5,9,15,0,0.0,0,5,2,113,62,0
14,0,0.0,0.0,0.0,59,18,2,0,3,1,3,2,1,0,0.0,0,2,1,46,40,0
24,0,0.0,0.0,0.0,59,20,2,0,10,2,6,2,26,0,0.0,0,2,2,69,68,0
29,0,0.0,0.0,0.0,16,16,1,0,7,2,9,5,0,0,0.0,0,1,1,69,69,0
7,0,0.0,0.0,0.0,59,20,2,0,5,1,2,0,10,0,0.0,0,2,2,37,36,0
17,0,0.0,0.0,0.0,59,20,3,0,4,3,8,2,1,0,0.0,0,4,3,66,55,0
25,0,0.0,0.0,0.0,59,20,2,0,7,2,6,10,10,0,0.0,0,3,2,83,69,0
44,0,0.0,0.0,0.0,59,19,5,0,10,1,14,13,0,0,0.0,0,6,3,156,107,0
26,0,0.0,0.0,0.0,59,20,2,0,8,2,7,12,10,0,0.0,0,3,2,84,68,0
21,0,0.0,0.0,0.0,59,15,2,0,3,1,4,8,1,0,0.0,0,3,2,65,59,0
15,0,0.0,0.0,0.0,17,17,1,0,3,2,4,1,0,0,0.0,0,1,1,52,52,0
25,0,0.0,0.0,0.0,59,20,2,0,7,2,6,10,10,0,0.0,0,3,2,82,68,0
6,0,0.0,0.0,0.0,59,20,2,0,4,1,2,0,6,0,0.0,0,2,2,35,34,0
19,0,0.0,0.0,0.0,59,20,4,0,6,2,11,8,15,0,0.0,0,6,3,192,88,0
24,0,0.0,0.0,0.0,59,18,10,0,7,2,8,12,21,0,0.0,0,11,4,214,64,0
20,0,0.0,0.0,0.0,16,16,1,0,5,2,8,4,0,0,0.0,0,1,1,54,54,0
7,0,0.0,0.0,0.0,59,59,1,0,1,4,3,2,0,0,0.0,0,1,1,32,32,0
27,0,0.0,0.0,0.0,59,6,3,0,6,2,5,15,1,0,0.0,0,3,3,75,63,0
15,0,0.0,0.0,0.0,19,19,3,0,3,2,4,1,0,0,0.0,0,3,1,159,53,0
6,0,0.0,0.0,0.0,25,15,5,0,4,1,4,0,6,0,0.0,0,6,4,103,47,0
6,0,0.0,0.0,0.0,27,20,2,0,4,1,4,0,6,0,0.0,0,2,2,72,69,1
11,6,-2.0,0.5,31.0,59,3,6,0,2,3,4,3,1,44,0.9183,0,8,4,109,54,0
30,6,0.0,1.0,8.67,13,2,1,0,2,4,11,5,0,18,1.4591,0,4,3,103,97,0
29,0,0.0,0.0,0.0,59,14,5,0,8,1,5,6,0,0,0.0,0,6,4,90,66,0
18,0,0.0,0.0,0.0,10,6,2,0,6,1,0,5,1,0,0.0,0,2,1,67,61,0
11,0,0.0,0.0,0.0,18,13,1,0,6,1,1,0,1,0,0.0,0,2,2,73,46,0
10,0,0.0,0.0,0.0,20,17,5,0,8,1,10,0,28,0,0.0,0,6,3,107,68,0
27,27,5.0,16.0,5.0,13,5,2,0,8,2,4,2,1,5,0.0,0,4,2,108,73,0
13,0,0.0,0.0,0.0,59,18,2,0,3,1,3,2,1,0,0.0,0,3,3,45,43,0
18,0,0.0,0.0,0.0,16,16,1,0,5,1,7,5,0,0,0.0,0,1,1,63,63,0
27,0,0.0,0.0,0.0,59,11,9,0,5,2,6,8,10,0,0.0,0,11,5,159,54,0
12,0,0.0,0.0,0.0,59,33,2,0,3,1,4,1,0,0,0.0,0,3,1,57,39,0
1,0,0.0,0.0,0.0,20,18,4,0,0,1,1,0,0,0,0.0,0,4,2,43,28,0
30,0,0.0,0.0,0.0,59,6,5,0,7,2,6,16,1,0,0.0,0,6,3,111,72,0
12,0,0.0,0.0,0.0,59,16,7,0,3,2,4,4,3,0,0.0,0,9,4,89,44,0
37,0,0.0,0.0,0.0,59,15,8,0,9,2,14,9,18,0,0.0,0,11,3,216,84,0
7,0,0.0,0.0,0.0,59,20,2,0,5,1,4,0,10,0,0.0,0,2,2,39,38,0
9,0,0.0,0.0,0.0,59,59,1,0,1,4,5,5,0,0,0.0,0,1,1,41,41,0
9,0,0.0,0.0,0.0,19,19,1,0,2,4,0,0,1,0,0.0,0,1,1,35,35,0
12,0,0.0,0.0,0.0,17,14,2,0,3,2,3,0,3,0,0.0,0,3,1,230,138,0
48,0,0.0,0.0,0.0,20,11,7,0,14,2,13,12,21,0,0.0,0,7,3,177,102,0
12,0,0.0,0.0,0.0,59,20,3,0,10,1,3,0,45,0,0.0,0,3,2,60,53,1
46,0,0.0,0.0,0.0,59,12,8,0,10,2,8,11,21,0,0.0,0,8,3,152,68,0
39,0,0.0,0.0,0.0,20,19,5,0,12,4,6,2,62,0,0.0,0,6,2,125,86,0
77,0,0.0,0.0,0.0,59,20,2,0,20,1,9,0,6,0,0.0,0,3,2,153,121,0
7,0,0.0,0.0,0.0,59,20,2,0,5,1,2,0,10,0,0.0,0,2,2,39,36,0
39,0,0.0,0.0,0.0,20,9,10,0,9,1,13,21,0,0,0.0,0,13,4,435,107,0
35,0,0.0,0.0,0.0,59,20,4,0,8,2,12,17,10,0,0.0,0,5,2,120,94,0
4,0,0.0,0.0,0.0,59,20,2,0,2,1,2,0,1,0,0.0,0,2,2,49,47,0
1,0,0.0,0.0,0.0,20,19,2,0,0,1,1,0,0,0,0.0,0,2,1,32,29,0
16,0,0.0,0.0,0.0,20,11,5,0,3,1,4,0,0,0,0.0,0,6,2,184,56,0
7,0,0.0,0.0,0.0,24,20,3,0,1,1,4,3,0,0,0.0,0,4,2,57,41,1
15,0,0.0,0.0,0.0,59,20,2,0,4,2,6,7,6,0,0.0,0,3,2,64,52,0
9,0,0.0,0.0,0.0,59,59,1,0,2,2,2,0,1,0,0.0,0,1,1,39,39,0
9,0,0.0,0.0,0.0,59,18,7,0,2,2,4,3,1,0,0.0,0,7,4,85,37,0
17,0,0.0,0.0,0.0,59,15,2,0,4,1,5,2,6,0,0.0,0,3,2,119,71,0
32,0,0.0,0.0,0.0,59,15,2,0,7,1,9,7,6,0,0.0,0,3,2,144,90,0
12,0,0.0,0.0,0.0,59,59,1,0,4,2,5,7,6,0,0.0,0,1,1,48,48,0
9,0,0.0,0.0,0.0,18,18,1,0,2,3,0,0,1,0,0.0,0,1,1,32,32,0
3,0,0.0,0.0,0.0,59,59,1,0,1,1,1,0,0,0,0.0,0,1,1,27,27,0
1,25,3.0,14.0,5.0,16,5,2,0,0,1,0,0,0,5,0.0,0,3,2,53,25,0
37,0,0.0,0.0,0.0,18,18,1,0,10,1,10,6,0,0,0.0,0,1,1,84,84,0
6,0,0.0,0.0,0.0,59,59,1,0,1,4,2,0,0,0,0.0,0,1,1,33,33,0
14,0,0.0,0.0,0.0,59,15,2,0,2,1,3,4,1,0,0.0,0,3,2,53,45,0
37,0,0.0,0.0,0.0,59,20,4,0,8,2,12,18,10,0,0.0,0,5,2,138,102,0
16,0,0.0,0.0,0.0,18,18,1,0,4,1,1,1,0,0,0.0,0,1,1,49,49,0
36,0,0.0,0.0,0.0,59,20,2,0,9,2,10,15,15,0,0.0,0,3,2,98,86,0
9,0,0.0,0.0,0.0,59,20,3,0,2,4,0,0,1,0,0.0,0,3,3,36,32,0
3,0,0.0,0.0,0.0,11,11,1,0,1,1,2,0,0,0,0.0,0,1,1,36,36,0
11,0,0.0,0.0,0.0,59,20,2,0,2,4,0,0,0,0,0.0,0,3,2,58,51,0
27,7,0.5,2.0,38.5,59,0,5,0,1,4,9,6,0,40,0.9852,0,8,4,94,70,0
35,0,0.0,0.0,0.0,20,19,2,0,12,3,6,2,49,0,0.0,0,2,1,94,82,0
14,0,0.0,0.0,0.0,20,18,2,0,4,2,5,6,6,0,0.0,0,2,2,62,47,0
79,38,1.33,7.0,17.33,13,0,2,0,7,2,17,12,0,41,0.5709,0,6,3,218,173,1
9,0,0.0,0.0,0.0,59,20,2,0,7,1,3,0,21,0,0.0,0,2,2,42,41,0
25,0,0.0,0.0,0.0,59,10,12,0,3,1,11,7,0,0,0.0,0,13,4,353,108,0
22,0,0.0,0.0,0.0,59,14,4,0,5,1,8,8,0,0,0.0,0,4,2,101,77,0
7,0,0.0,0.0,0.0,59,20,2,0,5,1,2,0,10,0,0.0,0,2,2,37,36,0
13,0,0.0,0.0,0.0,20,20,1,0,3,2,5,4,3,0,0.0,0,1,1,48,48,0
6,0,0.0,0.0,0.0,59,59,1,0,1,2,1,0,0,0,0.0,0,1,1,30,30,0
6,0,0.0,0.0,0.0,25,20,1,0,1,2,2,1,0,0,0.0,0,2,2,36,34,0
20,0,0.0,0.0,0.0,59,11,3,0,4,1,6,0,1,0,0.0,0,4,2,106,66,0
26,0,0.0,0.0,0.0,59,6,3,0,5,2,5,10,1,0,0.0,0,3,3,76,63,0
15,0,0.0,0.0,0.0,20,20,1,0,3,2,4,1,0,0,0.0,0,1,1,53,53,0
83,5,1.0,3.0,44.0,24,3,5,0,5,3,9,3,6,44,0.0,0,7,4,321,154,0
12,0,0.0,0.0,0.0,59,18,2,0,7,2,5,10,0,0,0.0,0,3,3,90,82,0
36,0,0.0,0.0,0.0,59,9,4,0,7,2,12,12,10,0,0.0,0,5,3,113,93,0
14,0,0.0,0.0,0.0,59,20,2,0,3,4,0,1,1,0,0.0,0,2,2,46,40,0
36,0,0.0,0.0,0.0,19,18,9,0,10,1,9,18,0,0,0.0,0,9,2,160,96,1
5,0,0.0,0.0,0.0,21,15,3,0,3,1,0,0,3,0,0.0,0,3,3,30,24,0
5,0,0.0,0.0,0.0,20,18,3,0,3,1,6,0,3,0,0.0,0,3,2,69,43,0
23,0,0.0,0.0,0.0,59,18,8,0,6,2,6,8,15,0,0.0,0,8,3,123,66,0
92,0,0.0,0.0,0.0,59,15,3,0,20,2,7,17,0,0,0.0,0,3,2,193,158,0
33,0,0.0,0.0,0.0,59,20,3,0,10,2,8,14,21,0,0.0,0,4,2,95,85,1
5,0,0.0,0.0,0.0,20,19,4,0,0,1,1,0,0,0,0.0,0,4,1,49,40,0
38,0,0.0,0.0,0.0,59,20,3,0,12,2,8,16,28,0,0.0,0,4,2,118,100,0
30,0,0.0,0.0,0.0,59,20,3,0,7,1,6,13,1,0,0.0,0,3,2,79,67,0
54,0,0.0,0.0,0.0,24,14,4,0,11,2,9,12,0,0,0.0,0,5,4,132,96,1
16,0,0.0,0.0,0.0,59,20,5,0,4,2,7,4,1,0,0.0,0,5,3,75,48,0
13,2,2.0,2.0,18.0,20,3,2,0,4,2,4,0,0,18,0.0,0,3,2,49,42,0
6,0,0.0,0.0,0.0,30,19,3,0,4,1,4,0,6,0,0.0,0,3,3,84,78,0
81,0,0.0,0.0,0.0,20,18,7,0,21,1,18,22,0,0,0.0,0,8,4,304,170,0
32,0,0.0,0.0,0.0,59,20,3,0,14,2,11,9,28,0,0.0,0,4,2,103,86,0
24,0,0.0,0.0,0.0,19,18,6,0,6,1,9,11,0,0,0.0,0,6,2,151,91,1
6,0,0.0,0.0,0.0,59,20,2,0,4,1,2,0,6,0,0.0,0,2,2,35,34,0
36,0,0.0,0.0,0.0,20,18,5,0,10,2,6,15,21,0,0.0,0,6,3,172,71,0
9,0,0.0,0.0,0.0,13,11,1,0,1,2,5,1,0,0,0.0,0,2,2,41,34,0
3,0,0.0,0.0,0.0,20,20,1,0,1,1,1,0,0,0,0.0,0,1,1,27,27,0
16,25,3.0,14.0,5.0,12,5,1,0,3,2,2,2,0,5,0.0,0,3,3,71,44,0
21,0,0.0,0.0,0.0,59,49,2,0,4,2,12,4,0,0,0.0,0,3,2,89,75,0
34,0,0.0,0.0,0.0,20,18,5,0,8,2,7,7,0,0,0.0,0,5,2,103,74,0
15,0,0.0,0.0,0.0,59,20,2,0,4,2,7,7,6,0,0.0,0,3,2,76,56,0
13,0,0.0,0.0,0.0,20,19,2,0,4,2,4,0,0,0,0.0,0,2,1,46,41,0
7,0,0.0,0.0,0.0,59,20,2,0,5,1,3,0,10,0,0.0,0,2,2,40,37,0
38,0,0.0,0.0,0.0,30,20,2,0,19,2,7,6,64,0,0.0,0,3,2,96,89,0
15,0,0.0,0.0,0.0,20,19,2,0,3,2,4,1,0,0,0.0,0,2,1,55,53,0
10,0,0.0,0.0,0.0,59,14,3,0,8,1,7,0,28,0,0.0,0,3,2,52,45,0
17,0,0.0,0.0,0.0,12,12,1,0,5,2,8,4,10,0,0.0,0,1,1,59,59,0
3,0,0.0,0.0,0.0,20,20,1,0,1,1,1,0,0,0,0.0,0,1,1,26,26,0
37,0,0.0,0.0,0.0,59,20,5,0,8,2,12,18,10,0,0.0,0,6,2,138,101,0
36,0,0.0,0.0,0.0,20,11,7,0,10,2,9,14,36,0,0.0,0,7,2,229,93,0
28,0,0.0,0.0,0.0,16,14,2,0,7,1,1,3,15,0,0.0,0,2,2,109,73,0
9,0,0.0,0.0,0.0,19,15,2,0,2,4,0,0,1,0,0.0,0,2,2,52,43,0
19,0,0.0,0.0,0.0,15,7,2,0,17,1,12,0,136,0,0.0,0,2,1,212,199,0
4,0,0.0,0.0,0.0,33,20,3,0,2,1,3,0,1,0,0.0,0,3,3,90,30,0
11,0,0.0,0.0,0.0,20,20,3,0,2,1,5,3,0,0,0.0,0,3,2,144,48,0
50,0,0.0,0.0,0.0,20,11,4,0,9,1,14,25,4,0,0.0,0,4,3,111,51,0
7,0,0.0,0.0,0.0,59,20,2,0,5,1,2,0,10,0,0.0,0,2,2,37,36,0
4,0,0.0,0.0,0.0,25,15,3,0,2,1,1,0,1,0,0.0,0,4,3,55,31,0
33,0,0.0,0.0,0.0,59,20,3,0,9,1,10,23,0,0,0.0,0,4,3,112,82,0
72,0,0.0,0.0,0.0,19,11,9,0,22,1,15,21,0,0,0.0,0,11,4,347,152,1
24,0,0.0,0.0,0.0,18,18,0,0,4,2,5,0,6,0,0.0,0,1,1,59,59,0
49,0,0.0,0.0,0.0,59,13,3,0,14,2,13,25,36,0,0.0,0,6,2,168,109,0
5,0,0.0,0.0,0.0,59,59,1,0,2,3,2,0,1,0,0.0,0,1,1,28,28,0
8,0,0.0,0.0,0.0,59,20,3,0,6,1,4,0,15,0,0.0,0,3,2,56,44,0
33,0,0.0,0.0,0.0,59,20,2,0,9,2,7,10,10,0,0.0,0,3,2,89,75,0
8,0,0.0,0.0,0.0,59,20,2,0,6,1,3,0,15,0,0.0,0,2,2,40,39,0
26,0,0.0,0.0,0.0,18,11,2,0,3,1,3,4,3,0,0.0,0,3,2,83,55,0
6,0,0.0,0.0,0.0,27,18,4,0,4,1,6,0,6,0,0.0,0,4,4,43,40,0
30,0,0.0,0.0,0.0,20,9,3,0,5,2,8,11,0,0,0.0,0,4,3,112,77,0
5,0,0.0,0.0,0.0,30,16,2,0,1,2,2,1,0,0,0.0,0,2,1,32,31,0
7,0,0.0,0.0,0.0,59,20,2,0,5,1,4,0,10,0,0.0,0,3,2,40,38,0
32,12,-2.0,2.0,24.5,32,1,5,0,4,4,12,6,1,44,0.65,0,7,4,118,84,0
8,0,0.0,0.0,0.0,33,20,5,0,6,1,5,0,15,0,0.0,0,5,4,338,99,0
20,0,0.0,0.0,0.0,20,19,3,0,4,1,5,6,0,0,0.0,0,3,3,77,57,0
20,0,0.0,0.0,0.0,59,15,5,0,3,3,6,3,3,0,0.0,0,5,2,102,50,0
49,0,0.0,0.0,0.0,59,20,3,0,18,2,9,18,78,0,0.0,0,6,3,122,99,0
13,0,0.0,0.0,0.0,33,24,2,0,5,2,5,2,1,0,0.0,0,2,1,55,53,1
7,0,0.0,0.0,0.0,16,16,1,0,5,1,6,0,10,0,0.0,0,1,1,52,52,0
10,0,0.0,0.0,0.0,30,18,6,0,8,1,3,0,28,0,0.0,0,6,4,114,103,0
7,0,0.0,0.0,0.0,13,13,1,0,1,2,3,1,0,0,0.0,0,1,1,34,34,0
14,0,0.0,0.0,0.0,59,20,4,0,3,2,6,6,1,0,0.0,0,5,3,72,56,0
12,0,0.0,0.0,0.0,25,18,2,0,3,2,4,1,3,0,0.0,0,3,2,45,43,0
44,0,0.0,0.0,0.0,20,19,2,0,12,2,6,3,6,0,0.0,0,2,1,99,87,0
12,0,0.0,0.0,0.0,11,11,0,0,3,2,2,0,3,0,0.0,0,1,1,45,45,0
10,0,0.0,0.0,0.0,20,19,4,0,2,3,3,0,0,0,0.0,0,4,1,49,34,0
25,0,0.0,0.0,0.0,59,20,2,0,7,2,6,10,10,0,0.0,0,3,2,85,69,0
6,0,0.0,0.0,0.0,33,9,2,0,4,1,3,0,6,0,0.0,0,3,2,78,62,0
3,0,0.0,0.0,0.0,21,20,1,0,1,1,1,0,0,0,0.0,0,2,2,30,26,0
11,0,0.0,0.0,0.0,20,6,4,0,3,1,1,0,0,0,0.0,0,4,3,82,69,0
15,0,0.0,0.0,0.0,20,20,1,0,3,2,4,1,0,0,0.0,0,1,1,53,53,0
9,0,0.0,0.0,0.0,59,20,2,0,7,1,2,0,21,0,0.0,0,2,2,41,40,1
4,0,0.0,0.0,0.0,30,30,1,0,1,2,2,0,0,0,0.0,0,1,1,28,28,0
12,0,0.0,0.0,0.0,59,20,2,0,2,1,10,8,0,0,0.0,0,2,2,67,65,0
12,0,0.0,0.0,0.0,30,16,5,0,10,1,5,0,45,0,0.0,0,6,4,343,228,0
25,0,0.0,0.0,0.0,59,20,2,0,7,2,6,10,10,0,0.0,0,3,2,76,66,0
14,0,0.0,0.0,0.0,59,18,2,0,5,1,3,4,4,0,0.0,0,3,3,54,50,0
9,0,0.0,0.0,0.0,30,20,2,0,1,2,5,5,0,0,0.0,0,2,2,43,41,0
10,0,0.0,0.0,0.0,59,20,2,0,8,1,3,0,28,0,0.0,0,3,2,44,41,0
38,0,0.0,0.0,0.0,59,15,5,0,9,2,9,16,4,0,0.0,0,6,3,115,88,0
10,0,0.0,0.0,0.0,20,18,3,0,2,3,3,0,0,0,0.0,0,3,1,50,40,0
6,0,0.0,0.0,0.0,64,64,1,0,4,1,1,0,6,0,0.0,0,1,1,32,32,0
8,0,0.0,0.0,0.0,55,50,2,0,2,2,1,5,0,0,0.0,0,2,2,35,33,0
42,0,0.0,0.0,0.0,64,15,5,0,9,1,12,16,6,0,0.0,0,6,2,170,115,1
15,0,0.0,0.0,0.0,24,24,3,0,3,2,4,1,0,0,0.0,0,3,1,159,53,0
42,0,0.0,0.0,0.0,24,16,6,0,13,2,13,15,55,0,0.0,0,6,3,179,91,0
7,0,0.0,0.0,0.0,34,34,1,0,1,2,4,6,0,0,0.0,0,1,1,37,37,0
17,0,0.0,0.0,0.0,64,24,3,0,4,3,8,2,1,0,0.0,0,4,3,66,55,0
17,0,0.0,0.0,0.0,64,24,3,0,3,2,8,7,1,0,0.0,0,3,2,81,66,0
7,0,0.0,0.0,0.0,64,24,2,0,5,1,4,0,10,0,0.0,0,3,2,40,38,0
17,0,0.0,0.0,0.0,34,24,3,0,5,3,6,2,1,0,0.0,0,4,2,59,56,0
33,0,0.0,0.0,0.0,64,24,3,0,11,2,11,4,0,0,0.0,0,3,2,100,91,0
9,0,0.0,0.0,0.0,24,23,4,0,6,1,8,0,15,0,0.0,0,4,2,116,60,0
42,0,0.0,0.0,0.0,64,23,3,0,11,1,2,4,23,0,0.0,0,3,2,93,89,0
6,0,0.0,0.0,0.0,64,24,2,0,4,1,2,0,6,0,0.0,0,2,2,35,34,0
17,0,0.0,0.0,0.0,64,17,1,0,4,2,5,7,0,0,0.0,0,2,1,77,64,0
39,0,0.0,0.0,0.0,64,24,6,0,9,2,9,14,21,0,0.0,0,6,3,157,73,0
9,0,0.0,0.0,0.0,64,20,4,0,2,4,0,0,1,0,0.0,0,4,3,59,42,0
4,0,0.0,0.0,0.0,34,34,1,0,1,2,2,0,0,0,0.0,0,1,1,28,28,0
8,0,0.0,0.0,0.0,24,24,1,0,2,3,3,0,1,0,0.0,0,1,1,34,34,0
11,6,6.0,6.0,10.0,64,4,4,0,2,2,6,3,1,10,0.0,0,5,4,62,45,0
15,0,0.0,0.0,0.0,34,23,5,0,5,1,9,4,8,0,0.0,0,5,4,73,63,0
9,0,0.0,0.0,0.0,34,22,3,0,1,2,6,3,0,0,0.0,0,3,2,45,42,0
14,0,0.0,0.0,0.0,64,24,3,0,4,2,2,1,6,0,0.0,0,3,3,46,33,0
4,0,0.0,0.0,0.0,64,20,2,0,2,1,0,0,1,0,0.0,0,3,2,44,31,0
9,0,0.0,0.0,0.0,64,25,2,0,2,4,0,0,1,0,0.0,0,2,2,34,32,0
21,0,0.0,0.0,0.0,64,22,5,0,7,2,4,8,1,0,0.0,0,6,4,81,54,0
43,0,0.0,0.0,0.0,34,23,4,0,11,2,12,9,55,0,0.0,0,4,3,148,131,0
3,0,0.0,0.0,0.0,25,23,4,0,1,1,2,0,0,0,0.0,0,4,3,87,28,0
9,0,0.0,0.0,0.0,64,25,2,0,2,4,0,0,1,0,0.0,0,2,2,34,32,0
17,0,0.0,0.0,0.0,34,24,2,0,5,2,6,2,1,0,0.0,0,3,2,59,56,0
9,0,0.0,0.0,0.0,19,19,1,0,2,1,2,2,1,0,0.0,0,1,1,44,44,0
7,0,0.0,0.0,0.0,24,8,4,0,5,1,8,0,10,0,0.0,0,5,3,93,51,0
15,0,0.0,0.0,0.0,24,24,1,0,3,2,4,1,0,0,0.0,0,1,1,53,53,0
13,0,0.0,0.0,0.0,64,24,2,0,3,1,5,3,1,0,0.0,0,3,2,201,119,0
4,0,0.0,0.0,0.0,24,24,1,0,2,1,3,0,1,0,0.0,0,1,1,43,43,0
37,0,0.0,0.0,0.0,64,17,12,0,11,3,14,16,55,0,0.0,0,12,4,310,92,1
56,0,0.0,0.0,0.0,64,16,6,0,10,2,15,17,0,0,0.0,0,7,3,205,143,0
7,0,0.0,0.0,0.0,64,24,2,0,5,1,4,0,10,0,0.0,0,2,2,39,38,0
17,0,0.0,0.0,0.0,64,24,3,0,4,2,8,2,1,0,0.0,0,4,3,66,55,0
33,3,-1.0,1.0,10.0,64,4,11,0,1,2,17,10,0,10,0.0,0,14,5,210,100,0
63,0,0.0,0.0,0.0,24,23,6,0,16,1,10,12,0,0,0.0,0,6,2,175,110,0
29,0,0.0,0.0,0.0,64,11,3,0,6,2,6,12,1,0,0.0,0,3,3,89,71,1
10,0,0.0,0.0,0.0,64,24,4,0,1,4,5,10,0,0,0.0,0,4,3,62,41,0
6,0,0.0,0.0,0.0,37,25,3,0,2,1,4,0,1,0,0.0,0,3,3,39,37,0
87,0,0.0,0.0,0.0,64,20,7,0,15,1,22,26,0,0,0.0,0,9,3,469,221,0
37,0,0.0,0.0,0.0,24,8,1,0,10,3,2,5,0,0,0.0,0,3,2,89,76,0
14,0,0.0,0.0,0.0,64,14,4,0,3,2,4,4,1,0,0.0,0,4,3,55,43,1
13,0,0.0,0.0,0.0,37,11,3,0,4,2,5,7,1,0,0.0,0,3,3,58,48,1
40,0,0.0,0.0,0.0,25,19,3,0,11,1,10,10,0,0,0.0,0,3,3,110,59,0
9,0,0.0,0.0,0.0,29,16,5,0,2,2,4,4,1,0,0.0,0,5,2,93,53,0
7,0,0.0,0.0,0.0,64,24,2,0,5,1,2,0,10,0,0.0,0,2,2,37,36,0
3,0,0.0,0.0,0.0,64,24,3,0,1,1,2,0,0,0,0.0,0,3,2,56,40,0
1,0,0.0,0.0,0.0,24,24,4,0,0,1,1,0,0,0,0.0,0,4,1,35,26,0
5,0,0.0,0.0,0.0,34,34,1,0,1,2,2,0,0,0,0.0,0,1,1,35,35,0
9,0,0.0,0.0,0.0,22,22,0,0,2,3,0,0,1,0,0.0,0,1,1,37,37,0
14,0,0.0,0.0,0.0,14,14,1,0,3,2,3,6,0,0,0.0,0,1,1,47,47,0
40,0,0.0,0.0,0.0,24,17,6,0,11,1,15,20,0,0,0.0,0,7,4,232,146,0
19,0,0.0,0.0,0.0,64,32,3,0,3,2,4,1,3,0,0.0,0,3,2,111,67,0
9,0,0.0,0.0,0.0,64,25,2,0,2,4,0,0,1,0,0.0,0,2,2,34,32,0
13,0,0.0,0.0,0.0,64,14,4,0,3,2,4,1,1,0,0.0,0,4,3,50,39,0
19,0,0.0,0.0,0.0,46,25,4,0,3,2,4,4,3,0,0.0,0,4,2,147,68,0
10,0,0.0,0.0,0.0,29,17,7,0,7,2,6,0,21,0,0.0,0,7,4,63,39,1
15,0,0.0,0.0,0.0,34,34,1,0,4,1,3,1,0,0,0.0,0,1,1,45,45,0
17,0,0.0,0.0,0.0,37,24,8,0,6,1,6,0,15,0,0.0,0,8,4,129,63,0
9,0,0.0,0.0,0.0,34,21,2,0,2,2,3,3,0,0,0.0,0,2,1,42,41,0
20,0,0.0,0.0,0.0,21,21,1,0,6,2,5,4,15,0,0.0,0,1,1,63,63,0
29,0,0.0,0.0,0.0,28,22,3,0,5,1,5,7,1,0,0.0,0,3,2,81,68,0
6,0,0.0,0.0,0.0,64,11,2,0,1,1,3,2,0,0,0.0,0,2,2,35,31,1
43,0,0.0,0.0,0.0,64,12,12,0,12,2,9,15,55,0,0.0,0,13,5,256,102,1
27,0,0.0,0.0,0.0,29,5,3,0,2,3,3,1,1,0,0.0,0,5,3,92,72,0
22,0,0.0,0.0,0.0,24,23,5,0,6,2,5,9,15,0,0.0,0,5,2,113,62,0
14,0,0.0,0.0,0.0,64,23,2,0,3,1,3,2,1,0,0.0,0,2,1,46,40,0
24,0,0.0,0.0,0.0,64,24,2,0,10,2,6,2,26,0,0.0,0,2,2,69,68,0
29,0,0.0,0.0,0.0,20,20,1,0,7,2,9,5,0,0,0.0,0,1,1,69,69,0
7,0,0.0,0.0,0.0,64,24,2,0,5,1,2,0,10,0,0.0,0,2,2,37,36,0
17,0,0.0,0.0,0.0,64,24,3,0,4,3,8,2,1,0,0.0,0,4,3,66,55,0
25,0,0.0,0.0,0.0,64,24,2,0,7,2,6,10,10,0,0.0,0,3,2,83,69,0
44,0,0.0,0.0,0.0,64,23,5,0,10,1,14,13,0,0,0.0,0,6,3,156,107,0
26,0,0.0,0.0,0.0,64,24,2,0,8,2,7,12,10,0,0.0,0,3,2,84,68,0
21,0,0.0,0.0,0.0,64,20,2,0,3,1,4,8,1,0,0.0,0,3,2,65,59,0
15,0,0.0,0.0,0.0,22,22,1,0,3,2,4,1,0,0,0.0,0,1,1,52,52,0
25,0,0.0,0.0,0.0,64,24,2,0,7,2,6,10,10,0,0.0,0,3,2,82,68,0
6,0,0.0,0.0,0.0,64,24,2,0,4,1,2,0,6,0,0.0,0,2,2,35,34,0
19,0,0.0,0.0,0.0,64,24,4,0,6,2,11,8,15,0,0.0,0,6,3,192,88,0
24,0,0.0,0.0,0.0,64,23,10,0,7,2,8,12,21,0,0.0,0,11,4,214,64,0
20,0,0.0,0.0,0.0,20,20,1,0,5,2,8,4,0,0,0.0,0,1,1,54,54,0
7,0,0.0,0.0,0.0,64,64,1,0,1,4,3,2,0,0,0.0,0,1,1,32,32,0
27,0,0.0,0.0,0.0,64,11,3,0,6,2,5,15,1,0,0.0,0,3,3,75,63,1
15,0,0.0,0.0,0.0,24,24,3,0,3,2,4,1,0,0,0.0,0,3,1,159,53,0
6,0,0.0,0.0,0.0,29,20,5,0,4,1,4,0,6,0,0.0,0,6,4,103,47,0
6,0,0.0,0.0,0.0,32,24,2,0,4,1,4,0,6,0,0.0,0,2,2,72,69,1
11,0,0.0,0.0,0.0,64,7,6,0,2,3,4,3,1,0,0.0,0,8,4,109,54,0
30,0,0.0,0.0,0.0,17,6,1,0,2,4,11,5,0,0,0.0,0,4,3,103,97,0
29,0,0.0,0.0,0.0,64,18,5,0,8,1,5,6,0,0,0.0,0,6,4,90,66,0
18,0,0.0,0.0,0.0,15,11,2,0,6,1,0,5,1,0,0.0,0,2,1,67,61,0
11,0,0.0,0.0,0.0,23,17,1,0,6,1,1,0,1,0,0.0,0,2,2,73,46,0
10,0,0.0,0.0,0.0,24,22,5,0,8,1,10,0,28,0,0.0,0,6,3,107,68,0
27,0,0.0,0.0,0.0,17,10,2,0,8,2,4,2,1,0,0.0,0,4,2,108,73,0
13,0,0.0,0.0,0.0,64,23,2,0,3,1,3,2,1,0,0.0,0,3,3,45,43,0
18,0,0.0,0.0,0.0,21,21,1,0,5,1,7,5,0,0,0.0,0,1,1,63,63,0
27,0,0.0,0.0,0.0,64,16,9,0,5,2,6,8,10,0,0.0,0,11,5,159,54,0
12,0,0.0,0.0,0.0,64,37,2,0,3,1,4,1,0,0,0.0,0,3,1,57,39,0
1,0,0.0,0.0,0.0,24,22,4,0,0,1,1,0,0,0,0.0,0,4,2,43,28,0
30,0,0.0,0.0,0.0,64,11,5,0,7,2,6,16,1,0,0.0,0,6,3,111,72,1
12,0,0.0,0.0,0.0,64,20,7,0,3,2,4,4,3,0,0.0,0,9,4,89,44,0
37,0,0.0,0.0,0.0,64,20,8,0,9,2,14,9,18,0,0.0,0,11,3,216,84,0
7,0,0.0,0.0,0.0,64,24,2,0,5,1,4,0,10,0,0.0,0,2,2,39,38,0
9,0,0.0,0.0,0.0,64,64,1,0,1,4,5,5,0,0,0.0,0,1,1,41,41,0
9,0,0.0,0.0,0.0,23,23,1,0,2,4,0,0,1,0,0.0,0,1,1,35,35,0
12,0,0.0,0.0,0.0,22,19,2,0,3,2,3,0,3,0,0.0,0,3,1,230,138,0
48,0,0.0,0.0,0.0,24,16,7,0,14,2,13,12,21,0,0.0,0,7,3,177,102,0
12,0,0.0,0.0,0.0,64,24,3,0,10,1,3,0,45,0,0.0,0,3,2,60,53,1
46,0,0.0,0.0,0.0,64,17,8,0,10,2,8,11,21,0,0.0,0,8,3,152,68,0
39,0,0.0,0.0,0.0,24,24,5,0,12,4,6,2,62,0,0.0,0,6,2,125,86,0
77,0,0.0,0.0,0.0,64,24,2,0,20,1,9,0,6,0,0.0,0,3,2,153,121,0
7,0,0.0,0.0,0.0,64,24,2,0,5,1,2,0,10,0,0.0,0,2,2,39,36,0
5,35,17.5,17.5,4.5,4,4,2,2,1,2,3,1,0,7,0.422,0,2,1,35,32,0
39,0,0.0,0.0,0.0,25,14,10,0,9,1,13,21,0,0,0.0,0,13,4,435,107,0
35,0,0.0,0.0,0.0,64,24,4,0,8,2,12,17,10,0,0.0,0,5,2,120,94,0
4,0,0.0,0.0,0.0,64,24,2,0,2,1,2,0,1,0,0.0,0,2,2,49,47,0
1,0,0.0,0.0,0.0,24,24,2,0,0,1,1,0,0,0,0.0,0,2,1,32,29,0
16,0,0.0,0.0,0.0,24,16,5,0,3,1,4,0,0,0,0.0,0,6,2,184,56,0
7,0,0.0,0.0,0.0,29,24,3,0,1,1,4,3,0,0,0.0,0,4,2,57,41,1
15,0,0.0,0.0,0.0,64,24,2,0,4,2,6,7,6,0,0.0,0,3,2,64,52,0
9,0,0.0,0.0,0.0,64,64,1,0,2,2,2,0,1,0,0.0,0,1,1,39,39,0
9,0,0.0,0.0,0.0,64,23,7,0,2,2,4,3,1,0,0.0,0,7,4,85,37,0
17,0,0.0,0.0,0.0,64,20,2,0,4,1,5,2,6,0,0.0,0,3,2,119,71,0
32,0,0.0,0.0,0.0,64,20,2,0,7,1,9,7,6,0,0.0,0,3,2,144,90,1
12,0,0.0,0.0,0.0,64,64,1,0,4,2,5,7,6,0,0.0,0,1,1,48,48,0
9,0,0.0,0.0,0.0,23,23,1,0,2,3,0,0,1,0,0.0,0,1,1,32,32,0
3,0,0.0,0.0,0.0,64,64,1,0,1,1,1,0,0,0,0.0,0,1,1,27,27,0
1,0,0.0,0.0,0.0,20,10,2,0,0,1,0,0,0,0,0.0,0,3,2,53,25,0
37,0,0.0,0.0,0.0,23,23,1,0,10,1,10,6,0,0,0.0,0,1,1,84,84,0
6,0,0.0,0.0,0.0,64,64,1,0,1,4,2,0,0,0,0.0,0,1,1,33,33,0
14,0,0.0,0.0,0.0,64,20,2,0,2,1,3,4,1,0,0.0,0,3,2,53,45,0
37,0,0.0,0.0,0.0,64,24,4,0,8,2,12,18,10,0,0.0,0,5,2,138,102,0
16,0,0.0,0.0,0.0,23,23,1,0,4,1,1,1,0,0,0.0,0,1,1,49,49,0
36,0,0.0,0.0,0.0,64,24,2,0,9,2,10,15,15,0,0.0,0,3,2,98,86,0
9,0,0.0,0.0,0.0,64,25,3,0,2,4,0,0,1,0,0.0,0,3,3,36,32,0
3,0,0.0,0.0,0.0,16,16,1,0,1,1,2,0,0,0,0.0,0,1,1,36,36,0
11,0,0.0,0.0,0.0,64,25,2,0,2,4,0,0,0,0,0.0,0,3,2,58,51,0
27,0,0.0,0.0,0.0,64,5,5,0,1,4,9,6,0,0,0.0,0,8,4,94,70,0
35,0,0.0,0.0,0.0,24,24,2,0,12,3,6,2,49,0,0.0,0,2,1,94,82,0
14,0,0.0,0.0,0.0,24,23,2,0,4,2,5,6,6,0,0.0,0,2,2,62,47,0
79,0,0.0,0.0,0.0,17,5,2,0,7,2,17,12,0,0,0.0,0,6,3,218,173,1
9,0,0.0,0.0,0.0,64,24,2,0,7,1,3,0,21,0,0.0,0,2,2,42,41,0
25,0,0.0,0.0,0.0,64,14,12,0,3,1,11,7,0,0,0.0,0,13,4,353,108,0
22,0,0.0,0.0,0.0,64,19,4,0,5,1,8,8,0,0,0.0,0,4,2,101,77,0
7,0,0.0,0.0,0.0,64,24,2,0,5,1,2,0,10,0,0.0,0,2,2,37,36,0
13,0,0.0,0.0,0.0,24,24,1,0,3,2,5,4,3,0,0.0,0,1,1,48,48,0
6,0,0.0,0.0,0.0,64,64,1,0,1,2,1,0,0,0,0.0,0,1,1,30,30,0
6,0,0.0,0.0,0.0,29,24,1,0,1,2,2,1,0,0,0.0,0,2,2,36,34,0
20,0,0.0,0.0,0.0,64,16,3,0,4,1,6,0,1,0,0.0,0,4,2,106,66,0
26,0,0.0,0.0,0.0,64,11,3,0,5,2,5,10,1,0,0.0,0,3,3,76,63,1
15,0,0.0,0.0,0.0,24,24,1,0,3,2,4,1,0,0,0.0,0,1,1,53,53,0
83,0,0.0,0.0,0.0,29,7,5,0,5,3,9,3,6,0,0.0,0,7,4,321,154,0
12,0,0.0,0.0,0.0,64,23,2,0,7,2,5,10,0,0,0.0,0,3,3,90,82,0
36,0,0.0,0.0,0.0,64,14,4,0,7,2,12,12,10,0,0.0,0,5,3,113,93,0
14,0,0.0,0.0,0.0,64,25,2,0,3,4,0,1,1,0,0.0,0,2,2,46,40,0
36,0,0.0,0.0,0.0,24,23,9,0,10,1,9,18,0,0,0.0,0,9,2,160,96,1
5,0,0.0,0.0,0.0,25,19,3,0,3,1,0,0,3,0,0.0,0,3,3,30,24,0
5,0,0.0,0.0,0.0,24,23,3,0,3,1,6,0,3,0,0.0,0,3,2,69,43,0
23,0,0.0,0.0,0.0,64,22,8,0,6,2,6,8,15,0,0.0,0,8,3,123,66,0
92,0,0.0,0.0,0.0,64,20,3,0,20,2,7,17,0,0,0.0,0,3,2,193,158,1
33,0,0.0,0.0,0.0,64,24,3,0,10,2,8,14,21,0,0.0,0,4,2,95,85,1
5,0,0.0,0.0,0.0,24,24,4,0,0,1,1,0,0,0,0.0,0,4,1,49,40,0
38,0,0.0,0.0,0.0,64,24,3,0,12,2,8,16,28,0,0.0,0,4,2,118,100,0
30,0,0.0,0.0,0.0,64,24,3,0,7,1,6,13,1,0,0.0,0,3,2,79,67,0
54,0,0.0,0.0,0.0,29,18,4,0,11,2,9,12,0,0,0.0,0,5,4,132,96,1
16,0,0.0,0.0,0.0,64,24,5,0,4,2,7,4,1,0,0.0,0,5,3,75,48,0
13,0,0.0,0.0,0.0,24,8,2,0,4,2,4,0,0,0,0.0,0,3,2,49,42,0
6,0,0.0,0.0,0.0,34,23,3,0,4,1,4,0,6,0,0.0,0,3,3,84,78,0
81,0,0.0,0.0,0.0,24,22,7,0,21,1,18,22,0,0,0.0,0,8,4,304,170,0
32,0,0.0,0.0,0.0,64,24,3,0,14,2,11,9,28,0,0.0,0,4,2,103,86,0
24,0,0.0,0.0,0.0,24,23,6,0,6,1,9,11,0,0,0.0,0,6,2,151,91,1
6,0,0.0,0.0,0.0,64,24,2,0,4,1,2,0,6,0,0.0,0,2,2,35,34,0
36,0,0.0,0.0,0.0,24,23,5,0,10,2,6,15,21,0,0.0,0,6,3,172,71,0
9,0,0.0,0.0,0.0,17,16,1,0,1,2,5,1,0,0,0.0,0,2,2,41,34,0
3,0,0.0,0.0,0.0,24,24,1,0,1,1,1,0,0,0,0.0,0,1,1,27,27,0
16,2,0.0,1.0,10.0,16,4,1,0,3,2,2,2,0,10,0.0,0,4,3,73,44,0
21,0,0.0,0.0,0.0,64,53,2,0,4,2,12,4,0,0,0.0,0,3,2,89,75,0
34,0,0.0,0.0,0.0,24,23,5,0,8,2,7,7,0,0,0.0,0,5,2,103,74,0
15,0,0.0,0.0,0.0,64,24,2,0,4,2,7,7,6,0,0.0,0,3,2,76,56,0
13,0,0.0,0.0,0.0,24,23,2,0,4,2,4,0,0,0,0.0,0,2,1,46,41,0
7,0,0.0,0.0,0.0,64,24,2,0,5,1,3,0,10,0,0.0,0,2,2,40,37,0
38,0,0.0,0.0,0.0,34,24,2,0,19,2,7,6,64,0,0.0,0,3,2,96,89,0
15,0,0.0,0.0,0.0,24,24,2,0,3,2,4,1,0,0,0.0,0,2,1,55,53,0
10,0,0.0,0.0,0.0,64,18,3,0,8,1,7,0,28,0,0.0,0,3,2,52,45,0
17,0,0.0,0.0,0.0,17,17,1,0,5,2,8,4,10,0,0.0,0,1,1,59,59,0
3,0,0.0,0.0,0.0,24,24,1,0,1,1,1,0,0,0,0.0,0,1,1,26,26,0
37,0,0.0,0.0,0.0,64,24,5,0,8,2,12,18,10,0,0.0,0,6,2,138,101,0
36,0,0.0,0.0,0.0,24,16,7,0,10,2,9,14,36,0,0.0,0,7,2,229,93,0
28,6,0.0,3.0,1.0,21,4,3,1,7,1,1,3,15,1,0.0,0,3,3,115,73,0
9,0,0.0,0.0,0.0,24,20,2,0,2,4,0,0,1,0,0.0,0,2,2,52,43,0
19,0,0.0,0.0,0.0,20,12,2,0,17,1,12,0,136,0,0.0,0,2,1,212,199,0
4,0,0.0,0.0,0.0,37,25,3,0,2,1,3,0,1,0,0.0,0,3,3,90,30,0
11,0,0.0,0.0,0.0,25,24,3,0,2,1,5,3,0,0,0.0,0,3,2,144,48,0
50,0,0.0,0.0,0.0,24,16,4,0,9,1,14,25,4,0,0.0,0,4,3,111,51,0
7,0,0.0,0.0,0.0,64,24,2,0,5,1,2,0,10,0,0.0,0,2,2,37,36,0
4,0,0.0,0.0,0.0,29,20,3,0,2,1,1,0,1,0,0.0,0,4,3,55,31,0
33,0,0.0,0.0,0.0,64,24,3,0,9,1,10,23,0,0,0.0,0,4,3,112,82,0
72,0,0.0,0.0,0.0,24,16,9,0,22,1,15,21,0,0,0.0,0,11,4,347,152,1
24,0,0.0,0.0,0.0,23,23,0,0,4,2,5,0,6,0,0.0,0,1,1,59,59,0
49,0,0.0,0.0,0.0,64,17,3,0,14,2,13,25,36,0,0.0,0,6,2,168,109,0
5,0,0.0,0.0,0.0,64,64,1,0,2,3,2,0,1,0,0.0,0,1,1,28,28,0
8,0,0.0,0.0,0.0,64,24,3,0,6,1,4,0,15,0,0.0,0,3,2,56,44,0
33,0,0.0,0.0,0.0,64,24,2,0,9,2,7,10,10,0,0.0,0,3,2,89,75,0
8,0,0.0,0.0,0.0,64,24,2,0,6,1,3,0,15,0,0.0,0,2,2,40,39,0
26,0,0.0,0.0,0.0,23,16,2,0,3,1,3,4,3,0,0.0,0,3,2,83,55,0
3,29,29.0,29.0,7.0,4,4,1,1,1,1,1,0,0,7,0.0,0,1,1,29,29,0
6,0,0.0,0.0,0.0,32,23,4,0,4,1,6,0,6,0,0.0,0,4,4,43,40,0
30,0,0.0,0.0,0.0,25,14,3,0,5,2,8,11,0,0,0.0,0,4,3,112,77,0
5,0,0.0,0.0,0.0,34,20,2,0,1,2,2,1,0,0,0.0,0,2,1,32,31,0
7,0,0.0,0.0,0.0,64,24,2,0,5,1,4,0,10,0,0.0,0,3,2,40,38,0
32,0,0.0,0.0,0.0,36,5,5,0,4,4,12,6,1,0,0.0,0,7,4,118,84,0
8,0,0.0,0.0,0.0,37,24,5,0,6,1,5,0,15,0,0.0,0,5,4,338,99,0
20,0,0.0,0.0,0.0,25,24,3,0,4,1,5,6,0,0,0.0,0,3,3,77,57,0
20,0,0.0,0.0,0.0,64,20,5,0,3,3,6,3,3,0,0.0,0,5,2,102,50,0
49,0,0.0,0.0,0.0,64,24,3,0,18,2,9,18,78,0,0.0,0,6,3,122,99,0
13,1,-1.0,0.0,7.0,37,4,3,1,5,2,5,2,1,7,0.0,0,3,1,56,53,0
7,0,0.0,0.0,0.0,21,21,1,0,5,1,6,0,10,0,0.0,0,1,1,52,52,0
10,0,0.0,0.0,0.0,34,22,6,0,8,1,3,0,28,0,0.0,0,6,4,114,103,0
7,0,0.0,0.0,0.0,17,17,1,0,1,2,3,1,0,0,0.0,0,1,1,34,34,0
14,0,0.0,0.0,0.0,64,24,4,0,3,2,6,6,1,0,0.0,0,5,3,72,56,0
12,0,0.0,0.0,0.0,29,23,2,0,3,2,4,1,3,0,0.0,0,3,2,45,43,0
44,0,0.0,0.0,0.0,24,24,2,0,12,2,6,3,6,0,0.0,0,2,1,99,87,0
12,0,0.0,0.0,0.0,16,16,0,0,3,2,2,0,3,0,0.0,0,1,1,45,45,0
10,0,0.0,0.0,0.0,24,24,4,0,2,3,3,0,0,0,0.0,0,4,1,49,34,0
25,0,0.0,0.0,0.0,64,24,2,0,7,2,6,10,10,0,0.0,0,3,2,85,69,0
6,0,0.0,0.0,0.0,37,14,2,0,4,1,3,0,6,0,0.0,0,3,2,78,62,0
3,0,0.0,0.0,0.0,25,25,1,0,1,1,1,0,0,0,0.0,0,2,2,30,26,0
11,0,0.0,0.0,0.0,24,11,4,0,3,1,1,0,0,0,0.0,0,4,3,82,69,1
15,0,0.0,0.0,0.0,24,24,1,0,3,2,4,1,0,0,0.0,0,1,1,53,53,0
9,0,0.0,0.0,0.0,64,24,2,0,7,1,2,0,21,0,0.0,0,2,2,41,40,1
4,0,0.0,0.0,0.0,34,34,1,0,1,2,2,0,0,0,0.0,0,1,1,28,28,0
12,0,0.0,0.0,0.0,64,24,2,0,2,1,10,8,0,0,0.0,0,2,2,67,65,0
12,0,0.0,0.0,0.0,34,20,5,0,10,1,5,0,45,0,0.0,0,6,4,343,228,0
25,0,0.0,0.0,0.0,64,24,2,0,7,2,6,10,10,0,0.0,0,3,2,76,66,0
14,0,0.0,0.0,0.0,64,23,2,0,5,1,3,4,4,0,0.0,0,3,3,54,50,0
9,0,0.0,0.0,0.0,34,24,2,0,1,2,5,5,0,0,0.0,0,2,2,43,41,0
10,0,0.0,0.0,0.0,64,24,2,0,8,1,3,0,28,0,0.0,0,3,2,44,41,0
38,0,0.0,0.0,0.0,64,20,5,0,9,2,9,16,4,0,0.0,0,6,3,115,88,0
10,0,0.0,0.0,0.0,24,23,3,0,2,3,3,0,0,0,0.0,0,3,1,50,40,0
6,0,0.0,0.0,0.0,75,75,1,0,4,1,1,0,6,0,0.0,0,1,1,32,32,0
8,0,0.0,0.0,0.0,66,61,2,0,2,2,1,5,0,0,0.0,0,2,2,35,33,0
42,0,0.0,0.0,0.0,75,26,5,0,9,1,12,16,6,0,0.0,0,6,2,170,115,1
15,0,0.0,0.0,0.0,35,35,3,0,3,2,4,1,0,0,0.0,0,3,1,159,53,0
42,0,0.0,0.0,0.0,35,27,6,0,13,2,13,15,55,0,0.0,0,6,3,179,91,0
7,0,0.0,0.0,0.0,45,45,1,0,1,2,4,6,0,0,0.0,0,1,1,37,37,0
17,0,0.0,0.0,0.0,75,35,3,0,4,3,8,2,1,0,0.0,0,4,3,66,55,0
17,0,0.0,0.0,0.0,75,35,3,0,3,2,8,7,1,0,0.0,0,3,2,81,66,0
7,0,0.0,0.0,0.0,75,35,2,0,5,1,4,0,10,0,0.0,0,3,2,40,38,0
17,0,0.0,0.0,0.0,45,35,3,0,5,3,6,2,1,0,0.0,0,4,2,59,56,0
33,0,0.0,0.0,0.0,75,35,3,0,11,2,11,4,0,0,0.0,0,3,2,100,91,0
9,0,0.0,0.0,0.0,35,34,4,0,6,1,8,0,15,0,0.0,0,4,2,116,60,0
42,0,0.0,0.0,0.0,75,34,3,0,11,1,2,4,23,0,0.0,0,3,2,93,89,0
6,0,0.0,0.0,0.0,75,35,2,0,4,1,2,0,6,0,0.0,0,2,2,35,34,0
17,0,0.0,0.0,0.0,75,28,1,0,4,2,5,7,0,0,0.0,0,2,1,77,64,0
39,0,0.0,0.0,0.0,75,35,6,0,9,2,9,14,21,0,0.0,0,6,3,157,73,0
9,0,0.0,0.0,0.0,75,31,4,0,2,4,0,0,1,0,0.0,0,4,3,59,42,0
4,0,0.0,0.0,0.0,45,45,1,0,1,2,2,0,0,0,0.0,0,1,1,28,28,0
8,0,0.0,0.0,0.0,35,35,1,0,2,3,3,0,1,0,0.0,0,1,1,34,34,0
11,0,0.0,0.0,0.0,75,15,4,0,2,2,6,3,1,0,0.0,0,5,4,62,45,0
15,0,0.0,0.0,0.0,45,34,5,0,5,1,9,4,8,0,0.0,0,5,4,73,63,0
9,0,0.0,0.0,0.0,45,33,3,0,1,2,6,3,0,0,0.0,0,3,2,45,42,0
14,0,0.0,0.0,0.0,75,35,3,0,4,2,2,1,6,0,0.0,0,3,3,46,33,0
4,0,0.0,0.0,0.0,75,31,2,0,2,1,0,0,1,0,0.0,0,3,2,44,31,0
9,0,0.0,0.0,0.0,75,36,2,0,2,4,0,0,1,0,0.0,0,2,2,34,32,0
21,0,0.0,0.0,0.0,75,33,5,0,7,2,4,8,1,0,0.0,0,6,4,81,54,0
43,0,0.0,0.0,0.0,45,34,4,0,11,2,12,9,55,0,0.0,0,4,3,148,131,0
3,0,0.0,0.0,0.0,36,34,4,0,1,1,2,0,0,0,0.0,0,4,3,87,28,0
9,0,0.0,0.0,0.0,75,36,2,0,2,4,0,0,1,0,0.0,0,2,2,34,32,0
17,0,0.0,0.0,0.0,45,35,2,0,5,2,6,2,1,0,0.0,0,3,2,59,56,0
9,0,0.0,0.0,0.0,30,30,1,0,2,1,2,2,1,0,0.0,0,1,1,44,44,0
7,0,0.0,0.0,0.0,35,19,4,0,5,1,8,0,10,0,0.0,0,5,3,93,51,0
15,0,0.0,0.0,0.0,35,35,1,0,3,2,4,1,0,0,0.0,0,1,1,53,53,0
13,0,0.0,0.0,0.0,75,35,2,0,3,1,5,3,1,0,0.0,0,3,2,201,119,0
4,0,0.0,0.0,0.0,35,35,1,0,2,1,3,0,1,0,0.0,0,1,1,43,43,0
37,0,0.0,0.0,0.0,75,28,12,0,11,3,14,16,55,0,0.0,0,12,4,310,92,1
56,0,0.0,0.0,0.0,75,27,6,0,10,2,15,17,0,0,0.0,0,7,3,205,143,0
7,0,0.0,0.0,0.0,75,35,2,0,5,1,4,0,10,0,0.0,0,2,2,39,38,0
17,0,0.0,0.0,0.0,75,35,3,0,4,2,8,2,1,0,0.0,0,4,3,66,55,0
33,0,0.0,0.0,0.0,75,15,11,0,1,2,17,10,0,0,0.0,0,14,5,210,100,0
63,0,0.0,0.0,0.0,35,34,6,0,16,1,10,12,0,0,0.0,0,6,2,175,110,0
27,8,-6.0,1.0,48.0,75,1,4,1,5,2,5,12,0,48,0.0,0,4,3,97,71,0
10,0,0.0,0.0,0.0,75,35,4,0,1,4,5,10,0,0,0.0,0,4,3,62,41,0
6,0,0.0,0.0,0.0,48,36,3,0,2,1,4,0,1,0,0.0,0,3,3,39,37,0
87,0,0.0,0.0,0.0,75,31,7,0,15,1,22,26,0,0,0.0,0,9,3,469,221,0
37,0,0.0,0.0,0.0,35,19,1,0,10,3,2,5,0,0,0.0,0,3,2,89,76,0
13,6,-2.0,2.0,48.0,75,1,5,1,3,2,4,5,1,48,0.0,0,5,3,61,43,0
11,8,-6.0,1.0,48.0,48,1,4,1,3,2,4,7,0,48,0.0,0,4,3,66,48,0
40,0,0.0,0.0,0.0,36,30,3,0,11,1,10,10,0,0,0.0,0,3,3,110,59,0
9,0,0.0,0.0,0.0,40,27,5,0,2,2,4,4,1,0,0.0,0,5,2,93,53,0
7,0,0.0,0.0,0.0,75,35,2,0,5,1,2,0,10,0,0.0,0,2,2,37,36,0
3,5,0.5,1.5,7.0,75,10,5,2,1,1,2,0,0,9,0.971,0,5,3,61,40,0
1,0,0.0,0.0,0.0,35,35,4,0,0,1,1,0,0,0,0.0,0,4,1,35,26,0
5,0,0.0,0.0,0.0,45,45,1,0,1,2,2,0,0,0,0.0,0,1,1,35,35,0
9,0,0.0,0.0,0.0,33,33,0,0,2,3,0,0,1,0,0.0,0,1,1,37,37,0
14,0,0.0,0.0,0.0,25,25,1,0,3,2,3,6,0,0,0.0,0,1,1,47,47,0
40,0,0.0,0.0,0.0,35,28,6,0,11,1,15,20,0,0,0.0,0,7,4,232,146,0
19,0,0.0,0.0,0.0,75,43,3,0,3,2,4,1,3,0,0.0,0,3,2,111,67,0
9,0,0.0,0.0,0.0,75,36,2,0,2,4,0,0,1,0,0.0,0,2,2,34,32,0
13,0,0.0,0.0,0.0,75,25,4,0,3,2,4,1,1,0,0.0,0,4,3,50,39,0
19,0,0.0,0.0,0.0,57,36,4,0,3,2,4,4,3,0,0.0,0,4,2,147,68,0
10,0,0.0,0.0,0.0,40,28,7,0,7,2,6,0,21,0,0.0,0,7,4,63,39,1
15,0,0.0,0.0,0.0,45,45,1,0,4,1,3,1,0,0,0.0,0,1,1,45,45,0
17,0,0.0,0.0,0.0,48,35,8,0,6,1,6,0,15,0,0.0,0,8,4,129,63,0
9,0,0.0,0.0,0.0,45,32,2,0,2,2,3,3,0,0,0.0,0,2,1,42,41,0
20,0,0.0,0.0,0.0,32,32,1,0,6,2,5,4,15,0,0.0,0,1,1,63,63,0
29,0,0.0,0.0,0.0,39,33,3,0,5,1,5,7,1,0,0.0,0,3,2,81,68,0
9,15,5.5,6.5,25.0,75,1,4,2,2,1,5,3,1,48,0.5665,0,4,2,50,31,0
43,0,0.0,0.0,0.0,75,23,12,0,12,2,9,15,55,0,0.0,0,13,5,256,102,1
27,0,0.0,0.0,0.0,40,16,3,0,2,3,3,1,1,0,0.0,0,5,3,92,72,0
22,0,0.0,0.0,0.0,35,34,5,0,6,2,5,9,15,0,0.0,0,5,2,113,62,0
14,0,0.0,0.0,0.0,75,34,2,0,3,1,3,2,1,0,0.0,0,2,1,46,40,0
24,0,0.0,0.0,0.0,75,35,2,0,10,2,6,2,26,0,0.0,0,2,2,69,68,0
29,0,0.0,0.0,0.0,31,31,1,0,7,2,9,5,0,0,0.0,0,1,1,69,69,0
7,0,0.0,0.0,0.0,75,35,2,0,5,1,2,0,10,0,0.0,0,2,2,37,36,0
17,0,0.0,0.0,0.0,75,35,3,0,4,3,8,2,1,0,0.0,0,4,3,66,55,0
25,0,0.0,0.0,0.0,75,35,2,0,7,2,6,10,10,0,0.0,0,3,2,83,69,0
44,0,0.0,0.0,0.0,75,34,5,0,10,1,14,13,0,0,0.0,0,6,3,156,107,0
26,0,0.0,0.0,0.0,75,35,2,0,8,2,7,12,10,0,0.0,0,3,2,84,68,0
21,0,0.0,0.0,0.0,75,31,2,0,3,1,4,8,1,0,0.0,0,3,2,65,59,0
15,0,0.0,0.0,0.0,33,33,1,0,3,2,4,1,0,0,0.0,0,1,1,52,52,0
25,0,0.0,0.0,0.0,75,35,2,0,7,2,6,10,10,0,0.0,0,3,2,82,68,0
6,0,0.0,0.0,0.0,75,35,2,0,4,1,2,0,6,0,0.0,0,2,2,35,34,0
19,0,0.0,0.0,0.0,75,35,4,0,6,2,11,8,15,0,0.0,0,6,3,192,88,1
24,0,0.0,0.0,0.0,75,34,10,0,7,2,8,12,21,0,0.0,0,11,4,214,64,0
20,0,0.0,0.0,0.0,31,31,1,0,5,2,8,4,0,0,0.0,0,1,1,54,54,0
7,0,0.0,0.0,0.0,75,75,1,0,1,4,3,2,0,0,0.0,0,1,1,32,32,0
25,8,-6.0,1.0,48.0,75,1,4,1,5,2,4,15,0,48,0.0,0,4,3,83,63,0
15,0,0.0,0.0,0.0,35,35,3,0,3,2,4,1,0,0,0.0,0,3,1,159,53,0
6,0,0.0,0.0,0.0,40,31,5,0,4,1,4,0,6,0,0.0,0,6,4,103,47,0
11,42,42.0,42.0,48.0,1,1,1,1,2,2,4,8,0,48,0.0,0,1,1,42,42,0
6,0,0.0,0.0,0.0,43,35,2,0,4,1,4,0,6,0,0.0,0,2,2,72,69,1
11,0,0.0,0.0,0.0,75,18,6,0,2,3,4,3,1,0,0.0,0,8,4,109,54,0
30,0,0.0,0.0,0.0,28,17,1,0,2,4,11,5,0,0,0.0,0,4,3,103,97,0
29,0,0.0,0.0,0.0,75,29,5,0,8,1,5,6,0,0,0.0,0,6,4,90,66,0
18,0,0.0,0.0,0.0,26,22,2,0,6,1,0,5,1,0,0.0,0,2,1,67,61,0
11,0,0.0,0.0,0.0,34,28,1,0,6,1,1,0,1,0,0.0,0,2,2,73,46,0
10,0,0.0,0.0,0.0,35,33,5,0,8,1,10,0,28,0,0.0,0,6,3,107,68,0
27,0,0.0,0.0,0.0,28,21,2,0,8,2,4,2,1,0,0.0,0,4,2,108,73,0
13,0,0.0,0.0,0.0,75,34,2,0,3,1,3,2,1,0,0.0,0,3,3,45,43,0
18,0,0.0,0.0,0.0,32,32,1,0,5,1,7,5,0,0,0.0,0,1,1,63,63,0
27,0,0.0,0.0,0.0,75,27,9,0,5,2,6,8,10,0,0.0,0,11,5,159,54,0
12,0,0.0,0.0,0.0,75,48,2,0,3,1,4,1,0,0,0.0,0,3,1,57,39,0
1,0,0.0,0.0,0.0,35,33,4,0,0,1,1,0,0,0,0.0,0,4,2,43,28,0
28,9,-7.0,1.0,48.0,75,1,6,1,6,2,5,16,0,48,0.0,0,7,3,120,72,0
12,0,0.0,0.0,0.0,75,31,7,0,3,2,4,4,3,0,0.0,0,9,4,89,44,0
37,0,0.0,0.0,0.0,75,31,8,0,9,2,14,9,18,0,0.0,0,11,3,216,84,0
7,0,0.0,0.0,0.0,75,35,2,0,5,1,4,0,10,0,0.0,0,2,2,39,38,0
9,0,0.0,0.0,0.0,75,75,1,0,1,4,5,5,0,0,0.0,0,1,1,41,41,0
9,0,0.0,0.0,0.0,34,34,1,0,2,4,0,0,1,0,0.0,0,1,1,35,35,0
12,0,0.0,0.0,0.0,33,30,2,0,3,2,3,0,3,0,0.0,0,3,1,230,138,0
48,0,0.0,0.0,0.0,35,27,7,0,14,2,13,12,21,0,0.0,0,7,3,177,102,0
12,0,0.0,0.0,0.0,75,35,3,0,10,1,3,0,45,0,0.0,0,3,2,60,53,1
46,0,0.0,0.0,0.0,75,28,8,0,10,2,8,11,21,0,0.0,0,8,3,152,68,0
39,0,0.0,0.0,0.0,35,35,5,0,12,4,6,2,62,0,0.0,0,6,2,125,86,0
77,0,0.0,0.0,0.0,75,35,2,0,20,1,9,0,6,0,0.0,0,3,2,153,121,0
7,0,0.0,0.0,0.0,75,35,2,0,5,1,2,0,10,0,0.0,0,2,2,39,36,0
5,0,0.0,0.0,0.0,15,15,2,0,1,2,3,1,0,0,0.0,0,2,1,35,32,0
39,0,0.0,0.0,0.0,36,25,10,0,9,1,13,21,0,0,0.0,0,13,4,435,107,0
35,0,0.0,0.0,0.0,75,35,4,0,8,2,12,17,10,0,0.0,0,5,2,120,94,0
4,0,0.0,0.0,0.0,75,35,2,0,2,1,2,0,1,0,0.0,0,2,2,49,47,0
1,0,0.0,0.0,0.0,35,35,2,0,0,1,1,0,0,0,0.0,0,2,1,32,29,0
16,0,0.0,0.0,0.0,35,27,5,0,3,1,4,0,0,0,0.0,0,6,2,184,56,0
7,0,0.0,0.0,0.0,40,35,3,0,1,1,4,3,0,0,0.0,0,4,2,57,41,1
15,0,0.0,0.0,0.0,75,35,2,0,4,2,6,7,6,0,0.0,0,3,2,64,52,0
9,0,0.0,0.0,0.0,75,75,1,0,2,2,2,0,1,0,0.0,0,1,1,39,39,0
9,0,0.0,0.0,0.0,75,34,7,0,2,2,4,3,1,0,0.0,0,7,4,85,37,0
17,0,0.0,0.0,0.0,75,31,2,0,4,1,5,2,6,0,0.0,0,3,2,119,71,0
32,11,-1.0,5.0,48.0,75,1,3,1,7,1,9,8,6,48,0.0,0,4,2,155,90,1
12,0,0.0,0.0,0.0,75,75,1,0,4,2,5,7,6,0,0.0,0,1,1,48,48,0
9,0,0.0,0.0,0.0,34,34,1,0,2,3,0,0,1,0,0.0,0,1,1,32,32,0
3,0,0.0,0.0,0.0,75,75,1,0,1,1,1,0,0,0,0.0,0,1,1,27,27,0
1,0,0.0,0.0,0.0,31,21,2,0,0,1,0,0,0,0,0.0,0,3,2,53,25,0
37,0,0.0,0.0,0.0,34,34,1,0,10,1,10,6,0,0,0.0,0,1,1,84,84,0
6,0,0.0,0.0,0.0,75,75,1,0,1,4,2,0,0,0,0.0,0,1,1,33,33,0
14,0,0.0,0.0,0.0,75,31,2,0,2,1,3,4,1,0,0.0,0,3,2,53,45,0
37,0,0.0,0.0,0.0,75,35,4,0,8,2,12,18,10,0,0.0,0,5,2,138,102,0
16,0,0.0,0.0,0.0,34,34,1,0,4,1,1,1,0,0,0.0,0,1,1,49,49,0
36,0,0.0,0.0,0.0,75,35,2,0,9,2,10,15,15,0,0.0,0,3,2,98,86,0
9,0,0.0,0.0,0.0,75,36,3,0,2,4,0,0,1,0,0.0,0,3,3,36,32,0
3,0,0.0,0.0,0.0,27,27,1,0,1,1,2,0,0,0,0.0,0,1,1,36,36,0
11,0,0.0,0.0,0.0,75,36,2,0,2,4,0,0,0,0,0.0,0,3,2,58,51,1
27,0,0.0,0.0,0.0,75,16,5,0,1,4,9,6,0,0,0.0,0,8,4,94,70,0
35,0,0.0,0.0,0.0,35,35,2,0,12,3,6,2,49,0,0.0,0,2,1,94,82,0
14,0,0.0,0.0,0.0,35,34,2,0,4,2,5,6,6,0,0.0,0,2,2,62,47,0
79,0,0.0,0.0,0.0,28,16,2,0,7,2,17,12,0,0,0.0,0,6,3,218,173,1
9,0,0.0,0.0,0.0,75,35,2,0,7,1,3,0,21,0,0.0,0,2,2,42,41,0
25,0,0.0,0.0,0.0,75,25,12,0,3,1,11,7,0,0,0.0,0,13,4,353,108,0
22,0,0.0,0.0,0.0,75,30,4,0,5,1,8,8,0,0,0.0,0,4,2,101,77,0
7,0,0.0,0.0,0.0,75,35,2,0,5,1,2,0,10,0,0.0,0,2,2,37,36,0
13,0,0.0,0.0,0.0,35,35,1,0,3,2,5,4,3,0,0.0,0,1,1,48,48,0
6,0,0.0,0.0,0.0,75,75,1,0,1,2,1,0,0,0,0.0,0,1,1,30,30,0
6,0,0.0,0.0,0.0,40,35,1,0,1,2,2,1,0,0,0.0,0,2,2,36,34,0
20,0,0.0,0.0,0.0,75,27,3,0,4,1,6,0,1,0,0.0,0,4,2,106,66,0
12,42,-10.0,5.5,25.0,75,1,5,2,2,2,4,10,0,48,0.8926,0,5,3,118,63,0
15,0,0.0,0.0,0.0,35,35,1,0,3,2,4,1,0,0,0.0,0,1,1,53,53,0
83,0,0.0,0.0,0.0,40,18,5,0,5,3,9,3,6,0,0.0,0,7,4,321,154,0
12,0,0.0,0.0,0.0,75,34,2,0,7,2,5,10,0,0,0.0,0,3,3,90,82,0
36,0,0.0,0.0,0.0,75,25,4,0,7,2,12,12,10,0,0.0,0,5,3,113,93,0
14,0,0.0,0.0,0.0,75,36,2,0,3,4,0,1,1,0,0.0,0,2,2,46,40,0
36,0,0.0,0.0,0.0,35,34,9,0,10,1,9,18,0,0,0.0,0,9,2,160,96,0
5,0,0.0,0.0,0.0,36,30,3,0,3,1,0,0,3,0,0.0,0,3,3,30,24,0
5,0,0.0,0.0,0.0,35,34,3,0,3,1,6,0,3,0,0.0,0,3,2,69,43,0
23,0,0.0,0.0,0.0,75,33,8,0,6,2,6,8,15,0,0.0,0,8,3,123,66,0
33,0,0.0,0.0,0.0,75,35,3,0,10,2,8,14,21,0,0.0,0,4,2,95,85,1
5,0,0.0,0.0,0.0,35,35,4,0,0,1,1,0,0,0,0.0,0,4,1,49,40,0
38,0,0.0,0.0,0.0,75,35,3,0,12,2,8,16,28,0,0.0,0,4,2,118,100,0
30,0,0.0,0.0,0.0,75,35,3,0,7,1,6,13,1,0,0.0,0,3,2,79,67,0
54,0,0.0,0.0,0.0,40,29,4,0,11,2,9,12,0,0,0.0,0,5,4,132,96,1
16,0,0.0,0.0,0.0,75,35,5,0,4,2,7,4,1,0,0.0,0,5,3,75,48,0
13,0,0.0,0.0,0.0,35,19,2,0,4,2,4,0,0,0,0.0,0,3,2,49,42,0
6,0,0.0,0.0,0.0,45,34,3,0,4,1,4,0,6,0,0.0,0,3,3,84,78,0
81,0,0.0,0.0,0.0,35,33,7,0,21,1,18,22,0,0,0.0,0,8,4,304,170,0
32,0,0.0,0.0,0.0,75,35,3,0,14,2,11,9,28,0,0.0,0,4,2,103,86,0
24,0,0.0,0.0,0.0,35,34,6,0,6,1,9,11,0,0,0.0,0,6,2,151,91,0
6,0,0.0,0.0,0.0,75,35,2,0,4,1,2,0,6,0,0.0,0,2,2,35,34,0
36,0,0.0,0.0,0.0,35,34,5,0,10,2,6,15,21,0,0.0,0,6,3,172,71,0
9,0,0.0,0.0,0.0,28,27,1,0,1,2,5,1,0,0,0.0,0,2,2,41,34,0
3,0,0.0,0.0,0.0,35,35,1,0,1,1,1,0,0,0,0.0,0,1,1,27,27,0
16,0,0.0,0.0,0.0,27,15,1,0,3,2,2,2,0,0,0.0,0,4,3,73,44,0
21,0,0.0,0.0,0.0,75,64,2,0,4,2,12,4,0,0,0.0,0,3,2,89,75,0
34,0,0.0,0.0,0.0,35,34,5,0,8,2,7,7,0,0,0.0,0,5,2,103,74,0
13,37,37.0,37.0,9.0,10,10,1,1,2,4,3,3,0,9,0.0,0,1,1,37,37,0
15,0,0.0,0.0,0.0,75,35,2,0,4,2,7,7,6,0,0.0,0,3,2,76,56,0
13,0,0.0,0.0,0.0,35,34,2,0,4,2,4,0,0,0,0.0,0,2,1,46,41,0
7,0,0.0,0.0,0.0,75,35,2,0,5,1,3,0,10,0,0.0,0,2,2,40,37,0
38,0,0.0,0.0,0.0,45,35,2,0,19,2,7,6,64,0,0.0,0,3,2,96,89,0
15,0,0.0,0.0,0.0,35,35,2,0,3,2,4,1,0,0,0.0,0,2,1,55,53,0
10,0,0.0,0.0,0.0,75,29,3,0,8,1,7,0,28,0,0.0,0,3,2,52,45,0
17,0,0.0,0.0,0.0,28,28,1,0,5,2,8,4,10,0,0.0,0,1,1,59,59,0
3,0,0.0,0.0,0.0,35,35,1,0,1,1,1,0,0,0,0.0,0,1,1,26,26,0
37,0,0.0,0.0,0.0,75,35,5,0,8,2,12,18,10,0,0.0,0,6,2,138,101,0
36,0,0.0,0.0,0.0,35,27,7,0,10,2,9,14,36,0,0.0,0,7,2,229,93,0
28,0,0.0,0.0,0.0,32,15,3,0,7,1,1,3,15,0,0.0,0,3,3,115,73,0
9,0,0.0,0.0,0.0,35,31,2,0,2,4,0,0,1,0,0.0,0,2,2,52,43,0
19,0,0.0,0.0,0.0,31,23,2,0,17,1,12,0,136,0,0.0,0,2,1,212,199,0
4,0,0.0,0.0,0.0,48,36,3,0,2,1,3,0,1,0,0.0,0,3,3,90,30,0
11,0,0.0,0.0,0.0,36,35,3,0,2,1,5,3,0,0,0.0,0,3,2,144,48,0
50,0,0.0,0.0,0.0,35,27,4,0,9,1,14,25,4,0,0.0,0,4,3,111,51,0
7,0,0.0,0.0,0.0,75,35,2,0,5,1,2,0,10,0,0.0,0,2,2,37,36,0
4,0,0.0,0.0,0.0,40,31,3,0,2,1,1,0,1,0,0.0,0,4,3,55,31,0
33,0,0.0,0.0,0.0,75,35,3,0,9,1,10,23,0,0,0.0,0,4,3,112,82,1
72,0,0.0,0.0,0.0,35,27,9,0,22,1,15,21,0,0,0.0,0,11,4,347,152,0
24,0,0.0,0.0,0.0,34,34,0,0,4,2,5,0,6,0,0.0,0,1,1,59,59,0
49,0,0.0,0.0,0.0,75,28,3,0,14,2,13,25,36,0,0.0,0,6,2,168,109,0
5,0,0.0,0.0,0.0,75,75,1,0,2,3,2,0,1,0,0.0,0,1,1,28,28,0
8,0,0.0,0.0,0.0,75,35,3,0,6,1,4,0,15,0,0.0,0,3,2,56,44,0
33,0,0.0,0.0,0.0,75,35,2,0,9,2,7,10,10,0,0.0,0,3,2,89,75,0
8,0,0.0,0.0,0.0,75,35,2,0,6,1,3,0,15,0,0.0,0,2,2,40,39,0
17,63,-23.0,20.0,48.0,75,1,5,1,4,2,4,10,0,48,0.0,0,5,3,154,75,0
26,0,0.0,0.0,0.0,34,27,2,0,3,1,3,4,3,0,0.0,0,3,2,83,55,0
3,0,0.0,0.0,0.0,15,15,1,0,1,1,1,0,0,0,0.0,0,1,1,29,29,0
6,0,0.0,0.0,0.0,43,34,4,0,4,1,6,0,6,0,0.0,0,4,4,43,40,0
30,0,0.0,0.0,0.0,36,25,3,0,5,2,8,11,0,0,0.0,0,4,3,112,77,0
5,0,0.0,0.0,0.0,45,31,2,0,1,2,2,1,0,0,0.0,0,2,1,32,31,0
7,0,0.0,0.0,0.0,75,35,2,0,5,1,4,0,10,0,0.0,0,3,2,40,38,0
32,0,0.0,0.0,0.0,47,16,5,0,4,4,12,6,1,0,0.0,0,7,4,118,84,0
8,0,0.0,0.0,0.0,48,35,5,0,6,1,5,0,15,0,0.0,0,5,4,338,99,0
43,42,11.33,12.67,5.67,36,10,6,3,10,1,8,15,0,9,0.9464,0,6,4,119,57,0
20,0,0.0,0.0,0.0,75,31,5,0,3,3,6,3,3,0,0.0,0,5,2,102,50,0
49,0,0.0,0.0,0.0,75,35,3,0,18,2,9,18,78,0,0.0,0,6,3,122,99,0
13,0,0.0,0.0,0.0,48,15,3,0,5,2,5,2,1,0,0.0,0,3,1,56,53,0
7,0,0.0,0.0,0.0,32,32,1,0,5,1,6,0,10,0,0.0,0,1,1,52,52,0
10,0,0.0,0.0,0.0,45,33,6,0,8,1,3,0,28,0,0.0,0,6,4,114,103,0
7,0,0.0,0.0,0.0,28,28,1,0,1,2,3,1,0,0,0.0,0,1,1,34,34,0
14,0,0.0,0.0,0.0,75,35,4,0,3,2,6,6,1,0,0.0,0,5,3,72,56,0
12,0,0.0,0.0,0.0,40,34,2,0,3,2,4,1,3,0,0.0,0,3,2,45,43,0
44,0,0.0,0.0,0.0,35,35,2,0,12,2,6,3,6,0,0.0,0,2,1,99,87,0
12,0,0.0,0.0,0.0,27,27,0,0,3,2,2,0,3,0,0.0,0,1,1,45,45,0
10,0,0.0,0.0,0.0,35,35,4,0,2,3,3,0,0,0,0.0,0,4,1,49,34,0
25,0,0.0,0.0,0.0,75,35,2,0,7,2,6,10,10,0,0.0,0,3,2,85,69,0
6,0,0.0,0.0,0.0,48,25,2,0,4,1,3,0,6,0,0.0,0,3,2,78,62,1
3,0,0.0,0.0,0.0,36,36,1,0,1,1,1,0,0,0,0.0,0,2,2,30,26,0
11,6,0.0,3.0,48.0,35,1,5,1,3,1,1,0,0,48,0.0,0,5,3,88,69,0
15,0,0.0,0.0,0.0,35,35,1,0,3,2,4,1,0,0,0.0,0,1,1,53,53,0
9,0,0.0,0.0,0.0,75,35,2,0,7,1,2,0,21,0,0.0,0,2,2,41,40,1
4,0,0.0,0.0,0.0,45,45,1,0,1,2,2,0,0,0,0.0,0,1,1,28,28,0
12,2,0.0,1.0,1.0,75,1,3,1,2,1,10,8,0,1,0.0,0,3,2,69,65,0
12,0,0.0,0.0,0.0,45,31,5,0,10,1,5,0,45,0,0.0,0,6,4,343,228,0
25,0,0.0,0.0,0.0,75,35,2,0,7,2,6,10,10,0,0.0,0,3,2,76,66,0
14,0,0.0,0.0,0.0,75,34,2,0,5,1,3,4,4,0,0.0,0,3,3,54,50,0
9,0,0.0,0.0,0.0,45,35,2,0,1,2,5,5,0,0,0.0,0,2,2,43,41,0
10,0,0.0,0.0,0.0,75,35,2,0,8,1,3,0,28,0,0.0,0,3,2,44,41,0
38,0,0.0,0.0,0.0,75,31,5,0,9,2,9,16,4,0,0.0,0,6,3,115,88,0
115,6,-2.0,0.5,26.0,35,1,12,2,35,1,24,30,30,48,0.9183,0,13,5,666,281,0
10,0,0.0,0.0,0.0,35,34,3,0,2,3,3,0,0,0,0.0,0,3,1,50,40,0
6,0,0.0,0.0,0.0,84,84,1,0,4,1,1,0,6,0,0.0,0,1,1,32,32,0
8,0,0.0,0.0,0.0,75,70,2,0,2,2,1,5,0,0,0.0,0,2,2,35,33,0
41,7,-1.5,1.0,43.5,84,2,7,2,9,1,12,16,6,68,0.8631,0,8,3,177,115,0
15,0,0.0,0.0,0.0,44,44,3,0,3,2,4,1,0,0,0.0,0,3,1,159,53,0
42,0,0.0,0.0,0.0,44,35,6,0,13,2,13,15,55,0,0.0,0,6,3,179,91,0
7,0,0.0,0.0,0.0,54,54,1,0,1,2,5,6,0,0,0.0,0,1,1,37,37,0
17,0,0.0,0.0,0.0,84,44,3,0,4,3,8,2,1,0,0.0,0,4,3,66,55,0
17,26,-2.0,12.0,68.0,84,3,4,1,4,3,9,5,3,68,0.0,0,4,3,107,66,0
7,0,0.0,0.0,0.0,84,44,2,0,5,1,4,0,10,0,0.0,0,3,2,40,38,0
17,0,0.0,0.0,0.0,54,44,3,0,5,3,6,2,1,0,0.0,0,4,2,59,56,0
33,0,0.0,0.0,0.0,84,44,3,0,11,2,11,4,0,0,0.0,0,3,2,100,91,0
9,0,0.0,0.0,0.0,44,43,4,0,6,1,8,0,15,0,0.0,0,4,2,116,60,0
42,0,0.0,0.0,0.0,84,43,3,0,11,1,2,4,23,0,0.0,0,3,2,93,89,0
6,0,0.0,0.0,0.0,84,44,2,0,4,1,2,0,6,0,0.0,0,2,2,35,34,0
17,0,0.0,0.0,0.0,84,37,1,0,4,2,5,7,0,0,0.0,0,2,1,77,64,0
9,0,0.0,0.0,0.0,84,40,4,0,2,4,0,0,1,0,0.0,0,4,3,59,42,0
4,0,0.0,0.0,0.0,54,54,1,0,1,2,2,0,0,0,0.0,0,1,1,28,28,0
8,0,0.0,0.0,0.0,44,44,1,0,2,3,3,0,1,0,0.0,0,1,1,34,34,0
11,0,0.0,0.0,0.0,84,24,4,0,2,2,6,3,1,0,0.0,0,5,4,62,45,0
15,0,0.0,0.0,0.0,54,43,5,0,5,1,9,4,8,0,0.0,0,5,4,73,63,0
9,0,0.0,0.0,0.0,54,41,3,0,1,2,6,3,0,0,0.0,0,3,2,45,42,0
14,0,0.0,0.0,0.0,84,44,3,0,4,2,2,1,6,0,0.0,0,3,3,46,33,0
4,0,0.0,0.0,0.0,84,40,2,0,2,1,0,0,1,0,0.0,0,3,2,44,31,0
9,0,0.0,0.0,0.0,84,44,2,0,2,4,0,0,1,0,0.0,0,2,2,34,32,0
21,0,0.0,0.0,0.0,84,42,5,0,7,2,4,8,1,0,0.0,0,6,4,81,54,0
39,10,-10.0,0.0,28.0,54,1,5,1,10,2,12,8,45,28,0.0,0,5,4,158,131,0
3,0,0.0,0.0,0.0,44,43,4,0,1,1,2,0,0,0,0.0,0,4,3,87,28,0
14,47,47.0,47.0,68.0,3,3,1,1,1,2,2,1,0,68,0.0,0,1,1,47,47,0
9,0,0.0,0.0,0.0,84,44,2,0,2,4,0,0,1,0,0.0,0,2,2,34,32,0
17,0,0.0,0.0,0.0,54,44,2,0,5,2,6,2,1,0,0.0,0,3,2,59,56,0
9,0,0.0,0.0,0.0,38,38,1,0,2,1,2,2,1,0,0.0,0,1,1,44,44,0
7,0,0.0,0.0,0.0,44,27,4,0,5,1,8,0,10,0,0.0,0,5,3,93,51,0
15,0,0.0,0.0,0.0,43,43,1,0,3,2,4,1,0,0,0.0,0,1,1,53,53,0
13,0,0.0,0.0,0.0,84,44,2,0,3,1,5,3,1,0,0.0,0,3,2,201,119,0
4,0,0.0,0.0,0.0,44,44,1,0,2,1,3,0,1,0,0.0,0,1,1,43,43,0
37,0,0.0,0.0,0.0,84,37,12,0,11,3,14,16,55,0,0.0,0,12,4,310,92,1
7,0,0.0,0.0,0.0,84,44,2,0,5,1,4,0,10,0,0.0,0,2,2,39,38,0
17,0,0.0,0.0,0.0,84,44,3,0,4,2,8,2,1,0,0.0,0,4,3,66,55,0
66,9,2.5,3.5,58.5,44,1,7,1,17,1,11,13,0,68,0.7642,0,8,4,184,110,0
27,0,0.0,0.0,0.0,84,9,4,0,5,2,5,12,0,0,0.0,0,4,3,97,71,0
10,0,0.0,0.0,0.0,84,44,4,0,1,4,5,10,0,0,0.0,0,4,3,62,41,0
6,0,0.0,0.0,0.0,57,45,3,0,2,1,4,0,1,0,0.0,0,3,3,39,37,0
37,0,0.0,0.0,0.0,44,27,1,0,10,3,2,5,0,0,0.0,0,3,2,89,76,0
13,0,0.0,0.0,0.0,84,9,5,0,3,2,4,5,1,0,0.0,0,5,3,61,43,0
11,0,0.0,0.0,0.0,57,9,4,0,3,2,4,7,0,0,0.0,0,4,3,66,48,0
40,0,0.0,0.0,0.0,45,39,3,0,11,1,10,10,0,0,0.0,0,3,3,110,59,0
9,0,0.0,0.0,0.0,48,35,5,0,2,2,4,4,1,0,0.0,0,5,2,93,53,0
7,0,0.0,0.0,0.0,84,44,2,0,5,1,2,0,10,0,0.0,0,2,2,37,36,0
1,0,0.0,0.0,0.0,44,44,4,0,0,1,1,0,0,0,0.0,0,4,1,35,26,0
5,0,0.0,0.0,0.0,54,54,1,0,1,2,2,0,0,0,0.0,0,1,1,35,35,0
9,0,0.0,0.0,0.0,42,42,0,0,2,3,0,0,1,0,0.0,0,1,1,37,37,0
14,0,0.0,0.0,0.0,34,34,1,0,3,2,3,6,0,0,0.0,0,1,1,47,47,0
40,0,0.0,0.0,0.0,43,37,6,0,11,1,15,20,0,0,0.0,0,7,4,232,146,0
19,0,0.0,0.0,0.0,84,52,3,0,3,2,4,1,3,0,0.0,0,3,2,111,67,0
9,0,0.0,0.0,0.0,84,44,2,0,2,4,0,0,1,0,0.0,0,2,2,34,32,0
13,0,0.0,0.0,0.0,84,34,4,0,3,2,4,1,1,0,0.0,0,4,3,50,39,0
19,0,0.0,0.0,0.0,66,45,4,0,3,2,4,4,3,0,0.0,0,4,2,147,68,0
10,0,0.0,0.0,0.0,49,37,7,0,7,2,6,0,21,0,0.0,0,7,4,63,39,1
15,0,0.0,0.0,0.0,54,54,1,0,4,1,3,1,0,0,0.0,0,1,1,45,45,0
17,0,0.0,0.0,0.0,57,44,8,0,6,1,6,0,15,0,0.0,0,8,4,129,63,0
9,0,0.0,0.0,0.0,54,41,2,0,2,2,3,3,0,0,0.0,0,2,1,42,41,0
20,0,0.0,0.0,0.0,40,40,1,0,6,2,5,4,15,0,0.0,0,1,1,63,63,0
29,0,0.0,0.0,0.0,48,42,3,0,5,1,5,7,1,0,0.0,0,3,2,81,68,0
9,0,0.0,0.0,0.0,84,9,4,0,2,1,5,3,1,0,0.0,0,4,2,50,31,0
43,0,0.0,0.0,0.0,84,31,12,0,12,2,9,15,55,0,0.0,0,13,5,256,102,1
22,0,0.0,0.0,0.0,44,43,5,0,6,2,5,9,15,0,0.0,0,5,2,113,62,0
14,0,0.0,0.0,0.0,84,43,2,0,3,1,3,2,1,0,0.0,0,2,1,46,40,0
24,0,0.0,0.0,0.0,84,44,2,0,10,2,6,2,26,0,0.0,0,2,2,69,68,0
29,0,0.0,0.0,0.0,40,40,1,0,7,2,9,5,0,0,0.0,0,1,1,69,69,0
7,0,0.0,0.0,0.0,84,44,2,0,5,1,2,0,10,0,0.0,0,2,2,37,36,0
5,58,58.0,58.0,24.0,6,6,1,1,3,1,4,0,3,24,0.0,0,1,1,58,58,0
17,0,0.0,0.0,0.0,84,44,3,0,4,3,8,2,1,0,0.0,0,4,3,66,55,0
25,0,0.0,0.0,0.0,84,44,2,0,7,2,6,10,10,0,0.0,0,3,2,83,69,0
44,0,0.0,0.0,0.0,84,43,5,0,10,1,14,13,0,0,0.0,0,6,3,156,107,0
26,0,0.0,0.0,0.0,84,44,2,0,8,2,7,12,10,0,0.0,0,3,2,84,68,0
21,3,-3.0,0.0,68.0,84,3,3,1,3,1,4,8,1,68,0.0,0,4,3,68,59,0
15,0,0.0,0.0,0.0,42,42,1,0,3,2,4,1,0,0,0.0,0,1,1,52,52,0
25,0,0.0,0.0,0.0,84,44,2,0,7,2,6,10,10,0,0.0,0,3,2,82,68,1
6,0,0.0,0.0,0.0,84,44,2,0,4,1,2,0,6,0,0.0,0,2,2,35,34,0
17,11,-5.0,3.0,19.0,84,2,5,1,6,2,9,6,15,19,0.0,0,7,3,203,88,0
21,6,-6.0,0.0,28.0,84,1,11,1,6,2,7,10,15,28,0.0,0,12,4,220,64,0
20,0,0.0,0.0,0.0,40,40,1,0,5,2,8,4,0,0,0.0,0,1,1,54,54,0
7,0,0.0,0.0,0.0,84,84,1,0,1,4,3,2,0,0,0.0,0,1,1,32,32,0
25,0,0.0,0.0,0.0,84,9,4,0,5,2,4,15,0,0,0.0,0,4,3,83,63,0
15,0,0.0,0.0,0.0,44,44,3,0,3,2,4,1,0,0,0.0,0,3,1,159,53,0
6,0,0.0,0.0,0.0,49,40,5,0,4,1,4,0,6,0,0.0,0,6,4,103,47,0
11,0,0.0,0.0,0.0,9,9,1,0,2,2,4,8,0,0,0.0,0,1,1,42,42,0
6,0,0.0,0.0,0.0,52,44,2,0,4,1,4,0,6,0,0.0,0,2,2,72,69,1
11,0,0.0,0.0,0.0,84,27,6,0,2,3,4,3,1,0,0.0,0,8,4,109,54,0
30,0,0.0,0.0,0.0,37,26,1,0,2,4,11,5,0,0,0.0,0,4,3,103,97,0
29,0,0.0,0.0,0.0,84,38,5,0,8,1,5,6,0,0,0.0,0,6,4,90,66,0
18,0,0.0,0.0,0.0,35,31,2,0,6,1,0,5,1,0,0.0,0,2,1,67,61,0
11,0,0.0,0.0,0.0,42,37,1,0,6,1,1,0,1,0,0.0,0,2,2,73,46,0
10,0,0.0,0.0,0.0,44,41,5,0,8,1,10,0,28,0,0.0,0,6,3,107,68,0
27,0,0.0,0.0,0.0,37,29,2,0,8,2,4,2,1,0,0.0,0,4,2,108,73,0
13,0,0.0,0.0,0.0,84,42,2,0,3,1,3,2,1,0,0.0,0,3,3,45,43,0
18,0,0.0,0.0,0.0,40,40,1,0,5,1,7,5,0,0,0.0,0,1,1,63,63,0
27,0,0.0,0.0,0.0,84,35,9,0,5,2,6,8,10,0,0.0,0,11,5,159,54,0
12,0,0.0,0.0,0.0,84,57,2,0,3,1,4,1,0,0,0.0,0,3,1,57,39,0
1,3,1.0,2.0,11.0,44,4,5,1,0,1,1,0,0,11,0.0,0,5,3,46,28,0
28,0,0.0,0.0,0.0,84,9,6,0,6,2,5,16,0,0,0.0,0,7,3,120,72,0
12,0,0.0,0.0,0.0,84,40,7,0,3,2,4,4,3,0,0.0,0,9,4,89,44,0
26,52,-14.0,6.0,48.0,84,1,10,2,7,3,13,4,17,68,0.9306,0,13,4,268,84,0
7,0,0.0,0.0,0.0,84,44,2,0,5,1,4,0,10,0,0.0,0,2,2,39,38,0
9,0,0.0,0.0,0.0,84,84,1,0,1,4,5,5,0,0,0.0,0,1,1,41,41,1
9,0,0.0,0.0,0.0,43,43,1,0,2,4,0,0,1,0,0.0,0,1,1,35,35,0
12,0,0.0,0.0,0.0,41,39,2,0,3,2,3,0,3,0,0.0,0,3,1,230,138,0
48,0,0.0,0.0,0.0,44,35,7,0,14,2,13,12,21,0,0.0,0,7,3,177,102,0
12,0,0.0,0.0,0.0,84,44,3,0,10,1,3,0,45,0,0.0,0,3,2,60,53,1
46,0,0.0,0.0,0.0,84,37,8,0,10,2,8,11,21,0,0.0,0,8,3,152,68,0
39,0,0.0,0.0,0.0,44,44,5,0,12,4,6,2,62,0,0.0,0,6,2,125,86,0
77,0,0.0,0.0,0.0,84,44,2,0,20,1,9,0,6,0,0.0,0,3,2,153,121,0
7,0,0.0,0.0,0.0,84,44,2,0,5,1,2,0,10,0,0.0,0,2,2,39,36,0
5,0,0.0,0.0,0.0,24,24,2,0,1,2,3,1,0,0,0.0,0,2,1,35,32,0
39,0,0.0,0.0,0.0,44,34,10,0,9,1,13,21,0,0,0.0,0,13,4,435,107,0
35,0,0.0,0.0,0.0,84,44,4,0,8,2,12,17,10,0,0.0,0,5,2,120,94,0
4,0,0.0,0.0,0.0,84,44,2,0,2,1,2,0,1,0,0.0,0,2,2,49,47,0
1,0,0.0,0.0,0.0,44,43,2,0,0,1,1,0,0,0,0.0,0,2,1,32,29,0
16,0,0.0,0.0,0.0,44,36,5,0,3,1,4,0,0,0,0.0,0,6,2,184,56,0
14,54,54.0,54.0,68.0,3,3,1,1,3,2,5,4,1,68,0.0,0,1,1,54,54,0
7,0,0.0,0.0,0.0,49,44,3,0,1,1,4,3,0,0,0.0,0,4,2,57,41,1
15,0,0.0,0.0,0.0,84,44,2,0,4,2,6,7,6,0,0.0,0,3,2,64,52,0
9,0,0.0,0.0,0.0,84,84,1,0,2,2,2,0,1,0,0.0,0,1,1,39,39,0
9,0,0.0,0.0,0.0,84,43,7,0,2,2,4,3,1,0,0.0,0,7,4,85,37,0
17,0,0.0,0.0,0.0,84,39,2,0,4,1,5,2,6,0,0.0,0,3,2,119,71,0
31,6,-4.0,1.0,19.0,84,2,4,1,7,1,8,8,6,19,0.0,0,5,2,161,90,0
12,0,0.0,0.0,0.0,84,84,1,0,4,2,5,7,6,0,0.0,0,1,1,48,48,0
9,0,0.0,0.0,0.0,42,42,1,0,2,3,0,0,1,0,0.0,0,1,1,32,32,0
3,0,0.0,0.0,0.0,84,84,1,0,1,1,1,0,0,0,0.0,0,1,1,27,27,0
1,0,0.0,0.0,0.0,40,29,2,0,0,1,0,0,0,0,0.0,0,3,2,53,25,0
27,20,-18.0,1.0,28.0,43,1,2,1,7,1,10,4,1,28,0.0,0,2,2,104,84,0
6,0,0.0,0.0,0.0,84,84,1,0,1,4,2,0,0,0,0.0,0,1,1,33,33,0
14,0,0.0,0.0,0.0,84,39,2,0,2,1,3,8,1,0,0.0,0,3,2,53,45,0
37,0,0.0,0.0,0.0,84,44,4,0,8,2,12,18,10,0,0.0,0,5,2,138,102,0
16,0,0.0,0.0,0.0,42,42,1,0,4,1,1,1,0,0,0.0,0,1,1,49,49,0
36,0,0.0,0.0,0.0,84,44,2,0,9,2,10,15,15,0,0.0,0,3,2,98,86,0
9,0,0.0,0.0,0.0,84,44,3,0,2,4,0,0,1,0,0.0,0,3,3,36,32,0
9,57,17.5,23.0,47.0,3,0,2,2,2,3,0,0,1,68,0.9944,0,2,2,57,31,0
3,0,0.0,0.0,0.0,35,35,1,0,1,1,2,0,0,0,0.0,0,1,1,36,36,0
11,1,-1.0,0.0,19.0,84,2,3,1,2,4,0,0,0,19,0.0,0,4,2,59,51,0
27,0,0.0,0.0,0.0,84,25,5,0,1,4,9,6,0,0,0.0,0,8,4,94,70,0
35,0,0.0,0.0,0.0,44,44,2,0,12,3,6,2,49,0,0.0,0,2,1,94,82,0
11,8,-8.0,0.0,28.0,44,1,3,1,3,2,5,5,3,28,0.0,0,3,3,70,47,0
8,170,12.67,34.67,18.33,6,0,3,3,2,1,2,0,1,24,1.543,0,3,1,170,66,0
79,0,0.0,0.0,0.0,37,25,2,0,7,2,17,12,0,0,0.0,0,6,3,218,173,1
9,0,0.0,0.0,0.0,84,44,2,0,7,1,3,0,21,0,0.0,0,2,2,42,41,0
25,0,0.0,0.0,0.0,84,34,12,0,3,1,11,7,0,0,0.0,0,13,4,353,108,0
22,13,-5.0,4.0,49.0,84,1,4,0,5,1,8,8,0,49,0.0,0,5,2,114,77,0
7,0,0.0,0.0,0.0,84,44,2,0,5,1,2,0,10,0,0.0,0,2,2,37,36,0
13,0,0.0,0.0,0.0,44,44,1,0,3,2,5,4,3,0,0.0,0,1,1,48,48,0
6,0,0.0,0.0,0.0,84,84,1,0,1,2,1,0,0,0,0.0,0,1,1,30,30,0
6,0,0.0,0.0,0.0,49,44,1,0,1,2,2,1,0,0,0.0,0,2,2,36,34,0
20,0,0.0,0.0,0.0,84,36,3,0,4,1,6,0,1,0,0.0,0,4,2,106,66,0
12,0,0.0,0.0,0.0,84,9,5,0,2,2,4,10,0,0,0.0,0,5,3,118,63,0
15,0,0.0,0.0,0.0,44,44,1,0,3,2,4,1,0,0,0.0,0,1,1,53,53,0
83,0,0.0,0.0,0.0,49,27,5,0,5,3,9,3,6,0,0.0,0,7,4,321,154,1
12,0,0.0,0.0,0.0,84,42,2,0,7,2,5,10,0,0,0.0,0,3,3,90,82,0
36,0,0.0,0.0,0.0,84,33,4,0,7,2,12,12,10,0,0.0,0,5,3,113,93,0
14,6,0.0,3.0,26.0,84,0,3,1,3,4,0,1,1,26,0.0,0,3,2,52,40,0
36,0,0.0,0.0,0.0,43,43,9,0,10,1,9,18,0,0,0.0,0,9,2,160,96,0
5,0,0.0,0.0,0.0,45,39,3,0,3,1,0,0,3,0,0.0,0,3,3,30,24,0
4,10,-10.0,0.0,28.0,44,1,4,1,2,1,6,0,1,28,0.0,0,4,3,79,43,0
23,0,0.0,0.0,0.0,84,42,8,0,6,2,6,8,15,0,0.0,0,8,3,123,66,0
33,0,0.0,0.0,0.0,84,44,3,0,10,2,8,14,21,0,0.0,0,4,2,95,85,1
5,0,0.0,0.0,0.0,44,44,4,0,0,1,1,0,0,0,0.0,0,4,1,49,40,0
38,0,0.0,0.0,0.0,84,44,3,0,12,2,8,16,28,0,0.0,0,4,2,118,100,0
54,0,0.0,0.0,0.0,49,38,4,0,11,2,9,12,0,0,0.0,0,5,4,132,96,1
16,0,0.0,0.0,0.0,84,44,5,0,4,2,7,4,1,0,0.0,0,5,3,75,48,0
13,0,0.0,0.0,0.0,44,27,2,0,4,2,4,0,0,0,0.0,0,3,2,49,42,0
6,0,0.0,0.0,0.0,54,43,3,0,4,1,4,0,6,0,0.0,0,3,3,84,78,0
81,0,0.0,0.0,0.0,44,42,7,0,21,1,18,22,0,0,0.0,0,8,4,304,170,0
32,0,0.0,0.0,0.0,84,44,3,0,14,2,11,9,28,0,0.0,0,4,2,103,86,0
24,0,0.0,0.0,0.0,44,43,6,0,6,1,9,11,0,0,0.0,0,6,2,151,91,0
42,94,94.0,94.0,24.0,6,6,1,1,10,1,9,15,0,24,0.0,0,1,1,94,94,0
6,0,0.0,0.0,0.0,84,44,2,0,4,1,2,0,6,0,0.0,0,2,2,35,34,0
36,0,0.0,0.0,0.0,44,43,5,0,10,2,6,15,21,0,0.0,0,6,3,172,71,0
9,0,0.0,0.0,0.0,37,36,1,0,1,2,5,1,0,0,0.0,0,2,2,41,34,0
3,0,0.0,0.0,0.0,44,44,1,0,1,1,1,0,0,0,0.0,0,1,1,27,27,0
4,33,33.0,33.0,24.0,6,6,1,1,2,1,1,0,1,24,0.0,0,1,1,33,33,0
16,0,0.0,0.0,0.0,36,24,1,0,3,2,2,2,0,0,0.0,0,4,3,73,44,0
21,0,0.0,0.0,0.0,84,73,2,0,4,2,12,4,0,0,0.0,0,3,2,89,75,0
34,0,0.0,0.0,0.0,44,43,5,0,8,2,7,7,0,0,0.0,0,5,2,103,74,0
13,0,0.0,0.0,0.0,18,18,1,0,2,4,3,3,0,0,0.0,0,1,1,37,37,0
15,0,0.0,0.0,0.0,84,44,2,0,4,2,7,7,6,0,0.0,0,3,2,76,56,0
13,0,0.0,0.0,0.0,44,43,2,0,4,2,4,0,0,0,0.0,0,2,1,46,41,0
7,0,0.0,0.0,0.0,84,44,2,0,5,1,3,0,10,0,0.0,0,2,2,40,37,0
38,0,0.0,0.0,0.0,54,44,2,0,19,2,7,6,64,0,0.0,0,3,2,96,89,0
15,0,0.0,0.0,0.0,44,43,2,0,3,2,4,1,0,0,0.0,0,2,1,55,53,0
10,0,0.0,0.0,0.0,84,38,3,0,8,1,7,0,28,0,0.0,0,3,2,52,45,0
17,0,0.0,0.0,0.0,36,36,1,0,5,2,8,4,10,0,0.0,0,1,1,59,59,0
3,0,0.0,0.0,0.0,44,44,1,0,1,1,1,0,0,0,0.0,0,1,1,26,26,0
37,0,0.0,0.0,0.0,84,44,5,0,8,2,12,18,10,0,0.0,0,6,2,138,101,0
36,101,101.0,101.0,11.0,4,4,1,1,11,2,5,7,55,11,0.0,0,1,1,101,101,0
36,0,0.0,0.0,0.0,44,35,7,0,10,2,9,14,36,0,0.0,0,7,2,229,93,0
28,0,0.0,0.0,0.0,41,24,3,0,7,1,1,3,15,0,0.0,0,3,3,115,73,0
9,0,0.0,0.0,0.0,44,40,2,0,2,4,0,0,1,0,0.0,0,2,2,52,43,0
19,0,0.0,0.0,0.0,40,31,2,0,17,1,12,0,136,0,0.0,0,2,1,212,199,0
4,0,0.0,0.0,0.0,57,45,3,0,2,1,3,0,1,0,0.0,0,3,3,90,30,0
11,0,0.0,0.0,0.0,44,44,3,0,2,1,5,3,0,0,0.0,0,3,2,144,48,0
50,0,0.0,0.0,0.0,44,35,4,0,9,1,14,25,4,0,0.0,0,4,3,111,51,0
7,0,0.0,0.0,0.0,84,44,2,0,5,1,2,0,10,0,0.0,0,2,2,37,36,0
4,0,0.0,0.0,0.0,49,40,3,0,2,1,1,0,1,0,0.0,0,4,3,55,31,0
33,0,0.0,0.0,0.0,84,44,3,0,9,1,10,19,0,0,0.0,0,4,3,112,82,1
72,0,0.0,0.0,0.0,44,35,9,0,22,1,15,21,0,0,0.0,0,11,4,347,152,0
24,0,0.0,0.0,0.0,43,43,0,0,4,2,5,0,6,0,0.0,0,1,1,59,59,0
49,0,0.0,0.0,0.0,84,37,3,0,14,2,13,25,36,0,0.0,0,6,2,168,109,0
5,0,0.0,0.0,0.0,84,84,1,0,2,3,2,0,1,0,0.0,0,1,1,28,28,0
8,0,0.0,0.0,0.0,84,44,3,0,6,1,4,0,15,0,0.0,0,3,2,56,44,0
33,0,0.0,0.0,0.0,84,44,2,0,9,2,7,10,10,0,0.0,0,3,2,89,75,0
8,0,0.0,0.0,0.0,84,44,2,0,6,1,3,0,15,0,0.0,0,2,2,40,39,0
17,0,0.0,0.0,0.0,84,9,5,0,4,2,4,10,0,0,0.0,0,5,3,154,75,0
26,0,0.0,0.0,0.0,43,36,2,0,3,1,3,4,3,0,0.0,0,3,2,83,55,0
3,0,0.0,0.0,0.0,24,24,1,0,1,1,1,0,0,0,0.0,0,1,1,29,29,0
6,0,0.0,0.0,0.0,52,42,4,0,4,1,6,0,6,0,0.0,0,4,4,43,40,0
38,67,9.0,15.67,32.0,45,3,6,3,7,2,10,14,0,68,0.9453,0,7,4,179,77,0
5,0,0.0,0.0,0.0,54,40,2,0,1,2,2,1,0,0,0.0,0,2,1,32,31,0
7,0,0.0,0.0,0.0,84,44,2,0,5,1,4,0,10,0,0.0,0,3,2,40,38,0
32,0,0.0,0.0,0.0,56,25,5,0,4,4,12,6,1,0,0.0,0,7,4,118,84,0
8,0,0.0,0.0,0.0,57,44,5,0,6,1,5,0,15,0,0.0,0,5,4,338,99,0
20,0,0.0,0.0,0.0,84,40,5,0,3,3,6,3,3,0,0.0,0,5,2,102,50,0
49,0,0.0,0.0,0.0,84,44,3,0,18,2,9,18,78,0,0.0,0,6,3,122,99,0
13,0,0.0,0.0,0.0,57,24,3,0,5,2,5,2,1,0,0.0,0,3,1,56,53,0
7,0,0.0,0.0,0.0,40,40,1,0,5,1,6,0,10,0,0.0,0,1,1,52,52,0
9,8,-8.0,0.0,28.0,54,1,7,1,7,1,3,0,21,28,0.0,0,7,5,122,103,0
7,0,0.0,0.0,0.0,37,37,1,0,1,2,3,1,0,0,0.0,0,1,1,34,34,0
14,0,0.0,0.0,0.0,84,44,4,0,3,2,6,6,1,0,0.0,0,5,3,72,56,0
12,0,0.0,0.0,0.0,49,43,2,0,3,2,4,1,3,0,0.0,0,3,2,45,43,0
44,0,0.0,0.0,0.0,44,44,2,0,12,2,6,3,6,0,0.0,0,2,1,99,87,0
12,0,0.0,0.0,0.0,36,36,0,0,3,2,2,0,3,0,0.0,0,1,1,45,45,0
10,0,0.0,0.0,0.0,44,44,4,0,2,3,3,0,0,0,0.0,0,4,1,49,34,0
25,0,0.0,0.0,0.0,84,44,2,0,7,2,6,10,10,0,0.0,0,3,2,85,69,0
8,20,6.0,8.0,21.5,57,2,4,2,4,1,3,0,6,24,0.971,0,5,2,98,62,0
3,0,0.0,0.0,0.0,45,45,1,0,1,1,1,0,0,0,0.0,0,2,2,30,26,0
11,0,0.0,0.0,0.0,44,9,5,0,3,1,1,0,0,0,0.0,0,5,3,88,69,0
15,0,0.0,0.0,0.0,44,44,1,0,3,2,4,1,0,0,0.0,0,1,1,53,53,0
9,0,0.0,0.0,0.0,84,44,2,0,7,1,2,0,21,0,0.0,0,2,2,41,40,1
4,0,0.0,0.0,0.0,54,54,1,0,1,2,2,0,0,0,0.0,0,1,1,28,28,0
12,0,0.0,0.0,0.0,84,10,3,0,2,1,10,8,0,0,0.0,0,3,2,69,65,0
12,0,0.0,0.0,0.0,54,40,5,0,10,1,5,0,45,0,0.0,0,6,4,343,228,0
25,0,0.0,0.0,0.0,84,44,2,0,7,2,6,10,10,0,0.0,0,3,2,76,66,0
14,0,0.0,0.0,0.0,84,42,2,0,5,1,3,4,4,0,0.0,0,3,3,54,50,0
9,0,0.0,0.0,0.0,54,44,2,0,1,2,5,5,0,0,0.0,0,2,2,43,41,0
10,0,0.0,0.0,0.0,84,44,2,0,8,1,3,0,28,0,0.0,0,3,2,44,41,0
38,0,0.0,0.0,0.0,84,40,5,0,9,2,9,16,4,0,0.0,0,6,3,115,88,0
115,0,0.0,0.0,0.0,44,9,12,0,35,1,24,30,30,0,0.0,0,13,5,666,281,1
10,0,0.0,0.0,0.0,44,42,3,0,2,3,3,0,0,0,0.0,0,3,1,50,40,0
6,0,0.0,0.0,0.0,96,96,1,0,4,1,1,0,6,0,0.0,0,1,1,32,32,0
8,0,0.0,0.0,0.0,87,82,2,0,2,2,1,5,0,0,0.0,0,2,2,35,33,0
41,0,0.0,0.0,0.0,96,14,7,0,9,1,12,16,6,0,0.0,0,8,3,177,115,0
15,0,0.0,0.0,0.0,56,56,3,0,3,2,4,1,0,0,0.0,0,3,1,159,53,0
42,0,0.0,0.0,0.0,56,48,6,0,13,2,13,15,55,0,0.0,0,6,3,179,91,0
7,0,0.0,0.0,0.0,66,66,1,0,1,2,5,6,0,0,0.0,0,1,1,37,37,0
17,0,0.0,0.0,0.0,96,56,3,0,4,3,8,2,1,0,0.0,0,4,3,66,55,0
17,0,0.0,0.0,0.0,96,15,4,0,4,3,9,5,3,0,0.0,0,4,3,107,66,0
7,0,0.0,0.0,0.0,96,56,2,0,5,1,4,0,10,0,0.0,0,3,2,40,38,0
17,0,0.0,0.0,0.0,66,56,3,0,5,3,6,2,1,0,0.0,0,4,2,59,56,0
33,0,0.0,0.0,0.0,96,56,3,0,11,2,11,4,0,0,0.0,0,3,2,100,91,0
9,0,0.0,0.0,0.0,56,55,4,0,6,1,8,0,15,0,0.0,0,4,2,116,60,0
42,0,0.0,0.0,0.0,96,55,3,0,11,1,2,4,23,0,0.0,0,3,2,93,89,0
6,0,0.0,0.0,0.0,96,56,2,0,4,1,2,0,6,0,0.0,0,2,2,35,34,0
17,0,0.0,0.0,0.0,96,49,1,0,4,2,5,7,0,0,0.0,0,2,1,77,64,0
9,0,0.0,0.0,0.0,96,52,4,0,2,4,0,0,1,0,0.0,0,4,3,59,42,0
4,0,0.0,0.0,0.0,66,66,1,0,1,2,2,0,0,0,0.0,0,1,1,28,28,0
8,0,0.0,0.0,0.0,56,56,1,0,2,3,3,0,1,0,0.0,0,1,1,34,34,0
11,0,0.0,0.0,0.0,96,36,4,0,2,2,6,3,1,0,0.0,0,5,4,62,45,0
15,0,0.0,0.0,0.0,66,55,5,0,5,1,9,4,8,0,0.0,0,5,4,73,63,0
9,0,0.0,0.0,0.0,66,54,3,0,1,2,6,3,0,0,0.0,0,3,2,45,42,0
14,0,0.0,0.0,0.0,96,56,3,0,4,2,2,1,6,0,0.0,0,3,3,46,33,0
4,0,0.0,0.0,0.0,96,52,2,0,2,1,0,0,1,0,0.0,0,3,2,44,31,0
9,0,0.0,0.0,0.0,96,57,2,0,2,4,0,0,1,0,0.0,0,2,2,34,32,0
21,0,0.0,0.0,0.0,96,54,5,0,7,2,4,8,1,0,0.0,0,6,4,81,54,0
39,0,0.0,0.0,0.0,66,13,5,0,10,2,12,8,45,0,0.0,0,5,4,158,131,0
3,0,0.0,0.0,0.0,57,55,4,0,1,1,2,0,0,0,0.0,0,4,3,87,28,0
14,0,0.0,0.0,0.0,15,15,1,0,1,2,2,1,0,0,0.0,0,1,1,47,47,0
9,0,0.0,0.0,0.0,96,57,2,0,2,4,0,0,1,0,0.0,0,2,2,34,32,0
17,0,0.0,0.0,0.0,66,56,2,0,5,2,6,2,1,0,0.0,0,3,2,59,56,0
9,0,0.0,0.0,0.0,51,51,1,0,2,1,2,2,1,0,0.0,0,1,1,44,44,0
7,0,0.0,0.0,0.0,56,40,4,0,5,1,8,0,10,0,0.0,0,5,3,93,51,0
15,0,0.0,0.0,0.0,56,56,1,0,3,2,4,1,0,0,0.0,0,1,1,53,53,0
13,0,0.0,0.0,0.0,96,56,2,0,3,1,5,3,1,0,0.0,0,3,2,201,119,0
4,0,0.0,0.0,0.0,56,56,1,0,2,1,3,0,1,0,0.0,0,1,1,43,43,0
37,0,0.0,0.0,0.0,96,49,12,0,11,3,14,16,55,0,0.0,0,12,4,310,92,0
7,0,0.0,0.0,0.0,96,56,2,0,5,1,4,0,10,0,0.0,0,2,2,39,38,0
17,0,0.0,0.0,0.0,96,56,3,0,4,2,8,2,1,0,0.0,0,4,3,66,55,0
66,0,0.0,0.0,0.0,56,13,7,0,17,1,11,13,0,0,0.0,0,8,4,184,110,0
27,0,0.0,0.0,0.0,96,22,4,0,5,2,5,12,0,0,0.0,0,4,3,97,71,0
10,0,0.0,0.0,0.0,96,56,4,0,1,4,5,10,0,0,0.0,0,4,3,62,41,0
6,0,0.0,0.0,0.0,69,57,3,0,2,1,4,0,1,0,0.0,0,3,3,39,37,0
37,0,0.0,0.0,0.0,56,40,1,0,10,3,2,5,0,0,0.0,0,3,2,89,76,0
13,0,0.0,0.0,0.0,96,22,5,0,3,2,4,5,1,0,0.0,0,5,3,61,43,0
11,0,0.0,0.0,0.0,69,22,4,0,3,2,4,7,0,0,0.0,0,4,3,66,48,0
40,0,0.0,0.0,0.0,57,51,3,0,11,1,10,10,0,0,0.0,0,3,3,110,59,0
9,0,0.0,0.0,0.0,61,48,5,0,2,2,4,4,1,0,0.0,0,5,2,93,53,0
7,0,0.0,0.0,0.0,96,56,2,0,5,1,2,0,10,0,0.0,0,2,2,37,36,0
1,0,0.0,0.0,0.0,56,56,4,0,0,1,1,0,0,0,0.0,0,4,1,35,26,0
5,0,0.0,0.0,0.0,66,66,1,0,1,2,2,0,0,0,0.0,0,1,1,35,35,0
9,0,0.0,0.0,0.0,54,54,0,0,2,3,0,0,1,0,0.0,0,1,1,37,37,0
14,0,0.0,0.0,0.0,46,46,1,0,3,2,3,6,0,0,0.0,0,1,1,47,47,0
40,0,0.0,0.0,0.0,56,49,6,0,11,1,15,20,0,0,0.0,0,7,4,232,146,0
19,0,0.0,0.0,0.0,96,64,3,0,3,2,4,1,3,0,0.0,0,3,2,111,67,0
9,0,0.0,0.0,0.0,96,57,2,0,2,4,0,0,1,0,0.0,0,2,2,34,32,0
13,0,0.0,0.0,0.0,96,46,4,0,3,2,4,1,1,0,0.0,0,4,3,50,39,0
19,0,0.0,0.0,0.0,78,57,4,0,3,2,4,4,3,0,0.0,0,4,2,147,68,0
10,0,0.0,0.0,0.0,61,49,7,0,7,2,6,0,21,0,0.0,0,7,4,63,39,0
15,0,0.0,0.0,0.0,66,66,1,0,4,1,3,1,0,0,0.0,0,1,1,45,45,0
17,0,0.0,0.0,0.0,69,56,8,0,6,1,6,0,15,0,0.0,0,8,4,129,63,0
9,0,0.0,0.0,0.0,66,53,2,0,2,2,3,3,0,0,0.0,0,2,1,42,41,0
20,0,0.0,0.0,0.0,53,53,1,0,6,2,5,4,15,0,0.0,0,1,1,63,63,0
29,0,0.0,0.0,0.0,60,54,3,0,5,1,5,7,1,0,0.0,0,3,2,81,68,0
9,0,0.0,0.0,0.0,96,22,4,0,2,1,5,3,1,0,0.0,0,4,2,50,31,0
43,0,0.0,0.0,0.0,96,44,12,0,12,2,9,15,55,0,0.0,0,13,5,256,102,0
22,0,0.0,0.0,0.0,56,55,5,0,6,2,5,9,15,0,0.0,0,5,2,113,62,0
14,0,0.0,0.0,0.0,96,55,2,0,3,1,3,2,1,0,0.0,0,2,1,46,40,0
24,0,0.0,0.0,0.0,96,56,2,0,10,2,6,2,26,0,0.0,0,2,2,69,68,0
29,0,0.0,0.0,0.0,52,52,1,0,7,2,9,5,0,0,0.0,0,1,1,69,69,0
7,0,0.0,0.0,0.0,96,56,2,0,5,1,2,0,10,0,0.0,0,2,2,37,36,0
5,0,0.0,0.0,0.0,18,18,1,0,3,1,4,0,3,0,0.0,0,1,1,58,58,0
17,0,0.0,0.0,0.0,96,56,3,0,4,3,8,2,1,0,0.0,0,4,3,66,55,0
25,0,0.0,0.0,0.0,96,56,2,0,7,2,6,10,10,0,0.0,0,3,2,83,69,0
44,0,0.0,0.0,0.0,96,55,5,0,10,1,14,13,0,0,0.0,0,6,3,156,107,0
26,0,0.0,0.0,0.0,96,56,2,0,8,2,7,12,10,0,0.0,0,3,2,84,68,0
21,0,0.0,0.0,0.0,96,15,3,0,3,1,4,8,1,0,0.0,0,4,3,68,59,0
15,0,0.0,0.0,0.0,54,54,1,0,3,2,4,1,0,0,0.0,0,1,1,52,52,0
25,0,0.0,0.0,0.0,96,56,2,0,7,2,6,10,10,0,0.0,0,3,2,82,68,1
6,0,0.0,0.0,0.0,96,56,2,0,4,1,2,0,6,0,0.0,0,2,2,35,34,0
17,0,0.0,0.0,0.0,96,14,5,0,6,2,9,6,15,0,0.0,0,7,3,203,88,0
21,0,0.0,0.0,0.0,96,13,11,0,6,2,7,10,15,0,0.0,0,12,4,220,64,0
20,0,0.0,0.0,0.0,52,52,1,0,5,2,8,4,0,0,0.0,0,1,1,54,54,0
7,0,0.0,0.0,0.0,96,96,1,0,1,4,3,2,0,0,0.0,0,1,1,32,32,0
25,0,0.0,0.0,0.0,96,22,4,0,5,2,4,15,0,0,0.0,0,4,3,83,63,0
15,0,0.0,0.0,0.0,56,56,3,0,3,2,4,1,0,0,0.0,0,3,1,159,53,0
6,0,0.0,0.0,0.0,61,52,5,0,4,1,4,0,6,0,0.0,0,6,4,103,47,0
11,0,0.0,0.0,0.0,22,22,1,0,2,2,4,8,0,0,0.0,0,1,1,42,42,0
6,0,0.0,0.0,0.0,64,56,2,0,4,1,4,0,6,0,0.0,0,2,2,72,69,0
11,0,0.0,0.0,0.0,96,39,6,0,2,3,4,3,1,0,0.0,0,8,4,109,54,0
30,0,0.0,0.0,0.0,49,38,1,0,2,4,11,5,0,0,0.0,0,4,3,103,97,0
29,0,0.0,0.0,0.0,96,50,5,0,8,1,5,6,0,0,0.0,0,6,4,90,66,0
18,0,0.0,0.0,0.0,47,43,2,0,6,1,0,5,1,0,0.0,0,2,1,67,61,0
11,0,0.0,0.0,0.0,55,49,1,0,6,1,1,0,1,0,0.0,0,2,2,73,46,0
10,0,0.0,0.0,0.0,56,54,5,0,8,1,10,0,28,0,0.0,0,6,3,107,68,0
27,0,0.0,0.0,0.0,49,42,2,0,8,2,4,2,1,0,0.0,0,4,2,108,73,0
13,0,0.0,0.0,0.0,96,55,2,0,3,1,3,2,1,0,0.0,0,3,3,45,43,0
18,0,0.0,0.0,0.0,53,53,1,0,5,1,7,5,0,0,0.0,0,1,1,63,63,0
27,0,0.0,0.0,0.0,96,48,9,0,5,2,6,8,10,0,0.0,0,11,5,159,54,0
12,0,0.0,0.0,0.0,96,69,2,0,3,1,4,1,0,0,0.0,0,3,1,57,39,0
1,0,0.0,0.0,0.0,56,16,5,0,0,1,1,0,0,0,0.0,0,5,3,46,28,0
28,0,0.0,0.0,0.0,96,22,6,0,6,2,5,16,0,0,0.0,0,7,3,120,72,0
12,0,0.0,0.0,0.0,96,52,7,0,3,2,4,4,3,0,0.0,0,9,4,89,44,0
26,0,0.0,0.0,0.0,96,13,10,0,7,3,13,4,17,0,0.0,0,13,4,268,84,0
7,0,0.0,0.0,0.0,96,56,2,0,5,1,4,0,10,0,0.0,0,2,2,39,38,0
9,3,1.0,2.0,2.0,96,6,2,1,1,4,5,5,0,2,0.0,0,2,1,44,41,0
9,0,0.0,0.0,0.0,55,55,1,0,2,4,0,0,1,0,0.0,0,1,1,35,35,0
12,0,0.0,0.0,0.0,54,51,2,0,3,2,3,0,3,0,0.0,0,3,1,230,138,0
48,0,0.0,0.0,0.0,56,48,7,0,14,2,13,12,21,0,0.0,0,7,3,177,102,0
12,0,0.0,0.0,0.0,96,56,3,0,10,1,3,0,45,0,0.0,0,3,2,60,53,0
46,0,0.0,0.0,0.0,96,49,8,0,10,2,8,11,21,0,0.0,0,8,3,152,68,0
39,0,0.0,0.0,0.0,56,56,5,0,12,4,6,2,62,0,0.0,0,6,2,125,86,0
77,0,0.0,0.0,0.0,96,56,2,0,20,1,9,0,6,0,0.0,0,3,2,153,121,0
7,0,0.0,0.0,0.0,96,56,2,0,5,1,2,0,10,0,0.0,0,2,2,39,36,0
5,0,0.0,0.0,0.0,36,36,2,0,1,2,3,1,0,0,0.0,0,2,1,35,32,0
39,0,0.0,0.0,0.0,57,46,10,0,9,1,13,21,0,0,0.0,0,13,4,435,107,0
35,0,0.0,0.0,0.0,96,56,4,0,8,2,12,17,10,0,0.0,0,5,2,120,94,0
4,0,0.0,0.0,0.0,96,56,2,0,2,1,2,0,1,0,0.0,0,2,2,49,47,0
1,0,0.0,0.0,0.0,56,56,2,0,0,1,1,0,0,0,0.0,0,2,1,32,29,0
16,0,0.0,0.0,0.0,56,48,5,0,3,1,4,0,0,0,0.0,0,6,2,184,56,0
14,0,0.0,0.0,0.0,15,15,1,0,3,2,5,4,1,0,0.0,0,1,1,54,54,0
7,0,0.0,0.0,0.0,61,56,3,0,1,1,4,3,0,0,0.0,0,4,2,57,41,0
15,0,0.0,0.0,0.0,96,56,2,0,4,2,6,7,6,0,0.0,0,3,2,64,52,0
9,0,0.0,0.0,0.0,96,96,1,0,2,2,2,0,1,0,0.0,0,1,1,39,39,0
9,0,0.0,0.0,0.0,96,55,7,0,2,2,4,3,1,0,0.0,0,7,4,85,37,0
17,0,0.0,0.0,0.0,96,52,2,0,4,1,5,2,6,0,0.0,0,3,2,119,71,0
31,0,0.0,0.0,0.0,96,14,4,0,7,1,8,8,6,0,0.0,0,5,2,161,90,0
12,0,0.0,0.0,0.0,96,96,1,0,4,2,5,7,6,0,0.0,0,1,1,48,48,0
9,0,0.0,0.0,0.0,55,55,1,0,2,3,0,0,1,0,0.0,0,1,1,32,32,0
3,0,0.0,0.0,0.0,96,96,1,0,1,1,1,0,0,0,0.0,0,1,1,27,27,0
1,0,0.0,0.0,0.0,52,42,2,0,0,1,0,0,0,0,0.0,0,3,2,53,25,0
27,0,0.0,0.0,0.0,55,13,2,0,7,1,10,4,1,0,0.0,0,2,2,104,84,0
6,0,0.0,0.0,0.0,96,96,1,0,1,4,2,0,0,0,0.0,0,1,1,33,33,0
14,0,0.0,0.0,0.0,96,52,2,0,2,1,3,8,1,0,0.0,0,3,2,53,45,0
37,0,0.0,0.0,0.0,96,56,4,0,8,2,12,18,10,0,0.0,0,5,2,138,102,0
16,0,0.0,0.0,0.0,55,55,1,0,4,1,1,1,0,0,0.0,0,1,1,49,49,0
36,0,0.0,0.0,0.0,96,56,2,0,9,2,10,15,15,0,0.0,0,3,2,98,86,0
9,0,0.0,0.0,0.0,96,57,3,0,2,4,0,0,1,0,0.0,0,3,3,36,32,0
9,2,0.0,1.0,39.0,15,6,3,1,2,3,0,0,1,39,0.0,0,3,2,59,31,0
3,0,0.0,0.0,0.0,48,48,1,0,1,1,2,0,0,0,0.0,0,1,1,36,36,0
11,0,0.0,0.0,0.0,96,14,3,0,2,4,0,0,0,0,0.0,0,4,2,59,51,0
27,0,0.0,0.0,0.0,96,37,5,0,1,4,9,6,0,0,0.0,0,8,4,94,70,0
35,0,0.0,0.0,0.0,56,56,2,0,12,3,6,2,49,0,0.0,0,2,1,94,82,0
11,0,0.0,0.0,0.0,56,13,3,0,3,2,5,5,3,0,0.0,0,3,3,70,47,0
8,0,0.0,0.0,0.0,18,12,3,0,2,1,2,0,1,0,0.0,0,3,1,170,66,0
9,0,0.0,0.0,0.0,96,56,2,0,7,1,3,0,21,0,0.0,0,2,2,42,41,0
25,0,0.0,0.0,0.0,96,46,12,0,3,1,11,7,0,0,0.0,0,13,4,353,108,0
22,0,0.0,0.0,0.0,96,13,4,0,5,1,8,8,0,0,0.0,0,5,2,114,77,0
7,0,0.0,0.0,0.0,96,56,2,0,5,1,2,0,10,0,0.0,0,2,2,37,36,0
13,0,0.0,0.0,0.0,56,56,1,0,3,2,5,4,3,0,0.0,0,1,1,48,48,0
6,0,0.0,0.0,0.0,96,96,1,0,1,2,1,0,0,0,0.0,0,1,1,30,30,0
6,0,0.0,0.0,0.0,61,56,1,0,1,2,2,1,0,0,0.0,0,2,2,36,34,0
20,0,0.0,0.0,0.0,96,48,3,0,4,1,6,0,1,0,0.0,0,4,2,106,66,0
12,0,0.0,0.0,0.0,96,22,5,0,2,2,4,10,0,0,0.0,0,5,3,118,63,0
15,0,0.0,0.0,0.0,56,56,1,0,3,2,4,1,0,0,0.0,0,1,1,53,53,0
83,22,0.0,5.5,25.5,61,5,7,2,5,3,9,3,6,26,1.0,0,9,4,343,154,0
12,0,0.0,0.0,0.0,96,55,2,0,7,2,5,10,0,0,0.0,0,3,3,90,82,0
36,0,0.0,0.0,0.0,96,46,4,0,7,2,12,12,10,0,0.0,0,5,3,113,93,0
14,0,0.0,0.0,0.0,96,13,3,0,3,4,0,1,1,0,0.0,0,3,2,52,40,0
36,0,0.0,0.0,0.0,56,55,9,0,10,1,9,18,0,0,0.0,0,9,2,160,96,0
5,0,0.0,0.0,0.0,57,51,3,0,3,1,0,0,3,0,0.0,0,3,3,30,24,0
4,0,0.0,0.0,0.0,56,13,4,0,2,1,6,0,1,0,0.0,0,4,3,79,43,0
23,0,0.0,0.0,0.0,96,54,8,0,6,2,6,8,15,0,0.0,0,8,3,123,66,0
33,0,0.0,0.0,0.0,96,56,3,0,10,2,8,14,21,0,0.0,0,4,2,95,85,0
5,0,0.0,0.0,0.0,56,56,4,0,0,1,1,0,0,0,0.0,0,4,1,49,40,0
38,0,0.0,0.0,0.0,96,56,3,0,12,2,8,16,28,0,0.0,0,4,2,118,100,0
54,0,0.0,0.0,0.0,61,50,4,0,11,2,9,12,0,0,0.0,0,5,4,132,96,0
16,0,0.0,0.0,0.0,96,56,5,0,4,2,7,4,1,0,0.0,0,5,3,75,48,0
13,0,0.0,0.0,0.0,56,40,2,0,4,2,4,0,0,0,0.0,0,3,2,49,42,0
6,0,0.0,0.0,0.0,66,55,3,0,4,1,4,0,6,0,0.0,0,3,3,84,78,0
81,0,0.0,0.0,0.0,56,54,7,0,21,1,18,22,0,0,0.0,0,8,4,304,170,0
32,0,0.0,0.0,0.0,96,56,3,0,14,2,11,9,28,0,0.0,0,4,2,103,86,0
24,0,0.0,0.0,0.0,56,55,6,0,6,1,9,11,0,0,0.0,0,6,2,151,91,0
42,0,0.0,0.0,0.0,18,18,1,0,10,1,9,15,0,0,0.0,0,1,1,94,94,0
6,0,0.0,0.0,0.0,96,56,2,0,4,1,2,0,6,0,0.0,0,2,2,35,34,0
36,0,0.0,0.0,0.0,56,55,5,0,10,2,6,15,21,0,0.0,0,6,3,172,71,0
9,0,0.0,0.0,0.0,49,48,1,0,1,2,5,1,0,0,0.0,0,2,2,41,34,0
3,0,0.0,0.0,0.0,56,56,1,0,1,1,1,0,0,0,0.0,0,1,1,27,27,0
4,0,0.0,0.0,0.0,18,18,1,0,2,1,1,0,1,0,0.0,0,1,1,33,33,0
16,0,0.0,0.0,0.0,48,36,1,0,3,2,2,2,0,0,0.0,0,4,3,73,44,0
21,0,0.0,0.0,0.0,96,85,2,0,4,2,12,4,0,0,0.0,0,3,2,89,75,1
34,0,0.0,0.0,0.0,56,55,5,0,8,2,7,7,0,0,0.0,0,5,2,103,74,0
13,0,0.0,0.0,0.0,31,31,1,0,2,4,3,3,0,0,0.0,0,1,1,37,37,0
15,0,0.0,0.0,0.0,96,56,2,0,4,2,7,7,6,0,0.0,0,3,2,76,56,0
13,0,0.0,0.0,0.0,56,55,2,0,4,2,4,0,0,0,0.0,0,2,1,46,41,0
7,0,0.0,0.0,0.0,96,56,2,0,5,1,3,0,10,0,0.0,0,2,2,40,37,0
38,0,0.0,0.0,0.0,66,56,2,0,19,2,7,6,64,0,0.0,0,3,2,96,89,0
15,0,0.0,0.0,0.0,56,56,2,0,3,2,4,1,0,0,0.0,0,2,1,55,53,0
10,0,0.0,0.0,0.0,96,50,3,0,8,1,7,0,28,0,0.0,0,3,2,52,45,0
17,0,0.0,0.0,0.0,49,49,1,0,5,2,8,4,10,0,0.0,0,1,1,59,59,0
3,0,0.0,0.0,0.0,56,56,1,0,1,1,1,0,0,0,0.0,0,1,1,26,26,0
37,0,0.0,0.0,0.0,96,56,5,0,8,2,12,18,10,0,0.0,0,6,2,138,101,0
36,0,0.0,0.0,0.0,16,16,1,0,11,2,5,7,55,0,0.0,0,1,1,101,101,0
36,0,0.0,0.0,0.0,56,48,7,0,10,2,9,14,36,0,0.0,0,7,2,229,93,0
28,0,0.0,0.0,0.0,53,36,3,0,7,1,1,3,15,0,0.0,0,3,3,115,73,0
9,0,0.0,0.0,0.0,56,52,2,0,2,4,0,0,1,0,0.0,0,2,2,52,43,0
19,0,0.0,0.0,0.0,52,44,2,0,17,1,12,0,136,0,0.0,0,2,1,212,199,0
4,0,0.0,0.0,0.0,69,57,3,0,2,1,3,0,1,0,0.0,0,3,3,90,30,0
11,0,0.0,0.0,0.0,57,56,3,0,2,1,5,3,0,0,0.0,0,3,2,144,48,0
50,0,0.0,0.0,0.0,56,48,4,0,9,1,14,25,4,0,0.0,0,4,3,111,51,0
7,0,0.0,0.0,0.0,96,56,2,0,5,1,2,0,10,0,0.0,0,2,2,37,36,0
4,0,0.0,0.0,0.0,61,52,3,0,2,1,1,0,1,0,0.0,0,4,3,55,31,0
33,0,0.0,0.0,0.0,96,56,3,0,9,1,10,19,0,0,0.0,0,4,3,112,82,0
72,0,0.0,0.0,0.0,56,48,9,0,22,1,15,21,0,0,0.0,0,11,4,347,152,0
24,0,0.0,0.0,0.0,55,55,0,0,4,2,5,0,6,0,0.0,0,1,1,59,59,0
49,0,0.0,0.0,0.0,96,49,3,0,14,2,13,25,36,0,0.0,0,6,2,168,109,0
5,0,0.0,0.0,0.0,96,96,1,0,2,3,2,0,1,0,0.0,0,1,1,28,28,0
10,6,6.0,6.0,39.0,96,6,4,1,8,1,6,0,28,39,0.0,0,4,2,62,44,0
33,0,0.0,0.0,0.0,96,56,2,0,9,2,7,10,10,0,0.0,0,3,2,89,75,0
8,0,0.0,0.0,0.0,96,56,2,0,6,1,3,0,15,0,0.0,0,2,2,40,39,0
17,0,0.0,0.0,0.0,96,22,5,0,4,2,4,10,0,0,0.0,0,5,3,154,75,0
26,0,0.0,0.0,0.0,55,48,2,0,3,1,3,4,3,0,0.0,0,3,2,83,55,0
3,0,0.0,0.0,0.0,36,36,1,0,1,1,1,0,0,0,0.0,0,1,1,29,29,0
6,0,0.0,0.0,0.0,64,55,4,0,4,1,6,0,6,0,0.0,0,4,4,43,40,0
38,0,0.0,0.0,0.0,57,15,6,0,7,2,10,14,0,0,0.0,0,7,4,179,77,0
5,0,0.0,0.0,0.0,66,52,2,0,1,2,2,1,0,0,0.0,0,2,1,32,31,0
7,0,0.0,0.0,0.0,96,56,2,0,5,1,4,0,10,0,0.0,0,3,2,40,38,0
32,0,0.0,0.0,0.0,68,37,5,0,4,4,12,6,1,0,0.0,0,7,4,118,84,0
8,0,0.0,0.0,0.0,69,56,5,0,6,1,5,0,15,0,0.0,0,5,4,338,99,0
20,0,0.0,0.0,0.0,96,52,5,0,3,3,6,3,3,0,0.0,0,5,2,102,50,0
49,0,0.0,0.0,0.0,96,56,3,0,18,2,9,18,78,0,0.0,0,6,3,122,99,0
13,0,0.0,0.0,0.0,69,36,3,0,5,2,5,2,1,0,0.0,0,3,1,56,53,0
7,0,0.0,0.0,0.0,53,53,1,0,5,1,6,0,10,0,0.0,0,1,1,52,52,0
9,0,0.0,0.0,0.0,66,13,7,0,7,1,3,0,21,0,0.0,0,7,5,122,103,0
7,0,0.0,0.0,0.0,49,49,1,0,1,2,3,1,0,0,0.0,0,1,1,34,34,0
14,0,0.0,0.0,0.0,96,56,4,0,3,2,6,6,1,0,0.0,0,5,3,72,56,0
12,0,0.0,0.0,0.0,61,55,2,0,3,2,4,1,3,0,0.0,0,3,2,45,43,0
44,0,0.0,0.0,0.0,56,56,2,0,12,2,6,3,6,0,0.0,0,2,1,99,87,0
12,0,0.0,0.0,0.0,48,48,0,0,3,2,2,0,3,0,0.0,0,1,1,45,45,0
10,0,0.0,0.0,0.0,56,56,4,0,2,3,3,0,0,0,0.0,0,4,1,49,34,0
25,0,0.0,0.0,0.0,96,56,2,0,7,2,6,10,10,0,0.0,0,3,2,85,69,0
8,0,0.0,0.0,0.0,69,14,4,0,4,1,3,0,6,0,0.0,0,5,2,98,62,0
3,0,0.0,0.0,0.0,57,57,1,0,1,1,1,0,0,0,0.0,0,2,2,30,26,0
11,0,0.0,0.0,0.0,56,22,5,0,3,1,1,0,0,0,0.0,0,5,3,88,69,0
15,0,0.0,0.0,0.0,56,56,1,0,3,2,4,1,0,0,0.0,0,1,1,53,53,0
9,0,0.0,0.0,0.0,96,56,2,0,7,1,2,0,21,0,0.0,0,2,2,41,40,0
4,0,0.0,0.0,0.0,66,66,1,0,1,2,2,0,0,0,0.0,0,1,1,28,28,0
12,0,0.0,0.0,0.0,96,22,3,0,2,1,10,8,0,0,0.0,0,3,2,69,65,0
12,0,0.0,0.0,0.0,66,52,5,0,10,1,5,0,45,0,0.0,0,6,4,343,228,0
25,0,0.0,0.0,0.0,96,56,2,0,7,2,6,10,10,0,0.0,0,3,2,76,66,0
14,0,0.0,0.0,0.0,96,55,2,0,5,1,3,4,4,0,0.0,0,3,3,54,50,0
9,0,0.0,0.0,0.0,66,56,2,0,1,2,5,5,0,0,0.0,0,2,2,43,41,0
10,0,0.0,0.0,0.0,96,56,2,0,8,1,3,0,28,0,0.0,0,3,2,44,41,0
38,0,0.0,0.0,0.0,96,52,5,0,9,2,9,16,4,0,0.0,0,6,3,115,88,0
10,0,0.0,0.0,0.0,56,55,3,0,2,3,3,0,0,0,0.0,0,3,1,50,40,0
6,0,0.0,0.0,0.0,103,103,1,0,4,1,1,0,6,0,0.0,0,1,1,32,32,0
8,0,0.0,0.0,0.0,94,89,2,0,2,2,1,5,0,0,0.0,0,2,2,35,33,0
41,2,0.0,1.0,16.0,103,0,7,0,9,1,12,16,6,16,0.0,0,9,3,179,115,0
15,0,0.0,0.0,0.0,63,63,3,0,3,2,4,1,0,0,0.0,0,3,1,159,53,0
42,0,0.0,0.0,0.0,63,55,6,0,13,2,13,15,55,0,0.0,0,6,3,179,91,0
7,0,0.0,0.0,0.0,73,73,1,0,1,2,5,6,0,0,0.0,0,1,1,37,37,0
17,0,0.0,0.0,0.0,103,63,3,0,4,3,8,2,1,0,0.0,0,4,3,66,55,0
17,0,0.0,0.0,0.0,103,22,4,0,4,3,9,5,3,0,0.0,0,4,3,107,66,0
7,0,0.0,0.0,0.0,103,63,2,0,5,1,4,0,10,0,0.0,0,3,2,40,38,0
17,0,0.0,0.0,0.0,73,63,3,0,5,3,6,2,1,0,0.0,0,4,2,59,56,0
33,0,0.0,0.0,0.0,103,63,3,0,11,2,11,4,0,0,0.0,0,3,2,100,91,0
9,0,0.0,0.0,0.0,63,62,4,0,6,1,8,0,15,0,0.0,0,4,2,116,60,0
42,0,0.0,0.0,0.0,103,62,3,0,11,1,2,4,23,0,0.0,0,3,2,93,89,0
6,0,0.0,0.0,0.0,103,63,2,0,4,1,2,0,6,0,0.0,0,2,2,35,34,0
17,0,0.0,0.0,0.0,103,56,1,0,4,2,5,7,0,0,0.0,0,2,1,77,64,0
9,0,0.0,0.0,0.0,103,59,4,0,2,4,0,0,1,0,0.0,0,4,3,59,42,0
4,0,0.0,0.0,0.0,73,73,1,0,1,2,2,0,0,0,0.0,0,1,1,28,28,0
8,0,0.0,0.0,0.0,63,63,1,0,2,3,3,0,1,0,0.0,0,1,1,34,34,0
11,0,0.0,0.0,0.0,103,43,4,0,2,2,6,3,1,0,0.0,0,5,4,62,45,0
15,0,0.0,0.0,0.0,73,62,5,0,5,1,9,4,8,0,0.0,0,5,4,73,63,0
9,0,0.0,0.0,0.0,73,61,3,0,1,2,6,3,0,0,0.0,0,3,2,45,42,0
14,0,0.0,0.0,0.0,103,63,3,0,4,2,2,1,6,0,0.0,0,3,3,46,33,0
4,0,0.0,0.0,0.0,103,59,2,0,2,1,0,0,1,0,0.0,0,3,2,44,31,0
9,0,0.0,0.0,0.0,103,64,2,0,2,4,0,0,1,0,0.0,0,2,2,34,32,0
21,0,0.0,0.0,0.0,103,61,5,0,7,2,4,8,1,0,0.0,0,6,4,81,54,0
39,0,0.0,0.0,0.0,73,20,5,0,10,2,12,8,45,0,0.0,0,5,4,158,131,0
3,0,0.0,0.0,0.0,64,62,4,0,1,1,2,0,0,0,0.0,0,4,3,87,28,0
14,0,0.0,0.0,0.0,22,22,1,0,1,2,2,1,0,0,0.0,0,1,1,47,47,0
9,0,0.0,0.0,0.0,103,64,2,0,2,4,0,0,1,0,0.0,0,2,2,34,32,0
17,0,0.0,0.0,0.0,73,63,2,0,5,2,6,2,1,0,0.0,0,3,2,59,56,0
9,0,0.0,0.0,0.0,58,58,1,0,2,1,2,2,1,0,0.0,0,1,1,44,44,0
7,0,0.0,0.0,0.0,63,47,4,0,5,1,8,0,10,0,0.0,0,5,3,93,51,0
15,0,0.0,0.0,0.0,63,63,1,0,3,2,4,1,0,0,0.0,0,1,1,53,53,0
13,0,0.0,0.0,0.0,103,63,2,0,3,1,5,3,1,0,0.0,0,3,2,201,119,0
4,0,0.0,0.0,0.0,63,63,1,0,2,1,3,0,1,0,0.0,0,1,1,43,43,0
37,0,0.0,0.0,0.0,103,56,12,0,11,3,14,16,55,0,0.0,0,12,4,310,92,0
7,0,0.0,0.0,0.0,103,63,2,0,5,1,4,0,10,0,0.0,0,2,2,39,38,0
17,0,0.0,0.0,0.0,103,63,3,0,4,2,8,2,1,0,0.0,0,4,3,66,55,0
66,0,0.0,0.0,0.0,63,20,7,0,17,1,11,13,0,0,0.0,0,8,4,184,110,0
27,0,0.0,0.0,0.0,103,29,4,0,5,2,5,12,0,0,0.0,0,4,3,97,71,0
10,0,0.0,0.0,0.0,103,63,4,0,1,4,5,10,0,0,0.0,0,4,3,62,41,0
6,0,0.0,0.0,0.0,76,64,3,0,2,1,4,0,1,0,0.0,0,3,3,39,37,0
37,0,0.0,0.0,0.0,63,47,1,0,10,3,2,5,0,0,0.0,0,3,2,89,76,0
13,0,0.0,0.0,0.0,103,29,5,0,3,2,4,5,1,0,0.0,0,5,3,61,43,0
11,0,0.0,0.0,0.0,76,29,4,0,3,2,4,7,0,0,0.0,0,4,3,66,48,0
40,0,0.0,0.0,0.0,64,58,3,0,11,1,10,10,0,0,0.0,0,3,3,110,59,0
9,0,0.0,0.0,0.0,68,55,5,0,2,2,4,4,1,0,0.0,0,5,2,93,53,0
7,0,0.0,0.0,0.0,103,63,2,0,5,1,2,0,10,0,0.0,0,2,2,37,36,0
1,0,0.0,0.0,0.0,63,63,4,0,0,1,1,0,0,0,0.0,0,4,1,35,26,0
5,0,0.0,0.0,0.0,73,73,1,0,1,2,2,0,0,0,0.0,0,1,1,35,35,0
9,0,0.0,0.0,0.0,61,61,0,0,2,3,0,0,1,0,0.0,0,1,1,37,37,0
14,0,0.0,0.0,0.0,53,53,1,0,3,2,3,6,0,0,0.0,0,1,1,47,47,0
40,0,0.0,0.0,0.0,63,56,6,0,11,1,15,20,0,0,0.0,0,7,4,232,146,0
19,0,0.0,0.0,0.0,103,71,3,0,3,2,4,1,3,0,0.0,0,3,2,111,67,0
9,0,0.0,0.0,0.0,103,64,2,0,2,4,0,0,1,0,0.0,0,2,2,34,32,0
13,0,0.0,0.0,0.0,103,53,4,0,3,2,4,1,1,0,0.0,0,4,3,50,39,0
19,0,0.0,0.0,0.0,85,64,4,0,3,2,4,4,3,0,0.0,0,4,2,147,68,0
10,0,0.0,0.0,0.0,68,56,7,0,7,2,6,0,21,0,0.0,0,7,4,63,39,0
15,0,0.0,0.0,0.0,73,73,1,0,4,1,3,1,0,0,0.0,0,1,1,45,45,0
17,0,0.0,0.0,0.0,76,63,8,0,6,1,6,0,15,0,0.0,0,8,4,129,63,0
9,0,0.0,0.0,0.0,73,60,2,0,2,2,3,3,0,0,0.0,0,2,1,42,41,0
20,0,0.0,0.0,0.0,60,60,1,0,6,2,5,4,15,0,0.0,0,1,1,63,63,0
29,0,0.0,0.0,0.0,67,61,3,0,5,1,5,7,1,0,0.0,0,3,2,81,68,0
9,0,0.0,0.0,0.0,103,29,4,0,2,1,5,3,1,0,0.0,0,4,2,50,31,0
43,0,0.0,0.0,0.0,103,51,12,0,12,2,9,15,55,0,0.0,0,13,5,256,102,0
22,0,0.0,0.0,0.0,63,62,5,0,6,2,5,9,15,0,0.0,0,5,2,113,62,0
14,0,0.0,0.0,0.0,103,62,2,0,3,1,3,2,1,0,0.0,0,2,1,46,40,0
24,0,0.0,0.0,0.0,103,63,2,0,10,2,6,2,26,0,0.0,0,2,2,69,68,0
29,0,0.0,0.0,0.0,59,59,1,0,7,2,9,5,0,0,0.0,0,1,1,69,69,0
7,0,0.0,0.0,0.0,103,63,2,0,5,1,2,0,10,0,0.0,0,2,2,37,36,0
5,0,0.0,0.0,0.0,25,25,1,0,3,1,4,0,3,0,0.0,0,1,1,58,58,0
17,0,0.0,0.0,0.0,103,63,3,0,4,3,8,2,1,0,0.0,0,4,3,66,55,0
25,0,0.0,0.0,0.0,103,63,2,0,7,2,6,10,10,0,0.0,0,3,2,83,69,0
44,0,0.0,0.0,0.0,103,62,5,0,10,1,14,13,0,0,0.0,0,6,3,156,107,0
26,0,0.0,0.0,0.0,103,63,2,0,8,2,7,12,10,0,0.0,0,3,2,84,68,0
21,0,0.0,0.0,0.0,103,22,3,0,3,1,4,8,1,0,0.0,0,4,3,68,59,0
15,0,0.0,0.0,0.0,61,61,1,0,3,2,4,1,0,0,0.0,0,1,1,52,52,0
25,0,0.0,0.0,0.0,103,63,2,0,7,2,6,10,10,0,0.0,0,3,2,82,68,1
6,0,0.0,0.0,0.0,103,63,2,0,4,1,2,0,6,0,0.0,0,2,2,35,34,0
17,2,0.0,1.0,16.0,103,0,5,0,6,2,9,6,15,16,0.0,0,8,3,205,88,0
21,0,0.0,0.0,0.0,103,20,11,0,6,2,7,10,15,0,0.0,0,12,4,220,64,0
20,0,0.0,0.0,0.0,59,59,1,0,5,2,8,4,0,0,0.0,0,1,1,54,54,0
7,0,0.0,0.0,0.0,103,103,1,0,1,4,3,2,0,0,0.0,0,1,1,32,32,0
25,0,0.0,0.0,0.0,103,29,4,0,5,2,4,15,0,0,0.0,0,4,3,83,63,0
15,0,0.0,0.0,0.0,63,63,3,0,3,2,4,1,0,0,0.0,0,3,1,159,53,0
6,0,0.0,0.0,0.0,68,59,5,0,4,1,4,0,6,0,0.0,0,6,4,103,47,0
11,0,0.0,0.0,0.0,29,29,1,0,2,2,4,8,0,0,0.0,0,1,1,42,42,0
6,0,0.0,0.0,0.0,71,63,2,0,4,1,4,0,6,0,0.0,0,2,2,72,69,0
11,0,0.0,0.0,0.0,103,46,6,0,2,3,4,3,1,0,0.0,0,8,4,109,54,0
30,0,0.0,0.0,0.0,56,45,1,0,2,4,11,5,0,0,0.0,0,4,3,103,97,0
29,0,0.0,0.0,0.0,103,57,5,0,8,1,5,6,0,0,0.0,0,6,4,90,66,0
18,0,0.0,0.0,0.0,54,50,2,0,6,1,0,5,1,0,0.0,0,2,1,67,61,0
11,0,0.0,0.0,0.0,62,56,1,0,6,1,1,0,1,0,0.0,0,2,2,73,46,0
10,0,0.0,0.0,0.0,63,61,5,0,8,1,10,0,28,0,0.0,0,6,3,107,68,0
27,0,0.0,0.0,0.0,56,49,2,0,8,2,4,2,1,0,0.0,0,4,2,108,73,0
13,0,0.0,0.0,0.0,103,62,2,0,3,1,3,2,1,0,0.0,0,3,3,45,43,0
18,0,0.0,0.0,0.0,60,60,1,0,5,1,7,5,0,0,0.0,0,1,1,63,63,0
27,0,0.0,0.0,0.0,103,55,9,0,5,2,6,8,10,0,0.0,0,11,5,159,54,0
12,0,0.0,0.0,0.0,103,76,2,0,3,1,4,1,0,0,0.0,0,3,1,57,39,0
1,0,0.0,0.0,0.0,63,23,5,0,0,1,1,0,0,0,0.0,0,5,3,46,28,0
28,0,0.0,0.0,0.0,103,29,6,0,6,2,5,16,0,0,0.0,0,7,3,120,72,0
12,0,0.0,0.0,0.0,103,59,7,0,3,2,4,4,3,0,0.0,0,9,4,89,44,0
26,0,0.0,0.0,0.0,103,20,10,0,7,3,13,4,17,0,0.0,0,13,4,268,84,0
7,0,0.0,0.0,0.0,103,63,2,0,5,1,4,0,10,0,0.0,0,2,2,39,38,0
9,0,0.0,0.0,0.0,103,13,2,0,1,4,5,5,0,0,0.0,0,2,1,44,41,0
9,0,0.0,0.0,0.0,62,62,1,0,2,4,0,0,1,0,0.0,0,1,1,35,35,0
12,0,0.0,0.0,0.0,61,58,2,0,3,2,3,0,3,0,0.0,0,3,1,230,138,0
48,0,0.0,0.0,0.0,63,55,7,0,14,2,13,12,21,0,0.0,0,7,3,177,102,0
12,0,0.0,0.0,0.0,103,63,3,0,10,1,3,0,45,0,0.0,0,3,2,60,53,0
46,0,0.0,0.0,0.0,103,56,8,0,10,2,8,11,21,0,0.0,0,8,3,152,68,0
39,0,0.0,0.0,0.0,63,63,5,0,12,4,6,2,62,0,0.0,0,6,2,125,86,0
77,0,0.0,0.0,0.0,103,63,2,0,20,1,9,0,6,0,0.0,0,3,2,153,121,0
7,0,0.0,0.0,0.0,103,63,2,0,5,1,2,0,10,0,0.0,0,2,2,39,36,0
5,0,0.0,0.0,0.0,43,43,2,0,1,2,3,1,0,0,0.0,0,2,1,35,32,0
39,0,0.0,0.0,0.0,64,53,10,0,9,1,13,21,0,0,0.0,0,13,4,435,107,0
35,0,0.0,0.0,0.0,103,63,4,0,8,2,12,17,10,0,0.0,0,5,2,120,94,0
4,0,0.0,0.0,0.0,103,63,2,0,2,1,2,0,1,0,0.0,0,2,2,49,47,0
1,0,0.0,0.0,0.0,63,63,2,0,0,1,1,0,0,0,0.0,0,2,1,32,29,0
16,0,0.0,0.0,0.0,63,55,5,0,3,1,4,0,0,0,0.0,0,6,2,184,56,0
14,0,0.0,0.0,0.0,22,22,1,0,3,2,5,4,1,0,0.0,0,1,1,54,54,0
7,0,0.0,0.0,0.0,68,63,3,0,1,1,4,3,0,0,0.0,0,4,2,57,41,0
15,0,0.0,0.0,0.0,103,63,2,0,4,2,6,7,6,0,0.0,0,3,2,64,52,0
9,0,0.0,0.0,0.0,103,103,1,0,2,2,2,0,1,0,0.0,0,1,1,39,39,0
9,0,0.0,0.0,0.0,103,62,7,0,2,2,4,3,1,0,0.0,0,7,4,85,37,0
17,0,0.0,0.0,0.0,103,59,2,0,4,1,5,2,6,0,0.0,0,3,2,119,71,0
31,2,0.0,1.0,16.0,103,0,4,0,7,1,8,8,6,16,0.0,0,6,2,163,90,0
12,0,0.0,0.0,0.0,103,103,1,0,4,2,5,7,6,0,0.0,0,1,1,48,48,0
9,0,0.0,0.0,0.0,62,62,1,0,2,3,0,0,1,0,0.0,0,1,1,32,32,0
3,0,0.0,0.0,0.0,103,103,1,0,1,1,1,0,0,0,0.0,0,1,1,27,27,0
1,0,0.0,0.0,0.0,59,49,2,0,0,1,0,0,0,0,0.0,0,3,2,53,25,0
27,0,0.0,0.0,0.0,62,20,2,0,7,1,10,4,1,0,0.0,0,2,2,104,84,0
6,0,0.0,0.0,0.0,103,103,1,0,1,4,2,0,0,0,0.0,0,1,1,33,33,0
14,0,0.0,0.0,0.0,103,59,2,0,2,1,3,8,1,0,0.0,0,3,2,53,45,0
37,0,0.0,0.0,0.0,103,63,4,0,8,2,12,18,10,0,0.0,0,5,2,138,102,0
16,0,0.0,0.0,0.0,62,62,1,0,4,1,1,1,0,0,0.0,0,1,1,49,49,0
36,0,0.0,0.0,0.0,103,63,2,0,9,2,10,15,15,0,0.0,0,3,2,98,86,0
9,0,0.0,0.0,0.0,103,64,3,0,2,4,0,0,1,0,0.0,0,3,3,36,32,0
9,0,0.0,0.0,0.0,22,13,3,0,2,3,0,0,1,0,0.0,0,3,2,59,31,0
3,0,0.0,0.0,0.0,55,55,1,0,1,1,2,0,0,0,0.0,0,1,1,36,36,0
11,0,0.0,0.0,0.0,103,21,3,0,2,4,0,0,0,0,0.0,0,4,2,59,51,0
27,0,0.0,0.0,0.0,103,44,5,0,1,4,9,6,0,0,0.0,0,8,4,94,70,0
35,0,0.0,0.0,0.0,63,63,2,0,12,3,6,2,49,0,0.0,0,2,1,94,82,0
11,0,0.0,0.0,0.0,63,20,3,0,3,2,5,5,3,0,0.0,0,3,3,70,47,0
8,0,0.0,0.0,0.0,25,19,3,0,2,1,2,0,1,0,0.0,0,3,1,170,66,0
9,0,0.0,0.0,0.0,103,63,2,0,7,1,3,0,21,0,0.0,0,2,2,42,41,0
25,0,0.0,0.0,0.0,103,53,12,0,3,1,11,7,0,0,0.0,0,13,4,353,108,0
22,0,0.0,0.0,0.0,103,20,4,0,5,1,8,8,0,0,0.0,0,5,2,114,77,0
7,0,0.0,0.0,0.0,103,63,2,0,5,1,2,0,10,0,0.0,0,2,2,37,36,0
13,0,0.0,0.0,0.0,63,63,1,0,3,2,5,4,3,0,0.0,0,1,1,48,48,0
6,0,0.0,0.0,0.0,103,103,1,0,1,2,1,0,0,0,0.0,0,1,1,30,30,0
6,0,0.0,0.0,0.0,68,63,1,0,1,2,2,1,0,0,0.0,0,2,2,36,34,0
20,0,0.0,0.0,0.0,103,55,3,0,4,1,6,0,1,0,0.0,0,4,2,106,66,0
12,0,0.0,0.0,0.0,103,29,5,0,2,2,4,10,0,0,0.0,0,5,3,118,63,0
15,0,0.0,0.0,0.0,63,63,1,0,3,2,4,1,0,0,0.0,0,1,1,53,53,0
83,0,0.0,0.0,0.0,68,12,7,0,5,3,9,3,6,0,0.0,0,9,4,343,154,0
12,0,0.0,0.0,0.0,103,62,2,0,7,2,5,10,0,0,0.0,0,3,3,90,82,0
36,0,0.0,0.0,0.0,103,53,4,0,7,2,12,12,10,0,0.0,0,5,3,113,93,0
14,0,0.0,0.0,0.0,103,20,3,0,3,4,0,1,1,0,0.0,0,3,2,52,40,0
36,0,0.0,0.0,0.0,63,62,9,0,10,1,9,18,0,0,0.0,0,9,2,160,96,0
5,0,0.0,0.0,0.0,64,58,3,0,3,1,0,0,3,0,0.0,0,3,3,30,24,0
4,0,0.0,0.0,0.0,63,20,4,0,2,1,6,0,1,0,0.0,0,4,3,79,43,0
8,36,36.0,36.0,16.0,0,0,0,0,2,2,0,0,1,16,0.0,0,1,1,36,36,0
23,0,0.0,0.0,0.0,103,61,8,0,6,2,6,8,15,0,0.0,0,8,3,123,66,0
33,0,0.0,0.0,0.0,103,63,3,0,10,2,8,14,21,0,0.0,0,4,2,95,85,0
5,0,0.0,0.0,0.0,63,63,4,0,0,1,1,0,0,0,0.0,0,4,1,49,40,0
38,0,0.0,0.0,0.0,103,63,3,0,12,2,8,16,28,0,0.0,0,4,2,118,100,0
54,0,0.0,0.0,0.0,68,57,4,0,11,2,9,12,0,0,0.0,0,5,4,132,96,0
16,0,0.0,0.0,0.0,103,63,5,0,4,2,7,4,1,0,0.0,0,5,3,75,48,0
13,0,0.0,0.0,0.0,63,47,2,0,4,2,4,0,0,0,0.0,0,3,2,49,42,0
6,0,0.0,0.0,0.0,73,62,3,0,4,1,4,0,6,0,0.0,0,3,3,84,78,0
81,0,0.0,0.0,0.0,63,61,7,0,21,1,18,22,0,0,0.0,0,8,4,304,170,0
32,0,0.0,0.0,0.0,103,63,3,0,14,2,11,9,28,0,0.0,0,4,2,103,86,0
24,0,0.0,0.0,0.0,63,62,6,0,6,1,9,11,0,0,0.0,0,6,2,151,91,0
42,0,0.0,0.0,0.0,25,25,1,0,10,1,9,15,0,0,0.0,0,1,1,94,94,0
6,0,0.0,0.0,0.0,103,63,2,0,4,1,2,0,6,0,0.0,0,2,2,35,34,0
36,0,0.0,0.0,0.0,63,62,5,0,10,2,6,15,21,0,0.0,0,6,3,172,71,0
9,0,0.0,0.0,0.0,56,55,1,0,1,2,5,1,0,0,0.0,0,2,2,41,34,0
3,0,0.0,0.0,0.0,63,63,1,0,1,1,1,0,0,0,0.0,0,1,1,27,27,0
4,0,0.0,0.0,0.0,25,25,1,0,2,1,1,0,1,0,0.0,0,1,1,33,33,0
16,0,0.0,0.0,0.0,55,43,1,0,3,2,2,2,0,0,0.0,0,4,3,73,44,0
24,5,5.0,5.0,3.0,103,4,3,1,5,2,12,5,0,3,0.0,0,4,2,94,75,0
34,0,0.0,0.0,0.0,63,62,5,0,8,2,7,7,0,0,0.0,0,5,2,103,74,0
13,0,0.0,0.0,0.0,38,38,1,0,2,4,3,3,0,0,0.0,0,1,1,37,37,0
15,0,0.0,0.0,0.0,103,63,2,0,4,2,7,7,6,0,0.0,0,3,2,76,56,0
13,0,0.0,0.0,0.0,63,62,2,0,4,2,4,0,0,0,0.0,0,2,1,46,41,0
7,0,0.0,0.0,0.0,103,63,2,0,5,1,3,0,10,0,0.0,0,2,2,40,37,0
38,0,0.0,0.0,0.0,73,63,2,0,19,2,7,6,64,0,0.0,0,3,2,96,89,0
15,0,0.0,0.0,0.0,63,63,2,0,3,2,4,1,0,0,0.0,0,2,1,55,53,0
10,0,0.0,0.0,0.0,103,57,3,0,8,1,7,0,28,0,0.0,0,3,2,52,45,0
17,0,0.0,0.0,0.0,56,56,1,0,5,2,8,4,10,0,0.0,0,1,1,59,59,0
3,0,0.0,0.0,0.0,63,63,1,0,1,1,1,0,0,0,0.0,0,1,1,26,26,0
37,0,0.0,0.0,0.0,103,63,5,0,8,2,12,18,10,0,0.0,0,6,2,138,101,0
36,0,0.0,0.0,0.0,23,23,1,0,11,2,5,7,55,0,0.0,0,1,1,101,101,0
36,0,0.0,0.0,0.0,63,55,7,0,10,2,9,14,36,0,0.0,0,7,2,229,93,0
28,0,0.0,0.0,0.0,60,43,3,0,7,1,1,3,15,0,0.0,0,3,3,115,73,0
9,0,0.0,0.0,0.0,63,59,2,0,2,4,0,0,1,0,0.0,0,2,2,52,43,0
19,0,0.0,0.0,0.0,59,51,2,0,17,1,12,0,136,0,0.0,0,2,1,212,199,0
4,0,0.0,0.0,0.0,76,64,3,0,2,1,3,0,1,0,0.0,0,3,3,90,30,0
11,0,0.0,0.0,0.0,64,63,3,0,2,1,5,3,0,0,0.0,0,3,2,144,48,0
50,0,0.0,0.0,0.0,63,55,4,0,9,1,14,25,4,0,0.0,0,4,3,111,51,0
7,0,0.0,0.0,0.0,103,63,2,0,5,1,2,0,10,0,0.0,0,2,2,37,36,0
4,0,0.0,0.0,0.0,68,59,3,0,2,1,1,0,1,0,0.0,0,4,3,55,31,0
33,0,0.0,0.0,0.0,103,63,3,0,9,1,10,19,0,0,0.0,0,4,3,112,82,0
72,0,0.0,0.0,0.0,63,55,9,0,22,1,15,21,0,0,0.0,0,11,4,347,152,0
24,0,0.0,0.0,0.0,62,62,0,0,4,2,5,0,6,0,0.0,0,1,1,59,59,0
49,0,0.0,0.0,0.0,103,56,3,0,14,2,13,25,36,0,0.0,0,6,2,168,109,0
5,0,0.0,0.0,0.0,103,103,1,0,2,3,2,0,1,0,0.0,0,1,1,28,28,0
10,0,0.0,0.0,0.0,103,13,4,0,8,1,6,0,28,0,0.0,0,4,2,62,44,0
33,0,0.0,0.0,0.0,103,63,2,0,9,2,7,10,10,0,0.0,0,3,2,89,75,0
8,0,0.0,0.0,0.0,103,63,2,0,6,1,3,0,15,0,0.0,0,2,2,40,39,0
17,0,0.0,0.0,0.0,103,29,5,0,4,2,4,10,0,0,0.0,0,5,3,154,75,0
26,0,0.0,0.0,0.0,62,55,2,0,3,1,3,4,3,0,0.0,0,3,2,83,55,0
3,0,0.0,0.0,0.0,43,43,1,0,1,1,1,0,0,0,0.0,0,1,1,29,29,0
6,0,0.0,0.0,0.0,71,62,4,0,4,1,6,0,6,0,0.0,0,4,4,43,40,0
38,0,0.0,0.0,0.0,64,22,6,0,7,2,10,14,0,0,0.0,0,7,4,179,77,0
5,0,0.0,0.0,0.0,73,59,2,0,1,2,2,1,0,0,0.0,0,2,1,32,31,0
7,0,0.0,0.0,0.0,103,63,2,0,5,1,4,0,10,0,0.0,0,3,2,40,38,0
32,0,0.0,0.0,0.0,75,44,5,0,4,4,12,6,1,0,0.0,0,7,4,118,84,0
8,0,0.0,0.0,0.0,76,63,5,0,6,1,5,0,15,0,0.0,0,5,4,338,99,1
20,0,0.0,0.0,0.0,103,59,5,0,3,3,6,3,3,0,0.0,0,5,2,102,50,0
49,0,0.0,0.0,0.0,103,63,3,0,18,2,9,18,78,0,0.0,0,6,3,122,99,0
13,0,0.0,0.0,0.0,76,43,3,0,5,2,5,2,1,0,0.0,0,3,1,56,53,0
7,0,0.0,0.0,0.0,60,60,1,0,5,1,6,0,10,0,0.0,0,1,1,52,52,0
9,0,0.0,0.0,0.0,73,20,7,0,7,1,3,0,21,0,0.0,0,7,5,122,103,0
7,0,0.0,0.0,0.0,56,56,1,0,1,2,3,1,0,0,0.0,0,1,1,34,34,0
14,0,0.0,0.0,0.0,103,63,4,0,3,2,6,6,1,0,0.0,0,5,3,72,56,0
12,0,0.0,0.0,0.0,68,62,2,0,3,2,4,1,3,0,0.0,0,3,2,45,43,0
44,0,0.0,0.0,0.0,63,63,2,0,12,2,6,3,6,0,0.0,0,2,1,99,87,0
12,0,0.0,0.0,0.0,55,55,0,0,3,2,2,0,3,0,0.0,0,1,1,45,45,0
10,0,0.0,0.0,0.0,63,63,4,0,2,3,3,0,0,0,0.0,0,4,1,49,34,0
25,0,0.0,0.0,0.0,103,63,2,0,7,2,6,10,10,0,0.0,0,3,2,85,69,0
8,0,0.0,0.0,0.0,76,21,4,0,4,1,3,0,6,0,0.0,0,5,2,98,62,0
3,0,0.0,0.0,0.0,64,64,1,0,1,1,1,0,0,0,0.0,0,2,2,30,26,0
11,0,0.0,0.0,0.0,63,29,5,0,3,1,1,0,0,0,0.0,0,5,3,88,69,0
15,0,0.0,0.0,0.0,63,63,1,0,3,2,4,1,0,0,0.0,0,1,1,53,53,0
9,0,0.0,0.0,0.0,103,63,2,0,7,1,2,0,21,0,0.0,0,2,2,41,40,0
4,0,0.0,0.0,0.0,73,73,1,0,1,2,2,0,0,0,0.0,0,1,1,28,28,0
12,0,0.0,0.0,0.0,103,29,3,0,2,1,10,8,0,0,0.0,0,3,2,69,65,0
12,0,0.0,0.0,0.0,73,59,5,0,10,1,5,0,45,0,0.0,0,6,4,343,228,0
25,0,0.0,0.0,0.0,103,63,2,0,7,2,6,10,10,0,0.0,0,3,2,76,66,0
14,0,0.0,0.0,0.0,103,62,2,0,5,1,3,4,4,0,0.0,0,3,3,54,50,0
9,0,0.0,0.0,0.0,73,63,2,0,1,2,5,5,0,0,0.0,0,2,2,43,41,0
10,0,0.0,0.0,0.0,103,63,2,0,8,1,3,0,28,0,0.0,0,3,2,44,41,0
38,0,0.0,0.0,0.0,103,59,5,0,9,2,9,16,4,0,0.0,0,6,3,115,88,0
10,0,0.0,0.0,0.0,63,62,3,0,2,3,3,0,0,0,0.0,0,3,1,50,40,0
6,0,0.0,0.0,0.0,115,115,1,0,4,1,1,0,6,0,0.0,0,1,1,32,32,0
8,0,0.0,0.0,0.0,106,101,2,0,2,2,1,5,0,0,0.0,0,2,2,35,33,0
41,0,0.0,0.0,0.0,115,12,7,0,9,1,12,16,6,0,0.0,0,9,3,179,115,0
15,0,0.0,0.0,0.0,75,75,3,0,3,2,4,1,0,0,0.0,0,3,1,159,53,0
42,0,0.0,0.0,0.0,75,66,6,0,13,2,13,15,55,0,0.0,0,6,3,179,91,0
7,0,0.0,0.0,0.0,85,85,1,0,1,2,5,6,0,0,0.0,0,1,1,37,37,0
17,0,0.0,0.0,0.0,115,75,3,0,4,3,8,2,1,0,0.0,0,4,3,66,55,0
17,0,0.0,0.0,0.0,115,34,4,0,4,3,9,5,3,0,0.0,0,4,3,107,66,0
7,0,0.0,0.0,0.0,115,75,2,0,5,1,4,0,10,0,0.0,0,3,2,40,38,0
17,0,0.0,0.0,0.0,85,75,3,0,5,3,6,2,1,0,0.0,0,4,2,59,56,0
33,0,0.0,0.0,0.0,115,75,3,0,11,2,11,4,0,0,0.0,0,3,2,100,91,0
9,0,0.0,0.0,0.0,75,74,4,0,6,1,8,0,15,0,0.0,0,4,2,116,60,0
42,8,0.0,4.0,36.0,115,1,3,0,11,1,2,4,23,36,0.0,0,4,2,101,89,1
6,0,0.0,0.0,0.0,115,75,2,0,4,1,2,0,6,0,0.0,0,2,2,35,34,0
17,0,0.0,0.0,0.0,115,68,1,0,4,2,5,7,0,0,0.0,0,2,1,77,64,0
9,0,0.0,0.0,0.0,115,71,4,0,2,4,0,0,1,0,0.0,0,4,3,59,42,0
4,0,0.0,0.0,0.0,85,85,1,0,1,2,2,0,0,0,0.0,0,1,1,28,28,0
8,0,0.0,0.0,0.0,75,75,1,0,2,3,3,0,1,0,0.0,0,1,1,34,34,0
11,0,0.0,0.0,0.0,115,55,4,0,2,2,6,3,1,0,0.0,0,5,4,62,45,0
15,0,0.0,0.0,0.0,85,74,5,0,5,1,9,4,8,0,0.0,0,5,4,73,63,0
9,0,0.0,0.0,0.0,85,72,3,0,1,2,6,3,0,0,0.0,0,3,2,45,42,0
14,0,0.0,0.0,0.0,115,75,3,0,4,2,2,1,6,0,0.0,0,3,3,46,33,0
4,0,0.0,0.0,0.0,115,71,2,0,2,1,0,0,1,0,0.0,0,3,2,44,31,0
9,0,0.0,0.0,0.0,115,75,2,0,2,4,0,0,1,0,0.0,0,2,2,34,32,0
21,0,0.0,0.0,0.0,115,73,5,0,7,2,4,8,1,0,0.0,0,6,4,81,54,0
39,0,0.0,0.0,0.0,85,32,5,0,10,2,12,8,45,0,0.0,0,5,4,158,131,0
3,0,0.0,0.0,0.0,75,74,4,0,1,1,2,0,0,0,0.0,0,4,3,87,28,0
14,0,0.0,0.0,0.0,34,34,1,0,1,2,2,1,0,0,0.0,0,1,1,47,47,0
9,0,0.0,0.0,0.0,115,75,2,0,2,4,0,0,1,0,0.0,0,2,2,34,32,0
17,0,0.0,0.0,0.0,85,75,2,0,5,2,6,2,1,0,0.0,0,3,2,59,56,0
9,0,0.0,0.0,0.0,69,69,1,0,2,1,2,2,1,0,0.0,0,1,1,44,44,0
7,0,0.0,0.0,0.0,75,58,4,0,5,1,8,0,10,0,0.0,0,5,3,93,51,0
15,0,0.0,0.0,0.0,74,74,1,0,3,2,4,1,0,0,0.0,0,1,1,53,53,0
13,0,0.0,0.0,0.0,115,75,2,0,3,1,5,3,1,0,0.0,0,3,2,201,119,0
4,0,0.0,0.0,0.0,75,75,1,0,2,1,3,0,1,0,0.0,0,1,1,43,43,0
37,0,0.0,0.0,0.0,115,68,12,0,11,3,14,16,55,0,0.0,0,12,4,310,92,0
7,0,0.0,0.0,0.0,115,75,2,0,5,1,4,0,10,0,0.0,0,2,2,39,38,0
17,0,0.0,0.0,0.0,115,75,3,0,4,2,8,2,1,0,0.0,0,4,3,66,55,0
66,0,0.0,0.0,0.0,75,32,7,0,17,1,11,13,0,0,0.0,0,8,4,184,110,0
27,0,0.0,0.0,0.0,115,40,4,0,5,2,5,12,0,0,0.0,0,4,3,97,71,0
10,0,0.0,0.0,0.0,115,75,4,0,1,4,5,10,0,0,0.0,0,4,3,62,41,0
6,0,0.0,0.0,0.0,88,76,3,0,2,1,4,0,1,0,0.0,0,3,3,39,37,0
37,0,0.0,0.0,0.0,75,58,1,0,10,3,2,5,0,0,0.0,0,3,2,89,76,0
13,0,0.0,0.0,0.0,115,40,5,0,3,2,4,5,1,0,0.0,0,5,3,61,43,0
11,0,0.0,0.0,0.0,88,40,4,0,3,2,4,7,0,0,0.0,0,4,3,66,48,0
40,0,0.0,0.0,0.0,76,70,3,0,11,1,10,10,0,0,0.0,0,3,3,110,59,0
9,0,0.0,0.0,0.0,79,66,5,0,2,2,4,4,1,0,0.0,0,5,2,93,53,0
7,0,0.0,0.0,0.0,115,75,2,0,5,1,2,0,10,0,0.0,0,2,2,37,36,0
1,0,0.0,0.0,0.0,75,75,4,0,0,1,1,0,0,0,0.0,0,4,1,35,26,0
5,0,0.0,0.0,0.0,85,85,1,0,1,2,2,0,0,0,0.0,0,1,1,35,35,0
9,0,0.0,0.0,0.0,73,73,0,0,2,3,0,0,1,0,0.0,0,1,1,37,37,0
14,0,0.0,0.0,0.0,65,65,1,0,3,2,3,6,0,0,0.0,0,1,1,47,47,0
40,0,0.0,0.0,0.0,74,68,6,0,11,1,15,20,0,0,0.0,0,7,4,232,146,0
19,0,0.0,0.0,0.0,115,83,3,0,3,2,4,1,3,0,0.0,0,3,2,111,67,0
9,0,0.0,0.0,0.0,115,75,2,0,2,4,0,0,1,0,0.0,0,2,2,34,32,0
13,0,0.0,0.0,0.0,115,65,4,0,3,2,4,1,1,0,0.0,0,4,3,50,39,0
19,0,0.0,0.0,0.0,97,76,4,0,3,2,4,4,3,0,0.0,0,4,2,147,68,0
10,0,0.0,0.0,0.0,80,68,7,0,7,2,6,0,21,0,0.0,0,7,4,63,39,0
15,0,0.0,0.0,0.0,85,85,1,0,4,1,3,1,0,0,0.0,0,1,1,45,45,0
17,0,0.0,0.0,0.0,88,75,8,0,6,1,6,0,15,0,0.0,0,8,4,129,63,0
9,0,0.0,0.0,0.0,85,72,2,0,2,2,3,3,0,0,0.0,0,2,1,42,41,0
20,0,0.0,0.0,0.0,71,71,1,0,6,2,5,4,15,0,0.0,0,1,1,63,63,0
29,0,0.0,0.0,0.0,79,73,3,0,5,1,5,7,1,0,0.0,0,3,2,81,68,0
9,0,0.0,0.0,0.0,115,40,4,0,2,1,5,3,1,0,0.0,0,4,2,50,31,0
43,0,0.0,0.0,0.0,115,62,12,0,12,2,9,15,55,0,0.0,0,13,5,256,102,0
22,0,0.0,0.0,0.0,75,74,5,0,6,2,5,9,15,0,0.0,0,5,2,113,62,0
14,0,0.0,0.0,0.0,115,74,2,0,3,1,3,2,1,0,0.0,0,2,1,46,40,0
24,0,0.0,0.0,0.0,115,75,2,0,10,2,6,2,26,0,0.0,0,2,2,69,68,0
29,0,0.0,0.0,0.0,71,71,1,0,7,2,9,5,0,0,0.0,0,1,1,69,69,0
7,0,0.0,0.0,0.0,115,75,2,0,5,1,2,0,10,0,0.0,0,2,2,37,36,0
5,0,0.0,0.0,0.0,37,37,1,0,3,1,4,0,3,0,0.0,0,1,1,58,58,0
17,0,0.0,0.0,0.0,115,75,3,0,4,3,8,2,1,0,0.0,0,4,3,66,55,0
25,0,0.0,0.0,0.0,115,75,2,0,7,2,6,10,10,0,0.0,0,3,2,83,69,0
44,0,0.0,0.0,0.0,115,74,5,0,10,1,14,13,0,0,0.0,0,6,3,156,107,0
26,0,0.0,0.0,0.0,115,75,2,0,8,2,7,12,10,0,0.0,0,3,2,84,68,0
21,0,0.0,0.0,0.0,115,34,3,0,3,1,4,8,1,0,0.0,0,4,3,68,59,0
15,0,0.0,0.0,0.0,73,73,1,0,3,2,4,1,0,0,0.0,0,1,1,52,52,0
25,0,0.0,0.0,0.0,115,75,2,0,7,2,6,10,10,0,0.0,0,3,2,82,68,1
6,0,0.0,0.0,0.0,115,75,2,0,4,1,2,0,6,0,0.0,0,2,2,35,34,0
17,0,0.0,0.0,0.0,115,12,5,0,6,2,9,6,15,0,0.0,0,8,3,205,88,0
21,0,0.0,0.0,0.0,115,32,11,0,6,2,7,10,15,0,0.0,0,12,4,220,64,0
20,0,0.0,0.0,0.0,71,71,1,0,5,2,8,4,0,0,0.0,0,1,1,54,54,0
7,0,0.0,0.0,0.0,115,115,1,0,1,4,3,2,0,0,0.0,0,1,1,32,32,0
25,0,0.0,0.0,0.0,115,40,4,0,5,2,4,15,0,0,0.0,0,4,3,83,63,0
15,0,0.0,0.0,0.0,75,75,3,0,3,2,4,1,0,0,0.0,0,3,1,159,53,0
6,0,0.0,0.0,0.0,80,71,5,0,4,1,4,0,6,0,0.0,0,6,4,103,47,0
11,0,0.0,0.0,0.0,40,40,1,0,2,2,4,8,0,0,0.0,0,1,1,42,42,0
6,0,0.0,0.0,0.0,83,75,2,0,4,1,4,0,6,0,0.0,0,2,2,72,69,0
11,0,0.0,0.0,0.0,115,58,6,0,2,3,4,3,1,0,0.0,0,8,4,109,54,0
30,0,0.0,0.0,0.0,68,57,1,0,2,4,11,5,0,0,0.0,0,4,3,103,97,0
29,0,0.0,0.0,0.0,115,69,5,0,8,1,5,6,0,0,0.0,0,6,4,90,66,0
18,0,0.0,0.0,0.0,66,62,2,0,6,1,0,5,1,0,0.0,0,2,1,67,61,0
11,0,0.0,0.0,0.0,73,68,1,0,6,1,1,0,1,0,0.0,0,2,2,73,46,0
10,0,0.0,0.0,0.0,75,72,5,0,8,1,10,0,28,0,0.0,0,6,3,107,68,0
27,0,0.0,0.0,0.0,68,60,2,0,8,2,4,2,1,0,0.0,0,4,2,108,73,0
13,0,0.0,0.0,0.0,115,73,2,0,3,1,3,2,1,0,0.0,0,3,3,45,43,0
18,0,0.0,0.0,0.0,71,71,1,0,5,1,7,5,0,0,0.0,0,1,1,63,63,0
27,0,0.0,0.0,0.0,115,66,9,0,5,2,6,8,10,0,0.0,0,11,5,159,54,0
12,0,0.0,0.0,0.0,115,88,2,0,3,1,4,1,0,0,0.0,0,3,1,57,39,0
1,0,0.0,0.0,0.0,75,35,5,0,0,1,1,0,0,0,0.0,0,5,3,46,28,0
28,0,0.0,0.0,0.0,115,40,6,0,6,2,5,16,0,0,0.0,0,7,3,120,72,0
12,0,0.0,0.0,0.0,115,71,7,0,3,2,4,4,3,0,0.0,0,9,4,89,44,0
26,0,0.0,0.0,0.0,115,32,10,0,7,3,13,4,17,0,0.0,0,13,4,268,84,0
7,0,0.0,0.0,0.0,115,75,2,0,5,1,4,0,10,0,0.0,0,2,2,39,38,0
9,0,0.0,0.0,0.0,115,25,2,0,1,4,5,5,0,0,0.0,0,2,1,44,41,0
9,0,0.0,0.0,0.0,74,74,1,0,2,4,0,0,1,0,0.0,0,1,1,35,35,0
12,0,0.0,0.0,0.0,72,70,2,0,3,2,3,0,3,0,0.0,0,3,1,230,138,0
48,0,0.0,0.0,0.0,75,66,7,0,14,2,13,12,21,0,0.0,0,7,3,177,102,0
12,0,0.0,0.0,0.0,115,75,3,0,10,1,3,0,45,0,0.0,0,3,2,60,53,0
46,0,0.0,0.0,0.0,115,68,8,0,10,2,8,11,21,0,0.0,0,8,3,152,68,0
39,0,0.0,0.0,0.0,75,75,5,0,12,4,6,2,62,0,0.0,0,6,2,125,86,0
77,0,0.0,0.0,0.0,115,75,2,0,20,1,9,0,6,0,0.0,0,3,2,153,121,0
7,0,0.0,0.0,0.0,115,75,2,0,5,1,2,0,10,0,0.0,0,2,2,39,36,0
5,0,0.0,0.0,0.0,55,55,2,0,1,2,3,1,0,0,0.0,0,2,1,35,32,0
39,0,0.0,0.0,0.0,75,65,10,0,9,1,13,21,0,0,0.0,0,13,4,435,107,0
35,0,0.0,0.0,0.0,115,75,4,0,8,2,12,17,10,0,0.0,0,5,2,120,94,0
4,0,0.0,0.0,0.0,115,75,2,0,2,1,2,0,1,0,0.0,0,2,2,49,47,0
1,0,0.0,0.0,0.0,75,74,2,0,0,1,1,0,0,0,0.0,0,2,1,32,29,0
16,0,0.0,0.0,0.0,75,67,5,0,3,1,4,0,0,0,0.0,0,6,2,184,56,0
14,0,0.0,0.0,0.0,34,34,1,0,3,2,5,4,1,0,0.0,0,1,1,54,54,0
7,0,0.0,0.0,0.0,80,75,3,0,1,1,4,3,0,0,0.0,0,4,2,57,41,0
15,0,0.0,0.0,0.0,115,75,2,0,4,2,6,7,6,0,0.0,0,3,2,64,52,0
9,0,0.0,0.0,0.0,115,115,1,0,2,2,2,0,1,0,0.0,0,1,1,39,39,0
9,0,0.0,0.0,0.0,115,74,7,0,2,2,4,3,1,0,0.0,0,7,4,85,37,0
17,0,0.0,0.0,0.0,115,70,2,0,4,1,5,2,6,0,0.0,0,3,2,119,71,0
31,0,0.0,0.0,0.0,115,12,4,0,7,1,8,8,6,0,0.0,0,6,2,163,90,0
12,0,0.0,0.0,0.0,115,115,1,0,4,2,5,7,6,0,0.0,0,1,1,48,48,0
9,0,0.0,0.0,0.0,73,73,1,0,2,3,0,0,1,0,0.0,0,1,1,32,32,0
3,0,0.0,0.0,0.0,115,115,1,0,1,1,1,0,0,0,0.0,0,1,1,27,27,0
1,0,0.0,0.0,0.0,71,60,2,0,0,1,0,0,0,0,0.0,0,3,2,53,25,0
27,0,0.0,0.0,0.0,74,32,2,0,7,1,10,4,1,0,0.0,0,2,2,104,84,0
6,0,0.0,0.0,0.0,115,115,1,0,1,4,2,0,0,0,0.0,0,1,1,33,33,0
14,0,0.0,0.0,0.0,115,70,2,0,2,1,3,8,1,0,0.0,0,3,2,53,45,0
37,0,0.0,0.0,0.0,115,75,4,0,8,2,12,18,10,0,0.0,0,5,2,138,102,0
16,0,0.0,0.0,0.0,73,73,1,0,4,1,1,1,0,0,0.0,0,1,1,49,49,0
36,0,0.0,0.0,0.0,115,75,2,0,9,2,10,15,15,0,0.0,0,3,2,98,86,0
9,0,0.0,0.0,0.0,115,75,3,0,2,4,0,0,1,0,0.0,0,3,3,36,32,0
9,0,0.0,0.0,0.0,34,25,3,0,2,3,0,0,1,0,0.0,0,3,2,59,31,0
3,0,0.0,0.0,0.0,66,66,1,0,1,1,2,0,0,0,0.0,0,1,1,36,36,0
11,0,0.0,0.0,0.0,115,33,3,0,2,4,0,0,0,0,0.0,0,4,2,59,51,0
27,0,0.0,0.0,0.0,115,56,5,0,1,4,9,6,0,0,0.0,0,8,4,94,70,0
35,0,0.0,0.0,0.0,75,75,2,0,12,3,6,2,49,0,0.0,0,2,1,94,82,0
11,0,0.0,0.0,0.0,75,32,3,0,3,2,5,5,3,0,0.0,0,3,3,70,47,0
8,0,0.0,0.0,0.0,37,31,3,0,2,1,2,0,1,0,0.0,0,3,1,170,66,0
9,0,0.0,0.0,0.0,115,75,2,0,7,1,3,0,21,0,0.0,0,2,2,42,41,0
25,0,0.0,0.0,0.0,115,65,12,0,3,1,11,7,0,0,0.0,0,13,4,353,108,0
22,0,0.0,0.0,0.0,115,32,4,0,5,1,8,8,0,0,0.0,0,5,2,114,77,0
7,0,0.0,0.0,0.0,115,75,2,0,5,1,2,0,10,0,0.0,0,2,2,37,36,0
13,0,0.0,0.0,0.0,75,75,1,0,3,2,5,4,3,0,0.0,0,1,1,48,48,0
6,0,0.0,0.0,0.0,115,115,1,0,1,2,1,0,0,0,0.0,0,1,1,30,30,0
6,0,0.0,0.0,0.0,80,75,1,0,1,2,2,1,0,0,0.0,0,2,2,36,34,0
20,0,0.0,0.0,0.0,115,67,3,0,4,1,6,0,1,0,0.0,0,4,2,106,66,0
12,0,0.0,0.0,0.0,115,40,5,0,2,2,4,10,0,0,0.0,0,5,3,118,63,0
15,0,0.0,0.0,0.0,75,75,1,0,3,2,4,1,0,0,0.0,0,1,1,53,53,0
83,0,0.0,0.0,0.0,80,24,7,0,5,3,9,3,6,0,0.0,0,9,4,343,154,0
12,0,0.0,0.0,0.0,115,73,2,0,7,2,5,10,0,0,0.0,0,3,3,90,82,0
36,0,0.0,0.0,0.0,115,64,4,0,7,2,12,12,10,0,0.0,0,5,3,113,93,0
14,0,0.0,0.0,0.0,115,31,3,0,3,4,0,1,1,0,0.0,0,3,2,52,40,0
36,0,0.0,0.0,0.0,74,74,9,0,10,1,9,18,0,0,0.0,0,9,2,160,96,0
5,0,0.0,0.0,0.0,76,70,3,0,3,1,0,0,3,0,0.0,0,3,3,30,24,0
4,0,0.0,0.0,0.0,75,32,4,0,2,1,6,0,1,0,0.0,0,4,3,79,43,0
8,0,0.0,0.0,0.0,12,12,0,0,2,2,0,0,1,0,0.0,0,1,1,36,36,0
23,0,0.0,0.0,0.0,115,73,8,0,6,2,6,8,15,0,0.0,0,8,3,123,66,0
33,0,0.0,0.0,0.0,115,75,3,0,10,2,8,14,21,0,0.0,0,4,2,95,85,0
5,0,0.0,0.0,0.0,75,75,4,0,0,1,1,0,0,0,0.0,0,4,1,49,40,0
38,0,0.0,0.0,0.0,115,75,3,0,12,2,8,16,28,0,0.0,0,4,2,118,100,0
54,0,0.0,0.0,0.0,80,69,4,0,11,2,9,12,0,0,0.0,0,5,4,132,96,0
16,0,0.0,0.0,0.0,115,75,5,0,4,2,7,4,1,0,0.0,0,5,3,75,48,0
13,0,0.0,0.0,0.0,75,58,2,0,4,2,4,0,0,0,0.0,0,3,2,49,42,0
6,0,0.0,0.0,0.0,85,74,3,0,4,1,4,0,6,0,0.0,0,3,3,84,78,0
81,0,0.0,0.0,0.0,75,73,7,0,21,1,18,22,0,0,0.0,0,8,4,304,170,0
32,0,0.0,0.0,0.0,115,75,3,0,14,2,11,9,28,0,0.0,0,4,2,103,86,0
24,0,0.0,0.0,0.0,75,74,6,0,6,1,9,11,0,0,0.0,0,6,2,151,91,0
42,0,0.0,0.0,0.0,37,37,1,0,10,1,9,15,0,0,0.0,0,1,1,94,94,0
6,0,0.0,0.0,0.0,115,75,2,0,4,1,2,0,6,0,0.0,0,2,2,35,34,0
36,0,0.0,0.0,0.0,75,74,5,0,10,2,6,15,21,0,0.0,0,6,3,172,71,0
9,0,0.0,0.0,0.0,68,67,1,0,1,2,5,1,0,0,0.0,0,2,2,41,34,0
3,0,0.0,0.0,0.0,75,75,1,0,1,1,1,0,0,0,0.0,0,1,1,27,27,0
4,0,0.0,0.0,0.0,37,37,1,0,2,1,1,0,1,0,0.0,0,1,1,33,33,0
16,0,0.0,0.0,0.0,67,55,1,0,3,2,2,2,0,0,0.0,0,4,3,73,44,0
24,0,0.0,0.0,0.0,115,16,3,0,5,2,12,5,0,0,0.0,0,4,2,94,75,0
34,0,0.0,0.0,0.0,75,74,5,0,8,2,7,7,0,0,0.0,0,5,2,103,74,0
13,0,0.0,0.0,0.0,49,49,1,0,2,4,3,3,0,0,0.0,0,1,1,37,37,0
15,0,0.0,0.0,0.0,115,75,2,0,4,2,7,7,6,0,0.0,0,3,2,76,56,0
13,0,0.0,0.0,0.0,75,74,2,0,4,2,4,0,0,0,0.0,0,2,1,46,41,0
7,0,0.0,0.0,0.0,115,75,2,0,5,1,3,0,10,0,0.0,0,2,2,40,37,0
38,0,0.0,0.0,0.0,85,75,2,0,19,2,7,6,64,0,0.0,0,3,2,96,89,0
15,0,0.0,0.0,0.0,75,74,2,0,3,2,4,1,0,0,0.0,0,2,1,55,53,0
10,0,0.0,0.0,0.0,115,69,3,0,8,1,7,0,28,0,0.0,0,3,2,52,45,0
17,0,0.0,0.0,0.0,67,67,1,0,5,2,8,4,10,0,0.0,0,1,1,59,59,0
3,0,0.0,0.0,0.0,75,75,1,0,1,1,1,0,0,0,0.0,0,1,1,26,26,0
37,0,0.0,0.0,0.0,115,75,5,0,8,2,12,18,10,0,0.0,0,6,2,138,101,0
36,0,0.0,0.0,0.0,35,35,1,0,11,2,5,7,55,0,0.0,0,1,1,101,101,0
36,0,0.0,0.0,0.0,75,66,7,0,10,2,9,14,36,0,0.0,0,7,2,229,93,0
28,8,0.0,4.0,36.0,72,1,3,0,7,1,1,3,15,36,0.0,0,4,3,123,73,0
9,0,0.0,0.0,0.0,75,71,2,0,2,4,0,0,1,0,0.0,0,2,2,52,43,0
19,0,0.0,0.0,0.0,71,62,2,0,17,1,12,0,136,0,0.0,0,2,1,212,199,0
4,0,0.0,0.0,0.0,88,76,3,0,2,1,3,0,1,0,0.0,0,3,3,90,30,0
11,0,0.0,0.0,0.0,75,75,3,0,2,1,5,3,0,0,0.0,0,3,2,144,48,0
50,0,0.0,0.0,0.0,75,66,4,0,9,1,14,25,4,0,0.0,0,4,3,111,51,0
7,0,0.0,0.0,0.0,115,75,2,0,5,1,2,0,10,0,0.0,0,2,2,37,36,0
4,0,0.0,0.0,0.0,80,71,3,0,2,1,1,0,1,0,0.0,0,4,3,55,31,0
33,0,0.0,0.0,0.0,115,75,3,0,9,1,10,19,0,0,0.0,0,4,3,112,82,0
72,0,0.0,0.0,0.0,75,66,9,0,22,1,15,21,0,0,0.0,0,11,4,347,152,0
24,0,0.0,0.0,0.0,74,74,0,0,4,2,5,0,6,0,0.0,0,1,1,59,59,0
49,0,0.0,0.0,0.0,115,68,3,0,14,2,13,25,36,0,0.0,0,6,2,168,109,0
5,0,0.0,0.0,0.0,115,115,1,0,2,3,2,0,1,0,0.0,0,1,1,28,28,0
10,0,0.0,0.0,0.0,115,25,4,0,8,1,6,0,28,0,0.0,0,4,2,62,44,0
33,0,0.0,0.0,0.0,115,75,2,0,9,2,7,10,10,0,0.0,0,3,2,89,75,0
8,0,0.0,0.0,0.0,115,75,2,0,6,1,3,0,15,0,0.0,0,2,2,40,39,0
17,0,0.0,0.0,0.0,115,40,5,0,4,2,4,10,0,0,0.0,0,5,3,154,75,0
26,0,0.0,0.0,0.0,74,67,2,0,3,1,3,4,3,0,0.0,0,3,2,83,55,0
3,0,0.0,0.0,0.0,55,55,1,0,1,1,1,0,0,0,0.0,0,1,1,29,29,0
6,0,0.0,0.0,0.0,83,73,4,0,4,1,6,0,6,0,0.0,0,4,4,43,40,0
38,0,0.0,0.0,0.0,76,34,6,0,7,2,10,14,0,0,0.0,0,7,4,179,77,0
5,0,0.0,0.0,0.0,85,71,2,0,1,2,2,1,0,0,0.0,0,2,1,32,31,0
7,0,0.0,0.0,0.0,115,75,2,0,5,1,4,0,10,0,0.0,0,3,2,40,38,0
32,0,0.0,0.0,0.0,87,56,5,0,4,4,12,6,1,0,0.0,0,7,4,118,84,0
8,0,0.0,0.0,0.0,88,75,5,0,6,1,5,0,15,0,0.0,0,5,4,338,99,0
20,0,0.0,0.0,0.0,115,71,5,0,3,3,6,3,3,0,0.0,0,5,2,102,50,0
49,0,0.0,0.0,0.0,115,75,3,0,18,2,9,18,78,0,0.0,0,6,3,122,99,0
13,0,0.0,0.0,0.0,88,55,3,0,5,2,5,2,1,0,0.0,0,3,1,56,53,0
7,0,0.0,0.0,0.0,71,71,1,0,5,1,6,0,10,0,0.0,0,1,1,52,52,0
9,0,0.0,0.0,0.0,85,32,7,0,7,1,3,0,21,0,0.0,0,7,5,122,103,0
7,0,0.0,0.0,0.0,68,68,1,0,1,2,3,1,0,0,0.0,0,1,1,34,34,0
14,0,0.0,0.0,0.0,115,75,4,0,3,2,6,6,1,0,0.0,0,5,3,72,56,0
12,0,0.0,0.0,0.0,80,74,2,0,3,2,4,1,3,0,0.0,0,3,2,45,43,0
44,0,0.0,0.0,0.0,75,75,2,0,12,2,6,3,6,0,0.0,0,2,1,99,87,0
12,0,0.0,0.0,0.0,67,67,0,0,3,2,2,0,3,0,0.0,0,1,1,45,45,0
10,0,0.0,0.0,0.0,75,75,4,0,2,3,3,0,0,0,0.0,0,4,1,49,34,0
25,0,0.0,0.0,0.0,115,75,2,0,7,2,6,10,10,0,0.0,0,3,2,85,69,0
8,0,0.0,0.0,0.0,88,33,4,0,4,1,3,0,6,0,0.0,0,5,2,98,62,0
3,0,0.0,0.0,0.0,76,76,1,0,1,1,1,0,0,0,0.0,0,2,2,30,26,0
11,0,0.0,0.0,0.0,75,40,5,0,3,1,1,0,0,0,0.0,0,5,3,88,69,0
15,0,0.0,0.0,0.0,75,75,1,0,3,2,4,1,0,0,0.0,0,1,1,53,53,0
9,0,0.0,0.0,0.0,115,75,2,0,7,1,2,0,21,0,0.0,0,2,2,41,40,0
4,0,0.0,0.0,0.0,85,85,1,0,1,2,2,0,0,0,0.0,0,1,1,28,28,0
12,0,0.0,0.0,0.0,115,41,3,0,2,1,10,8,0,0,0.0,0,3,2,69,65,0
12,0,0.0,0.0,0.0,85,71,5,0,10,1,5,0,45,0,0.0,0,6,4,343,228,0
25,0,0.0,0.0,0.0,115,75,2,0,7,2,6,10,10,0,0.0,0,3,2,76,66,0
14,0,0.0,0.0,0.0,115,73,2,0,5,1,3,4,4,0,0.0,0,3,3,54,50,0
9,0,0.0,0.0,0.0,85,75,2,0,1,2,5,5,0,0,0.0,0,2,2,43,41,0
10,0,0.0,0.0,0.0,115,75,2,0,8,1,3,0,28,0,0.0,0,3,2,44,41,0
38,0,0.0,0.0,0.0,115,71,5,0,9,2,9,16,4,0,0.0,0,6,3,115,88,0
10,0,0.0,0.0,0.0,75,73,3,0,2,3,3,0,0,0,0.0,0,3,1,50,40,0
6,0,0.0,0.0,0.0,124,124,1,0,4,1,1,0,6,0,0.0,0,1,1,32,32,0
3,60,0.0,30.0,136.0,35,4,2,1,0,3,3,0,0,136,0.0,0,2,1,62,60,0
14,0,0.0,0.0,0.0,10,10,1,0,3,2,5,6,1,0,0.0,0,1,1,50,50,0
17,0,0.0,0.0,0.0,59,40,4,0,4,2,4,9,1,0,0.0,0,5,1,105,48,0
8,0,0.0,0.0,0.0,95,10,3,0,1,2,7,8,0,0,0.0,0,3,1,58,37,0
17,0,0.0,0.0,0.0,124,84,3,0,4,3,8,2,1,0,0.0,0,4,3,66,55,0
9,256,0.0,128.0,136.0,85,4,11,1,7,1,17,0,21,136,0.0,0,13,3,547,256,0
20,0,0.0,0.0,0.0,124,47,4,0,5,3,6,2,2,0,0.0,0,5,3,93,59,0
7,0,0.0,0.0,0.0,124,47,3,0,5,1,4,0,10,0,0.0,0,4,2,44,38,0
4,0,0.0,0.0,0.0,38,38,1,0,2,1,2,0,1,0,0.0,0,1,1,29,29,0
17,0,0.0,0.0,0.0,95,84,3,0,5,3,6,2,1,0,0.0,0,4,2,59,56,0
1,62,0.0,31.0,136.0,85,4,5,1,0,1,1,0,0,136,0.0,0,7,3,109,62,0
7,0,0.0,0.0,0.0,10,10,1,0,5,1,5,0,10,0,0.0,0,1,1,81,81,0
37,42,24.0,33.0,11.0,5,5,1,1,10,1,5,7,8,11,0.0,0,1,1,42,42,0
42,0,0.0,0.0,0.0,124,10,3,0,11,1,2,4,23,0,0.0,0,5,2,109,89,1
6,0,0.0,0.0,0.0,124,85,2,0,4,1,2,0,6,0,0.0,0,2,2,35,34,0
17,0,0.0,0.0,0.0,124,77,1,0,4,3,5,6,0,0,0.0,0,2,1,77,64,0
9,0,0.0,0.0,0.0,124,81,4,0,2,4,0,0,1,0,0.0,0,4,3,59,42,0
4,0,0.0,0.0,0.0,95,43,2,0,1,2,2,0,0,0,0.0,0,2,1,35,28,0
16,0,0.0,0.0,0.0,124,43,6,0,3,2,7,5,3,0,0.0,0,7,4,79,45,0
3,60,0.0,30.0,136.0,35,4,2,1,0,3,3,0,0,136,0.0,0,2,1,62,60,0
67,2,0.0,1.0,8.0,124,0,7,1,6,4,7,8,6,8,0.0,0,12,6,181,94,0
11,0,0.0,0.0,0.0,44,44,1,0,4,1,0,0,1,0,0.0,0,1,1,45,45,0
17,0,0.0,0.0,0.0,77,76,1,0,4,2,10,1,0,0,0.0,0,2,2,80,62,0
32,86,42.0,42.5,14.0,5,1,2,2,6,2,8,6,4,17,0.1594,0,2,1,86,84,0
15,0,0.0,0.0,0.0,94,84,5,0,5,1,9,4,8,0,0.0,0,5,4,73,63,0
14,0,0.0,0.0,0.0,95,43,4,0,3,2,7,7,0,0,0.0,0,4,2,75,42,0
17,0,0.0,0.0,0.0,58,44,2,0,4,3,8,5,3,0,0.0,0,2,1,66,62,0
15,0,0.0,0.0,0.0,124,11,5,0,4,2,2,1,6,0,0.0,0,5,3,56,33,0
4,0,0.0,0.0,0.0,124,81,2,0,2,1,0,0,1,0,0.0,0,3,2,44,31,0
9,0,0.0,0.0,0.0,124,85,2,0,2,4,0,0,1,0,0.0,0,2,2,34,32,0
30,92,42.0,44.0,14.0,5,1,2,2,7,1,7,6,17,17,0.3478,0,2,1,92,86,0
21,0,0.0,0.0,0.0,124,12,7,0,7,2,4,6,1,0,0.0,0,8,4,94,54,0
14,0,0.0,0.0,0.0,43,43,1,0,1,2,2,1,0,0,0.0,0,1,1,47,47,0
9,0,0.0,0.0,0.0,124,85,2,0,2,4,0,0,1,0,0.0,0,2,2,34,32,0
17,0,0.0,0.0,0.0,95,84,2,0,5,3,6,2,1,0,0.0,0,3,2,59,56,0
9,0,0.0,0.0,0.0,79,79,1,0,2,1,2,2,1,0,0.0,0,1,1,44,44,0
3,0,0.0,0.0,0.0,41,41,1,0,0,2,1,0,0,0,0.0,0,1,1,27,27,0
7,196,0.0,98.0,136.0,85,4,8,1,5,1,14,0,10,136,0.0,0,10,4,362,196,0
13,0,0.0,0.0,0.0,124,47,3,0,3,1,6,3,1,0,0.0,0,4,2,207,119,0
4,108,0.0,54.0,136.0,85,4,4,1,2,1,5,0,1,136,0.0,0,4,2,178,108,0
7,0,0.0,0.0,0.0,124,85,2,0,5,1,4,0,10,0,0.0,0,2,2,39,38,0
17,0,0.0,0.0,0.0,124,84,3,0,4,3,8,2,1,0,0.0,0,4,3,66,55,0
27,0,0.0,0.0,0.0,124,10,5,0,5,2,5,12,0,0,0.0,0,5,3,101,71,0
22,0,0.0,0.0,0.0,48,48,1,0,3,3,5,3,3,0,0.0,0,1,1,58,58,0
8,0,0.0,0.0,0.0,124,58,6,0,1,4,3,5,0,0,0.0,0,6,3,74,41,0
27,0,0.0,0.0,0.0,10,10,1,0,6,1,6,9,0,0,0.0,0,1,1,69,69,0
6,0,0.0,0.0,0.0,97,12,3,0,2,1,4,0,1,0,0.0,0,4,4,41,37,0
52,194,0.0,97.0,136.0,14,4,2,1,15,4,3,10,48,136,0.0,0,2,1,198,194,0
13,78,0.0,39.0,136.0,4,4,1,1,4,2,1,0,0,136,0.0,0,1,1,78,78,0
26,0,0.0,0.0,0.0,37,37,1,0,8,1,1,3,17,0,0.0,0,1,1,69,69,0
25,118,0.4,6.1,7.9,9,4,11,9,1,1,4,6,0,13,3.0357,0,12,1,174,38,0
12,0,0.0,0.0,0.0,124,16,7,0,3,2,4,3,1,0,0.0,0,7,4,75,43,0
11,0,0.0,0.0,0.0,97,10,5,0,3,2,4,7,0,0,0.0,0,5,3,70,48,0
46,0,0.0,0.0,0.0,17,10,4,0,9,2,7,10,4,0,0.0,0,4,2,191,115,0
6,0,0.0,0.0,0.0,10,10,1,0,4,1,5,0,6,0,0.0,0,1,1,40,40,0
40,0,0.0,0.0,0.0,86,79,3,0,11,1,10,10,0,0,0.0,0,3,3,110,59,0
6,0,0.0,0.0,0.0,38,11,2,0,4,1,2,0,6,0,0.0,0,2,2,18,14,0
9,0,0.0,0.0,0.0,89,44,6,0,2,2,4,4,1,0,0.0,0,6,2,95,53,0
18,110,0.0,55.0,136.0,85,4,4,1,5,3,5,1,4,136,0.0,0,5,2,169,110,0
7,0,0.0,0.0,0.0,124,85,2,0,5,1,2,0,10,0,0.0,0,2,2,37,36,0
16,92,0.0,46.0,136.0,4,4,1,1,5,2,1,0,0,136,0.0,0,1,1,92,92,0
1,58,0.0,29.0,136.0,85,4,5,1,0,1,1,0,0,136,0.0,0,5,2,93,58,0
11,0,0.0,0.0,0.0,58,58,1,0,2,1,8,8,0,0,0.0,0,1,1,52,52,0
5,0,0.0,0.0,0.0,95,95,1,0,1,2,2,0,0,0,0.0,0,1,1,35,35,0
9,0,0.0,0.0,0.0,82,82,0,0,2,3,0,0,1,0,0.0,0,1,1,37,37,0
19,0,0.0,0.0,0.0,124,92,3,0,3,2,4,1,3,0,0.0,0,3,2,111,67,0
9,0,0.0,0.0,0.0,124,85,2,0,2,4,0,0,1,0,0.0,0,2,2,34,32,0
13,0,0.0,0.0,0.0,124,47,5,0,3,2,4,1,1,0,0.0,0,5,3,54,39,0
19,0,0.0,0.0,0.0,106,85,4,0,3,2,4,4,3,0,0.0,0,4,2,147,68,0
15,0,0.0,0.0,0.0,95,95,1,0,4,1,3,1,0,0,0.0,0,1,1,45,45,0
9,0,0.0,0.0,0.0,95,43,3,0,2,2,3,3,0,0,0.0,0,3,1,57,41,0
9,0,0.0,0.0,0.0,124,50,4,0,2,1,5,3,1,0,0.0,0,4,2,50,31,0
23,0,0.0,0.0,0.0,47,47,1,0,6,2,8,11,6,0,0.0,0,1,1,71,71,0
25,5,-1.0,2.0,17.0,41,1,2,1,5,2,7,15,0,17,0.0,0,2,1,80,75,0
14,0,0.0,0.0,0.0,124,83,2,0,3,1,3,2,1,0,0.0,0,2,1,46,40,0
26,0,0.0,0.0,0.0,124,47,3,0,10,2,6,6,16,0,0.0,0,3,2,98,68,0
34,0,0.0,0.0,0.0,81,36,2,0,9,2,9,5,0,0,0.0,0,2,2,78,69,0
7,0,0.0,0.0,0.0,124,85,2,0,5,1,2,0,10,0,0.0,0,2,2,37,36,0
5,0,0.0,0.0,0.0,47,47,1,0,3,1,4,0,3,0,0.0,0,1,1,58,58,0
4,0,0.0,0.0,0.0,35,35,1,0,0,1,1,0,0,0,0.0,0,1,1,39,39,0
17,0,0.0,0.0,0.0,124,84,3,0,4,3,8,2,1,0,0.0,0,4,3,66,55,0
25,0,0.0,0.0,0.0,124,47,3,0,7,2,7,10,10,0,0.0,0,4,2,101,69,0
3,60,0.0,30.0,136.0,35,4,2,1,0,3,3,0,0,136,0.0,0,2,1,62,60,0
68,0,0.0,0.0,0.0,9,9,3,0,14,2,6,9,2,0,0.0,0,3,1,142,99,0
11,0,0.0,0.0,0.0,43,43,1,0,3,1,0,6,1,0,0.0,0,1,1,47,47,0
3,60,0.0,30.0,136.0,10,4,2,1,0,5,3,0,0,136,0.0,0,2,1,90,60,0
26,0,0.0,0.0,0.0,124,50,3,0,8,2,7,12,10,0,0.0,0,4,2,94,68,0
23,0,0.0,0.0,0.0,124,15,5,0,3,1,4,16,1,0,0.0,0,6,4,76,59,0
10,0,0.0,0.0,0.0,10,9,2,0,7,2,6,0,21,0,0.0,0,2,2,48,46,0
25,0,0.0,0.0,0.0,124,84,2,0,7,2,7,10,10,0,0.0,0,3,2,82,68,1
16,1,-1.0,0.0,17.0,124,1,8,1,5,2,10,6,10,17,0.0,0,11,3,223,88,0
21,0,0.0,0.0,0.0,124,41,12,0,6,2,7,10,15,0,0.0,0,14,4,226,64,0
25,0,0.0,0.0,0.0,81,36,2,0,7,2,9,4,2,0,0.0,0,2,2,63,54,0
7,0,0.0,0.0,0.0,124,124,1,0,1,4,3,2,0,0,0.0,0,1,1,32,32,0
25,0,0.0,0.0,0.0,124,10,5,0,5,2,4,15,0,0,0.0,0,5,3,87,63,0
4,0,0.0,0.0,0.0,9,9,2,0,0,1,0,0,0,0,0.0,0,2,1,53,35,0
6,0,0.0,0.0,0.0,90,80,5,0,4,1,4,0,6,0,0.0,0,6,4,103,47,0
18,110,0.0,55.0,136.0,85,4,4,1,5,3,5,1,4,136,0.0,0,5,2,169,110,0
7,0,0.0,0.0,0.0,124,41,7,0,1,3,2,1,0,0,0.0,0,11,4,123,54,0
30,0,0.0,0.0,0.0,77,36,1,0,2,4,11,5,0,0,0.0,0,6,3,109,97,0
29,0,0.0,0.0,0.0,124,79,5,0,8,1,5,6,0,0,0.0,0,6,4,90,66,0
18,0,0.0,0.0,0.0,75,71,2,0,6,1,0,5,1,0,0.0,0,2,1,67,61,0
3,0,0.0,0.0,0.0,95,60,1,0,1,1,1,0,0,0,0.0,0,2,1,28,26,0
11,102,0.0,51.0,136.0,83,4,4,1,6,1,2,0,1,136,0.0,0,5,2,181,102,0
9,224,0.0,112.0,136.0,85,4,12,1,7,1,14,0,21,136,0.0,0,13,3,491,224,0
23,0,0.0,0.0,0.0,11,11,1,0,7,5,7,6,1,0,0.0,0,1,1,68,68,0
21,0,0.0,0.0,0.0,9,9,2,0,6,1,1,2,1,0,0.0,0,2,1,49,31,0
11,0,0.0,0.0,0.0,40,40,1,0,4,1,6,7,0,0,0.0,0,1,1,50,50,0
13,0,0.0,0.0,0.0,124,83,2,0,3,1,3,2,1,0,0.0,0,3,3,45,43,0
21,0,0.0,0.0,0.0,81,35,5,0,6,1,7,6,0,0,0.0,0,5,3,89,63,0
12,0,0.0,0.0,0.0,124,97,2,0,3,1,4,1,0,0,0.0,0,3,1,57,39,0
1,64,0.0,32.0,136.0,85,4,6,1,0,1,1,0,0,136,0.0,0,6,3,110,64,0
28,0,0.0,0.0,0.0,124,10,7,0,6,2,7,16,0,0,0.0,0,8,3,122,72,0
12,0,0.0,0.0,0.0,124,81,7,0,3,2,4,4,3,0,0.0,0,9,4,89,44,0
21,0,0.0,0.0,0.0,124,10,9,0,5,2,4,11,0,0,0.0,0,9,4,125,61,0
7,0,0.0,0.0,0.0,124,47,3,0,5,1,4,0,10,0,0.0,0,3,2,43,38,0
52,192,0.0,96.0,136.0,4,4,1,1,16,5,3,14,16,136,0.0,0,1,1,192,192,0
9,0,0.0,0.0,0.0,124,34,2,0,1,4,5,5,0,0,0.0,0,3,1,48,41,0
9,0,0.0,0.0,0.0,84,84,1,0,2,4,0,0,1,0,0.0,0,1,1,35,35,0
12,0,0.0,0.0,0.0,82,79,2,0,3,2,3,0,3,0,0.0,0,3,1,230,138,0
12,0,0.0,0.0,0.0,124,37,4,0,10,1,4,0,45,0,0.0,0,4,2,64,53,0
48,0,0.0,0.0,0.0,124,10,15,0,12,2,10,13,28,0,0.0,0,15,3,217,68,0
12,0,0.0,0.0,0.0,37,37,1,0,0,1,2,0,0,0,0.0,0,1,1,47,47,0
6,0,0.0,0.0,0.0,47,47,1,0,4,1,4,0,6,0,0.0,0,1,1,35,35,0
4,0,0.0,0.0,0.0,9,9,2,0,0,1,0,0,0,0,0.0,0,2,1,68,50,0
17,0,0.0,0.0,0.0,10,10,1,0,4,3,8,2,1,0,0.0,0,1,1,62,62,0
3,0,0.0,0.0,0.0,35,35,1,0,0,3,1,0,0,0,0.0,0,1,1,25,25,0
1,78,0.0,39.0,136.0,85,4,6,1,0,1,1,0,0,136,0.0,0,8,3,131,78,0
5,0,0.0,0.0,0.0,124,47,3,0,3,1,2,0,3,0,0.0,0,3,2,46,36,0
14,3,-1.0,1.0,17.0,41,1,2,1,1,2,4,2,0,17,0.0,0,2,1,61,58,1
5,0,0.0,0.0,0.0,64,64,3,0,1,2,3,1,0,0,0.0,0,3,1,70,35,0
3,0,0.0,0.0,0.0,35,35,1,0,0,3,3,0,0,0,0.0,0,1,1,2,2,0
27,0,0.0,0.0,0.0,11,11,1,0,8,2,3,9,15,0,0.0,0,1,1,60,60,0
32,182,0.0,91.0,136.0,85,4,18,1,7,2,13,12,0,136,0.0,0,21,4,710,182,0
73,10,0.0,5.0,17.0,50,1,10,1,19,1,13,16,130,17,0.0,0,11,1,338,156,0
46,0,0.0,0.0,0.0,124,47,5,0,13,2,16,28,10,0,0.0,0,6,2,173,94,0
4,0,0.0,0.0,0.0,124,85,2,0,2,1,2,0,1,0,0.0,0,2,2,49,47,0
1,64,0.0,32.0,136.0,85,4,3,1,0,1,1,0,0,136,0.0,0,3,2,96,64,0
27,136,0.0,68.0,136.0,85,4,8,1,6,1,5,2,0,136,0.0,0,9,2,358,136,0
14,0,0.0,0.0,0.0,43,43,1,0,3,2,5,4,1,0,0.0,0,1,1,54,54,0
30,0,0.0,0.0,0.0,89,10,6,0,7,1,7,14,10,0,0.0,0,7,2,89,41,0
4,6,0.0,3.0,17.0,34,1,3,1,2,1,3,0,1,17,0.0,0,3,2,51,43,0
15,0,0.0,0.0,0.0,124,84,2,0,4,2,6,7,6,0,0.0,0,3,2,64,52,0
9,0,0.0,0.0,0.0,124,124,1,0,2,2,2,0,1,0,0.0,0,1,1,39,39,0
12,0,0.0,0.0,0.0,124,124,1,0,4,2,5,7,6,0,0.0,0,1,1,48,48,0
3,0,0.0,0.0,0.0,124,124,1,0,1,1,1,0,0,0,0.0,0,1,1,27,27,0
1,0,0.0,0.0,0.0,81,15,3,0,0,1,0,0,0,0,0.0,0,4,3,56,25,0
58,232,0.0,116.0,136.0,83,4,9,1,10,2,10,14,6,136,0.0,0,10,3,537,232,0
4,0,0.0,0.0,0.0,38,11,2,0,2,1,2,0,1,0,0.0,0,2,2,37,33,0
6,0,0.0,0.0,0.0,124,124,1,0,1,4,2,0,0,0,0.0,0,1,1,33,33,0
31,0,0.0,0.0,0.0,124,10,3,0,5,2,11,22,3,0,0.0,0,4,2,112,59,0
48,0,0.0,0.0,0.0,124,47,5,0,11,2,15,28,10,0,0.0,0,6,2,211,102,0
36,0,0.0,0.0,0.0,124,84,2,0,9,2,10,15,15,0,0.0,0,3,2,98,86,0
9,0,0.0,0.0,0.0,124,85,3,0,2,4,0,0,1,0,0.0,0,3,3,36,32,0
9,0,0.0,0.0,0.0,43,34,3,0,2,3,0,0,1,0,0.0,0,3,2,59,31,0
3,0,0.0,0.0,0.0,76,76,1,0,1,1,2,0,0,0,0.0,0,1,1,36,36,0
20,0,0.0,0.0,0.0,124,47,5,0,5,3,6,2,2,0,0.0,0,6,3,114,69,0
25,3,1.0,2.0,42.0,43,8,2,1,6,5,13,12,1,42,0.0,0,2,2,73,70,0
3,60,0.0,30.0,136.0,35,4,2,1,0,3,3,0,0,136,0.0,0,2,1,62,60,0
11,0,0.0,0.0,0.0,124,43,4,0,2,4,0,0,0,0,0.0,0,5,2,60,51,0
27,0,0.0,0.0,0.0,124,65,5,0,1,4,9,6,0,0,0.0,0,9,4,97,70,0
13,92,0.0,46.0,136.0,85,4,7,1,4,3,4,1,0,136,0.0,0,8,2,254,92,0
8,0,0.0,0.0,0.0,47,40,3,0,2,1,2,0,1,0,0.0,0,3,1,170,66,0
1,62,0.0,31.0,136.0,85,4,9,1,0,1,1,0,0,136,0.0,0,11,4,121,62,0
3,60,0.0,30.0,136.0,35,4,2,1,0,3,3,0,0,136,0.0,0,2,1,62,60,0
9,0,0.0,0.0,0.0,124,85,2,0,7,1,3,0,21,0,0.0,0,2,2,42,41,0
7,108,0.0,54.0,136.0,12,4,2,1,0,1,1,0,0,136,0.0,0,2,2,162,108,0
17,0,0.0,0.0,0.0,124,9,13,0,1,1,10,6,0,0,0.0,0,14,4,366,108,0
17,59,25.5,27.5,13.0,3,1,1,1,3,1,5,5,1,17,0.5255,0,2,2,59,52,0
16,0,0.0,0.0,0.0,10,10,1,0,2,3,7,1,1,0,0.0,0,1,1,51,51,0
5,94,0.0,47.0,136.0,12,4,2,1,0,1,1,0,0,136,0.0,0,2,2,141,94,0
22,0,0.0,0.0,0.0,124,41,5,0,5,1,8,8,0,0,0.0,0,6,2,127,77,0
7,0,0.0,0.0,0.0,124,10,3,0,5,1,3,0,10,0,0.0,0,3,2,53,36,0
97,0,0.0,0.0,0.0,124,10,22,0,26,2,13,35,124,0,0.0,0,24,6,544,96,0
6,0,0.0,0.0,0.0,124,45,2,0,1,2,1,0,0,0,0.0,0,2,1,32,30,0
10,0,0.0,0.0,0.0,0,0,0,0,2,1,4,3,1,0,0.0,0,0,0,0,0,0
91,0,0.0,0.0,0.0,47,47,1,0,19,1,9,31,21,0,0.0,0,1,1,187,187,0
6,0,0.0,0.0,0.0,90,85,1,0,1,2,2,1,0,0,0.0,0,2,2,36,34,0
20,0,0.0,0.0,0.0,124,36,3,0,4,1,6,0,1,0,0.0,0,5,2,114,66,0
83,0,0.0,0.0,0.0,89,10,13,0,5,3,8,3,6,0,0.0,0,16,5,378,154,0
4,0,0.0,0.0,0.0,44,36,2,0,0,1,1,0,0,0,0.0,0,2,2,51,39,0
6,0,0.0,0.0,0.0,50,50,1,0,1,4,0,0,0,0,0.0,0,1,1,28,28,0
11,0,0.0,0.0,0.0,124,36,3,0,5,3,5,9,0,0,0.0,0,5,4,143,82,0
35,0,0.0,0.0,0.0,124,58,5,0,7,2,11,12,10,0,0.0,0,6,3,117,93,0
14,0,0.0,0.0,0.0,124,41,3,0,3,4,0,1,1,0,0.0,0,3,2,52,40,0
19,29,7.5,11.0,8.0,9,4,4,2,4,2,2,2,4,10,0.5788,0,4,1,63,25,0
5,0,0.0,0.0,0.0,86,79,3,0,3,1,0,0,3,0,0.0,0,3,3,30,24,0
8,0,0.0,0.0,0.0,21,21,0,0,2,2,0,0,1,0,0.0,0,1,1,36,36,0
18,0,0.0,0.0,0.0,124,10,10,0,5,2,7,7,10,0,0.0,0,10,3,163,66,0
33,0,0.0,0.0,0.0,124,37,5,0,10,2,9,16,21,0,0.0,0,6,2,108,85,0
5,86,0.0,43.0,136.0,85,4,5,1,0,1,1,0,0,136,0.0,0,5,2,135,86,0
38,0,0.0,0.0,0.0,124,84,3,0,12,2,8,16,28,0,0.0,0,4,2,118,100,0
45,0,0.0,0.0,0.0,89,10,7,0,11,2,8,10,0,0,0.0,0,9,5,167,96,0
7,6,4.0,5.0,42.0,43,8,4,1,5,1,17,0,10,42,0.0,0,4,2,148,66,0
21,0,0.0,0.0,0.0,9,9,2,0,6,1,1,2,1,0,0.0,0,2,1,49,31,0
16,0,0.0,0.0,0.0,124,85,5,0,4,2,7,4,1,0,0.0,0,5,3,75,48,0
6,0,0.0,0.0,0.0,94,84,3,0,4,1,4,0,6,0,0.0,0,3,3,84,78,0
99,0,0.0,0.0,0.0,11,10,2,0,2,4,9,2,1,0,0.0,0,2,2,188,186,0
21,154,0.0,77.0,136.0,84,4,13,1,5,2,9,12,0,136,0.0,0,15,4,596,170,0
11,0,0.0,0.0,0.0,34,9,5,0,9,1,5,0,36,0,0.0,0,5,2,261,90,0
21,0,0.0,0.0,0.0,84,40,12,0,5,2,8,13,0,0,0.0,0,12,3,189,91,0
42,0,0.0,0.0,0.0,47,47,1,0,10,1,10,16,0,0,0.0,0,1,1,94,94,0
12,0,0.0,0.0,0.0,10,10,1,0,2,2,5,1,1,0,0.0,0,1,1,46,46,0
36,0,0.0,0.0,0.0,40,40,1,0,14,1,4,16,6,0,0.0,0,1,1,70,70,0
6,0,0.0,0.0,0.0,124,85,2,0,4,1,2,0,6,0,0.0,0,2,2,35,34,0
14,0,0.0,0.0,0.0,77,48,2,0,2,2,6,5,0,0,0.0,0,3,2,47,34,0
14,0,0.0,0.0,0.0,11,11,1,0,3,3,5,2,0,0,0.0,0,1,1,56,56,0
17,51,51.0,51.0,9.0,3,3,0,0,5,1,1,3,1,9,0.0,0,1,1,51,51,0
3,0,0.0,0.0,0.0,41,41,2,0,0,3,1,0,0,0,0.0,0,2,1,41,33,0
10,0,0.0,0.0,0.0,37,35,2,0,0,1,0,1,0,0,0.0,0,2,1,20,16,0
4,0,0.0,0.0,0.0,47,47,1,0,2,1,1,0,1,0,0.0,0,1,1,33,33,0
16,0,0.0,0.0,0.0,76,64,1,0,3,2,2,2,0,0,0.0,0,4,3,73,44,0
15,116,0.0,58.0,136.0,85,4,12,1,3,3,8,4,0,136,0.0,0,14,3,278,116,0
13,0,0.0,0.0,0.0,59,59,1,0,2,4,3,3,0,0,0.0,0,1,1,37,37,0
19,0,0.0,0.0,0.0,34,9,7,0,2,1,16,1,0,0,0.0,0,7,2,196,77,0
7,0,0.0,0.0,0.0,124,50,3,0,5,1,3,0,10,0,0.0,0,3,2,44,37,0
38,8,6.0,7.0,18.0,95,5,3,1,19,2,7,7,64,18,0.0,0,4,3,104,89,0
11,0,0.0,0.0,0.0,124,9,7,0,9,1,8,0,36,0,0.0,0,7,3,63,45,0
11,0,0.0,0.0,0.0,47,47,1,0,5,2,6,0,10,0,0.0,0,1,1,47,47,0
17,0,0.0,0.0,0.0,77,77,1,0,5,2,8,4,10,0,0.0,0,1,1,59,59,0
15,0,0.0,0.0,0.0,0,0,0,0,3,2,7,0,1,0,0.0,0,0,0,0,0,0
48,0,0.0,0.0,0.0,124,47,6,0,11,2,15,28,10,0,0.0,0,7,2,213,101,0
12,0,0.0,0.0,0.0,48,48,1,0,3,2,3,0,3,0,0.0,0,1,1,33,33,0
9,2,-2.0,0.0,42.0,10,8,2,1,7,3,5,0,21,42,0.0,0,2,2,47,45,0
36,0,0.0,0.0,0.0,44,44,1,0,11,2,5,7,55,0,0.0,0,1,1,101,101,0
17,0,0.0,0.0,0.0,0,0,0,0,5,1,1,2,0,0,0.0,0,0,0,0,0,0
28,0,0.0,0.0,0.0,81,10,3,0,7,1,1,3,15,0,0.0,0,5,3,131,73,0
56,0,0.0,0.0,0.0,124,50,7,0,14,2,3,25,0,0,0.0,0,7,3,172,92,0
9,0,0.0,0.0,0.0,84,80,2,0,2,4,0,0,1,0,0.0,0,2,2,52,43,0
14,0,0.0,0.0,0.0,37,37,2,0,4,1,1,4,0,0,0.0,0,2,1,47,41,0
20,0,0.0,0.0,0.0,80,9,4,0,18,1,12,0,153,0,0.0,0,4,2,244,199,0
20,0,0.0,0.0,0.0,44,44,1,0,4,1,2,0,0,0,0.0,0,1,1,55,55,0
4,0,0.0,0.0,0.0,97,85,3,0,2,1,3,0,1,0,0.0,0,3,3,90,30,0
9,90,0.0,45.0,136.0,85,4,7,1,2,2,6,3,0,136,0.0,0,7,3,259,90,0
8,0,0.0,0.0,0.0,44,36,2,0,6,2,2,0,15,0,0.0,0,2,2,37,31,0
7,0,0.0,0.0,0.0,124,85,2,0,5,1,2,0,10,0,0.0,0,2,2,37,36,0
12,0,0.0,0.0,0.0,10,10,1,0,5,1,8,9,0,0,0.0,0,1,1,67,67,0
4,0,0.0,0.0,0.0,90,80,3,0,2,1,1,0,1,0,0.0,0,4,3,55,31,0
59,250,0.0,125.0,136.0,84,4,15,1,19,2,14,20,0,136,0.0,0,18,4,677,250,0
24,0,0.0,0.0,0.0,83,83,0,0,4,2,5,0,6,0,0.0,0,1,1,59,59,0
3,60,0.0,30.0,136.0,35,4,2,1,0,3,3,0,0,136,0.0,0,2,1,64,60,0
49,7,-1.0,3.0,17.0,124,1,4,1,14,2,13,25,36,17,0.0,0,7,2,175,109,0
5,0,0.0,0.0,0.0,124,47,2,0,2,2,2,0,1,0,0.0,0,2,1,32,28,0
10,0,0.0,0.0,0.0,124,34,4,0,8,1,6,0,28,0,0.0,0,4,2,62,44,0
1,0,0.0,0.0,0.0,42,42,1,0,0,1,0,0,0,0,0.0,0,1,1,29,29,0
39,0,0.0,0.0,0.0,124,10,3,0,8,2,12,15,10,0,0.0,0,4,2,159,75,0
22,138,0.0,69.0,136.0,85,4,5,1,6,3,8,1,8,136,0.0,0,6,2,211,138,0
6,0,0.0,0.0,0.0,41,41,1,0,1,2,1,1,0,0,0.0,0,1,1,32,32,0
8,0,0.0,0.0,0.0,124,85,2,0,6,1,3,0,15,0,0.0,0,2,2,40,39,0
5,0,0.0,0.0,0.0,9,9,2,0,3,1,1,1,0,0,0.0,0,2,1,28,18,0
24,0,0.0,0.0,0.0,124,10,8,0,5,2,4,12,0,0,0.0,0,8,3,185,75,0
26,0,0.0,0.0,0.0,83,76,2,0,3,1,3,4,3,0,0.0,0,3,2,83,55,0
3,60,0.0,30.0,136.0,34,4,2,1,0,3,3,0,0,136,0.0,0,2,2,90,60,0
3,0,0.0,0.0,0.0,64,64,2,0,1,1,1,0,0,0,0.0,0,2,1,58,29,0
38,0,0.0,0.0,0.0,85,12,7,0,7,2,11,14,0,0,0.0,0,8,4,183,77,0
5,0,0.0,0.0,0.0,95,43,3,0,1,2,2,1,0,0,0.0,0,3,1,41,31,0
7,0,0.0,0.0,0.0,124,47,3,0,5,1,4,0,10,0,0.0,0,4,2,50,38,0
32,0,0.0,0.0,0.0,97,17,6,0,3,4,11,5,1,0,0.0,0,9,5,132,84,0
11,0,0.0,0.0,0.0,97,9,10,0,9,1,7,0,36,0,0.0,0,10,5,489,99,0
46,0,0.0,0.0,0.0,124,12,5,0,16,2,8,18,55,0,0.0,0,8,3,141,99,0
10,0,0.0,0.0,0.0,58,58,1,0,5,2,5,8,0,0,0.0,0,1,1,67,67,0
13,0,0.0,0.0,0.0,97,64,4,0,5,2,5,2,1,0,0.0,0,4,1,57,53,0
8,68,0.0,34.0,136.0,10,4,2,1,2,3,2,0,1,136,0.0,0,2,1,102,68,0
13,84,0.0,42.0,136.0,4,4,1,1,4,2,1,0,0,136,0.0,0,1,1,84,84,0
27,4,0.0,2.0,42.0,43,8,8,1,6,2,10,14,0,42,0.0,0,8,2,120,75,0
11,0,0.0,0.0,0.0,94,41,11,0,9,1,3,0,36,0,0.0,0,11,5,162,103,0
7,0,0.0,0.0,0.0,77,77,1,0,1,2,3,1,0,0,0.0,0,1,1,34,34,0
14,0,0.0,0.0,0.0,124,85,4,0,3,2,6,6,1,0,0.0,0,5,3,72,56,0
12,0,0.0,0.0,0.0,90,83,2,0,3,2,4,1,3,0,0.0,0,3,2,45,43,0
3,60,0.0,30.0,136.0,35,4,2,1,0,3,3,0,0,136,0.0,0,2,1,62,60,0
12,0,0.0,0.0,0.0,76,76,0,0,3,2,2,0,3,0,0.0,0,1,1,45,45,0
10,78,0.0,39.0,136.0,85,4,6,1,2,3,3,0,0,136,0.0,0,6,2,131,78,0
10,0,0.0,0.0,0.0,124,9,8,0,7,2,10,9,0,0,0.0,0,9,4,248,115,0
25,0,0.0,0.0,0.0,124,47,3,0,7,2,7,10,10,0,0.0,0,4,2,97,69,0
8,0,0.0,0.0,0.0,98,42,5,0,4,1,3,0,6,0,0.0,0,6,2,110,62,0
13,108,0.0,54.0,136.0,85,4,8,1,3,1,1,0,0,136,0.0,0,10,3,193,108,0
34,172,0.0,86.0,136.0,85,4,12,1,8,4,7,4,9,136,0.0,0,15,4,584,172,0
3,0,0.0,0.0,0.0,86,85,1,0,1,1,1,0,0,0,0.0,0,2,2,30,26,0
8,0,0.0,0.0,0.0,10,10,1,0,1,1,6,2,0,0,0.0,0,1,1,45,45,0
127,0,0.0,0.0,0.0,11,10,2,0,2,4,9,2,1,0,0.0,0,2,2,230,228,0
11,144,0.0,72.0,136.0,85,4,9,1,3,1,1,0,0,136,0.0,0,9,3,236,144,0
9,0,0.0,0.0,0.0,124,37,3,0,7,1,3,0,21,0,0.0,0,3,2,44,40,0
4,0,0.0,0.0,0.0,95,43,2,0,1,2,2,0,0,0,0.0,0,2,1,35,28,0
3,60,0.0,30.0,136.0,35,4,2,1,0,3,3,0,0,136,0.0,0,2,1,62,60,0
39,0,0.0,0.0,0.0,41,17,5,0,2,4,10,8,0,0,0.0,0,5,2,109,87,0
12,14,4.0,9.0,42.0,95,8,7,1,10,1,5,0,45,42,0.0,0,8,5,359,228,0
18,0,0.0,0.0,0.0,124,47,3,0,5,2,5,6,3,0,0.0,0,4,2,93,66,0
14,0,0.0,0.0,0.0,124,83,2,0,5,1,3,4,4,0,0.0,0,3,3,54,50,0
10,0,0.0,0.0,0.0,124,85,2,0,8,1,3,0,28,0,0.0,0,3,2,44,41,0
38,0,0.0,0.0,0.0,124,80,5,0,9,2,10,16,4,0,0.0,0,6,3,115,88,0
10,80,0.0,40.0,136.0,85,4,5,1,2,3,3,0,0,136,0.0,0,5,2,132,80,0
6,0,0.0,0.0,0.0,128,128,1,0,4,1,1,0,6,0,0.0,0,1,1,32,32,0
3,0,0.0,0.0,0.0,39,8,2,0,0,3,3,0,0,0,0.0,0,2,1,62,60,0
14,0,0.0,0.0,0.0,13,13,1,0,3,2,5,6,1,0,0.0,0,1,1,50,50,0
17,0,0.0,0.0,0.0,62,43,4,0,4,2,4,9,1,0,0.0,0,5,1,105,48,0
8,0,0.0,0.0,0.0,98,14,3,0,1,2,7,8,0,0,0.0,0,3,1,58,37,0
20,0,0.0,0.0,0.0,128,51,4,0,5,3,6,2,2,0,0.0,0,5,3,93,59,0
7,0,0.0,0.0,0.0,14,14,1,0,5,1,5,0,10,0,0.0,0,1,1,81,81,0
37,0,0.0,0.0,0.0,8,8,1,0,10,1,5,7,8,0,0.0,0,1,1,42,42,0
42,0,0.0,0.0,0.0,128,14,3,0,11,1,2,4,23,0,0.0,0,5,2,109,89,1
25,70,70.0,70.0,61.0,2,2,1,1,6,2,9,11,6,61,0.0,0,1,1,70,70,0
16,0,0.0,0.0,0.0,128,47,6,0,3,2,7,5,3,0,0.0,0,7,4,79,45,0
67,0,0.0,0.0,0.0,128,4,7,0,6,4,7,8,6,0,0.0,0,12,6,181,94,0
17,0,0.0,0.0,0.0,81,80,1,0,4,2,10,1,0,0,0.0,0,2,2,80,62,0
32,0,0.0,0.0,0.0,8,5,2,0,6,2,8,6,4,0,0.0,0,2,1,86,84,0
15,0,0.0,0.0,0.0,98,87,5,0,5,1,9,4,8,0,0.0,0,5,4,73,63,0
14,0,0.0,0.0,0.0,98,47,4,0,3,2,7,7,0,0,0.0,0,4,2,75,42,0
17,0,0.0,0.0,0.0,62,48,2,0,4,3,8,5,3,0,0.0,0,2,1,66,62,0
15,0,0.0,0.0,0.0,128,15,5,0,4,2,2,1,6,0,0.0,0,5,3,56,33,0
4,0,0.0,0.0,0.0,128,84,2,0,2,1,0,0,1,0,0.0,0,3,2,44,31,0
18,51,51.0,51.0,35.0,1,1,1,1,5,2,4,7,10,35,0.0,0,1,1,51,51,0
30,0,0.0,0.0,0.0,8,5,2,0,7,1,7,6,17,0,0.0,0,2,1,92,86,0
14,0,0.0,0.0,0.0,47,47,1,0,1,2,2,1,0,0,0.0,0,1,1,47,47,0
9,0,0.0,0.0,0.0,128,89,2,0,2,4,0,0,1,0,0.0,0,2,2,34,32,0
17,0,0.0,0.0,0.0,98,88,2,0,5,3,6,2,1,0,0.0,0,3,2,59,56,0
9,0,0.0,0.0,0.0,83,83,1,0,2,1,2,2,1,0,0.0,0,1,1,44,44,0
3,0,0.0,0.0,0.0,45,45,1,0,0,2,1,0,0,0,0.0,0,1,1,27,27,0
27,0,0.0,0.0,0.0,128,14,5,0,5,2,5,12,0,0,0.0,0,5,3,101,71,0
8,0,0.0,0.0,0.0,128,62,6,0,1,4,3,5,0,0,0.0,0,6,3,74,41,0
27,0,0.0,0.0,0.0,13,13,1,0,6,1,6,9,0,0,0.0,0,1,1,69,69,0
52,0,0.0,0.0,0.0,18,8,2,0,15,4,3,10,48,0,0.0,0,2,1,198,194,0
11,0,0.0,0.0,0.0,101,14,5,0,3,2,4,7,0,0,0.0,0,5,3,70,48,0
40,0,0.0,0.0,0.0,89,83,3,0,11,1,11,10,0,0,0.0,0,3,3,110,59,0
18,0,0.0,0.0,0.0,88,8,4,0,5,3,5,1,4,0,0.0,0,5,2,169,110,0
13,0,0.0,0.0,0.0,128,51,5,0,3,2,4,1,1,0,0.0,0,5,3,54,39,0
19,0,0.0,0.0,0.0,110,89,4,0,3,2,4,4,3,0,0.0,0,4,2,147,68,0
9,0,0.0,0.0,0.0,128,54,4,0,2,1,5,3,1,0,0.0,0,4,2,50,31,0
25,0,0.0,0.0,0.0,45,5,2,0,5,2,7,15,0,0,0.0,0,2,1,80,75,0
7,0,0.0,0.0,0.0,128,88,2,0,5,1,2,0,10,0,0.0,0,2,2,37,36,0
5,0,0.0,0.0,0.0,50,50,1,0,3,1,4,0,3,0,0.0,0,1,1,58,58,0
4,0,0.0,0.0,0.0,39,39,1,0,0,1,1,0,0,0,0.0,0,1,1,39,39,0
25,0,0.0,0.0,0.0,128,51,3,0,7,2,8,10,10,0,0.0,0,4,2,101,69,0
26,0,0.0,0.0,0.0,128,54,3,0,8,2,7,12,10,0,0.0,0,4,2,94,68,0
23,6,0.0,3.0,61.0,128,2,6,1,3,1,4,16,1,61,0.0,0,7,4,82,59,0
10,0,0.0,0.0,0.0,14,13,2,0,7,2,6,0,21,0,0.0,0,2,2,48,46,0
25,0,0.0,0.0,0.0,84,39,2,0,7,2,9,4,2,0,0.0,0,2,2,63,54,0
6,35,35.0,35.0,61.0,2,2,1,1,4,1,2,0,6,61,0.0,0,1,1,35,35,0
25,0,0.0,0.0,0.0,128,14,5,0,5,2,5,15,0,0,0.0,0,5,3,87,63,0
4,0,0.0,0.0,0.0,13,13,2,0,0,1,0,0,0,0,0.0,0,2,1,53,35,0
18,0,0.0,0.0,0.0,88,8,4,0,5,3,5,1,4,0,0.0,0,5,2,169,110,0
18,0,0.0,0.0,0.0,79,75,2,0,6,1,0,5,1,0,0.0,0,2,1,67,61,0
23,0,0.0,0.0,0.0,15,15,1,0,7,5,7,6,1,0,0.0,0,1,1,68,68,0
21,0,0.0,0.0,0.0,13,13,2,0,6,1,1,2,1,0,0.0,0,2,1,49,31,0
21,0,0.0,0.0,0.0,85,39,5,0,6,1,7,6,0,0,0.0,0,5,3,89,63,0
12,0,0.0,0.0,0.0,128,101,2,0,3,1,4,1,0,0,0.0,0,3,1,57,39,0
7,0,0.0,0.0,0.0,128,51,3,0,5,1,4,0,10,0,0.0,0,3,2,43,38,0
9,0,0.0,0.0,0.0,128,38,2,0,1,4,5,5,0,0,0.0,0,3,1,48,41,0
9,0,0.0,0.0,0.0,87,87,1,0,2,4,0,0,1,0,0.0,0,1,1,35,35,0
12,0,0.0,0.0,0.0,86,83,2,0,3,2,3,0,3,0,0.0,0,3,1,230,138,0
3,0,0.0,0.0,0.0,39,39,1,0,0,3,1,0,0,0,0.0,0,1,1,25,25,0
1,0,0.0,0.0,0.0,88,8,6,0,0,1,1,0,0,0,0.0,0,8,3,131,78,0
3,0,0.0,0.0,0.0,39,39,1,0,0,3,3,0,0,0,0.0,0,1,1,2,2,0
32,0,0.0,0.0,0.0,89,8,18,0,7,2,13,12,0,0,0.0,0,21,4,710,182,0
4,0,0.0,0.0,0.0,128,88,2,0,2,1,2,0,1,0,0.0,0,2,2,49,47,0
1,0,0.0,0.0,0.0,88,8,3,0,0,1,1,0,0,0,0.0,0,3,2,96,64,0
14,0,0.0,0.0,0.0,47,47,1,0,3,2,5,4,1,0,0.0,0,1,1,54,54,0
4,0,0.0,0.0,0.0,38,5,3,0,2,1,3,0,1,0,0.0,0,3,2,51,43,0
12,0,0.0,0.0,0.0,128,128,1,0,4,2,5,7,6,0,0.0,0,1,1,48,48,0
3,0,0.0,0.0,0.0,128,128,1,0,1,1,1,0,0,0,0.0,0,1,1,27,27,0
4,0,0.0,0.0,0.0,41,15,2,0,2,1,2,0,1,0,0.0,0,2,2,37,33,0
3,0,0.0,0.0,0.0,80,80,1,0,1,1,2,0,0,0,0.0,0,1,1,36,36,0
25,1,-1.0,0.0,7.0,47,1,3,1,6,5,13,12,1,7,0.0,0,3,2,74,70,0
3,0,0.0,0.0,0.0,39,8,2,0,0,3,3,0,0,0,0.0,0,2,1,62,60,0
11,0,0.0,0.0,0.0,128,46,4,0,2,4,0,0,0,0,0.0,0,5,2,60,51,0
1,0,0.0,0.0,0.0,88,8,9,0,0,1,1,0,0,0,0.0,0,11,4,121,62,0
3,0,0.0,0.0,0.0,39,8,2,0,0,3,3,0,0,0,0.0,0,2,1,62,60,0
7,0,0.0,0.0,0.0,16,8,2,0,0,1,1,0,0,0,0.0,0,2,2,162,108,0
17,0,0.0,0.0,0.0,128,13,13,0,1,1,10,5,0,0,0.0,0,14,4,366,108,0
17,0,0.0,0.0,0.0,7,5,1,0,3,1,5,5,1,0,0.0,0,2,2,59,52,0
5,0,0.0,0.0,0.0,16,8,2,0,0,1,1,0,0,0,0.0,0,2,2,141,94,0
6,0,0.0,0.0,0.0,128,48,2,0,1,2,1,0,0,0,0.0,0,2,1,32,30,0
10,0,0.0,0.0,0.0,0,0,0,0,2,1,4,3,1,0,0.0,0,0,0,0,0,0
24,73,73.0,73.0,61.0,2,2,1,1,6,2,8,14,0,61,0.0,0,1,1,73,73,0
20,0,0.0,0.0,0.0,128,40,3,0,4,1,6,0,1,0,0.0,0,5,2,114,66,0
6,0,0.0,0.0,0.0,54,54,1,0,1,4,0,0,0,0,0.0,0,1,1,28,28,0
35,0,0.0,0.0,0.0,128,62,5,0,7,2,11,12,10,0,0.0,0,6,3,117,93,0
14,0,0.0,0.0,0.0,128,45,3,0,3,4,0,1,1,0,0.0,0,3,2,52,40,0
5,0,0.0,0.0,0.0,89,83,3,0,3,1,0,0,3,0,0.0,0,3,3,30,24,0
21,9,9.0,9.0,35.0,128,1,11,1,6,2,9,9,15,35,0.0,0,11,3,172,66,1
8,110,110.0,110.0,61.0,2,2,1,1,6,1,14,0,15,61,0.0,0,1,1,110,110,0
5,0,0.0,0.0,0.0,88,8,5,0,0,1,1,0,0,0,0.0,0,5,2,135,86,0
9,31,27.0,29.0,61.0,47,2,5,1,7,1,17,0,21,61,0.0,0,5,2,179,66,0
21,0,0.0,0.0,0.0,13,13,2,0,6,1,1,2,1,0,0.0,0,2,1,49,31,0
16,0,0.0,0.0,0.0,128,88,5,0,4,2,7,4,1,0,0.0,0,5,3,75,48,0
4,58,58.0,58.0,11.0,0,0,1,1,0,1,0,0,0,11,0.0,0,1,1,58,58,0
21,6,0.0,3.0,61.0,88,2,14,1,5,2,9,12,0,61,0.0,0,16,4,602,170,0
21,6,0.0,3.0,61.0,88,2,13,1,5,2,8,13,0,61,0.0,0,13,3,195,91,0
12,0,0.0,0.0,0.0,13,13,1,0,2,2,5,1,1,0,0.0,0,1,1,46,46,0
6,0,0.0,0.0,0.0,128,88,2,0,4,1,2,0,6,0,0.0,0,2,2,35,34,0
14,0,0.0,0.0,0.0,81,51,2,0,2,2,6,5,0,0,0.0,0,3,2,47,34,0
14,65,65.0,65.0,61.0,2,2,1,1,2,2,6,5,0,61,0.0,0,1,1,65,65,0
14,0,0.0,0.0,0.0,15,15,1,0,3,3,5,2,0,0,0.0,0,1,1,56,56,0
17,0,0.0,0.0,0.0,7,7,0,0,5,1,1,3,1,0,0.0,0,1,1,51,51,0
10,0,0.0,0.0,0.0,41,39,2,0,0,1,0,1,0,0,0.0,0,2,1,20,16,0
4,0,0.0,0.0,0.0,50,50,1,0,2,1,1,0,1,0,0.0,0,1,1,33,33,0
15,0,0.0,0.0,0.0,88,8,12,0,3,3,8,4,0,0,0.0,0,14,3,278,116,0
13,0,0.0,0.0,0.0,63,63,1,0,2,4,3,3,0,0,0.0,0,1,1,37,37,0
19,0,0.0,0.0,0.0,38,13,7,0,2,1,16,1,0,0,0.0,0,7,2,196,77,0
7,0,0.0,0.0,0.0,128,54,3,0,5,1,3,0,10,0,0.0,0,3,2,44,37,0
38,0,0.0,0.0,0.0,98,9,3,0,19,2,7,7,64,0,0.0,0,4,3,104,89,0
15,0,0.0,0.0,0.0,0,0,0,0,3,2,7,0,1,0,0.0,0,0,0,0,0,0
36,0,0.0,0.0,0.0,48,48,1,0,11,2,5,7,55,0,0.0,0,1,1,101,101,0
17,0,0.0,0.0,0.0,0,0,0,0,5,1,1,2,0,0,0.0,0,0,0,0,0,0
28,0,0.0,0.0,0.0,85,14,3,0,7,1,1,3,15,0,0.0,0,5,3,131,73,0
14,0,0.0,0.0,0.0,41,41,2,0,4,1,1,4,0,0,0.0,0,2,1,47,41,0
20,0,0.0,0.0,0.0,84,13,4,0,18,1,12,0,153,0,0.0,0,4,2,244,199,0
20,0,0.0,0.0,0.0,48,48,1,0,4,1,2,0,0,0,0.0,0,1,1,55,55,0
4,0,0.0,0.0,0.0,101,89,3,0,2,1,3,0,1,0,0.0,0,3,3,90,30,0
9,0,0.0,0.0,0.0,89,8,7,0,2,2,6,3,0,0,0.0,0,7,3,259,90,0
12,0,0.0,0.0,0.0,13,13,1,0,5,1,8,9,0,0,0.0,0,1,1,67,67,0
4,0,0.0,0.0,0.0,93,84,3,0,2,1,1,0,1,0,0.0,0,4,3,55,31,0
24,0,0.0,0.0,0.0,87,87,0,0,4,2,5,0,6,0,0.0,0,1,1,59,59,0
3,0,0.0,0.0,0.0,39,8,2,0,0,3,3,0,0,0,0.0,0,2,1,64,60,0
49,0,0.0,0.0,0.0,128,5,4,0,14,2,13,25,36,0,0.0,0,7,2,175,109,0
5,0,0.0,0.0,0.0,128,51,2,0,2,3,2,0,1,0,0.0,0,2,1,32,28,0
10,0,0.0,0.0,0.0,128,38,4,0,8,1,6,0,28,0,0.0,0,4,2,62,44,0
3,0,0.0,0.0,0.0,38,8,2,0,0,3,3,0,0,0,0.0,0,2,2,90,60,0
5,0,0.0,0.0,0.0,98,47,3,0,1,2,2,1,0,0,0.0,0,3,1,41,31,0
32,0,0.0,0.0,0.0,100,21,6,0,3,4,11,5,1,0,0.0,0,9,5,132,84,0
11,0,0.0,0.0,0.0,101,13,10,0,9,1,7,0,36,0,0.0,0,10,5,489,99,0
13,0,0.0,0.0,0.0,101,68,4,0,5,2,5,2,1,0,0.0,0,4,1,57,53,0
13,0,0.0,0.0,0.0,8,8,1,0,4,2,1,0,0,0,0.0,0,1,1,84,84,0
13,47,47.0,47.0,61.0,2,2,1,1,2,2,4,6,0,61,0.0,0,1,1,47,47,0
43,27,11.5,12.5,48.0,47,1,10,2,10,2,10,18,0,61,0.3809,0,10,2,147,75,0
7,0,0.0,0.0,0.0,81,81,1,0,1,2,3,1,0,0,0.0,0,1,1,34,34,0
14,0,0.0,0.0,0.0,128,88,4,0,3,2,6,6,1,0,0.0,0,5,3,72,56,0
12,0,0.0,0.0,0.0,93,87,2,0,3,2,4,1,3,0,0.0,0,3,2,45,43,0
3,0,0.0,0.0,0.0,39,8,2,0,0,3,3,0,0,0,0.0,0,2,1,62,60,0
10,0,0.0,0.0,0.0,88,8,6,0,2,3,3,0,0,0,0.0,0,6,2,131,78,0
10,0,0.0,0.0,0.0,128,13,8,0,7,2,10,9,0,0,0.0,0,9,4,248,115,0
8,0,0.0,0.0,0.0,101,46,5,0,4,1,3,0,6,0,0.0,0,6,2,110,62,0
13,0,0.0,0.0,0.0,88,8,8,0,3,1,1,0,0,0,0.0,0,10,3,193,108,0
3,0,0.0,0.0,0.0,89,89,1,0,1,1,1,0,0,0,0.0,0,2,2,30,26,0
8,0,0.0,0.0,0.0,13,13,1,0,1,1,6,2,0,0,0.0,0,1,1,45,45,0
39,0,0.0,0.0,0.0,45,21,5,0,2,4,10,8,0,0,0.0,0,5,2,109,87,0
38,0,0.0,0.0,0.0,128,84,5,0,9,2,10,16,4,0,0.0,0,6,3,115,88,0
10,0,0.0,0.0,0.0,88,8,5,0,2,3,3,0,0,0,0.0,0,5,2,132,80,0
17,0,0.0,0.0,0.0,128,88,3,0,4,3,8,2,1,0,0.0,0,4,3,66,55,0
9,0,0.0,0.0,0.0,88,8,11,0,7,1,17,0,21,0,0.0,0,13,3,547,256,0
7,0,0.0,0.0,0.0,128,51,3,0,5,1,4,0,10,0,0.0,0,4,2,44,38,0
4,0,0.0,0.0,0.0,41,41,1,0,2,1,2,0,1,0,0.0,0,1,1,29,29,0
17,0,0.0,0.0,0.0,98,88,3,0,5,3,6,2,1,0,0.0,0,4,2,59,56,0
1,0,0.0,0.0,0.0,88,8,5,0,0,1,1,0,0,0,0.0,0,7,3,109,62,0
6,0,0.0,0.0,0.0,128,88,2,0,4,1,2,0,6,0,0.0,0,2,2,35,34,0
17,0,0.0,0.0,0.0,128,81,1,0,4,3,5,6,0,0,0.0,0,2,1,77,64,0
9,0,0.0,0.0,0.0,128,84,4,0,2,4,0,0,1,0,0.0,0,4,3,59,42,0
4,0,0.0,0.0,0.0,98,47,2,0,1,2,2,0,0,0,0.0,0,2,1,35,28,0
3,0,0.0,0.0,0.0,39,8,2,0,0,3,3,0,0,0,0.0,0,2,1,62,60,0
11,0,0.0,0.0,0.0,48,48,1,0,4,1,0,0,1,0,0.0,0,1,1,45,45,0
9,0,0.0,0.0,0.0,128,89,2,0,2,4,0,0,1,0,0.0,0,2,2,34,32,0
21,0,0.0,0.0,0.0,128,16,7,0,7,2,4,6,1,0,0.0,0,8,4,94,54,0
7,0,0.0,0.0,0.0,88,8,8,0,5,1,14,0,10,0,0.0,0,10,4,362,196,0
13,0,0.0,0.0,0.0,128,51,3,0,3,1,6,3,1,0,0.0,0,4,2,207,119,0
4,0,0.0,0.0,0.0,88,8,4,0,2,1,5,0,1,0,0.0,0,4,2,178,108,0
7,0,0.0,0.0,0.0,128,88,2,0,5,1,4,0,10,0,0.0,0,2,2,39,38,0
17,0,0.0,0.0,0.0,128,88,3,0,4,3,8,2,1,0,0.0,0,4,3,66,55,0
22,0,0.0,0.0,0.0,51,51,1,0,3,3,5,3,3,0,0.0,0,1,1,58,58,0
6,0,0.0,0.0,0.0,101,16,3,0,2,1,4,0,1,0,0.0,0,4,4,41,37,0
13,0,0.0,0.0,0.0,8,8,1,0,4,2,1,0,0,0,0.0,0,1,1,78,78,0
26,0,0.0,0.0,0.0,41,41,1,0,8,1,1,3,17,0,0.0,0,1,1,69,69,0
12,0,0.0,0.0,0.0,128,20,7,0,3,2,4,3,1,0,0.0,0,7,4,75,43,0
46,0,0.0,0.0,0.0,21,14,4,0,9,2,7,10,4,0,0.0,0,4,2,191,115,0
6,0,0.0,0.0,0.0,14,14,1,0,4,1,5,0,6,0,0.0,0,1,1,40,40,0
6,0,0.0,0.0,0.0,41,15,2,0,4,1,2,0,6,0,0.0,0,2,2,18,14,0
9,0,0.0,0.0,0.0,93,48,6,0,2,2,4,4,1,0,0.0,0,6,2,95,53,0
7,0,0.0,0.0,0.0,128,88,2,0,5,1,2,0,10,0,0.0,0,2,2,37,36,0
16,0,0.0,0.0,0.0,8,8,1,0,5,2,1,0,0,0,0.0,0,1,1,92,92,0
1,0,0.0,0.0,0.0,88,8,5,0,0,1,1,0,0,0,0.0,0,5,2,93,58,0
11,0,0.0,0.0,0.0,62,62,1,0,2,1,8,8,0,0,0.0,0,1,1,52,52,0
5,0,0.0,0.0,0.0,98,98,1,0,1,2,2,0,0,0,0.0,0,1,1,35,35,0
9,0,0.0,0.0,0.0,86,86,0,0,2,3,0,0,1,0,0.0,0,1,1,37,37,0
19,0,0.0,0.0,0.0,128,96,3,0,3,2,4,1,3,0,0.0,0,3,2,111,67,0
9,0,0.0,0.0,0.0,128,89,2,0,2,4,0,0,1,0,0.0,0,2,2,34,32,0
15,0,0.0,0.0,0.0,98,98,1,0,4,1,3,1,0,0,0.0,0,1,1,45,45,0
9,0,0.0,0.0,0.0,98,47,3,0,2,2,3,3,0,0,0.0,0,3,1,57,41,0
23,0,0.0,0.0,0.0,51,51,1,0,6,2,9,12,6,0,0.0,0,1,1,71,71,0
14,0,0.0,0.0,0.0,128,87,2,0,3,1,3,2,1,0,0.0,0,2,1,46,40,0
26,0,0.0,0.0,0.0,128,51,3,0,10,2,6,6,16,0,0.0,0,3,2,98,68,0
34,0,0.0,0.0,0.0,84,39,2,0,9,2,9,5,0,0,0.0,0,2,2,78,69,0
17,0,0.0,0.0,0.0,128,88,3,0,4,3,8,2,1,0,0.0,0,4,3,66,55,0
3,0,0.0,0.0,0.0,39,8,2,0,0,3,3,0,0,0,0.0,0,2,1,62,60,0
11,0,0.0,0.0,0.0,47,47,1,0,3,1,0,6,1,0,0.0,0,1,1,47,47,0
3,0,0.0,0.0,0.0,14,8,2,0,0,5,3,0,0,0,0.0,0,2,1,90,60,0
25,0,0.0,0.0,0.0,128,88,2,0,7,2,8,10,10,0,0.0,0,3,2,82,68,1
16,0,0.0,0.0,0.0,128,5,8,0,5,2,10,6,10,0,0.0,0,11,3,223,88,0
18,17,-9.0,4.0,35.0,128,1,13,1,5,2,4,7,10,35,0.0,0,15,4,243,64,0
7,0,0.0,0.0,0.0,128,128,1,0,1,4,3,2,0,0,0.0,0,1,1,32,32,0
6,0,0.0,0.0,0.0,93,84,5,0,4,1,4,0,6,0,0.0,0,6,4,103,47,0
7,0,0.0,0.0,0.0,128,44,7,0,1,3,2,1,0,0,0.0,0,11,4,123,54,0
30,0,0.0,0.0,0.0,81,40,1,0,2,4,11,5,0,0,0.0,0,6,3,109,97,0
29,0,0.0,0.0,0.0,128,82,5,0,8,1,5,6,0,0,0.0,0,6,4,90,66,0
11,0,0.0,0.0,0.0,87,8,4,0,6,1,2,0,1,0,0.0,0,5,2,181,102,0
9,0,0.0,0.0,0.0,88,8,12,0,7,1,14,0,21,0,0.0,0,13,3,491,224,0
11,0,0.0,0.0,0.0,43,43,1,0,4,1,6,7,0,0,0.0,0,1,1,50,50,0
13,0,0.0,0.0,0.0,128,87,2,0,3,1,3,2,1,0,0.0,0,3,3,45,43,0
1,0,0.0,0.0,0.0,88,8,6,0,0,1,1,0,0,0,0.0,0,6,3,110,64,0
28,0,0.0,0.0,0.0,128,14,7,0,6,2,7,16,0,0,0.0,0,8,3,122,72,0
12,0,0.0,0.0,0.0,128,84,7,0,3,2,4,4,3,0,0.0,0,9,4,89,44,0
21,0,0.0,0.0,0.0,128,14,9,0,5,2,4,11,0,0,0.0,0,9,4,125,61,0
52,0,0.0,0.0,0.0,8,8,1,0,16,5,3,14,16,0,0.0,0,1,1,192,192,0
12,0,0.0,0.0,0.0,128,41,4,0,10,1,4,0,45,0,0.0,0,4,2,64,53,0
48,0,0.0,0.0,0.0,128,13,15,0,12,2,10,13,28,0,0.0,0,15,3,217,68,0
12,0,0.0,0.0,0.0,41,41,1,0,0,1,2,0,0,0,0.0,0,1,1,47,47,0
6,0,0.0,0.0,0.0,51,51,1,0,4,1,4,0,6,0,0.0,0,1,1,35,35,0
4,0,0.0,0.0,0.0,13,13,2,0,0,1,0,0,0,0,0.0,0,2,1,68,50,0
17,0,0.0,0.0,0.0,14,14,1,0,4,3,8,2,1,0,0.0,0,1,1,62,62,0
5,0,0.0,0.0,0.0,128,51,3,0,3,1,2,0,3,0,0.0,0,3,2,46,36,0
15,2,2.0,2.0,2.0,45,2,3,1,1,2,4,3,0,2,0.0,0,3,1,63,58,0
5,0,0.0,0.0,0.0,68,68,3,0,1,2,3,1,0,0,0.0,0,3,1,70,35,0
27,0,0.0,0.0,0.0,15,15,1,0,8,4,3,9,15,0,0.0,0,1,1,60,60,0
79,11,11.0,11.0,35.0,54,1,11,1,21,1,13,16,151,35,0.0,0,12,1,349,156,0
46,0,0.0,0.0,0.0,128,51,5,0,13,2,17,28,10,0,0.0,0,6,2,173,94,0
27,0,0.0,0.0,0.0,88,8,8,0,6,1,5,2,0,0,0.0,0,9,2,358,136,0
30,0,0.0,0.0,0.0,93,14,6,0,7,1,7,14,10,0,0.0,0,7,2,89,41,0
15,0,0.0,0.0,0.0,128,88,2,0,4,2,6,7,6,0,0.0,0,3,2,64,52,0
9,0,0.0,0.0,0.0,128,128,1,0,2,2,2,0,1,0,0.0,0,1,1,39,39,0
1,0,0.0,0.0,0.0,84,18,3,0,0,1,0,0,0,0,0.0,0,4,3,56,25,0
58,0,0.0,0.0,0.0,87,8,9,0,10,2,10,14,6,0,0.0,0,10,3,537,232,0
6,0,0.0,0.0,0.0,128,128,1,0,1,4,2,0,0,0,0.0,0,1,1,33,33,0
31,0,0.0,0.0,0.0,128,14,3,0,5,2,12,22,3,0,0.0,0,4,2,112,59,0
48,0,0.0,0.0,0.0,128,51,5,0,11,2,15,28,10,0,0.0,0,6,2,211,102,0
36,0,0.0,0.0,0.0,128,88,2,0,9,2,10,15,15,0,0.0,0,3,2,98,86,0
9,0,0.0,0.0,0.0,128,89,3,0,2,4,0,0,1,0,0.0,0,3,3,36,32,0
9,0,0.0,0.0,0.0,47,38,3,0,2,3,0,0,1,0,0.0,0,3,2,59,31,0
20,0,0.0,0.0,0.0,128,51,5,0,5,3,6,2,2,0,0.0,0,6,3,114,69,0
27,0,0.0,0.0,0.0,128,69,5,0,1,4,9,6,0,0,0.0,0,9,4,97,70,0
13,0,0.0,0.0,0.0,88,8,7,0,4,3,4,1,0,0,0.0,0,8,2,254,92,0
15,46,46.0,46.0,61.0,2,2,1,1,3,1,4,2,3,61,0.0,0,1,1,46,46,0
8,0,0.0,0.0,0.0,50,44,3,0,2,1,2,0,1,0,0.0,0,3,1,170,66,0
9,0,0.0,0.0,0.0,128,88,2,0,7,1,3,0,21,0,0.0,0,2,2,42,41,0
16,0,0.0,0.0,0.0,13,13,1,0,2,3,7,1,1,0,0.0,0,1,1,51,51,0
22,0,0.0,0.0,0.0,128,45,5,0,5,1,8,8,0,0,0.0,0,6,2,127,77,0
7,0,0.0,0.0,0.0,128,14,3,0,5,1,3,0,10,0,0.0,0,3,2,53,36,0
91,0,0.0,0.0,0.0,51,51,1,0,19,1,9,31,21,0,0.0,0,1,1,187,187,0
6,0,0.0,0.0,0.0,93,88,1,0,1,2,2,1,0,0,0.0,0,2,2,36,34,0
83,0,0.0,0.0,0.0,93,14,13,0,5,3,8,3,6,0,0.0,0,16,5,378,154,0
4,0,0.0,0.0,0.0,48,39,2,0,0,1,1,0,0,0,0.0,0,2,2,51,39,0
11,0,0.0,0.0,0.0,128,40,3,0,5,3,5,9,0,0,0.0,0,5,4,143,82,0
19,0,0.0,0.0,0.0,13,8,4,0,4,2,2,2,4,0,0.0,0,4,1,63,25,0
8,0,0.0,0.0,0.0,25,25,0,0,2,2,0,0,1,0,0.0,0,1,1,36,36,0
33,0,0.0,0.0,0.0,128,41,5,0,10,2,9,16,21,0,0.0,0,6,2,108,85,0
38,0,0.0,0.0,0.0,128,88,3,0,12,2,8,16,28,0,0.0,0,4,2,118,100,0
45,0,0.0,0.0,0.0,93,14,7,0,11,2,8,10,0,0,0.0,0,9,5,167,96,0
6,0,0.0,0.0,0.0,98,87,3,0,4,1,4,0,6,0,0.0,0,3,3,84,78,0
99,0,0.0,0.0,0.0,15,14,2,0,2,4,9,2,1,0,0.0,0,2,2,188,186,0
11,0,0.0,0.0,0.0,38,13,5,0,9,1,5,0,36,0,0.0,0,5,2,261,90,0
42,0,0.0,0.0,0.0,50,50,1,0,10,1,10,16,0,0,0.0,0,1,1,94,94,0
36,0,0.0,0.0,0.0,44,44,1,0,14,1,4,16,6,0,0.0,0,1,1,70,70,0
3,0,0.0,0.0,0.0,45,44,2,0,0,3,1,0,0,0,0.0,0,2,1,41,33,0
16,0,0.0,0.0,0.0,80,68,1,0,3,2,2,2,0,0,0.0,0,4,3,73,44,0
11,0,0.0,0.0,0.0,128,13,7,0,9,1,8,0,36,0,0.0,0,7,3,63,45,0
11,0,0.0,0.0,0.0,51,51,1,0,5,2,6,0,10,0,0.0,0,1,1,47,47,0
17,0,0.0,0.0,0.0,81,81,1,0,5,2,8,4,10,0,0.0,0,1,1,59,59,0
48,0,0.0,0.0,0.0,128,51,6,0,11,2,15,28,10,0,0.0,0,7,2,213,101,0
12,0,0.0,0.0,0.0,51,51,1,0,3,2,3,0,3,0,0.0,0,1,1,33,33,0
9,0,0.0,0.0,0.0,14,12,2,0,7,3,5,0,21,0,0.0,0,2,2,47,45,0
56,0,0.0,0.0,0.0,128,54,7,0,14,2,3,25,0,0,0.0,0,7,3,172,92,0
14,48,48.0,48.0,61.0,2,2,1,1,3,2,4,0,1,61,0.0,0,1,1,48,48,0
9,0,0.0,0.0,0.0,88,84,2,0,2,4,0,0,1,0,0.0,0,2,2,52,43,0
8,0,0.0,0.0,0.0,48,39,2,0,6,2,2,0,15,0,0.0,0,2,2,37,31,0
7,0,0.0,0.0,0.0,128,88,2,0,5,1,2,0,10,0,0.0,0,2,2,37,36,0
59,0,0.0,0.0,0.0,88,8,15,0,19,2,14,20,0,0,0.0,0,18,4,677,250,0
1,0,0.0,0.0,0.0,46,46,1,0,0,1,0,0,0,0,0.0,0,1,1,29,29,0
39,0,0.0,0.0,0.0,128,14,3,0,8,2,14,15,10,0,0.0,0,4,2,159,75,1
22,0,0.0,0.0,0.0,88,8,5,0,6,3,8,1,8,0,0.0,0,6,2,211,138,0
6,0,0.0,0.0,0.0,45,45,1,0,1,2,1,1,0,0,0.0,0,1,1,32,32,0
8,0,0.0,0.0,0.0,128,88,2,0,6,1,3,0,15,0,0.0,0,2,2,40,39,0
5,0,0.0,0.0,0.0,13,13,2,0,3,1,1,1,0,0,0.0,0,2,1,28,18,0
24,0,0.0,0.0,0.0,128,14,8,0,5,2,4,12,0,0,0.0,0,8,3,185,75,0
26,0,0.0,0.0,0.0,87,80,2,0,3,1,3,4,3,0,0.0,0,3,2,83,55,0
3,0,0.0,0.0,0.0,68,68,2,0,1,1,1,0,0,0,0.0,0,2,1,58,29,0
38,0,0.0,0.0,0.0,89,16,7,0,7,2,12,14,0,0,0.0,0,8,4,183,77,0
7,0,0.0,0.0,0.0,128,51,3,0,5,1,4,0,10,0,0.0,0,4,2,50,38,0
46,0,0.0,0.0,0.0,128,16,5,0,16,2,10,18,55,0,0.0,0,8,3,141,99,0
10,0,0.0,0.0,0.0,62,62,1,0,5,2,5,8,0,0,0.0,0,1,1,67,67,0
8,0,0.0,0.0,0.0,14,8,2,0,2,3,2,0,1,0,0.0,0,2,1,102,68,0
11,0,0.0,0.0,0.0,98,45,11,0,9,1,3,0,36,0,0.0,0,11,5,162,103,0
12,0,0.0,0.0,0.0,80,80,0,0,3,2,2,0,3,0,0.0,0,1,1,45,45,0
25,0,0.0,0.0,0.0,128,51,3,0,7,2,8,10,10,0,0.0,0,4,2,97,69,0
34,0,0.0,0.0,0.0,88,8,12,0,8,4,7,4,9,0,0.0,0,15,4,584,172,0
127,0,0.0,0.0,0.0,15,14,2,0,2,4,9,2,1,0,0.0,0,2,2,230,228,0
11,0,0.0,0.0,0.0,88,8,9,0,3,1,1,0,0,0,0.0,0,9,3,236,144,0
9,0,0.0,0.0,0.0,128,41,3,0,7,1,3,0,21,0,0.0,0,3,2,44,40,0
4,0,0.0,0.0,0.0,98,47,2,0,1,2,2,0,0,0,0.0,0,2,1,35,28,0
3,0,0.0,0.0,0.0,39,8,2,0,0,3,3,0,0,0,0.0,0,2,1,62,60,0
18,0,0.0,0.0,0.0,128,51,3,0,5,2,7,6,3,0,0.0,0,4,2,93,66,0
14,0,0.0,0.0,0.0,128,87,2,0,5,1,3,4,4,0,0.0,0,3,3,54,50,0
10,0,0.0,0.0,0.0,128,88,2,0,8,1,3,0,28,0,0.0,0,3,2,44,41,0
6,0,0.0,0.0,0.0,134,134,1,0,4,1,1,0,6,0,0.0,0,1,1,32,32,0
3,0,0.0,0.0,0.0,45,14,2,0,0,3,3,0,0,0,0.0,0,2,1,62,60,0
14,0,0.0,0.0,0.0,20,20,1,0,3,2,5,6,1,0,0.0,0,1,1,50,50,0
17,0,0.0,0.0,0.0,69,50,4,0,4,2,4,9,1,0,0.0,0,5,1,105,48,0
8,2,0.0,1.0,6.0,105,1,3,0,1,2,7,8,0,6,0.0,0,4,1,60,37,0
20,0,0.0,0.0,0.0,134,57,4,0,5,3,6,2,2,0,0.0,0,5,3,93,59,0
7,0,0.0,0.0,0.0,20,20,1,0,5,1,5,0,10,0,0.0,0,1,1,81,81,0
37,0,0.0,0.0,0.0,15,15,1,0,10,1,5,7,8,0,0.0,0,1,1,42,42,0
42,0,0.0,0.0,0.0,134,20,3,0,11,1,2,4,23,0,0.0,0,5,2,109,89,1
25,0,0.0,0.0,0.0,8,8,1,0,6,2,9,11,6,0,0.0,0,1,1,70,70,0
16,0,0.0,0.0,0.0,134,53,6,0,3,2,7,5,3,0,0.0,0,7,4,79,45,0
67,0,0.0,0.0,0.0,134,10,7,0,6,4,7,8,6,0,0.0,0,12,6,181,94,0
17,0,0.0,0.0,0.0,87,86,1,0,4,2,10,1,0,0,0.0,0,2,2,80,62,0
32,0,0.0,0.0,0.0,15,11,2,0,6,2,8,6,4,0,0.0,0,2,1,86,84,0
15,0,0.0,0.0,0.0,104,94,5,0,5,1,9,4,8,0,0.0,0,5,4,73,63,0
14,4,0.0,2.0,6.0,105,1,4,0,3,2,7,7,0,6,0.0,0,5,2,79,42,0
17,0,0.0,0.0,0.0,68,54,2,0,4,3,8,5,3,0,0.0,0,2,1,66,62,0
15,0,0.0,0.0,0.0,134,21,5,0,4,2,2,1,6,0,0.0,0,5,3,56,33,0
4,0,0.0,0.0,0.0,134,91,2,0,2,1,0,0,1,0,0.0,0,3,2,44,31,0
18,0,0.0,0.0,0.0,8,8,1,0,5,2,4,7,10,0,0.0,0,1,1,51,51,0
30,0,0.0,0.0,0.0,15,11,2,0,7,1,7,6,17,0,0.0,0,2,1,92,86,0
14,0,0.0,0.0,0.0,53,53,1,0,1,2,2,1,0,0,0.0,0,1,1,47,47,0
9,0,0.0,0.0,0.0,134,95,2,0,2,4,0,0,1,0,0.0,0,2,2,34,32,0
17,0,0.0,0.0,0.0,105,94,2,0,5,3,6,2,1,0,0.0,0,3,2,59,56,0
9,0,0.0,0.0,0.0,89,89,1,0,2,1,3,3,1,0,0.0,0,1,1,44,44,0
3,0,0.0,0.0,0.0,51,51,1,0,0,2,1,0,0,0,0.0,0,1,1,27,27,0
27,0,0.0,0.0,0.0,134,20,5,0,5,2,5,12,0,0,0.0,0,5,3,101,71,0
8,0,0.0,0.0,0.0,134,68,6,0,1,4,3,5,0,0,0.0,0,6,3,74,41,0
27,0,0.0,0.0,0.0,20,20,1,0,6,1,6,9,0,0,0.0,0,1,1,69,69,0
52,0,0.0,0.0,0.0,24,14,2,0,15,4,3,10,48,0,0.0,0,2,1,198,194,0
11,0,0.0,0.0,0.0,107,20,5,0,3,2,4,7,0,0,0.0,0,5,3,70,48,0
40,0,0.0,0.0,0.0,96,89,3,0,11,1,11,10,0,0,0.0,0,3,3,110,59,0
18,0,0.0,0.0,0.0,95,14,4,0,5,3,5,1,4,0,0.0,0,5,2,169,110,0
13,0,0.0,0.0,0.0,134,57,5,0,3,2,4,1,1,0,0.0,0,5,3,54,39,0
19,0,0.0,0.0,0.0,116,95,4,0,3,2,4,4,3,0,0.0,0,4,2,147,68,0
9,0,0.0,0.0,0.0,134,60,4,0,2,1,5,3,1,0,0.0,0,4,2,50,31,0
25,0,0.0,0.0,0.0,51,11,2,0,5,2,7,15,0,0,0.0,0,2,1,80,75,0
7,0,0.0,0.0,0.0,134,95,2,0,5,1,2,0,10,0,0.0,0,2,2,37,36,0
5,0,0.0,0.0,0.0,57,57,1,0,3,1,4,0,3,0,0.0,0,1,1,58,58,0
4,0,0.0,0.0,0.0,45,45,1,0,0,1,1,0,0,0,0.0,0,1,1,39,39,0
25,0,0.0,0.0,0.0,134,57,3,0,7,2,8,10,10,0,0.0,0,4,2,101,69,0
26,0,0.0,0.0,0.0,134,60,3,0,8,2,7,12,10,0,0.0,0,4,2,94,68,0
23,0,0.0,0.0,0.0,134,8,6,0,3,1,4,16,1,0,0.0,0,7,4,82,59,0
10,0,0.0,0.0,0.0,20,19,2,0,7,2,6,0,21,0,0.0,0,2,2,48,46,0
25,0,0.0,0.0,0.0,91,46,2,0,7,2,9,4,2,0,0.0,0,2,2,63,54,0
6,0,0.0,0.0,0.0,8,8,1,0,4,1,2,0,6,0,0.0,0,1,1,35,35,0
25,0,0.0,0.0,0.0,134,20,5,0,5,2,5,15,0,0,0.0,0,5,3,87,63,0
4,0,0.0,0.0,0.0,19,19,2,0,0,1,0,0,0,0,0.0,0,2,1,53,35,0
18,0,0.0,0.0,0.0,95,14,4,0,5,3,5,1,4,0,0.0,0,5,2,169,110,0
18,0,0.0,0.0,0.0,85,81,2,0,6,1,0,5,1,0,0.0,0,2,1,67,61,0
23,0,0.0,0.0,0.0,21,21,1,0,7,5,7,6,1,0,0.0,0,1,1,68,68,0
21,0,0.0,0.0,0.0,19,19,2,0,6,1,1,2,1,0,0.0,0,2,1,49,31,0
21,0,0.0,0.0,0.0,91,45,5,0,6,1,7,6,0,0,0.0,0,5,3,89,63,0
12,0,0.0,0.0,0.0,134,107,2,0,3,1,4,1,0,0,0.0,0,3,1,57,39,0
7,0,0.0,0.0,0.0,134,57,3,0,5,1,4,0,10,0,0.0,0,3,2,43,38,0
9,0,0.0,0.0,0.0,134,44,2,0,1,4,5,5,0,0,0.0,0,3,1,48,41,0
9,0,0.0,0.0,0.0,94,94,1,0,2,4,0,0,1,0,0.0,0,1,1,35,35,0
9,12,-6.0,3.0,17.0,92,3,3,1,2,2,3,0,1,17,0.0,0,4,1,242,138,0
3,0,0.0,0.0,0.0,45,45,1,0,0,3,1,0,0,0,0.0,0,1,1,25,25,0
1,0,0.0,0.0,0.0,95,14,6,0,0,1,1,0,0,0,0.0,0,8,3,131,78,0
3,0,0.0,0.0,0.0,45,45,1,0,0,3,3,0,0,0,0.0,0,1,1,2,2,0
32,0,0.0,0.0,0.0,95,14,18,0,7,2,13,12,0,0,0.0,0,21,4,710,182,0
4,0,0.0,0.0,0.0,134,95,2,0,2,1,2,0,1,0,0.0,0,2,2,49,47,0
1,0,0.0,0.0,0.0,95,14,3,0,0,1,1,0,0,0,0.0,0,3,2,96,64,0
14,0,0.0,0.0,0.0,53,53,1,0,3,2,5,4,1,0,0.0,0,1,1,54,54,0
4,0,0.0,0.0,0.0,44,11,3,0,2,1,3,0,1,0,0.0,0,3,2,51,43,0
12,0,0.0,0.0,0.0,134,134,1,0,4,2,5,7,6,0,0.0,0,1,1,48,48,0
3,0,0.0,0.0,0.0,134,134,1,0,1,1,1,0,0,0,0.0,0,1,1,27,27,0
12,5,1.0,3.0,31.0,98,4,3,1,3,5,8,4,0,31,0.0,0,5,4,73,54,0
4,0,0.0,0.0,0.0,48,21,2,0,2,1,2,0,1,0,0.0,0,2,2,37,33,0
3,0,0.0,0.0,0.0,86,86,1,0,1,1,2,0,0,0,0.0,0,1,1,36,36,0
25,1,1.0,1.0,31.0,53,4,4,1,6,5,13,12,1,31,0.0,0,4,3,75,70,0
3,0,0.0,0.0,0.0,45,14,2,0,0,3,3,0,0,0,0.0,0,2,1,62,60,0
11,0,0.0,0.0,0.0,134,53,4,0,2,4,0,0,0,0,0.0,0,5,2,60,51,0
1,0,0.0,0.0,0.0,95,14,9,0,0,1,1,0,0,0,0.0,0,11,4,121,62,0
3,0,0.0,0.0,0.0,45,14,2,0,0,3,3,0,0,0,0.0,0,2,1,62,60,0
7,0,0.0,0.0,0.0,22,14,2,0,0,1,1,0,0,0,0.0,0,2,2,162,108,0
17,0,0.0,0.0,0.0,134,19,13,0,1,1,10,7,0,0,0.0,0,14,4,366,108,0
17,0,0.0,0.0,0.0,13,11,1,0,3,1,5,5,1,0,0.0,0,2,2,59,52,0
5,0,0.0,0.0,0.0,22,14,2,0,0,1,1,0,0,0,0.0,0,2,2,141,94,0
6,0,0.0,0.0,0.0,134,55,2,0,1,2,1,0,0,0,0.0,0,2,1,32,30,0
10,0,0.0,0.0,0.0,0,0,0,0,2,1,4,3,1,0,0.0,0,0,0,0,0,0
24,0,0.0,0.0,0.0,8,8,1,0,6,2,8,14,0,0,0.0,0,1,1,73,73,0
20,0,0.0,0.0,0.0,134,46,3,0,4,1,6,0,1,0,0.0,0,5,2,114,66,0
6,0,0.0,0.0,0.0,60,60,1,0,1,4,0,0,0,0,0.0,0,1,1,28,28,0
35,0,0.0,0.0,0.0,134,68,5,0,7,2,11,12,10,0,0.0,0,6,3,117,93,0
14,0,0.0,0.0,0.0,134,51,3,0,3,4,0,1,1,0,0.0,0,3,2,52,40,0
5,0,0.0,0.0,0.0,96,89,3,0,3,1,0,0,3,0,0.0,0,3,3,30,24,0
51,44,10.0,10.5,16.25,134,2,15,4,14,2,14,25,21,31,1.8148,0,15,4,216,66,0
8,0,0.0,0.0,0.0,8,8,1,0,6,1,14,0,15,0,0.0,0,1,1,110,110,0
5,0,0.0,0.0,0.0,95,14,5,0,0,1,1,0,0,0,0.0,0,5,2,135,86,0
9,5,1.0,3.0,4.0,53,5,5,0,7,1,17,0,21,4,0.0,0,6,2,184,66,0
21,0,0.0,0.0,0.0,19,19,2,0,6,1,1,2,1,0,0.0,0,2,1,49,31,0
16,0,0.0,0.0,0.0,134,95,5,0,4,2,7,4,1,0,0.0,0,5,3,75,48,0
4,0,0.0,0.0,0.0,6,6,1,0,0,1,0,0,0,0,0.0,0,1,1,58,58,0
21,0,0.0,0.0,0.0,94,8,14,0,5,2,9,12,0,0,0.0,0,16,4,602,170,0
21,0,0.0,0.0,0.0,94,8,13,0,5,2,8,13,0,0,0.0,0,13,3,195,91,0
12,0,0.0,0.0,0.0,20,20,1,0,2,2,5,1,1,0,0.0,0,1,1,46,46,0
6,0,0.0,0.0,0.0,134,95,2,0,4,1,2,0,6,0,0.0,0,2,2,35,34,0
14,0,0.0,0.0,0.0,87,58,2,0,2,2,6,5,0,0,0.0,0,3,2,47,34,0
14,8,-2.0,3.0,6.0,8,1,1,0,2,2,6,5,0,6,0.0,0,2,1,73,65,0
14,0,0.0,0.0,0.0,21,21,1,0,3,3,5,2,0,0,0.0,0,1,1,56,56,0
17,0,0.0,0.0,0.0,13,13,0,0,5,1,1,3,1,0,0.0,0,1,1,51,51,0
41,9,1.0,5.0,31.0,134,4,18,1,2,4,16,6,0,31,0.0,0,22,7,213,102,0
10,0,0.0,0.0,0.0,47,45,2,0,0,1,0,1,0,0,0.0,0,2,1,20,16,0
4,0,0.0,0.0,0.0,57,57,1,0,2,1,1,0,1,0,0.0,0,1,1,33,33,0
15,0,0.0,0.0,0.0,95,14,12,0,3,3,8,4,0,0,0.0,0,14,3,278,116,0
13,0,0.0,0.0,0.0,69,69,1,0,2,4,3,3,0,0,0.0,0,1,1,37,37,0
19,0,0.0,0.0,0.0,44,19,7,0,2,1,16,1,0,0,0.0,0,7,2,196,77,0
7,0,0.0,0.0,0.0,134,60,3,0,5,1,3,0,10,0,0.0,0,3,2,44,37,0
38,0,0.0,0.0,0.0,105,15,3,0,19,2,7,7,64,0,0.0,0,4,3,104,89,0
15,0,0.0,0.0,0.0,0,0,0,0,3,2,7,0,1,0,0.0,0,0,0,0,0,0
36,0,0.0,0.0,0.0,54,54,1,0,11,2,5,7,55,0,0.0,0,1,1,101,101,0
17,0,0.0,0.0,0.0,0,0,0,0,5,1,1,2,0,0,0.0,0,0,0,0,0,0
28,0,0.0,0.0,0.0,91,20,3,0,7,1,1,3,15,0,0.0,0,5,3,131,73,0
14,0,0.0,0.0,0.0,47,47,2,0,4,1,1,4,0,0,0.0,0,2,1,47,41,0
20,0,0.0,0.0,0.0,90,19,4,0,18,1,12,0,153,0,0.0,0,4,2,244,199,0
20,0,0.0,0.0,0.0,54,54,1,0,4,1,2,0,0,0,0.0,0,1,1,55,55,0
4,0,0.0,0.0,0.0,107,95,3,0,2,1,3,0,1,0,0.0,0,3,3,90,30,0
9,0,0.0,0.0,0.0,95,14,7,0,2,2,6,3,0,0,0.0,0,7,3,259,90,0
16,3,1.0,2.0,31.0,134,4,3,1,4,5,8,6,1,31,0.0,0,7,4,85,62,0
12,0,0.0,0.0,0.0,20,20,1,0,5,1,8,9,0,0,0.0,0,1,1,67,67,0
4,0,0.0,0.0,0.0,100,90,3,0,2,1,1,0,1,0,0.0,0,4,3,55,31,0
24,0,0.0,0.0,0.0,93,93,0,0,4,2,5,0,6,0,0.0,0,1,1,59,59,0
3,0,0.0,0.0,0.0,45,14,2,0,0,3,3,0,0,0,0.0,0,2,1,64,60,0
49,0,0.0,0.0,0.0,134,11,4,0,14,2,13,25,36,0,0.0,0,7,2,175,109,0
5,0,0.0,0.0,0.0,134,57,2,0,2,3,2,0,1,0,0.0,0,2,1,32,28,0
10,0,0.0,0.0,0.0,134,44,4,0,8,1,6,0,28,0,0.0,0,4,2,62,44,0
3,0,0.0,0.0,0.0,44,14,2,0,0,3,3,0,0,0,0.0,0,2,2,90,60,0
5,0,0.0,0.0,0.0,105,53,3,0,1,2,2,1,0,0,0.0,0,3,1,41,31,0
32,0,0.0,0.0,0.0,107,27,6,0,3,4,11,5,1,0,0.0,0,9,5,132,84,0
11,0,0.0,0.0,0.0,107,19,10,0,9,1,7,0,36,0,0.0,0,10,5,489,99,0
13,0,0.0,0.0,0.0,107,74,4,0,5,2,5,2,1,0,0.0,0,4,1,57,53,0
13,0,0.0,0.0,0.0,14,14,1,0,4,2,1,0,0,0,0.0,0,1,1,84,84,0
13,8,-2.0,3.0,6.0,8,1,1,0,2,2,4,6,0,6,0.0,0,2,1,55,47,0
43,0,0.0,0.0,0.0,53,8,10,0,10,2,10,18,0,0,0.0,0,10,2,147,75,0
7,0,0.0,0.0,0.0,87,87,1,0,1,2,3,1,0,0,0.0,0,1,1,34,34,0
14,0,0.0,0.0,0.0,134,95,4,0,3,2,6,6,1,0,0.0,0,5,3,72,56,0
12,0,0.0,0.0,0.0,100,93,2,0,3,2,4,1,3,0,0.0,0,3,2,45,43,0
3,0,0.0,0.0,0.0,45,14,2,0,0,3,3,0,0,0,0.0,0,2,1,62,60,0
10,0,0.0,0.0,0.0,95,14,6,0,2,3,3,0,0,0,0.0,0,6,2,131,78,0
10,0,0.0,0.0,0.0,134,19,8,0,7,2,10,9,0,0,0.0,0,9,4,248,115,0
8,0,0.0,0.0,0.0,108,52,5,0,4,1,3,0,6,0,0.0,0,6,2,110,62,0
13,0,0.0,0.0,0.0,95,14,8,0,3,1,1,0,0,0,0.0,0,10,3,193,108,0
3,0,0.0,0.0,0.0,96,95,1,0,1,1,1,0,0,0,0.0,0,2,2,30,26,0
8,0,0.0,0.0,0.0,20,20,1,0,1,1,6,2,0,0,0.0,0,1,1,45,45,0
39,0,0.0,0.0,0.0,51,27,5,0,2,4,10,8,0,0,0.0,0,5,2,109,87,0
38,0,0.0,0.0,0.0,134,90,5,0,9,2,10,16,4,0,0.0,0,6,3,115,88,0
10,0,0.0,0.0,0.0,95,14,5,0,2,3,3,0,0,0,0.0,0,5,2,132,80,0
17,0,0.0,0.0,0.0,134,94,3,0,4,3,8,2,1,0,0.0,0,4,3,66,55,0
9,0,0.0,0.0,0.0,95,14,11,0,7,1,17,0,21,0,0.0,0,13,3,547,256,0
7,0,0.0,0.0,0.0,134,57,3,0,5,1,4,0,10,0,0.0,0,4,2,44,38,0
4,0,0.0,0.0,0.0,48,48,1,0,2,1,2,0,1,0,0.0,0,1,1,29,29,0
17,0,0.0,0.0,0.0,105,94,3,0,5,3,6,2,1,0,0.0,0,4,2,59,56,0
1,0,0.0,0.0,0.0,95,14,5,0,0,1,1,0,0,0,0.0,0,7,3,109,62,0
6,0,0.0,0.0,0.0,134,95,2,0,4,1,2,0,6,0,0.0,0,2,2,35,34,0
17,0,0.0,0.0,0.0,134,87,1,0,4,3,5,6,0,0,0.0,0,2,1,77,64,0
9,0,0.0,0.0,0.0,134,91,4,0,2,4,0,0,1,0,0.0,0,4,3,59,42,0
4,0,0.0,0.0,0.0,105,53,2,0,1,2,2,0,0,0,0.0,0,2,1,35,28,0
3,0,0.0,0.0,0.0,45,14,2,0,0,3,3,0,0,0,0.0,0,2,1,62,60,0
11,0,0.0,0.0,0.0,54,54,1,0,4,1,0,0,1,0,0.0,0,1,1,45,45,0
9,0,0.0,0.0,0.0,134,95,2,0,2,4,0,0,1,0,0.0,0,2,2,34,32,0
21,0,0.0,0.0,0.0,134,22,7,0,7,2,4,6,1,0,0.0,0,8,4,94,54,0
7,0,0.0,0.0,0.0,95,14,8,0,5,1,14,0,10,0,0.0,0,10,4,362,196,0
13,0,0.0,0.0,0.0,134,57,3,0,3,1,6,3,1,0,0.0,0,4,2,207,119,0
4,0,0.0,0.0,0.0,95,14,4,0,2,1,5,0,1,0,0.0,0,4,2,178,108,0
7,0,0.0,0.0,0.0,134,95,2,0,5,1,4,0,10,0,0.0,0,2,2,39,38,0
17,0,0.0,0.0,0.0,134,94,3,0,4,3,8,2,1,0,0.0,0,4,3,66,55,0
22,0,0.0,0.0,0.0,58,58,1,0,3,3,5,3,3,0,0.0,0,1,1,58,58,0
6,0,0.0,0.0,0.0,107,22,3,0,2,1,4,0,1,0,0.0,0,4,4,41,37,0
13,0,0.0,0.0,0.0,14,14,1,0,4,2,1,0,0,0,0.0,0,1,1,78,78,0
26,0,0.0,0.0,0.0,47,47,1,0,8,1,1,3,17,0,0.0,0,1,1,69,69,0
12,0,0.0,0.0,0.0,134,26,7,0,3,2,4,3,1,0,0.0,0,7,4,75,43,0
28,59,59.0,59.0,3.0,2,2,1,1,7,2,5,10,0,3,0.0,0,1,1,59,59,0
46,0,0.0,0.0,0.0,27,20,4,0,9,2,7,10,4,0,0.0,0,4,2,191,115,0
6,0,0.0,0.0,0.0,20,20,1,0,4,1,5,0,6,0,0.0,0,1,1,40,40,0
6,0,0.0,0.0,0.0,48,21,2,0,4,1,2,0,6,0,0.0,0,2,2,18,14,0
9,0,0.0,0.0,0.0,99,54,6,0,2,2,4,4,1,0,0.0,0,6,2,95,53,0
7,0,0.0,0.0,0.0,134,95,2,0,5,1,2,0,10,0,0.0,0,2,2,37,36,0
16,0,0.0,0.0,0.0,14,14,1,0,5,2,1,0,0,0,0.0,0,1,1,92,92,0
1,0,0.0,0.0,0.0,95,14,5,0,0,1,1,0,0,0,0.0,0,5,2,93,58,0
11,0,0.0,0.0,0.0,68,68,1,0,2,1,8,8,0,0,0.0,0,1,1,52,52,0
5,0,0.0,0.0,0.0,105,105,1,0,1,2,2,0,0,0,0.0,0,1,1,35,35,0
9,0,0.0,0.0,0.0,92,92,0,0,2,3,0,0,1,0,0.0,0,1,1,37,37,0
1,27,27.0,27.0,31.0,4,4,1,1,0,1,0,0,0,31,0.0,0,1,1,27,27,0
19,0,0.0,0.0,0.0,134,102,3,0,3,2,4,1,3,0,0.0,0,3,2,111,67,0
9,0,0.0,0.0,0.0,134,95,2,0,2,4,0,0,1,0,0.0,0,2,2,34,32,0
15,0,0.0,0.0,0.0,105,105,1,0,4,1,3,1,0,0,0.0,0,1,1,45,45,0
9,2,0.0,1.0,6.0,105,1,3,0,2,2,3,3,0,6,0.0,0,4,1,59,41,0
23,0,0.0,0.0,0.0,57,57,1,0,6,2,9,12,6,0,0.0,0,1,1,71,71,0
14,0,0.0,0.0,0.0,134,93,2,0,3,1,3,2,1,0,0.0,0,2,1,46,40,0
26,0,0.0,0.0,0.0,134,57,3,0,10,2,6,6,16,0,0.0,0,3,2,98,68,0
34,0,0.0,0.0,0.0,91,46,2,0,9,2,9,5,0,0,0.0,0,2,2,78,69,0
17,0,0.0,0.0,0.0,134,94,3,0,4,3,8,2,1,0,0.0,0,4,3,66,55,0
3,0,0.0,0.0,0.0,45,14,2,0,0,3,3,0,0,0,0.0,0,2,1,62,60,0
11,0,0.0,0.0,0.0,53,53,1,0,3,1,0,6,1,0,0.0,0,1,1,47,47,0
3,0,0.0,0.0,0.0,20,14,2,0,0,5,3,0,0,0,0.0,0,2,1,90,60,0
25,0,0.0,0.0,0.0,134,94,2,0,7,2,8,10,10,0,0.0,0,3,2,82,68,1
16,0,0.0,0.0,0.0,134,11,8,0,5,2,10,6,10,0,0.0,0,11,3,223,88,0
18,0,0.0,0.0,0.0,134,8,13,0,5,2,4,7,10,0,0.0,0,15,4,243,64,0
7,0,0.0,0.0,0.0,134,134,1,0,1,4,3,2,0,0,0.0,0,1,1,32,32,0
6,0,0.0,0.0,0.0,100,90,5,0,4,1,4,0,6,0,0.0,0,6,4,103,47,0
7,0,0.0,0.0,0.0,134,51,7,0,1,3,2,1,0,0,0.0,0,11,4,123,54,0
30,0,0.0,0.0,0.0,87,46,1,0,2,4,11,5,0,0,0.0,0,6,3,109,97,0
29,0,0.0,0.0,0.0,134,89,5,0,8,1,5,6,0,0,0.0,0,6,4,90,66,0
11,0,0.0,0.0,0.0,93,14,4,0,6,1,2,0,1,0,0.0,0,5,2,181,102,0
9,0,0.0,0.0,0.0,95,14,12,0,7,1,14,0,21,0,0.0,0,13,3,491,224,0
11,0,0.0,0.0,0.0,50,50,1,0,4,1,6,7,0,0,0.0,0,1,1,50,50,0
13,0,0.0,0.0,0.0,134,93,2,0,3,1,3,2,1,0,0.0,0,3,3,45,43,0
1,0,0.0,0.0,0.0,95,14,6,0,0,1,1,0,0,0,0.0,0,6,3,110,64,0
28,0,0.0,0.0,0.0,134,20,7,0,6,2,7,16,0,0,0.0,0,8,3,122,72,0
12,0,0.0,0.0,0.0,134,91,7,0,3,2,4,4,3,0,0.0,0,9,4,89,44,0
21,0,0.0,0.0,0.0,134,20,9,0,5,2,4,11,0,0,0.0,0,9,4,125,61,0
52,0,0.0,0.0,0.0,14,14,1,0,16,5,3,14,16,0,0.0,0,1,1,192,192,0
12,0,0.0,0.0,0.0,134,47,4,0,10,1,4,0,45,0,0.0,0,4,2,64,53,0
48,0,0.0,0.0,0.0,134,20,15,0,12,2,10,13,28,0,0.0,0,15,3,217,68,0
12,0,0.0,0.0,0.0,47,47,1,0,0,1,2,0,0,0,0.0,0,1,1,47,47,0
6,0,0.0,0.0,0.0,57,57,1,0,4,1,4,0,6,0,0.0,0,1,1,35,35,0
4,0,0.0,0.0,0.0,19,19,2,0,0,1,0,0,0,0,0.0,0,2,1,68,50,0
17,0,0.0,0.0,0.0,20,20,1,0,4,3,8,2,1,0,0.0,0,1,1,62,62,0
5,0,0.0,0.0,0.0,134,57,3,0,3,1,2,0,3,0,0.0,0,3,2,46,36,0
15,0,0.0,0.0,0.0,51,8,3,0,1,2,4,3,0,0,0.0,0,3,1,63,58,0
5,0,0.0,0.0,0.0,74,74,3,0,1,2,3,1,0,0,0.0,0,3,1,70,35,0
27,0,0.0,0.0,0.0,21,21,1,0,8,4,3,9,15,0,0.0,0,1,1,60,60,0
79,0,0.0,0.0,0.0,60,8,11,0,21,1,13,16,151,0,0.0,0,12,1,349,156,0
46,0,0.0,0.0,0.0,134,57,5,0,13,2,17,28,10,0,0.0,0,6,2,173,94,0
27,0,0.0,0.0,0.0,95,14,8,0,6,1,5,2,0,0,0.0,0,9,2,358,136,0
30,0,0.0,0.0,0.0,99,20,6,0,7,1,7,14,10,0,0.0,0,7,2,89,41,0
15,0,0.0,0.0,0.0,134,94,2,0,4,2,6,7,6,0,0.0,0,3,2,64,52,0
9,0,0.0,0.0,0.0,134,134,1,0,2,2,2,0,1,0,0.0,0,1,1,39,39,0
1,0,0.0,0.0,0.0,91,25,3,0,0,1,0,0,0,0,0.0,0,4,3,56,25,0
58,0,0.0,0.0,0.0,93,14,9,0,10,2,10,14,6,0,0.0,0,10,3,537,232,0
6,0,0.0,0.0,0.0,134,134,1,0,1,4,2,0,0,0,0.0,0,1,1,33,33,0
31,0,0.0,0.0,0.0,134,20,3,0,5,2,12,22,3,0,0.0,0,4,2,112,59,0
48,0,0.0,0.0,0.0,134,57,5,0,11,2,15,28,10,0,0.0,0,6,2,211,102,0
36,0,0.0,0.0,0.0,134,94,2,0,9,2,10,15,15,0,0.0,0,3,2,98,86,0
9,0,0.0,0.0,0.0,134,95,3,0,2,4,0,0,1,0,0.0,0,3,3,36,32,0
9,0,0.0,0.0,0.0,53,44,3,0,2,3,0,0,1,0,0.0,0,3,2,59,31,0
20,0,0.0,0.0,0.0,134,57,5,0,5,3,6,2,2,0,0.0,0,6,3,114,69,0
27,0,0.0,0.0,0.0,134,75,5,0,1,4,9,6,0,0,0.0,0,9,4,97,70,0
13,0,0.0,0.0,0.0,95,14,7,0,4,3,4,1,0,0,0.0,0,8,2,254,92,0
15,0,0.0,0.0,0.0,8,8,1,0,3,1,4,2,3,0,0.0,0,1,1,46,46,0
8,0,0.0,0.0,0.0,57,50,3,0,2,1,2,0,1,0,0.0,0,3,1,170,66,0
9,0,0.0,0.0,0.0,134,95,2,0,7,1,3,0,21,0,0.0,0,2,2,42,41,0
16,0,0.0,0.0,0.0,20,20,1,0,2,3,7,1,1,0,0.0,0,1,1,51,51,0
22,0,0.0,0.0,0.0,134,51,5,0,5,1,8,8,0,0,0.0,0,6,2,127,77,0
7,0,0.0,0.0,0.0,134,20,3,0,5,1,3,0,10,0,0.0,0,3,2,53,36,0
91,0,0.0,0.0,0.0,57,57,1,0,19,1,9,31,21,0,0.0,0,1,1,187,187,0
6,0,0.0,0.0,0.0,100,95,1,0,1,2,2,1,0,0,0.0,0,2,2,36,34,0
83,0,0.0,0.0,0.0,99,20,13,0,5,3,8,3,6,0,0.0,0,16,5,378,154,0
4,0,0.0,0.0,0.0,54,46,2,0,0,1,1,0,0,0,0.0,0,2,2,51,39,0
11,0,0.0,0.0,0.0,134,46,3,0,5,3,5,9,0,0,0.0,0,5,4,143,82,0
19,0,0.0,0.0,0.0,19,14,4,0,4,2,2,2,4,0,0.0,0,4,1,63,25,0
8,0,0.0,0.0,0.0,31,31,0,0,2,2,0,0,1,0,0.0,0,1,1,36,36,0
33,0,0.0,0.0,0.0,134,47,5,0,10,2,9,16,21,0,0.0,0,6,2,108,85,0
38,0,0.0,0.0,0.0,134,94,3,0,12,2,8,16,28,0,0.0,0,4,2,118,100,0
45,0,0.0,0.0,0.0,99,20,7,0,11,2,8,10,0,0,0.0,0,9,5,167,96,0
6,0,0.0,0.0,0.0,104,94,3,0,4,1,4,0,6,0,0.0,0,3,3,84,78,0
99,0,0.0,0.0,0.0,21,20,2,0,2,4,9,2,1,0,0.0,0,2,2,188,186,0
11,0,0.0,0.0,0.0,44,19,5,0,9,1,5,0,36,0,0.0,0,5,2,261,90,0
42,0,0.0,0.0,0.0,57,57,1,0,10,1,10,16,0,0,0.0,0,1,1,94,94,0
36,0,0.0,0.0,0.0,50,50,1,0,14,1,4,16,6,0,0.0,0,1,1,70,70,0
3,0,0.0,0.0,0.0,51,51,2,0,0,3,1,0,0,0,0.0,0,2,1,41,33,0
16,0,0.0,0.0,0.0,86,74,1,0,3,2,2,2,0,0,0.0,0,4,3,73,44,0
11,0,0.0,0.0,0.0,134,19,7,0,9,1,8,0,36,0,0.0,0,7,3,63,45,0
11,0,0.0,0.0,0.0,57,57,1,0,5,2,6,0,10,0,0.0,0,1,1,47,47,0
17,0,0.0,0.0,0.0,87,87,1,0,5,2,8,4,10,0,0.0,0,1,1,59,59,0
48,0,0.0,0.0,0.0,134,57,6,0,11,2,15,28,10,0,0.0,0,7,2,213,101,0
12,0,0.0,0.0,0.0,58,58,1,0,3,2,3,0,3,0,0.0,0,1,1,33,33,0
9,0,0.0,0.0,0.0,20,18,2,0,7,3,5,0,21,0,0.0,0,2,2,47,45,0
56,0,0.0,0.0,0.0,134,60,7,0,14,2,3,25,0,0,0.0,0,7,3,172,92,0
14,0,0.0,0.0,0.0,8,8,1,0,3,2,4,0,1,0,0.0,0,1,1,48,48,0
9,0,0.0,0.0,0.0,94,90,2,0,2,4,0,0,1,0,0.0,0,2,2,52,43,0
8,0,0.0,0.0,0.0,54,46,2,0,6,2,2,0,15,0,0.0,0,2,2,37,31,0
7,0,0.0,0.0,0.0,134,95,2,0,5,1,2,0,10,0,0.0,0,2,2,37,36,0
59,0,0.0,0.0,0.0,94,14,15,0,19,2,14,20,0,0,0.0,0,18,4,677,250,0
1,0,0.0,0.0,0.0,52,52,1,0,0,1,0,0,0,0,0.0,0,1,1,29,29,0
45,17,13.0,15.0,2.0,134,5,4,1,11,2,16,21,10,2,0.0,0,5,2,176,75,0
22,0,0.0,0.0,0.0,95,14,5,0,6,3,8,1,8,0,0.0,0,6,2,211,138,0
6,0,0.0,0.0,0.0,51,51,1,0,1,2,1,1,0,0,0.0,0,1,1,32,32,0
8,0,0.0,0.0,0.0,134,95,2,0,6,1,3,0,15,0,0.0,0,2,2,40,39,0
5,0,0.0,0.0,0.0,19,19,2,0,3,1,1,1,0,0,0.0,0,2,1,28,18,0
24,0,0.0,0.0,0.0,134,20,8,0,5,2,4,12,0,0,0.0,0,8,3,185,75,0
26,0,0.0,0.0,0.0,93,86,2,0,3,1,3,4,3,0,0.0,0,3,2,83,55,0
3,0,0.0,0.0,0.0,74,74,2,0,1,1,1,0,0,0,0.0,0,2,1,58,29,0
38,0,0.0,0.0,0.0,95,22,7,0,7,2,12,14,0,0,0.0,0,8,4,183,77,0
7,0,0.0,0.0,0.0,134,57,3,0,5,1,4,0,10,0,0.0,0,4,2,50,38,0
46,0,0.0,0.0,0.0,134,22,5,0,16,2,10,18,55,0,0.0,0,8,3,141,99,0
10,0,0.0,0.0,0.0,68,68,1,0,5,2,5,8,0,0,0.0,0,1,1,67,67,0
8,0,0.0,0.0,0.0,20,14,2,0,2,3,2,0,1,0,0.0,0,2,1,102,68,0
11,0,0.0,0.0,0.0,104,51,11,0,9,1,3,0,36,0,0.0,0,11,5,162,103,0
12,0,0.0,0.0,0.0,86,86,0,0,3,2,2,0,3,0,0.0,0,1,1,45,45,0
25,0,0.0,0.0,0.0,134,57,3,0,7,2,8,10,10,0,0.0,0,4,2,97,69,0
34,0,0.0,0.0,0.0,95,14,12,0,8,4,7,4,9,0,0.0,0,15,4,584,172,0
127,0,0.0,0.0,0.0,21,20,2,0,2,4,9,2,1,0,0.0,0,2,2,230,228,0
11,0,0.0,0.0,0.0,95,14,9,0,3,1,1,0,0,0,0.0,0,9,3,236,144,0
9,0,0.0,0.0,0.0,134,47,3,0,7,1,3,0,21,0,0.0,0,3,2,44,40,0
4,0,0.0,0.0,0.0,105,53,2,0,1,2,2,0,0,0,0.0,0,2,1,35,28,0
3,0,0.0,0.0,0.0,45,14,2,0,0,3,3,0,0,0,0.0,0,2,1,62,60,0
18,0,0.0,0.0,0.0,134,57,3,0,5,2,7,6,3,0,0.0,0,4,2,93,66,0
14,0,0.0,0.0,0.0,134,93,2,0,5,1,3,4,4,0,0.0,0,3,3,54,50,0
10,0,0.0,0.0,0.0,134,95,2,0,8,1,3,0,28,0,0.0,0,3,2,44,41,0
6,0,0.0,0.0,0.0,145,145,1,0,4,1,1,0,6,0,0.0,0,1,1,32,32,0
3,0,0.0,0.0,0.0,56,25,2,0,0,3,3,0,0,0,0.0,0,2,1,62,60,0
14,0,0.0,0.0,0.0,30,30,1,0,3,2,5,6,1,0,0.0,0,1,1,50,50,0
17,0,0.0,0.0,0.0,79,60,4,0,4,2,4,9,1,0,0.0,0,5,1,105,48,1
8,0,0.0,0.0,0.0,115,12,3,0,1,2,7,8,0,0,0.0,0,4,1,60,37,0
20,0,0.0,0.0,0.0,145,68,4,0,5,3,6,2,2,0,0.0,0,5,3,93,59,0
7,0,0.0,0.0,0.0,31,31,1,0,5,1,5,0,10,0,0.0,0,1,1,81,81,0
37,0,0.0,0.0,0.0,25,25,1,0,10,1,5,7,8,0,0.0,0,1,1,42,42,0
42,0,0.0,0.0,0.0,145,31,3,0,11,1,2,4,23,0,0.0,0,5,2,109,89,1
25,0,0.0,0.0,0.0,19,19,1,0,6,2,9,11,6,0,0.0,0,1,1,70,70,0
16,0,0.0,0.0,0.0,145,64,6,0,3,2,7,5,3,0,0.0,0,7,4,79,45,0
67,0,0.0,0.0,0.0,145,21,7,0,6,4,7,8,6,0,0.0,0,12,6,181,94,0
17,0,0.0,0.0,0.0,98,97,1,0,4,2,10,1,0,0,0.0,0,2,2,80,62,0
32,0,0.0,0.0,0.0,25,22,2,0,6,2,8,6,4,0,0.0,0,2,1,86,84,0
15,0,0.0,0.0,0.0,115,104,5,0,5,1,9,4,8,0,0.0,0,5,4,73,63,0
14,0,0.0,0.0,0.0,115,12,4,0,3,2,7,7,0,0,0.0,0,5,2,79,42,0
17,0,0.0,0.0,0.0,79,65,2,0,4,3,8,5,3,0,0.0,0,2,1,66,62,0
15,0,0.0,0.0,0.0,145,32,5,0,4,2,2,1,6,0,0.0,0,5,3,56,33,0
4,0,0.0,0.0,0.0,145,101,2,0,2,1,0,0,1,0,0.0,0,3,2,44,31,0
18,0,0.0,0.0,0.0,18,18,1,0,5,2,4,7,10,0,0.0,0,1,1,51,51,0
40,49,10.5,17.5,1.0,25,8,4,2,10,1,8,6,26,1,0.9633,0,4,2,141,86,0
14,0,0.0,0.0,0.0,64,64,1,0,1,2,2,1,0,0,0.0,0,1,1,47,47,0
9,0,0.0,0.0,0.0,145,106,2,0,2,4,0,0,1,0,0.0,0,2,2,34,32,0
17,0,0.0,0.0,0.0,115,105,2,0,5,3,6,2,1,0,0.0,0,3,2,59,56,0
9,0,0.0,0.0,0.0,100,100,1,0,2,1,3,3,1,0,0.0,0,1,1,44,44,0
3,0,0.0,0.0,0.0,62,62,1,0,0,2,1,0,0,0,0.0,0,1,1,27,27,0
27,0,0.0,0.0,0.0,145,31,5,0,5,2,5,12,0,0,0.0,0,5,3,101,71,0
8,0,0.0,0.0,0.0,145,79,6,0,1,4,3,5,0,0,0.0,0,6,3,74,41,0
27,0,0.0,0.0,0.0,30,30,1,0,6,1,6,9,0,0,0.0,0,1,1,69,69,0
52,0,0.0,0.0,0.0,35,25,2,0,15,4,3,10,48,0,0.0,0,2,1,198,194,0
11,0,0.0,0.0,0.0,118,31,5,0,3,2,4,7,0,0,0.0,0,5,3,70,48,0
12,50,50.0,50.0,11.0,5,5,1,1,4,1,3,0,6,11,0.0,0,1,1,50,50,0
40,0,0.0,0.0,0.0,106,100,3,0,11,1,11,10,0,0,0.0,0,3,3,110,59,0
18,0,0.0,0.0,0.0,105,25,4,0,5,3,5,1,4,0,0.0,0,5,2,169,110,0
13,0,0.0,0.0,0.0,145,68,5,0,3,2,4,1,1,0,0.0,0,5,3,54,39,0
19,0,0.0,0.0,0.0,127,106,4,0,3,2,4,4,3,0,0.0,0,4,2,147,68,0
9,0,0.0,0.0,0.0,145,71,4,0,2,1,5,3,1,0,0.0,0,4,2,50,31,0
25,0,0.0,0.0,0.0,62,22,2,0,5,2,7,15,0,0,0.0,0,2,1,80,75,0
7,0,0.0,0.0,0.0,145,105,2,0,5,1,2,0,10,0,0.0,0,2,2,37,36,0
5,0,0.0,0.0,0.0,67,67,1,0,3,1,4,0,3,0,0.0,0,1,1,58,58,0
4,0,0.0,0.0,0.0,56,56,1,0,0,1,1,0,0,0,0.0,0,1,1,39,39,0
25,0,0.0,0.0,0.0,145,68,3,0,7,2,8,10,10,0,0.0,0,4,2,101,69,0
26,0,0.0,0.0,0.0,145,71,3,0,8,2,7,12,10,0,0.0,0,4,2,94,68,0
23,0,0.0,0.0,0.0,145,19,6,0,3,1,4,16,1,0,0.0,0,7,4,82,59,0
10,0,0.0,0.0,0.0,31,30,2,0,7,2,6,0,21,0,0.0,0,2,2,48,46,0
25,0,0.0,0.0,0.0,101,56,2,0,7,2,9,4,2,0,0.0,0,2,2,63,54,0
6,0,0.0,0.0,0.0,19,19,1,0,4,1,2,0,6,0,0.0,0,1,1,35,35,0
25,0,0.0,0.0,0.0,145,31,5,0,5,2,5,15,0,0,0.0,0,5,3,87,63,0
4,0,0.0,0.0,0.0,30,30,2,0,0,1,0,0,0,0,0.0,0,2,1,53,35,0
18,0,0.0,0.0,0.0,105,25,4,0,5,3,5,1,4,0,0.0,0,5,2,169,110,0
18,0,0.0,0.0,0.0,96,92,2,0,6,1,0,5,1,0,0.0,0,2,1,67,61,0
23,0,0.0,0.0,0.0,32,32,1,0,7,5,7,6,1,0,0.0,0,1,1,68,68,0
21,0,0.0,0.0,0.0,30,30,2,0,6,1,1,2,1,0,0.0,0,2,1,49,31,0
21,0,0.0,0.0,0.0,102,56,5,0,6,1,7,6,0,0,0.0,0,5,3,89,63,0
12,0,0.0,0.0,0.0,145,118,2,0,3,1,4,1,0,0,0.0,0,3,1,57,39,0
7,0,0.0,0.0,0.0,145,68,3,0,5,1,4,0,10,0,0.0,0,3,2,43,38,0
9,0,0.0,0.0,0.0,145,55,2,0,1,4,5,5,0,0,0.0,0,3,1,48,41,0
9,0,0.0,0.0,0.0,104,104,1,0,2,4,0,0,1,0,0.0,0,1,1,35,35,0
9,0,0.0,0.0,0.0,103,14,3,0,2,2,3,0,1,0,0.0,0,4,1,242,138,0
3,0,0.0,0.0,0.0,56,56,1,0,0,3,1,0,0,0,0.0,0,1,1,25,25,0
1,0,0.0,0.0,0.0,105,25,6,0,0,1,1,0,0,0,0.0,0,8,3,131,78,0
3,0,0.0,0.0,0.0,56,56,1,0,0,3,3,0,0,0,0.0,0,1,1,2,2,0
32,0,0.0,0.0,0.0,106,25,18,0,7,2,13,12,0,0,0.0,0,21,4,710,182,0
4,0,0.0,0.0,0.0,145,105,2,0,2,1,2,0,1,0,0.0,0,2,2,49,47,0
1,0,0.0,0.0,0.0,105,25,3,0,0,1,1,0,0,0,0.0,0,3,2,96,64,0
14,0,0.0,0.0,0.0,64,64,1,0,3,2,5,4,1,0,0.0,0,1,1,54,54,0
4,0,0.0,0.0,0.0,55,22,3,0,2,1,3,0,1,0,0.0,0,3,2,51,43,0
12,0,0.0,0.0,0.0,145,145,1,0,4,2,5,7,6,0,0.0,0,1,1,48,48,0
3,0,0.0,0.0,0.0,145,145,1,0,1,1,1,0,0,0,0.0,0,1,1,27,27,0
12,0,0.0,0.0,0.0,109,15,3,0,3,5,8,4,0,0,0.0,0,5,4,73,54,0
4,0,0.0,0.0,0.0,58,32,2,0,2,1,2,0,1,0,0.0,0,2,2,37,33,0
3,0,0.0,0.0,0.0,97,97,1,0,1,1,2,0,0,0,0.0,0,1,1,36,36,0
25,0,0.0,0.0,0.0,64,15,4,0,6,5,13,12,1,0,0.0,0,4,3,75,70,0
3,0,0.0,0.0,0.0,56,25,2,0,0,3,3,0,0,0,0.0,0,2,1,62,60,0
11,0,0.0,0.0,0.0,145,63,4,0,2,4,0,0,0,0,0.0,0,5,2,60,51,0
1,0,0.0,0.0,0.0,105,25,9,0,0,1,1,0,0,0,0.0,0,11,4,121,62,0
3,0,0.0,0.0,0.0,56,25,2,0,0,3,3,0,0,0,0.0,0,2,1,62,60,0
7,0,0.0,0.0,0.0,33,25,2,0,0,1,1,0,0,0,0.0,0,2,2,162,108,0
17,0,0.0,0.0,0.0,145,30,13,0,1,1,10,7,0,0,0.0,0,14,4,366,108,0
17,0,0.0,0.0,0.0,24,22,1,0,3,1,5,5,1,0,0.0,0,2,2,59,52,0
5,0,0.0,0.0,0.0,33,25,2,0,0,1,1,0,0,0,0.0,0,2,2,141,94,0
6,0,0.0,0.0,0.0,145,65,2,0,1,2,1,0,0,0,0.0,0,2,1,32,30,0
10,0,0.0,0.0,0.0,0,0,0,0,2,1,4,3,1,0,0.0,0,0,0,0,0,0
24,0,0.0,0.0,0.0,19,19,1,0,6,2,8,14,0,0,0.0,0,1,1,73,73,0
20,0,0.0,0.0,0.0,145,57,3,0,4,1,6,0,1,0,0.0,0,5,2,114,66,0
6,0,0.0,0.0,0.0,71,71,1,0,1,4,0,0,0,0,0.0,0,1,1,28,28,0
35,0,0.0,0.0,0.0,145,79,5,0,7,2,11,12,10,0,0.0,0,6,3,117,93,0
14,0,0.0,0.0,0.0,145,62,3,0,3,4,0,1,1,0,0.0,0,3,2,52,40,0
5,0,0.0,0.0,0.0,106,100,3,0,3,1,0,0,3,0,0.0,0,3,3,30,24,0
51,0,0.0,0.0,0.0,145,13,15,0,14,2,14,25,21,0,0.0,0,15,4,216,66,0
8,0,0.0,0.0,0.0,19,19,1,0,6,1,14,0,15,0,0.0,0,1,1,110,110,0
5,0,0.0,0.0,0.0,105,25,5,0,0,1,1,0,0,0,0.0,0,5,2,135,86,0
9,0,0.0,0.0,0.0,64,16,5,0,7,1,17,0,21,0,0.0,0,6,2,184,66,0
21,0,0.0,0.0,0.0,30,30,2,0,6,1,1,2,1,0,0.0,0,2,1,49,31,0
16,0,0.0,0.0,0.0,145,105,5,0,4,2,7,4,1,0,0.0,0,5,3,75,48,0
4,0,0.0,0.0,0.0,17,17,1,0,0,1,0,0,0,0,0.0,0,1,1,58,58,0
21,0,0.0,0.0,0.0,105,19,14,0,5,2,9,12,0,0,0.0,0,16,4,602,170,0
21,0,0.0,0.0,0.0,105,19,13,0,5,2,8,13,0,0,0.0,0,13,3,195,91,0
12,0,0.0,0.0,0.0,30,30,1,0,2,2,5,1,1,0,0.0,0,1,1,46,46,0
6,0,0.0,0.0,0.0,145,105,2,0,4,1,2,0,6,0,0.0,0,2,2,35,34,0
14,0,0.0,0.0,0.0,98,68,2,0,2,2,6,5,0,0,0.0,0,3,2,47,34,0
14,0,0.0,0.0,0.0,19,12,1,0,2,2,6,5,0,0,0.0,0,2,1,73,65,0
14,0,0.0,0.0,0.0,32,32,1,0,3,3,5,2,0,0,0.0,0,1,1,56,56,0
17,0,0.0,0.0,0.0,24,24,0,0,5,1,1,3,1,0,0.0,0,1,1,51,51,0
41,0,0.0,0.0,0.0,145,15,18,0,2,4,16,6,0,0,0.0,0,22,7,213,102,0
10,0,0.0,0.0,0.0,58,56,2,0,0,1,0,1,0,0,0.0,0,2,1,20,16,0
4,0,0.0,0.0,0.0,67,67,1,0,2,1,1,0,1,0,0.0,0,1,1,33,33,0
15,0,0.0,0.0,0.0,105,25,12,0,3,3,8,4,0,0,0.0,0,14,3,278,116,0
13,0,0.0,0.0,0.0,80,80,1,0,2,4,3,3,0,0,0.0,0,1,1,37,37,0
19,0,0.0,0.0,0.0,55,30,7,0,2,1,16,1,0,0,0.0,0,7,2,196,77,0
7,0,0.0,0.0,0.0,145,71,3,0,5,1,3,0,10,0,0.0,0,3,2,44,37,0
38,0,0.0,0.0,0.0,115,26,3,0,19,2,7,7,64,0,0.0,0,4,3,104,89,0
15,0,0.0,0.0,0.0,0,0,0,0,3,2,7,0,1,0,0.0,0,0,0,0,0,0
36,0,0.0,0.0,0.0,65,65,1,0,11,2,5,7,55,0,0.0,0,1,1,101,101,0
17,0,0.0,0.0,0.0,0,0,0,0,5,1,1,2,0,0,0.0,0,0,0,0,0,0
14,0,0.0,0.0,0.0,58,58,2,0,4,1,1,4,0,0,0.0,0,2,1,47,41,0
20,0,0.0,0.0,0.0,101,30,4,0,18,1,12,0,153,0,0.0,0,4,2,244,199,0
20,0,0.0,0.0,0.0,65,65,1,0,4,1,2,0,0,0,0.0,0,1,1,55,55,0
4,0,0.0,0.0,0.0,118,106,3,0,2,1,3,0,1,0,0.0,0,3,3,90,30,0
9,0,0.0,0.0,0.0,106,25,7,0,2,2,6,3,0,0,0.0,0,7,3,259,90,0
16,0,0.0,0.0,0.0,145,15,3,0,4,5,8,6,1,0,0.0,0,7,4,85,62,0
12,0,0.0,0.0,0.0,30,30,1,0,5,1,8,9,0,0,0.0,0,1,1,67,67,0
4,0,0.0,0.0,0.0,110,101,3,0,2,1,1,0,1,0,0.0,0,4,3,55,31,0
24,0,0.0,0.0,0.0,104,104,0,0,4,2,5,0,6,0,0.0,0,1,1,59,59,0
3,0,0.0,0.0,0.0,56,25,2,0,0,3,3,0,0,0,0.0,0,2,1,64,60,0
49,0,0.0,0.0,0.0,145,22,4,0,14,2,13,25,36,0,0.0,0,7,2,175,109,0
5,0,0.0,0.0,0.0,145,68,2,0,2,3,2,0,1,0,0.0,0,2,1,32,28,0
10,0,0.0,0.0,0.0,145,55,4,0,8,1,6,0,28,0,0.0,0,4,2,62,44,0
3,0,0.0,0.0,0.0,55,25,2,0,0,3,3,0,0,0,0.0,0,2,2,90,60,0
5,0,0.0,0.0,0.0,115,64,3,0,1,2,2,1,0,0,0.0,0,3,1,41,31,0
32,0,0.0,0.0,0.0,117,38,6,0,3,4,11,5,1,0,0.0,0,9,5,132,84,0
11,0,0.0,0.0,0.0,118,30,10,0,9,1,7,0,36,0,0.0,0,10,5,489,99,0
13,0,0.0,0.0,0.0,118,85,4,0,5,2,5,2,1,0,0.0,0,4,1,57,53,0
13,0,0.0,0.0,0.0,25,25,1,0,4,2,1,0,0,0,0.0,0,1,1,84,84,0
13,0,0.0,0.0,0.0,19,12,1,0,2,2,4,6,0,0,0.0,0,2,1,55,47,0
43,0,0.0,0.0,0.0,64,18,10,0,10,2,10,18,0,0,0.0,0,10,2,147,75,0
7,0,0.0,0.0,0.0,98,98,1,0,1,2,3,1,0,0,0.0,0,1,1,34,34,0
14,0,0.0,0.0,0.0,145,105,4,0,3,2,6,6,1,0,0.0,0,5,3,72,56,0
12,0,0.0,0.0,0.0,110,104,2,0,3,2,4,1,3,0,0.0,0,3,2,45,43,0
3,0,0.0,0.0,0.0,56,25,2,0,0,3,3,0,0,0,0.0,0,2,1,62,60,0
10,0,0.0,0.0,0.0,105,25,6,0,2,3,3,0,0,0,0.0,0,6,2,131,78,0
10,0,0.0,0.0,0.0,145,30,8,0,7,2,10,9,0,0,0.0,0,9,4,248,115,0
8,0,0.0,0.0,0.0,118,63,5,0,4,1,3,0,6,0,0.0,0,6,2,110,62,0
13,0,0.0,0.0,0.0,105,25,8,0,3,1,1,0,0,0,0.0,0,10,3,193,108,0
3,0,0.0,0.0,0.0,106,106,1,0,1,1,1,0,0,0,0.0,0,2,2,30,26,0
8,0,0.0,0.0,0.0,30,30,1,0,1,1,6,2,0,0,0.0,0,1,1,45,45,0
39,0,0.0,0.0,0.0,62,38,5,0,2,4,10,8,0,0,0.0,0,5,2,109,87,0
38,0,0.0,0.0,0.0,145,101,5,0,9,2,10,16,4,0,0.0,0,6,3,115,88,0
10,0,0.0,0.0,0.0,105,25,5,0,2,3,3,0,0,0,0.0,0,5,2,132,80,0
17,0,0.0,0.0,0.0,145,105,3,0,4,3,8,2,1,0,0.0,0,4,3,66,55,0
9,0,0.0,0.0,0.0,105,25,11,0,7,1,17,0,21,0,0.0,0,13,3,547,256,0
7,0,0.0,0.0,0.0,145,68,3,0,5,1,4,0,10,0,0.0,0,4,2,44,38,0
4,0,0.0,0.0,0.0,58,58,1,0,2,1,2,0,1,0,0.0,0,1,1,29,29,0
17,0,0.0,0.0,0.0,115,105,3,0,5,3,6,2,1,0,0.0,0,4,2,59,56,0
1,0,0.0,0.0,0.0,105,25,5,0,0,1,1,0,0,0,0.0,0,7,3,109,62,0
6,0,0.0,0.0,0.0,145,105,2,0,4,1,2,0,6,0,0.0,0,2,2,35,34,0
17,0,0.0,0.0,0.0,145,98,1,0,4,3,5,6,0,0,0.0,0,2,1,77,64,0
9,0,0.0,0.0,0.0,145,101,4,0,2,4,0,0,1,0,0.0,0,4,3,59,42,0
4,0,0.0,0.0,0.0,115,64,2,0,1,2,2,0,0,0,0.0,0,2,1,35,28,0
3,0,0.0,0.0,0.0,56,25,2,0,0,3,3,0,0,0,0.0,0,2,1,62,60,0
11,0,0.0,0.0,0.0,65,65,1,0,4,1,0,0,1,0,0.0,0,1,1,45,45,0
9,0,0.0,0.0,0.0,145,106,2,0,2,4,0,0,1,0,0.0,0,2,2,34,32,0
21,0,0.0,0.0,0.0,145,33,7,0,7,2,4,6,1,0,0.0,0,8,4,94,54,0
7,0,0.0,0.0,0.0,105,25,8,0,5,1,14,0,10,0,0.0,0,10,4,362,196,0
13,0,0.0,0.0,0.0,145,68,3,0,3,1,6,3,1,0,0.0,0,4,2,207,119,0
4,0,0.0,0.0,0.0,105,25,4,0,2,1,5,0,1,0,0.0,0,4,2,178,108,0
7,0,0.0,0.0,0.0,145,105,2,0,5,1,4,0,10,0,0.0,0,2,2,39,38,0
17,0,0.0,0.0,0.0,145,105,3,0,4,3,8,2,1,0,0.0,0,4,3,66,55,0
22,0,0.0,0.0,0.0,68,68,1,0,3,3,5,3,3,0,0.0,0,1,1,58,58,0
6,0,0.0,0.0,0.0,118,33,3,0,2,1,4,0,1,0,0.0,0,4,4,41,37,0
13,0,0.0,0.0,0.0,25,25,1,0,4,2,1,0,0,0,0.0,0,1,1,78,78,0
26,0,0.0,0.0,0.0,58,58,1,0,8,1,1,3,17,0,0.0,0,1,1,69,69,0
12,0,0.0,0.0,0.0,145,37,7,0,3,2,4,3,1,0,0.0,0,7,4,75,43,0
28,0,0.0,0.0,0.0,13,13,1,0,7,2,5,10,0,0,0.0,0,1,1,59,59,0
46,0,0.0,0.0,0.0,38,31,4,0,9,2,7,10,4,0,0.0,0,4,2,191,115,0
6,0,0.0,0.0,0.0,31,31,1,0,4,1,5,0,6,0,0.0,0,1,1,40,40,0
6,0,0.0,0.0,0.0,58,32,2,0,4,1,2,0,6,0,0.0,0,2,2,18,14,0
9,0,0.0,0.0,0.0,110,65,6,0,2,2,4,4,1,0,0.0,0,6,2,95,53,0
7,0,0.0,0.0,0.0,145,105,2,0,5,1,2,0,10,0,0.0,0,2,2,37,36,0
16,0,0.0,0.0,0.0,25,25,1,0,5,2,1,0,0,0,0.0,0,1,1,92,92,0
1,0,0.0,0.0,0.0,105,25,5,0,0,1,1,0,0,0,0.0,0,5,2,93,58,0
11,0,0.0,0.0,0.0,79,79,1,0,2,1,8,8,0,0,0.0,0,1,1,52,52,0
5,0,0.0,0.0,0.0,115,115,1,0,1,2,2,0,0,0,0.0,0,1,1,35,35,0
9,0,0.0,0.0,0.0,103,103,0,0,2,3,0,0,1,0,0.0,0,1,1,37,37,0
1,0,0.0,0.0,0.0,15,15,1,0,0,1,0,0,0,0,0.0,0,1,1,27,27,0
19,0,0.0,0.0,0.0,145,113,3,0,3,2,4,1,3,0,0.0,0,3,2,111,67,0
9,0,0.0,0.0,0.0,145,106,2,0,2,4,0,0,1,0,0.0,0,2,2,34,32,0
15,0,0.0,0.0,0.0,115,115,1,0,4,1,3,1,0,0,0.0,0,1,1,45,45,0
9,0,0.0,0.0,0.0,115,12,3,0,2,2,3,3,0,0,0.0,0,4,1,59,41,0
23,0,0.0,0.0,0.0,68,68,1,0,6,2,9,12,6,0,0.0,0,1,1,71,71,0
14,0,0.0,0.0,0.0,145,104,2,0,3,1,3,2,1,0,0.0,0,2,1,46,40,0
26,0,0.0,0.0,0.0,145,68,3,0,10,2,6,6,16,0,0.0,0,3,2,98,68,0
34,0,0.0,0.0,0.0,101,56,2,0,9,2,9,5,0,0,0.0,0,2,2,78,69,0
17,0,0.0,0.0,0.0,145,105,3,0,4,3,8,2,1,0,0.0,0,4,3,66,55,0
3,0,0.0,0.0,0.0,56,25,2,0,0,3,3,0,0,0,0.0,0,2,1,62,60,0
11,0,0.0,0.0,0.0,64,64,1,0,3,1,0,6,1,0,0.0,0,1,1,47,47,0
3,0,0.0,0.0,0.0,31,25,2,0,0,5,3,0,0,0,0.0,0,2,1,90,60,0
25,0,0.0,0.0,0.0,145,105,2,0,7,2,8,10,10,0,0.0,0,3,2,82,68,1
16,0,0.0,0.0,0.0,145,22,8,0,5,2,10,6,10,0,0.0,0,11,3,223,88,0
18,0,0.0,0.0,0.0,145,18,13,0,5,2,4,7,10,0,0.0,0,15,4,243,64,0
7,0,0.0,0.0,0.0,145,145,1,0,1,4,3,2,0,0,0.0,0,1,1,32,32,0
6,0,0.0,0.0,0.0,110,101,5,0,4,1,4,0,6,0,0.0,0,6,4,103,47,0
7,0,0.0,0.0,0.0,145,61,7,0,1,3,2,1,0,0,0.0,0,11,4,123,54,0
30,0,0.0,0.0,0.0,98,57,1,0,2,4,11,5,0,0,0.0,0,6,3,109,97,0
29,0,0.0,0.0,0.0,145,99,5,0,8,1,5,6,0,0,0.0,0,6,4,90,66,0
11,0,0.0,0.0,0.0,104,25,4,0,6,1,2,0,1,0,0.0,0,5,2,181,102,0
9,0,0.0,0.0,0.0,105,25,12,0,7,1,14,0,21,0,0.0,0,13,3,491,224,0
11,0,0.0,0.0,0.0,60,60,1,0,4,1,6,7,0,0,0.0,0,1,1,50,50,0
13,0,0.0,0.0,0.0,145,104,2,0,3,1,3,2,1,0,0.0,0,3,3,45,43,0
1,0,0.0,0.0,0.0,105,25,6,0,0,1,1,0,0,0,0.0,0,6,3,110,64,0
28,0,0.0,0.0,0.0,145,31,7,0,6,2,7,16,0,0,0.0,0,8,3,122,72,0
12,0,0.0,0.0,0.0,145,101,7,0,3,2,4,4,3,0,0.0,0,9,4,89,44,0
21,0,0.0,0.0,0.0,145,31,9,0,5,2,4,11,0,0,0.0,0,9,4,125,61,0
52,0,0.0,0.0,0.0,25,25,1,0,16,5,3,14,16,0,0.0,0,1,1,192,192,0
12,0,0.0,0.0,0.0,145,58,4,0,10,1,4,0,45,0,0.0,0,4,2,64,53,0
48,0,0.0,0.0,0.0,145,30,15,0,12,2,10,13,28,0,0.0,0,15,3,217,68,0
12,0,0.0,0.0,0.0,58,58,1,0,0,1,2,0,0,0,0.0,0,1,1,47,47,0
6,0,0.0,0.0,0.0,68,68,1,0,4,1,4,0,6,0,0.0,0,1,1,35,35,0
4,0,0.0,0.0,0.0,30,30,2,0,0,1,0,0,0,0,0.0,0,2,1,68,50,0
17,0,0.0,0.0,0.0,31,31,1,0,4,3,8,2,1,0,0.0,0,1,1,62,62,0
5,0,0.0,0.0,0.0,145,68,3,0,3,1,2,0,3,0,0.0,0,3,2,46,36,0
15,0,0.0,0.0,0.0,62,19,3,0,1,2,4,3,0,0,0.0,0,3,1,63,58,0
5,0,0.0,0.0,0.0,85,85,3,0,1,2,3,1,0,0,0.0,0,3,1,70,35,0
27,0,0.0,0.0,0.0,32,32,1,0,8,4,3,9,15,0,0.0,0,1,1,60,60,0
79,0,0.0,0.0,0.0,71,18,11,0,21,1,13,16,151,0,0.0,0,12,1,349,156,1
46,0,0.0,0.0,0.0,145,68,5,0,13,2,17,28,10,0,0.0,0,6,2,173,94,0
27,0,0.0,0.0,0.0,105,25,8,0,6,1,5,2,0,0,0.0,0,9,2,358,136,0
30,0,0.0,0.0,0.0,110,31,6,0,7,1,7,14,10,0,0.0,0,7,2,89,41,0
15,0,0.0,0.0,0.0,145,105,2,0,4,2,6,7,6,0,0.0,0,3,2,64,52,0
9,0,0.0,0.0,0.0,145,145,1,0,2,2,2,0,1,0,0.0,0,1,1,39,39,0
1,0,0.0,0.0,0.0,101,35,3,0,0,1,0,0,0,0,0.0,0,4,3,56,25,0
58,0,0.0,0.0,0.0,104,25,9,0,10,2,10,14,6,0,0.0,0,10,3,537,232,0
6,0,0.0,0.0,0.0,145,145,1,0,1,4,2,0,0,0,0.0,0,1,1,33,33,0
31,0,0.0,0.0,0.0,145,31,3,0,5,2,12,22,3,0,0.0,0,4,2,112,59,0
48,0,0.0,0.0,0.0,145,68,5,0,11,2,15,28,10,0,0.0,0,6,2,211,102,0
36,0,0.0,0.0,0.0,145,105,2,0,9,2,10,15,15,0,0.0,0,3,2,98,86,0
9,0,0.0,0.0,0.0,145,106,3,0,2,4,0,0,1,0,0.0,0,3,3,36,32,0
9,0,0.0,0.0,0.0,64,55,3,0,2,3,0,0,1,0,0.0,0,3,2,59,31,0
20,0,0.0,0.0,0.0,145,68,5,0,5,3,6,2,2,0,0.0,0,6,3,114,69,0
27,0,0.0,0.0,0.0,145,86,5,0,1,4,9,6,0,0,0.0,0,9,4,97,70,0
13,0,0.0,0.0,0.0,105,25,7,0,4,3,4,1,0,0,0.0,0,8,2,254,92,0
15,0,0.0,0.0,0.0,19,19,1,0,3,1,4,2,3,0,0.0,0,1,1,46,46,0
8,0,0.0,0.0,0.0,67,61,3,0,2,1,2,0,1,0,0.0,0,3,1,170,66,0
9,0,0.0,0.0,0.0,145,105,2,0,7,1,3,0,21,0,0.0,0,2,2,42,41,0
16,0,0.0,0.0,0.0,30,30,1,0,2,3,7,1,1,0,0.0,0,1,1,51,51,0
22,0,0.0,0.0,0.0,145,62,5,0,5,1,8,8,0,0,0.0,0,6,2,127,77,0
7,0,0.0,0.0,0.0,145,31,3,0,5,1,3,0,10,0,0.0,0,3,2,53,36,0
91,0,0.0,0.0,0.0,68,68,1,0,19,1,9,31,21,0,0.0,0,1,1,187,187,0
6,0,0.0,0.0,0.0,110,105,1,0,1,2,2,1,0,0,0.0,0,2,2,36,34,0
83,0,0.0,0.0,0.0,110,31,13,0,5,3,8,3,6,0,0.0,0,16,5,378,154,0
4,0,0.0,0.0,0.0,65,56,2,0,0,1,1,0,0,0,0.0,0,2,2,51,39,0
28,79,79.0,79.0,11.0,5,5,1,1,7,1,1,3,15,11,0.0,0,1,1,79,79,0
11,0,0.0,0.0,0.0,145,57,3,0,5,3,5,9,0,0,0.0,0,5,4,143,82,0
19,0,0.0,0.0,0.0,30,25,4,0,4,2,2,2,4,0,0.0,0,4,1,63,25,0
8,0,0.0,0.0,0.0,42,42,0,0,2,2,0,0,1,0,0.0,0,1,1,36,36,0
33,0,0.0,0.0,0.0,145,58,5,0,10,2,9,16,21,0,0.0,0,6,2,108,85,0
38,0,0.0,0.0,0.0,145,105,3,0,12,2,8,16,28,0,0.0,0,4,2,118,100,0
45,0,0.0,0.0,0.0,110,31,7,0,11,2,8,10,0,0,0.0,0,9,5,167,96,0
6,0,0.0,0.0,0.0,115,104,3,0,4,1,4,0,6,0,0.0,0,3,3,84,78,0
99,0,0.0,0.0,0.0,32,31,2,0,2,4,9,2,1,0,0.0,0,2,2,188,186,0
11,0,0.0,0.0,0.0,55,30,5,0,9,1,5,0,36,0,0.0,0,5,2,261,90,0
42,0,0.0,0.0,0.0,67,67,1,0,10,1,10,16,0,0,0.0,0,1,1,94,94,0
36,0,0.0,0.0,0.0,61,61,1,0,14,1,4,21,6,0,0.0,0,1,1,70,70,0
3,0,0.0,0.0,0.0,62,61,2,0,0,3,1,0,0,0,0.0,0,2,1,41,33,0
16,0,0.0,0.0,0.0,97,85,1,0,3,2,2,2,0,0,0.0,0,4,3,73,44,0
11,0,0.0,0.0,0.0,145,30,7,0,9,1,8,0,36,0,0.0,0,7,3,63,45,0
11,0,0.0,0.0,0.0,68,68,1,0,5,2,6,0,10,0,0.0,0,1,1,47,47,1
17,0,0.0,0.0,0.0,98,98,1,0,5,2,8,4,10,0,0.0,0,1,1,59,59,0
48,0,0.0,0.0,0.0,145,68,6,0,11,2,15,28,10,0,0.0,0,7,2,213,101,0
12,0,0.0,0.0,0.0,68,68,1,0,3,2,3,0,3,0,0.0,0,1,1,33,33,0
9,0,0.0,0.0,0.0,31,29,2,0,7,3,5,0,21,0,0.0,0,2,2,47,45,0
56,0,0.0,0.0,0.0,145,71,7,0,14,2,3,25,0,0,0.0,0,7,3,172,92,0
14,0,0.0,0.0,0.0,19,19,1,0,3,2,4,0,1,0,0.0,0,1,1,48,48,0
9,0,0.0,0.0,0.0,105,101,2,0,2,4,0,0,1,0,0.0,0,2,2,52,43,0
8,0,0.0,0.0,0.0,65,56,2,0,6,2,2,0,15,0,0.0,0,2,2,37,31,0
7,0,0.0,0.0,0.0,145,105,2,0,5,1,2,0,10,0,0.0,0,2,2,37,36,0
59,0,0.0,0.0,0.0,105,25,15,0,19,2,14,20,0,0,0.0,0,18,4,677,250,0
1,0,0.0,0.0,0.0,63,63,1,0,0,1,0,0,0,0,0.0,0,1,1,29,29,0
45,0,0.0,0.0,0.0,145,16,4,0,11,2,16,21,10,0,0.0,0,5,2,176,75,0
22,0,0.0,0.0,0.0,105,25,5,0,6,3,8,1,8,0,0.0,0,6,2,211,138,0
6,0,0.0,0.0,0.0,62,62,1,0,1,2,1,1,0,0,0.0,0,1,1,32,32,0
8,0,0.0,0.0,0.0,145,105,2,0,6,1,3,0,15,0,0.0,0,2,2,40,39,0
5,0,0.0,0.0,0.0,30,30,2,0,3,1,1,1,0,0,0.0,0,2,1,28,18,0
24,0,0.0,0.0,0.0,145,31,8,0,5,2,4,12,0,0,0.0,0,8,3,185,75,0
26,0,0.0,0.0,0.0,104,97,2,0,3,1,3,4,3,0,0.0,0,3,2,83,55,0
3,0,0.0,0.0,0.0,85,85,2,0,1,1,1,0,0,0,0.0,0,2,1,58,29,0
38,0,0.0,0.0,0.0,106,33,7,0,7,2,12,14,0,0,0.0,0,8,4,183,77,0
7,0,0.0,0.0,0.0,145,68,3,0,5,1,4,0,10,0,0.0,0,4,2,50,38,0
46,0,0.0,0.0,0.0,145,33,5,0,16,2,10,18,55,0,0.0,0,8,3,141,99,0
10,0,0.0,0.0,0.0,79,79,1,0,5,2,5,8,0,0,0.0,0,1,1,67,67,0
8,0,0.0,0.0,0.0,31,25,2,0,2,3,2,0,1,0,0.0,0,2,1,102,68,0
11,6,-2.0,2.0,7.0,115,8,11,0,9,1,3,0,36,7,0.0,0,12,5,168,103,0
6,65,65.0,65.0,11.0,5,5,1,1,4,1,2,0,6,11,0.0,0,1,1,65,65,0
12,0,0.0,0.0,0.0,97,97,0,0,3,2,2,0,3,0,0.0,0,1,1,45,45,0
25,0,0.0,0.0,0.0,145,68,3,0,7,2,8,10,10,0,0.0,0,4,2,97,69,0
34,0,0.0,0.0,0.0,105,25,12,0,8,4,7,4,9,0,0.0,0,15,4,584,172,0
127,0,0.0,0.0,0.0,32,31,2,0,2,4,9,2,1,0,0.0,0,2,2,230,228,0
11,0,0.0,0.0,0.0,105,25,9,0,3,1,1,0,0,0,0.0,0,9,3,236,144,0
9,0,0.0,0.0,0.0,145,58,3,0,7,1,3,0,21,0,0.0,0,3,2,44,40,0
4,0,0.0,0.0,0.0,115,64,2,0,1,2,2,0,0,0,0.0,0,2,1,35,28,0
3,0,0.0,0.0,0.0,56,25,2,0,0,3,3,0,0,0,0.0,0,2,1,62,60,0
18,0,0.0,0.0,0.0,145,68,3,0,5,2,7,6,3,0,0.0,0,4,2,93,66,0
14,0,0.0,0.0,0.0,145,104,2,0,5,1,3,4,4,0,0.0,0,3,3,54,50,0
10,0,0.0,0.0,0.0,145,105,2,0,8,1,3,0,28,0,0.0,0,3,2,44,41,0
6,0,0.0,0.0,0.0,152,152,1,0,4,1,1,0,6,0,0.0,0,1,1,32,32,0
3,0,0.0,0.0,0.0,63,32,2,0,0,3,3,0,0,0,0.0,0,2,1,62,60,0
14,0,0.0,0.0,0.0,37,37,1,0,3,2,5,6,1,0,0.0,0,1,1,50,50,0
17,4,0.0,2.0,4.0,86,5,5,1,4,2,4,9,1,4,0.0,0,6,1,109,48,1
8,0,0.0,0.0,0.0,122,19,3,0,1,2,7,8,0,0,0.0,0,4,1,60,37,0
20,0,0.0,0.0,0.0,152,75,4,0,5,3,6,2,2,0,0.0,0,5,3,93,59,0
7,0,0.0,0.0,0.0,38,38,1,0,5,1,5,0,10,0,0.0,0,1,1,81,81,0
37,0,0.0,0.0,0.0,32,32,1,0,10,1,5,7,8,0,0.0,0,1,1,42,42,0
25,0,0.0,0.0,0.0,26,26,1,0,6,2,9,11,6,0,0.0,0,1,1,70,70,0
16,0,0.0,0.0,0.0,152,71,6,0,3,2,7,5,3,0,0.0,0,7,4,79,45,0
67,0,0.0,0.0,0.0,152,28,7,0,6,4,7,8,6,0,0.0,0,12,6,181,94,0
17,0,0.0,0.0,0.0,105,104,1,0,4,2,10,1,0,0,0.0,0,2,2,80,62,0
32,0,0.0,0.0,0.0,32,29,2,0,6,2,8,6,4,0,0.0,0,2,1,86,84,0
15,0,0.0,0.0,0.0,122,111,5,0,5,1,9,4,8,0,0.0,0,5,4,73,63,0
14,0,0.0,0.0,0.0,122,19,4,0,3,2,7,7,0,0,0.0,0,5,2,79,42,0
17,0,0.0,0.0,0.0,86,72,2,0,4,3,8,5,3,0,0.0,0,2,1,66,62,0
15,0,0.0,0.0,0.0,152,39,5,0,4,2,2,1,6,0,0.0,0,5,3,56,33,0
4,0,0.0,0.0,0.0,152,108,2,0,2,1,0,0,1,0,0.0,0,3,2,44,31,0
18,0,0.0,0.0,0.0,25,25,1,0,5,2,4,7,10,0,0.0,0,1,1,51,51,0
40,0,0.0,0.0,0.0,32,15,4,0,10,1,8,6,26,0,0.0,0,4,2,141,86,0
14,0,0.0,0.0,0.0,71,71,1,0,1,2,2,1,0,0,0.0,0,1,1,47,47,0
9,0,0.0,0.0,0.0,152,113,2,0,2,4,0,0,1,0,0.0,0,2,2,34,32,0
17,0,0.0,0.0,0.0,122,112,2,0,5,3,6,2,1,0,0.0,0,3,2,59,56,0
9,0,0.0,0.0,0.0,107,107,1,0,2,1,3,3,1,0,0.0,0,1,1,44,44,0
3,0,0.0,0.0,0.0,69,69,1,0,0,2,1,0,0,0,0.0,0,1,1,27,27,0
27,0,0.0,0.0,0.0,152,38,5,0,5,2,5,12,0,0,0.0,0,5,3,101,71,0
8,0,0.0,0.0,0.0,152,86,6,0,1,4,3,5,0,0,0.0,0,6,3,74,41,0
27,0,0.0,0.0,0.0,37,37,1,0,6,1,6,9,0,0,0.0,0,1,1,69,69,0
52,0,0.0,0.0,0.0,42,32,2,0,15,4,3,10,48,0,0.0,0,2,1,198,194,0
11,0,0.0,0.0,0.0,125,38,5,0,3,2,4,7,0,0,0.0,0,5,3,70,48,0
12,0,0.0,0.0,0.0,12,12,1,0,4,1,3,0,6,0,0.0,0,1,1,50,50,0
40,0,0.0,0.0,0.0,113,107,3,0,11,1,11,10,0,0,0.0,0,3,3,110,59,0
18,0,0.0,0.0,0.0,112,32,4,0,5,3,5,1,4,0,0.0,0,5,2,169,110,0
13,0,0.0,0.0,0.0,152,75,5,0,3,2,4,1,1,0,0.0,0,5,3,54,39,0
19,0,0.0,0.0,0.0,134,113,4,0,3,2,4,4,3,0,0.0,0,4,2,147,68,0
9,0,0.0,0.0,0.0,152,78,4,0,2,1,5,3,1,0,0.0,0,4,2,50,31,0
25,0,0.0,0.0,0.0,69,29,2,0,5,2,7,15,0,0,0.0,0,2,1,80,75,0
7,0,0.0,0.0,0.0,152,112,2,0,5,1,2,0,10,0,0.0,0,2,2,37,36,0
5,0,0.0,0.0,0.0,74,74,1,0,3,1,4,0,3,0,0.0,0,1,1,58,58,0
4,0,0.0,0.0,0.0,63,63,1,0,0,1,1,0,0,0,0.0,0,1,1,39,39,0
25,0,0.0,0.0,0.0,152,75,3,0,7,2,8,10,10,0,0.0,0,4,2,101,69,0
26,0,0.0,0.0,0.0,152,78,3,0,8,2,7,12,10,0,0.0,0,4,2,94,68,0
23,0,0.0,0.0,0.0,152,26,6,0,3,1,4,16,1,0,0.0,0,7,4,82,59,0
10,0,0.0,0.0,0.0,38,37,2,0,7,2,6,0,21,0,0.0,0,2,2,48,46,0
25,0,0.0,0.0,0.0,108,63,2,0,7,2,9,4,2,0,0.0,0,2,2,63,54,0
6,0,0.0,0.0,0.0,26,26,1,0,4,1,2,0,6,0,0.0,0,1,1,35,35,0
25,0,0.0,0.0,0.0,152,38,5,0,5,2,5,15,0,0,0.0,0,5,3,87,63,0
4,0,0.0,0.0,0.0,37,37,2,0,0,1,0,0,0,0,0.0,0,2,1,53,35,0
18,0,0.0,0.0,0.0,112,32,4,0,5,3,5,1,4,0,0.0,0,5,2,169,110,0
18,0,0.0,0.0,0.0,103,99,2,0,6,1,0,5,1,0,0.0,0,2,1,67,61,0
23,0,0.0,0.0,0.0,39,39,1,0,7,5,7,6,1,0,0.0,0,1,1,68,68,0
24,3,3.0,3.0,6.0,37,5,3,1,7,1,1,2,1,6,0.0,0,3,2,52,31,0
21,0,0.0,0.0,0.0,109,63,5,0,6,1,7,6,0,0,0.0,0,5,3,89,63,0
12,0,0.0,0.0,0.0,152,125,2,0,3,1,4,1,0,0,0.0,0,3,1,57,39,0
7,0,0.0,0.0,0.0,152,75,3,0,5,1,4,0,10,0,0.0,0,3,2,43,38,0
9,0,0.0,0.0,0.0,152,62,2,0,1,4,5,5,0,0,0.0,0,3,1,48,41,0
9,0,0.0,0.0,0.0,111,111,1,0,2,4,0,0,1,0,0.0,0,1,1,35,35,0
9,0,0.0,0.0,0.0,110,21,3,0,2,2,3,0,1,0,0.0,0,4,1,242,138,0
3,0,0.0,0.0,0.0,63,63,1,0,0,3,1,0,0,0,0.0,0,1,1,25,25,0
1,0,0.0,0.0,0.0,112,32,6,0,0,1,1,0,0,0,0.0,0,8,3,131,78,0
3,0,0.0,0.0,0.0,63,63,1,0,0,3,3,0,0,0,0.0,0,1,1,2,2,0
32,0,0.0,0.0,0.0,113,32,18,0,7,2,13,12,0,0,0.0,0,21,4,710,182,0
4,0,0.0,0.0,0.0,152,112,2,0,2,1,2,0,1,0,0.0,0,2,2,49,47,0
1,0,0.0,0.0,0.0,112,32,3,0,0,1,1,0,0,0,0.0,0,3,2,96,64,0
14,0,0.0,0.0,0.0,71,71,1,0,3,2,5,4,1,0,0.0,0,1,1,54,54,0
4,0,0.0,0.0,0.0,62,29,3,0,2,1,3,0,1,0,0.0,0,3,2,51,43,0
12,0,0.0,0.0,0.0,152,152,1,0,4,2,5,7,6,0,0.0,0,1,1,48,48,0
3,0,0.0,0.0,0.0,152,152,1,0,1,1,1,0,0,0,0.0,0,1,1,27,27,0
12,0,0.0,0.0,0.0,116,22,3,0,3,5,8,4,0,0,0.0,0,5,4,73,54,0
4,0,0.0,0.0,0.0,65,39,2,0,2,1,2,0,1,0,0.0,0,2,2,37,33,0
3,0,0.0,0.0,0.0,104,104,1,0,1,1,2,0,0,0,0.0,0,1,1,36,36,0
25,0,0.0,0.0,0.0,71,22,4,0,6,5,13,12,1,0,0.0,0,4,3,75,70,0
3,0,0.0,0.0,0.0,63,32,2,0,0,3,3,0,0,0,0.0,0,2,1,62,60,0
11,0,0.0,0.0,0.0,152,70,4,0,2,4,0,0,0,0,0.0,0,5,2,60,51,0
1,0,0.0,0.0,0.0,112,32,9,0,0,1,1,0,0,0,0.0,0,11,4,121,62,0
3,0,0.0,0.0,0.0,63,32,2,0,0,3,3,0,0,0,0.0,0,2,1,62,60,0
17,0,0.0,0.0,0.0,152,37,13,0,1,1,10,7,0,0,0.0,0,14,4,366,108,0
17,0,0.0,0.0,0.0,31,29,1,0,3,1,5,5,1,0,0.0,0,2,2,59,52,0
6,0,0.0,0.0,0.0,152,72,2,0,1,2,1,0,0,0,0.0,0,2,1,32,30,0
10,0,0.0,0.0,0.0,0,0,0,0,2,1,4,3,1,0,0.0,0,0,0,0,0,0
24,0,0.0,0.0,0.0,26,26,1,0,6,2,8,14,0,0,0.0,0,1,1,73,73,0
20,0,0.0,0.0,0.0,152,64,3,0,4,1,6,0,1,0,0.0,0,5,2,114,66,0
6,0,0.0,0.0,0.0,78,78,1,0,1,4,0,0,0,0,0.0,0,1,1,28,28,0
35,0,0.0,0.0,0.0,152,86,5,0,7,2,11,12,10,0,0.0,0,6,3,117,93,0
14,0,0.0,0.0,0.0,152,69,3,0,3,4,0,1,1,0,0.0,0,3,2,52,40,0
5,0,0.0,0.0,0.0,113,107,3,0,3,1,0,0,3,0,0.0,0,3,3,30,24,0
51,0,0.0,0.0,0.0,152,20,15,0,14,2,14,25,21,0,0.0,0,15,4,216,66,0
8,0,0.0,0.0,0.0,26,26,1,0,6,1,14,0,15,0,0.0,0,1,1,110,110,0
5,0,0.0,0.0,0.0,112,32,5,0,0,1,1,0,0,0,0.0,0,5,2,135,86,0
9,0,0.0,0.0,0.0,71,23,5,0,7,1,17,0,21,0,0.0,0,6,2,184,66,0
21,0,0.0,0.0,0.0,37,37,2,0,6,1,1,2,1,0,0.0,0,2,1,49,31,0
16,0,0.0,0.0,0.0,152,112,5,0,4,2,7,4,1,0,0.0,0,5,3,75,48,0
4,0,0.0,0.0,0.0,24,24,1,0,0,1,0,0,0,0,0.0,0,1,1,58,58,0
21,0,0.0,0.0,0.0,112,26,14,0,5,2,9,12,0,0,0.0,0,16,4,602,170,0
21,0,0.0,0.0,0.0,112,26,13,0,5,2,8,13,0,0,0.0,0,13,3,195,91,0
12,0,0.0,0.0,0.0,37,37,1,0,2,2,5,1,1,0,0.0,0,1,1,46,46,0
6,0,0.0,0.0,0.0,152,112,2,0,4,1,2,0,6,0,0.0,0,2,2,35,34,0
14,0,0.0,0.0,0.0,105,75,2,0,2,2,6,5,0,0,0.0,0,3,2,47,34,0
14,0,0.0,0.0,0.0,26,19,1,0,2,2,6,5,0,0,0.0,0,2,1,73,65,0
14,0,0.0,0.0,0.0,39,39,1,0,3,3,5,2,0,0,0.0,0,1,1,56,56,0
17,0,0.0,0.0,0.0,31,31,0,0,5,1,1,3,1,0,0.0,0,1,1,51,51,0
41,0,0.0,0.0,0.0,152,22,18,0,2,4,16,6,0,0,0.0,0,22,7,213,102,0
10,0,0.0,0.0,0.0,65,63,2,0,0,1,0,1,0,0,0.0,0,2,1,20,16,0
4,0,0.0,0.0,0.0,74,74,1,0,2,1,1,0,1,0,0.0,0,1,1,33,33,0
15,0,0.0,0.0,0.0,112,32,12,0,3,3,8,4,0,0,0.0,0,14,3,278,116,0
13,0,0.0,0.0,0.0,87,87,1,0,2,4,3,3,0,0,0.0,0,1,1,37,37,0
19,0,0.0,0.0,0.0,62,37,7,0,2,1,16,1,0,0,0.0,0,7,2,196,77,0
7,0,0.0,0.0,0.0,152,78,3,0,5,1,3,0,10,0,0.0,0,3,2,44,37,0
38,0,0.0,0.0,0.0,122,33,3,0,19,2,7,7,64,0,0.0,0,4,3,104,89,0
15,0,0.0,0.0,0.0,0,0,0,0,3,2,7,0,1,0,0.0,0,0,0,0,0,0
36,0,0.0,0.0,0.0,72,72,1,0,11,2,5,7,55,0,0.0,0,1,1,101,101,0
17,0,0.0,0.0,0.0,0,0,0,0,5,1,1,2,0,0,0.0,0,0,0,0,0,0
14,0,0.0,0.0,0.0,65,65,2,0,4,1,1,4,0,0,0.0,0,2,1,47,41,0
20,0,0.0,0.0,0.0,108,37,4,0,18,1,12,0,153,0,0.0,0,4,2,244,199,0
20,0,0.0,0.0,0.0,72,72,1,0,4,1,2,0,0,0,0.0,0,1,1,55,55,0
4,0,0.0,0.0,0.0,125,113,3,0,2,1,3,0,1,0,0.0,0,3,3,90,30,0
9,0,0.0,0.0,0.0,113,32,7,0,2,2,6,3,0,0,0.0,0,7,3,259,90,0
16,0,0.0,0.0,0.0,152,22,3,0,4,5,8,6,1,0,0.0,0,7,4,85,62,0
12,0,0.0,0.0,0.0,37,37,1,0,5,1,8,9,0,0,0.0,0,1,1,67,67,0
4,0,0.0,0.0,0.0,117,108,3,0,2,1,1,0,1,0,0.0,0,4,3,55,31,0
24,0,0.0,0.0,0.0,111,111,0,0,4,2,5,0,6,0,0.0,0,1,1,59,59,0
3,0,0.0,0.0,0.0,63,32,2,0,0,3,3,0,0,0,0.0,0,2,1,64,60,0
49,0,0.0,0.0,0.0,152,29,4,0,14,2,13,25,36,0,0.0,0,7,2,175,109,0
5,0,0.0,0.0,0.0,152,75,2,0,2,3,2,0,1,0,0.0,0,2,1,32,28,0
10,0,0.0,0.0,0.0,152,62,4,0,8,1,6,0,28,0,0.0,0,4,2,62,44,0
3,0,0.0,0.0,0.0,62,32,2,0,0,3,3,0,0,0,0.0,0,2,2,90,60,0
5,0,0.0,0.0,0.0,122,71,3,0,1,2,2,1,0,0,0.0,0,3,1,41,31,0
32,0,0.0,0.0,0.0,124,45,6,0,3,4,11,5,1,0,0.0,0,9,5,132,84,0
11,0,0.0,0.0,0.0,125,37,10,0,9,1,7,0,36,0,0.0,0,10,5,489,99,0
13,0,0.0,0.0,0.0,125,92,4,0,5,2,5,2,1,0,0.0,0,4,1,57,53,0
13,0,0.0,0.0,0.0,32,32,1,0,4,2,1,0,0,0,0.0,0,1,1,84,84,0
13,0,0.0,0.0,0.0,26,19,1,0,2,2,4,6,0,0,0.0,0,2,1,55,47,0
43,0,0.0,0.0,0.0,71,25,10,0,10,2,10,18,0,0,0.0,0,10,2,147,75,0
7,0,0.0,0.0,0.0,105,105,1,0,1,2,3,1,0,0,0.0,0,1,1,34,34,0
14,0,0.0,0.0,0.0,152,112,4,0,3,2,6,6,1,0,0.0,0,5,3,72,56,0
12,0,0.0,0.0,0.0,117,111,2,0,3,2,4,1,3,0,0.0,0,3,2,45,43,0
3,0,0.0,0.0,0.0,63,32,2,0,0,3,3,0,0,0,0.0,0,2,1,62,60,0
10,0,0.0,0.0,0.0,112,32,6,0,2,3,3,0,0,0,0.0,0,6,2,131,78,0
10,0,0.0,0.0,0.0,152,37,8,0,7,2,10,9,0,0,0.0,0,9,4,248,115,0
8,0,0.0,0.0,0.0,125,70,5,0,4,1,3,0,6,0,0.0,0,6,2,110,62,0
13,0,0.0,0.0,0.0,112,32,8,0,3,1,1,0,0,0,0.0,0,10,3,193,108,0
3,0,0.0,0.0,0.0,113,113,1,0,1,1,1,0,0,0,0.0,0,2,2,30,26,0
8,0,0.0,0.0,0.0,37,37,1,0,1,1,6,2,0,0,0.0,0,1,1,45,45,0
39,0,0.0,0.0,0.0,69,45,5,0,2,4,10,8,0,0,0.0,0,5,2,109,87,0
38,0,0.0,0.0,0.0,152,108,5,0,9,2,10,16,4,0,0.0,0,6,3,115,88,0
10,0,0.0,0.0,0.0,112,32,5,0,2,3,3,0,0,0,0.0,0,5,2,132,80,0
17,0,0.0,0.0,0.0,152,112,3,0,4,3,8,2,1,0,0.0,0,4,3,66,55,0
9,0,0.0,0.0,0.0,112,32,11,0,7,1,17,0,21,0,0.0,0,13,3,547,256,0
7,0,0.0,0.0,0.0,152,75,3,0,5,1,4,0,10,0,0.0,0,4,2,44,38,0
4,0,0.0,0.0,0.0,65,65,1,0,2,1,2,0,1,0,0.0,0,1,1,29,29,0
17,0,0.0,0.0,0.0,122,112,3,0,5,3,6,2,1,0,0.0,0,4,2,59,56,0
1,0,0.0,0.0,0.0,112,32,5,0,0,1,1,0,0,0,0.0,0,7,3,109,62,0
6,0,0.0,0.0,0.0,152,112,2,0,4,1,2,0,6,0,0.0,0,2,2,35,34,0
17,0,0.0,0.0,0.0,152,105,1,0,4,3,5,6,0,0,0.0,0,2,1,77,64,0
9,0,0.0,0.0,0.0,152,108,4,0,2,4,0,0,1,0,0.0,0,4,3,59,42,0
4,0,0.0,0.0,0.0,122,71,2,0,1,2,2,0,0,0,0.0,0,2,1,35,28,0
3,0,0.0,0.0,0.0,63,32,2,0,0,3,3,0,0,0,0.0,0,2,1,62,60,0
11,0,0.0,0.0,0.0,72,72,1,0,4,1,0,0,1,0,0.0,0,1,1,45,45,0
9,0,0.0,0.0,0.0,152,113,2,0,2,4,0,0,1,0,0.0,0,2,2,34,32,0
21,0,0.0,0.0,0.0,152,40,7,0,7,2,4,6,1,0,0.0,0,8,4,94,54,0
7,0,0.0,0.0,0.0,112,32,8,0,5,1,14,0,10,0,0.0,0,10,4,362,196,0
13,0,0.0,0.0,0.0,152,75,3,0,3,1,6,3,1,0,0.0,0,4,2,207,119,0
4,0,0.0,0.0,0.0,112,32,4,0,2,1,5,0,1,0,0.0,0,4,2,178,108,0
7,0,0.0,0.0,0.0,152,112,2,0,5,1,4,0,10,0,0.0,0,2,2,39,38,0
17,0,0.0,0.0,0.0,152,112,3,0,4,3,8,2,1,0,0.0,0,4,3,66,55,0
22,0,0.0,0.0,0.0,75,75,1,0,3,3,5,3,3,0,0.0,0,1,1,58,58,0
6,0,0.0,0.0,0.0,125,40,3,0,2,1,4,0,1,0,0.0,0,4,4,41,37,0
13,0,0.0,0.0,0.0,32,32,1,0,4,2,1,0,0,0,0.0,0,1,1,78,78,0
26,0,0.0,0.0,0.0,65,65,1,0,8,1,1,3,17,0,0.0,0,1,1,69,69,0
12,0,0.0,0.0,0.0,152,44,7,0,3,2,4,3,1,0,0.0,0,7,4,75,43,0
28,0,0.0,0.0,0.0,20,20,1,0,7,2,5,10,0,0,0.0,0,1,1,59,59,0
46,0,0.0,0.0,0.0,45,38,4,0,9,2,7,10,4,0,0.0,0,4,2,191,115,0
6,0,0.0,0.0,0.0,38,38,1,0,4,1,5,0,6,0,0.0,0,1,1,40,40,0
6,0,0.0,0.0,0.0,65,39,2,0,4,1,2,0,6,0,0.0,0,2,2,18,14,0
9,0,0.0,0.0,0.0,117,72,6,0,2,2,4,4,1,0,0.0,0,6,2,95,53,0
7,0,0.0,0.0,0.0,152,112,2,0,5,1,2,0,10,0,0.0,0,2,2,37,36,0
16,0,0.0,0.0,0.0,32,32,1,0,5,2,1,0,0,0,0.0,0,1,1,92,92,0
1,0,0.0,0.0,0.0,112,32,5,0,0,1,1,0,0,0,0.0,0,5,2,93,58,0
11,0,0.0,0.0,0.0,86,86,1,0,2,1,8,8,0,0,0.0,0,1,1,52,52,0
5,0,0.0,0.0,0.0,122,122,1,0,1,2,2,0,0,0,0.0,0,1,1,35,35,0
9,0,0.0,0.0,0.0,110,110,0,0,2,3,0,0,1,0,0.0,0,1,1,37,37,0
1,0,0.0,0.0,0.0,22,22,1,0,0,1,0,0,0,0,0.0,0,1,1,27,27,0
19,0,0.0,0.0,0.0,152,120,3,0,3,2,4,1,3,0,0.0,0,3,2,111,67,0
9,0,0.0,0.0,0.0,152,113,2,0,2,4,0,0,1,0,0.0,0,2,2,34,32,0
15,0,0.0,0.0,0.0,122,122,1,0,4,1,3,1,0,0,0.0,0,1,1,45,45,0
9,0,0.0,0.0,0.0,122,19,3,0,2,2,3,3,0,0,0.0,0,4,1,59,41,0
23,0,0.0,0.0,0.0,75,75,1,0,6,2,9,12,6,0,0.0,0,1,1,71,71,0
14,0,0.0,0.0,0.0,152,111,2,0,3,1,3,2,1,0,0.0,0,2,1,46,40,0
26,0,0.0,0.0,0.0,152,75,3,0,10,2,6,6,16,0,0.0,0,3,2,98,68,0
34,0,0.0,0.0,0.0,108,63,2,0,9,2,9,5,0,0,0.0,0,2,2,78,69,0
17,0,0.0,0.0,0.0,152,112,3,0,4,3,8,2,1,0,0.0,0,4,3,66,55,0
3,0,0.0,0.0,0.0,63,32,2,0,0,3,3,0,0,0,0.0,0,2,1,62,60,0
11,0,0.0,0.0,0.0,71,71,1,0,3,1,0,6,1,0,0.0,0,1,1,47,47,0
3,0,0.0,0.0,0.0,38,32,2,0,0,5,3,0,0,0,0.0,0,2,1,90,60,0
25,0,0.0,0.0,0.0,152,112,2,0,7,2,8,10,10,0,0.0,0,3,2,82,68,1
16,0,0.0,0.0,0.0,152,29,8,0,5,2,10,6,10,0,0.0,0,11,3,223,88,0
18,0,0.0,0.0,0.0,152,25,13,0,5,2,4,7,10,0,0.0,0,15,4,243,64,0
7,0,0.0,0.0,0.0,152,152,1,0,1,4,3,2,0,0,0.0,0,1,1,32,32,0
6,0,0.0,0.0,0.0,117,108,5,0,4,1,4,0,6,0,0.0,0,6,4,103,47,0
7,0,0.0,0.0,0.0,152,68,7,0,1,3,2,1,0,0,0.0,0,11,4,123,54,0
30,0,0.0,0.0,0.0,105,64,1,0,2,4,11,5,0,0,0.0,0,6,3,109,97,0
29,0,0.0,0.0,0.0,152,106,5,0,8,1,5,6,0,0,0.0,0,6,4,90,66,0
11,0,0.0,0.0,0.0,111,32,4,0,6,1,2,0,1,0,0.0,0,5,2,181,102,0
9,0,0.0,0.0,0.0,112,32,12,0,7,1,14,0,21,0,0.0,0,13,3,491,224,0
11,0,0.0,0.0,0.0,67,67,1,0,4,1,6,7,0,0,0.0,0,1,1,50,50,0
13,0,0.0,0.0,0.0,152,111,2,0,3,1,3,2,1,0,0.0,0,3,3,45,43,0
1,0,0.0,0.0,0.0,112,32,6,0,0,1,1,0,0,0,0.0,0,6,3,110,64,0
28,0,0.0,0.0,0.0,152,38,7,0,6,2,7,16,0,0,0.0,0,8,3,122,72,0
12,0,0.0,0.0,0.0,152,108,7,0,3,2,4,4,3,0,0.0,0,9,4,89,44,0
21,0,0.0,0.0,0.0,152,38,9,0,5,2,4,11,0,0,0.0,0,9,4,125,61,0
52,0,0.0,0.0,0.0,32,32,1,0,16,5,3,14,16,0,0.0,0,1,1,192,192,0
12,0,0.0,0.0,0.0,152,65,4,0,10,1,4,0,45,0,0.0,0,4,2,64,53,0
48,0,0.0,0.0,0.0,152,37,15,0,12,2,10,13,28,0,0.0,0,15,3,217,68,0
12,0,0.0,0.0,0.0,65,65,1,0,0,1,2,0,0,0,0.0,0,1,1,47,47,0
6,0,0.0,0.0,0.0,75,75,1,0,4,1,4,0,6,0,0.0,0,1,1,35,35,0
4,0,0.0,0.0,0.0,37,37,2,0,0,1,0,0,0,0,0.0,0,2,1,68,50,0
17,0,0.0,0.0,0.0,38,38,1,0,4,3,8,2,1,0,0.0,0,1,1,62,62,0
5,0,0.0,0.0,0.0,152,75,3,0,3,1,2,0,3,0,0.0,0,3,2,46,36,0
15,0,0.0,0.0,0.0,69,26,3,0,1,2,4,3,0,0,0.0,0,3,1,63,58,0
5,0,0.0,0.0,0.0,92,92,3,0,1,2,3,1,0,0,0.0,0,3,1,70,35,0
27,0,0.0,0.0,0.0,39,39,1,0,8,4,3,9,15,0,0.0,0,1,1,60,60,0
81,6,2.0,4.0,4.0,78,5,12,1,21,1,13,16,151,4,0.0,0,13,1,355,156,0
46,0,0.0,0.0,0.0,152,75,5,0,13,2,17,28,10,0,0.0,0,6,2,173,94,0
27,0,0.0,0.0,0.0,112,32,8,0,6,1,5,2,0,0,0.0,0,9,2,358,136,0
30,0,0.0,0.0,0.0,117,38,6,0,7,1,7,14,10,0,0.0,0,7,2,89,41,0
15,0,0.0,0.0,0.0,152,112,2,0,4,2,6,7,6,0,0.0,0,3,2,64,52,0
9,0,0.0,0.0,0.0,152,152,1,0,2,2,2,0,1,0,0.0,0,1,1,39,39,0
1,0,0.0,0.0,0.0,108,42,3,0,0,1,0,0,0,0,0.0,0,4,3,56,25,0
58,0,0.0,0.0,0.0,111,32,9,0,10,2,10,14,6,0,0.0,0,10,3,537,232,0
6,0,0.0,0.0,0.0,152,152,1,0,1,4,2,0,0,0,0.0,0,1,1,33,33,0
31,0,0.0,0.0,0.0,152,38,3,0,5,2,12,22,3,0,0.0,0,4,2,112,59,0
48,0,0.0,0.0,0.0,152,75,5,0,11,2,15,28,10,0,0.0,0,6,2,211,102,0
36,0,0.0,0.0,0.0,152,112,2,0,9,2,10,15,15,0,0.0,0,3,2,98,86,0
9,0,0.0,0.0,0.0,152,113,3,0,2,4,0,0,1,0,0.0,0,3,3,36,32,0
9,0,0.0,0.0,0.0,71,62,3,0,2,3,0,0,1,0,0.0,0,3,2,59,31,0
20,0,0.0,0.0,0.0,152,75,5,0,5,3,6,2,2,0,0.0,0,6,3,114,69,0
27,0,0.0,0.0,0.0,152,93,5,0,1,4,9,6,0,0,0.0,0,9,4,97,70,0
13,0,0.0,0.0,0.0,112,32,7,0,4,3,4,1,0,0,0.0,0,8,2,254,92,0
15,0,0.0,0.0,0.0,26,26,1,0,3,1,4,2,3,0,0.0,0,1,1,46,46,0
8,0,0.0,0.0,0.0,74,68,3,0,2,1,2,0,1,0,0.0,0,3,1,170,66,0
9,0,0.0,0.0,0.0,152,112,2,0,7,1,3,0,21,0,0.0,0,2,2,42,41,0
16,0,0.0,0.0,0.0,37,37,1,0,2,3,7,1,1,0,0.0,0,1,1,51,51,0
22,0,0.0,0.0,0.0,152,69,5,0,5,1,8,8,0,0,0.0,0,6,2,127,77,0
7,0,0.0,0.0,0.0,152,38,3,0,5,1,3,0,10,0,0.0,0,3,2,53,36,0
91,0,0.0,0.0,0.0,75,75,1,0,19,1,9,31,21,0,0.0,0,1,1,187,187,0
6,0,0.0,0.0,0.0,117,112,1,0,1,2,2,1,0,0,0.0,0,2,2,36,34,0
83,0,0.0,0.0,0.0,117,38,13,0,5,3,8,3,6,0,0.0,0,16,5,378,154,0
4,0,0.0,0.0,0.0,72,63,2,0,0,1,1,0,0,0,0.0,0,2,2,51,39,0
28,0,0.0,0.0,0.0,12,12,1,0,7,1,1,3,15,0,0.0,0,1,1,79,79,0
11,0,0.0,0.0,0.0,152,64,3,0,5,3,5,9,0,0,0.0,0,5,4,143,82,0
19,0,0.0,0.0,0.0,37,32,4,0,4,2,2,2,4,0,0.0,0,4,1,63,25,0
8,0,0.0,0.0,0.0,49,49,0,0,2,2,0,0,1,0,0.0,0,1,1,36,36,0
33,0,0.0,0.0,0.0,152,65,5,0,10,2,9,16,21,0,0.0,0,6,2,108,85,0
38,0,0.0,0.0,0.0,152,112,3,0,12,2,8,16,28,0,0.0,0,4,2,118,100,0
45,0,0.0,0.0,0.0,117,38,7,0,11,2,8,10,0,0,0.0,0,9,5,167,96,0
6,0,0.0,0.0,0.0,122,111,3,0,4,1,4,0,6,0,0.0,0,3,3,84,78,0
99,0,0.0,0.0,0.0,39,38,2,0,2,4,9,2,1,0,0.0,0,2,2,188,186,0
11,0,0.0,0.0,0.0,62,37,5,0,9,1,5,0,36,0,0.0,0,5,2,261,90,0
42,0,0.0,0.0,0.0,74,74,1,0,10,1,10,16,0,0,0.0,0,1,1,94,94,0
36,0,0.0,0.0,0.0,68,68,1,0,14,1,4,21,6,0,0.0,0,1,1,70,70,0
3,0,0.0,0.0,0.0,69,68,2,0,0,3,1,0,0,0,0.0,0,2,1,41,33,0
16,0,0.0,0.0,0.0,104,92,1,0,3,2,2,2,0,0,0.0,0,4,3,73,44,0
11,0,0.0,0.0,0.0,152,37,7,0,9,1,8,0,36,0,0.0,0,7,3,63,45,0
7,11,-11.0,0.0,6.0,75,5,2,1,4,2,4,0,6,6,0.0,0,2,1,58,47,0
17,0,0.0,0.0,0.0,105,105,1,0,5,2,8,4,10,0,0.0,0,1,1,59,59,0
48,0,0.0,0.0,0.0,152,75,6,0,11,2,15,28,10,0,0.0,0,7,2,213,101,0
12,0,0.0,0.0,0.0,75,75,1,0,3,2,3,0,3,0,0.0,0,1,1,33,33,0
9,0,0.0,0.0,0.0,38,36,2,0,7,3,5,0,21,0,0.0,0,2,2,47,45,0
56,0,0.0,0.0,0.0,152,78,7,0,14,2,3,25,0,0,0.0,0,7,3,172,92,0
14,0,0.0,0.0,0.0,26,26,1,0,3,2,4,0,1,0,0.0,0,1,1,48,48,0
9,0,0.0,0.0,0.0,112,108,2,0,2,4,0,0,1,0,0.0,0,2,2,52,43,0
8,0,0.0,0.0,0.0,72,63,2,0,6,2,2,0,15,0,0.0,0,2,2,37,31,0
7,0,0.0,0.0,0.0,152,112,2,0,5,1,2,0,10,0,0.0,0,2,2,37,36,0
59,0,0.0,0.0,0.0,112,32,15,0,19,2,14,20,0,0,0.0,0,18,4,677,250,0
1,0,0.0,0.0,0.0,70,70,1,0,0,1,0,0,0,0,0.0,0,1,1,29,29,0
45,0,0.0,0.0,0.0,152,23,4,0,11,2,16,21,10,0,0.0,0,5,2,176,75,0
22,0,0.0,0.0,0.0,112,32,5,0,6,3,8,1,8,0,0.0,0,6,2,211,138,0
6,0,0.0,0.0,0.0,69,69,1,0,1,2,1,1,0,0,0.0,0,1,1,32,32,0
8,0,0.0,0.0,0.0,152,112,2,0,6,1,3,0,15,0,0.0,0,2,2,40,39,0
5,0,0.0,0.0,0.0,37,37,2,0,3,1,1,1,0,0,0.0,0,2,1,28,18,0
24,0,0.0,0.0,0.0,152,38,8,0,5,2,4,12,0,0,0.0,0,8,3,185,75,0
26,0,0.0,0.0,0.0,111,104,2,0,3,1,3,4,3,0,0.0,0,3,2,83,55,0
3,0,0.0,0.0,0.0,92,92,2,0,1,1,1,0,0,0,0.0,0,2,1,58,29,0
38,0,0.0,0.0,0.0,113,40,7,0,7,2,12,14,0,0,0.0,0,8,4,183,77,0
7,0,0.0,0.0,0.0,152,75,3,0,5,1,4,0,10,0,0.0,0,4,2,50,38,0
46,0,0.0,0.0,0.0,152,40,5,0,16,2,10,18,55,0,0.0,0,8,3,141,99,0
10,0,0.0,0.0,0.0,86,86,1,0,5,2,5,8,0,0,0.0,0,1,1,67,67,0
8,0,0.0,0.0,0.0,38,32,2,0,2,3,2,0,1,0,0.0,0,2,1,102,68,0
11,0,0.0,0.0,0.0,122,15,11,0,9,1,3,0,36,0,0.0,0,12,5,168,103,0
6,0,0.0,0.0,0.0,12,12,1,0,4,1,2,0,6,0,0.0,0,1,1,65,65,0
12,0,0.0,0.0,0.0,104,104,0,0,3,2,2,0,3,0,0.0,0,1,1,45,45,0
25,0,0.0,0.0,0.0,152,75,3,0,7,2,8,10,10,0,0.0,0,4,2,97,69,0
34,0,0.0,0.0,0.0,112,32,12,0,8,4,7,4,9,0,0.0,0,15,4,584,172,0
127,0,0.0,0.0,0.0,39,38,2,0,2,4,9,2,1,0,0.0,0,2,2,230,228,0
11,0,0.0,0.0,0.0,112,32,9,0,3,1,1,0,0,0,0.0,0,9,3,236,144,0
9,0,0.0,0.0,0.0,152,65,3,0,7,1,3,0,21,0,0.0,0,3,2,44,40,0
4,0,0.0,0.0,0.0,122,71,2,0,1,2,2,0,0,0,0.0,0,2,1,35,28,0
3,0,0.0,0.0,0.0,63,32,2,0,0,3,3,0,0,0,0.0,0,2,1,62,60,0
18,0,0.0,0.0,0.0,152,75,3,0,5,2,7,6,3,0,0.0,0,4,2,93,66,0
14,0,0.0,0.0,0.0,152,111,2,0,5,1,3,4,4,0,0.0,0,3,3,54,50,0
10,0,0.0,0.0,0.0,152,112,2,0,8,1,3,0,28,0,0.0,0,3,2,44,41,0
6,0,0.0,0.0,0.0,158,158,1,0,4,1,1,0,6,0,0.0,0,1,1,32,32,0
3,0,0.0,0.0,0.0,69,39,2,0,0,3,3,0,0,0,0.0,0,2,1,62,60,0
14,0,0.0,0.0,0.0,44,44,1,0,3,2,5,6,1,0,0.0,0,1,1,50,50,0
18,2,2.0,2.0,8.0,93,3,6,1,4,2,4,12,1,8,0.0,0,7,2,111,48,0
8,0,0.0,0.0,0.0,129,25,3,0,1,2,7,8,0,0,0.0,0,4,1,60,37,0
20,0,0.0,0.0,0.0,158,81,4,0,5,3,6,2,2,0,0.0,0,5,3,93,59,0
7,0,0.0,0.0,0.0,45,45,1,0,5,1,5,0,10,0,0.0,0,1,1,81,81,0
37,0,0.0,0.0,0.0,39,39,1,0,10,1,5,7,8,0,0.0,0,1,1,42,42,0
25,0,0.0,0.0,0.0,32,32,1,0,6,2,9,11,6,0,0.0,0,1,1,70,70,0
16,0,0.0,0.0,0.0,158,77,6,0,3,2,7,5,3,0,0.0,0,7,4,79,45,0
67,0,0.0,0.0,0.0,158,34,7,0,6,4,7,8,6,0,0.0,0,12,6,181,94,0
17,0,0.0,0.0,0.0,112,110,1,0,4,2,10,1,0,0,0.0,0,2,2,80,62,0
32,0,0.0,0.0,0.0,39,35,2,0,6,2,8,6,4,0,0.0,0,2,1,86,84,0
15,0,0.0,0.0,0.0,129,118,5,0,5,1,9,4,8,0,0.0,0,5,4,73,63,0
14,0,0.0,0.0,0.0,129,25,4,0,3,2,7,7,0,0,0.0,0,5,2,79,42,1
17,0,0.0,0.0,0.0,93,78,2,0,4,3,8,5,3,0,0.0,0,2,1,66,62,0
15,0,0.0,0.0,0.0,158,45,5,0,4,2,2,1,6,0,0.0,0,5,3,56,33,0
4,0,0.0,0.0,0.0,158,115,2,0,2,1,0,0,1,0,0.0,0,3,2,44,31,0
18,0,0.0,0.0,0.0,32,32,1,0,5,2,4,7,10,0,0.0,0,1,1,51,51,0
40,0,0.0,0.0,0.0,39,22,4,0,10,1,8,6,26,0,0.0,0,4,2,141,86,0
14,0,0.0,0.0,0.0,78,78,1,0,1,2,2,1,0,0,0.0,0,1,1,47,47,0
9,0,0.0,0.0,0.0,158,119,2,0,2,4,0,0,1,0,0.0,0,2,2,34,32,0
17,0,0.0,0.0,0.0,129,119,2,0,5,3,6,2,1,0,0.0,0,3,2,59,56,0
9,0,0.0,0.0,0.0,113,113,1,0,2,1,3,3,1,0,0.0,0,1,1,44,44,0
3,0,0.0,0.0,0.0,75,75,1,0,0,2,1,0,0,0,0.0,0,1,1,27,27,0
27,0,0.0,0.0,0.0,158,45,5,0,5,2,5,12,0,0,0.0,0,5,3,101,71,0
8,0,0.0,0.0,0.0,158,92,6,0,1,4,3,5,0,0,0.0,0,6,3,74,41,0
27,0,0.0,0.0,0.0,44,44,1,0,6,1,6,9,0,0,0.0,0,1,1,69,69,0
52,0,0.0,0.0,0.0,48,39,2,0,15,4,3,10,48,0,0.0,0,2,1,198,194,0
11,0,0.0,0.0,0.0,131,45,5,0,3,2,4,7,0,0,0.0,0,5,3,70,48,0
12,0,0.0,0.0,0.0,19,19,1,0,4,1,3,0,6,0,0.0,0,1,1,50,50,0
40,0,0.0,0.0,0.0,120,114,3,0,11,1,11,10,0,0,0.0,0,3,3,110,59,0
18,0,0.0,0.0,0.0,119,39,4,0,5,3,5,1,4,0,0.0,0,5,2,169,110,0
13,0,0.0,0.0,0.0,158,81,5,0,3,2,4,1,1,0,0.0,0,5,3,54,39,0
19,0,0.0,0.0,0.0,141,119,4,0,3,2,4,4,3,0,0.0,0,4,2,147,68,0
9,0,0.0,0.0,0.0,158,84,4,0,2,1,5,3,1,0,0.0,0,4,2,50,31,0
25,0,0.0,0.0,0.0,75,35,2,0,5,2,7,15,0,0,0.0,0,2,1,80,75,0
7,0,0.0,0.0,0.0,158,119,2,0,5,1,2,0,10,0,0.0,0,2,2,37,36,0
5,0,0.0,0.0,0.0,81,81,1,0,3,1,4,0,3,0,0.0,0,1,1,58,58,0
4,0,0.0,0.0,0.0,69,69,1,0,0,1,1,0,0,0,0.0,0,1,1,39,39,0
25,0,0.0,0.0,0.0,158,81,3,0,7,2,8,10,10,0,0.0,0,4,2,101,69,0
26,0,0.0,0.0,0.0,158,85,3,0,8,2,7,12,10,0,0.0,0,4,2,94,68,0
23,0,0.0,0.0,0.0,158,32,6,0,3,1,4,16,1,0,0.0,0,7,4,82,59,0
10,0,0.0,0.0,0.0,44,43,2,0,7,2,6,0,21,0,0.0,0,2,2,48,46,0
25,0,0.0,0.0,0.0,115,70,2,0,7,2,9,4,2,0,0.0,0,2,2,63,54,0
6,0,0.0,0.0,0.0,32,32,1,0,4,1,2,0,6,0,0.0,0,1,1,35,35,0
25,0,0.0,0.0,0.0,158,45,5,0,5,2,5,15,0,0,0.0,0,5,3,87,63,0
4,0,0.0,0.0,0.0,44,44,2,0,0,1,0,0,0,0,0.0,0,2,1,53,35,0
18,0,0.0,0.0,0.0,119,39,4,0,5,3,5,1,4,0,0.0,0,5,2,169,110,0
18,0,0.0,0.0,0.0,109,105,2,0,6,1,0,5,1,0,0.0,0,2,1,67,61,0
23,0,0.0,0.0,0.0,45,45,1,0,7,5,7,6,1,0,0.0,0,1,1,68,68,0
24,0,0.0,0.0,0.0,44,11,3,0,7,1,1,2,1,0,0.0,0,3,2,52,31,0
21,0,0.0,0.0,0.0,115,69,5,0,6,1,7,6,0,0,0.0,0,5,3,89,63,0
12,0,0.0,0.0,0.0,158,132,2,0,3,1,4,1,0,0,0.0,0,3,1,57,39,0
7,0,0.0,0.0,0.0,158,81,3,0,5,1,4,0,10,0,0.0,0,3,2,43,38,0
9,0,0.0,0.0,0.0,158,68,2,0,1,4,5,5,0,0,0.0,0,3,1,48,41,0
9,0,0.0,0.0,0.0,118,118,1,0,2,4,0,0,1,0,0.0,0,1,1,35,35,0
9,0,0.0,0.0,0.0,116,27,3,0,2,2,3,0,1,0,0.0,0,4,1,242,138,0
3,0,0.0,0.0,0.0,69,69,1,0,0,3,1,0,0,0,0.0,0,1,1,25,25,0
1,0,0.0,0.0,0.0,119,39,6,0,0,1,1,0,0,0,0.0,0,8,3,131,78,0
3,0,0.0,0.0,0.0,69,69,1,0,0,3,3,0,0,0,0.0,0,1,1,2,2,0
32,0,0.0,0.0,0.0,119,39,18,0,7,2,13,12,0,0,0.0,0,21,4,710,182,0
4,0,0.0,0.0,0.0,158,119,2,0,2,1,2,0,1,0,0.0,0,2,2,49,47,0
1,0,0.0,0.0,0.0,119,39,3,0,0,1,1,0,0,0,0.0,0,3,2,96,64,0
14,0,0.0,0.0,0.0,78,78,1,0,3,2,5,4,1,0,0.0,0,1,1,54,54,0
4,0,0.0,0.0,0.0,69,35,3,0,2,1,3,0,1,0,0.0,0,3,2,51,43,0
12,0,0.0,0.0,0.0,158,158,1,0,4,2,5,7,6,0,0.0,0,1,1,48,48,0
3,0,0.0,0.0,0.0,158,158,1,0,1,1,1,0,0,0,0.0,0,1,1,27,27,0
12,0,0.0,0.0,0.0,122,28,3,0,3,5,8,4,0,0,0.0,0,5,4,73,54,0
4,0,0.0,0.0,0.0,72,45,2,0,2,1,2,0,1,0,0.0,0,2,2,37,33,0
3,0,0.0,0.0,0.0,110,110,1,0,1,1,2,0,0,0,0.0,0,1,1,36,36,0
25,0,0.0,0.0,0.0,77,28,4,0,6,5,13,12,1,0,0.0,0,4,3,75,70,1
3,0,0.0,0.0,0.0,69,39,2,0,0,3,3,0,0,0,0.0,0,2,1,62,60,0
11,0,0.0,0.0,0.0,158,77,4,0,2,4,0,0,0,0,0.0,0,5,2,60,51,0
1,0,0.0,0.0,0.0,119,39,9,0,0,1,1,0,0,0,0.0,0,11,4,121,62,0
3,0,0.0,0.0,0.0,69,39,2,0,0,3,3,0,0,0,0.0,0,2,1,62,60,0
17,0,0.0,0.0,0.0,158,43,13,0,1,1,10,7,0,0,0.0,0,14,4,366,108,0
17,0,0.0,0.0,0.0,38,35,1,0,3,1,5,5,1,0,0.0,0,2,2,59,52,0
6,0,0.0,0.0,0.0,158,79,2,0,1,2,1,0,0,0,0.0,0,2,1,32,30,0
10,0,0.0,0.0,0.0,0,0,0,0,2,1,4,3,1,0,0.0,0,0,0,0,0,0
24,0,0.0,0.0,0.0,32,32,1,0,6,2,8,14,0,0,0.0,0,1,1,73,73,0
20,0,0.0,0.0,0.0,158,70,3,0,4,1,6,0,1,0,0.0,0,5,2,114,66,0
6,0,0.0,0.0,0.0,84,84,1,0,1,4,0,0,0,0,0.0,0,1,1,28,28,0
35,0,0.0,0.0,0.0,158,92,5,0,7,2,11,12,10,0,0.0,0,6,3,117,93,0
14,0,0.0,0.0,0.0,158,75,3,0,3,4,0,1,1,0,0.0,0,3,2,52,40,0
5,0,0.0,0.0,0.0,120,114,3,0,3,1,0,0,3,0,0.0,0,3,3,30,24,0
51,0,0.0,0.0,0.0,158,26,15,0,14,2,14,25,21,0,0.0,0,15,4,216,66,0
8,0,0.0,0.0,0.0,32,32,1,0,6,1,14,0,15,0,0.0,0,1,1,110,110,0
5,0,0.0,0.0,0.0,119,39,5,0,0,1,1,0,0,0,0.0,0,5,2,135,86,0
9,0,0.0,0.0,0.0,77,30,5,0,7,1,17,0,21,0,0.0,0,6,2,184,66,0
21,0,0.0,0.0,0.0,44,44,2,0,6,1,1,2,1,0,0.0,0,2,1,49,31,0
16,0,0.0,0.0,0.0,158,119,5,0,4,2,7,4,1,0,0.0,0,5,3,75,48,0
4,0,0.0,0.0,0.0,31,31,1,0,0,1,0,0,0,0,0.0,0,1,1,58,58,0
21,0,0.0,0.0,0.0,119,32,14,0,5,2,9,12,0,0,0.0,0,16,4,602,170,0
21,0,0.0,0.0,0.0,118,32,13,0,5,2,8,13,0,0,0.0,0,13,3,195,91,0
12,0,0.0,0.0,0.0,44,44,1,0,2,2,5,1,1,0,0.0,0,1,1,46,46,0
6,0,0.0,0.0,0.0,158,119,2,0,4,1,2,0,6,0,0.0,0,2,2,35,34,0
14,0,0.0,0.0,0.0,112,82,2,0,2,2,6,5,0,0,0.0,0,3,2,47,34,0
14,0,0.0,0.0,0.0,32,25,1,0,2,2,6,5,0,0,0.0,0,2,1,73,65,0
14,0,0.0,0.0,0.0,45,45,1,0,3,3,5,2,0,0,0.0,0,1,1,56,56,0
17,0,0.0,0.0,0.0,38,38,0,0,5,1,1,3,1,0,0.0,0,1,1,51,51,0
41,0,0.0,0.0,0.0,158,28,18,0,2,4,16,6,0,0,0.0,0,22,7,213,102,0
10,0,0.0,0.0,0.0,72,69,2,0,0,1,0,1,0,0,0.0,0,2,1,20,16,0
4,0,0.0,0.0,0.0,81,81,1,0,2,1,1,0,1,0,0.0,0,1,1,33,33,0
15,0,0.0,0.0,0.0,119,39,12,0,3,3,8,4,0,0,0.0,0,14,3,278,116,0
13,0,0.0,0.0,0.0,93,93,1,0,2,4,3,3,0,0,0.0,0,1,1,37,37,0
21,9,7.0,8.0,17.0,69,0,8,1,4,1,18,1,4,17,0.0,0,8,2,205,77,0
7,0,0.0,0.0,0.0,158,85,3,0,5,1,3,0,10,0,0.0,0,3,2,44,37,0
38,0,0.0,0.0,0.0,129,39,3,0,19,2,7,7,64,0,0.0,0,4,3,104,89,0
15,0,0.0,0.0,0.0,0,0,0,0,3,2,7,0,1,0,0.0,0,0,0,0,0,0
36,0,0.0,0.0,0.0,78,78,1,0,11,2,5,7,55,0,0.0,0,1,1,101,101,0
17,0,0.0,0.0,0.0,0,0,0,0,5,1,1,2,0,0,0.0,0,0,0,0,0,0
14,0,0.0,0.0,0.0,72,71,2,0,4,1,1,4,0,0,0.0,0,2,1,47,41,0
20,0,0.0,0.0,0.0,114,43,4,0,18,1,12,0,153,0,0.0,0,4,2,244,199,0
20,0,0.0,0.0,0.0,78,78,1,0,4,1,2,0,0,0,0.0,0,1,1,55,55,0
4,0,0.0,0.0,0.0,132,119,3,0,2,1,3,0,1,0,0.0,0,3,3,90,30,0
9,0,0.0,0.0,0.0,119,39,7,0,2,2,6,3,0,0,0.0,0,7,3,259,90,0
16,0,0.0,0.0,0.0,158,28,3,0,4,5,8,6,1,0,0.0,0,7,4,85,62,1
12,0,0.0,0.0,0.0,44,44,1,0,5,1,8,9,0,0,0.0,0,1,1,67,67,0
4,0,0.0,0.0,0.0,124,114,3,0,2,1,1,0,1,0,0.0,0,4,3,55,31,0
24,0,0.0,0.0,0.0,117,117,0,0,4,2,5,0,6,0,0.0,0,1,1,59,59,0
3,0,0.0,0.0,0.0,69,39,2,0,0,3,3,0,0,0,0.0,0,2,1,64,60,0
49,0,0.0,0.0,0.0,158,35,4,0,14,2,13,25,36,0,0.0,0,7,2,175,109,0
5,0,0.0,0.0,0.0,158,81,2,0,2,3,2,0,1,0,0.0,0,2,1,32,28,0
10,0,0.0,0.0,0.0,158,68,4,0,8,1,6,0,28,0,0.0,0,4,2,62,44,0
3,0,0.0,0.0,0.0,69,39,2,0,0,3,3,0,0,0,0.0,0,2,2,90,60,0
5,0,0.0,0.0,0.0,129,77,3,0,1,2,2,1,0,0,0.0,0,3,1,41,31,0
32,0,0.0,0.0,0.0,131,52,6,0,3,4,11,5,1,0,0.0,0,9,5,132,84,0
11,64,4.0,34.0,17.0,132,0,11,1,9,1,7,0,36,17,0.0,0,11,5,553,99,0
13,0,0.0,0.0,0.0,132,98,4,0,5,2,5,2,1,0,0.0,0,4,1,57,53,0
13,0,0.0,0.0,0.0,39,39,1,0,4,2,1,0,0,0,0.0,0,1,1,84,84,0
13,0,0.0,0.0,0.0,32,25,1,0,2,2,4,6,0,0,0.0,0,2,1,55,47,0
43,0,0.0,0.0,0.0,77,32,10,0,10,2,10,18,0,0,0.0,0,10,2,147,75,0
7,0,0.0,0.0,0.0,112,112,1,0,1,2,3,1,0,0,0.0,0,1,1,34,34,0
14,0,0.0,0.0,0.0,158,119,4,0,3,2,6,6,1,0,0.0,0,5,3,72,56,0
12,0,0.0,0.0,0.0,124,117,2,0,3,2,4,1,3,0,0.0,0,3,2,45,43,0
3,0,0.0,0.0,0.0,69,39,2,0,0,3,3,0,0,0,0.0,0,2,1,62,60,0
10,0,0.0,0.0,0.0,119,39,6,0,2,3,3,0,0,0,0.0,0,6,2,131,78,0
10,0,0.0,0.0,0.0,158,43,8,0,7,2,10,9,0,0,0.0,0,9,4,248,115,0
8,0,0.0,0.0,0.0,132,77,5,0,4,1,3,0,6,0,0.0,0,6,2,110,62,0
13,0,0.0,0.0,0.0,119,39,8,0,3,1,1,0,0,0,0.0,0,10,3,193,108,0
3,0,0.0,0.0,0.0,120,119,1,0,1,1,1,0,0,0,0.0,0,2,2,30,26,0
8,0,0.0,0.0,0.0,44,44,1,0,1,1,6,2,0,0,0.0,0,1,1,45,45,0
39,0,0.0,0.0,0.0,75,51,5,0,2,4,10,8,0,0,0.0,0,5,2,109,87,0
38,0,0.0,0.0,0.0,158,114,5,0,9,2,10,16,4,0,0.0,0,6,3,115,88,0
10,0,0.0,0.0,0.0,119,39,5,0,2,3,3,0,0,0,0.0,0,5,2,132,80,0
17,0,0.0,0.0,0.0,158,119,3,0,4,3,8,2,1,0,0.0,0,4,3,66,55,0
9,0,0.0,0.0,0.0,119,39,11,0,7,1,17,0,21,0,0.0,0,13,3,547,256,0
7,0,0.0,0.0,0.0,158,81,3,0,5,1,4,0,10,0,0.0,0,4,2,44,38,0
4,0,0.0,0.0,0.0,72,72,1,0,2,1,2,0,1,0,0.0,0,1,1,29,29,0
17,0,0.0,0.0,0.0,129,119,3,0,5,3,6,2,1,0,0.0,0,4,2,59,56,0
1,0,0.0,0.0,0.0,119,39,5,0,0,1,1,0,0,0,0.0,0,7,3,109,62,0
6,0,0.0,0.0,0.0,158,119,2,0,4,1,2,0,6,0,0.0,0,2,2,35,34,0
17,0,0.0,0.0,0.0,158,112,1,0,4,3,5,6,0,0,0.0,0,2,1,77,64,0
9,0,0.0,0.0,0.0,158,115,4,0,2,4,0,0,1,0,0.0,0,4,3,59,42,0
3,29,29.0,29.0,17.0,0,0,1,1,0,4,0,0,0,17,0.0,0,1,1,29,29,0
4,0,0.0,0.0,0.0,129,77,2,0,1,2,2,0,0,0,0.0,0,2,1,35,28,0
3,0,0.0,0.0,0.0,69,39,2,0,0,3,3,0,0,0,0.0,0,2,1,62,60,0
11,0,0.0,0.0,0.0,78,78,1,0,4,1,0,0,1,0,0.0,0,1,1,45,45,0
9,0,0.0,0.0,0.0,158,119,2,0,2,4,0,0,1,0,0.0,0,2,2,34,32,0
21,0,0.0,0.0,0.0,158,46,7,0,7,2,4,6,1,0,0.0,0,8,4,94,54,0
7,0,0.0,0.0,0.0,119,39,8,0,5,1,14,0,10,0,0.0,0,10,4,362,196,0
13,0,0.0,0.0,0.0,158,81,3,0,3,1,6,3,1,0,0.0,0,4,2,207,119,0
4,0,0.0,0.0,0.0,119,39,4,0,2,1,5,0,1,0,0.0,0,4,2,178,108,0
7,0,0.0,0.0,0.0,158,119,2,0,5,1,4,0,10,0,0.0,0,2,2,39,38,0
17,0,0.0,0.0,0.0,158,119,3,0,4,3,8,2,1,0,0.0,0,4,3,66,55,0
22,0,0.0,0.0,0.0,82,82,1,0,3,3,5,3,3,0,0.0,0,1,1,58,58,0
6,0,0.0,0.0,0.0,132,46,3,0,2,1,4,0,1,0,0.0,0,4,4,41,37,0
13,0,0.0,0.0,0.0,39,39,1,0,4,2,1,0,0,0,0.0,0,1,1,78,78,0
26,0,0.0,0.0,0.0,72,72,1,0,8,1,1,3,17,0,0.0,0,1,1,69,69,0
12,0,0.0,0.0,0.0,158,50,7,0,3,2,4,3,1,0,0.0,0,7,4,75,43,0
28,0,0.0,0.0,0.0,26,26,1,0,7,2,5,10,0,0,0.0,0,1,1,59,59,0
46,0,0.0,0.0,0.0,52,45,4,0,9,2,7,10,4,0,0.0,0,4,2,191,115,0
6,0,0.0,0.0,0.0,45,45,1,0,4,1,5,0,6,0,0.0,0,1,1,40,40,0
6,0,0.0,0.0,0.0,72,45,2,0,4,1,2,0,6,0,0.0,0,2,2,18,14,0
9,0,0.0,0.0,0.0,123,78,6,0,2,2,4,4,1,0,0.0,0,6,2,95,53,0
7,0,0.0,0.0,0.0,158,119,2,0,5,1,2,0,10,0,0.0,0,2,2,37,36,0
16,0,0.0,0.0,0.0,39,39,1,0,5,2,1,0,0,0,0.0,0,1,1,92,92,0
1,0,0.0,0.0,0.0,119,39,5,0,0,1,1,0,0,0,0.0,0,5,2,93,58,0
11,0,0.0,0.0,0.0,92,92,1,0,2,1,8,8,0,0,0.0,0,1,1,52,52,0
5,0,0.0,0.0,0.0,129,129,1,0,1,2,2,0,0,0,0.0,0,1,1,35,35,0
9,0,0.0,0.0,0.0,117,117,0,0,2,3,0,0,1,0,0.0,0,1,1,37,37,0
1,0,0.0,0.0,0.0,28,28,1,0,0,1,0,0,0,0,0.0,0,1,1,27,27,0
19,0,0.0,0.0,0.0,158,126,3,0,3,2,4,1,3,0,0.0,0,3,2,111,67,0
9,0,0.0,0.0,0.0,158,119,2,0,2,4,0,0,1,0,0.0,0,2,2,34,32,0
15,0,0.0,0.0,0.0,129,129,1,0,4,1,3,1,0,0,0.0,0,1,1,45,45,0
9,0,0.0,0.0,0.0,129,25,3,0,2,2,3,3,0,0,0.0,0,4,1,59,41,0
23,0,0.0,0.0,0.0,81,81,1,0,6,2,9,12,6,0,0.0,0,1,1,71,71,0
14,0,0.0,0.0,0.0,158,117,2,0,3,1,3,2,1,0,0.0,0,2,1,46,40,0
26,0,0.0,0.0,0.0,158,81,3,0,10,2,6,6,16,0,0.0,0,3,2,98,68,0
34,0,0.0,0.0,0.0,115,70,2,0,9,2,9,5,0,0,0.0,0,2,2,78,69,0
17,0,0.0,0.0,0.0,158,119,3,0,4,3,8,2,1,0,0.0,0,4,3,66,55,0
3,0,0.0,0.0,0.0,69,39,2,0,0,3,3,0,0,0,0.0,0,2,1,62,60,0
11,0,0.0,0.0,0.0,77,77,1,0,3,1,0,6,1,0,0.0,0,1,1,47,47,0
3,0,0.0,0.0,0.0,45,39,2,0,0,5,3,0,0,0,0.0,0,2,1,90,60,0
25,0,0.0,0.0,0.0,158,119,2,0,7,2,8,10,10,0,0.0,0,3,2,82,68,1
16,0,0.0,0.0,0.0,158,35,8,0,5,2,10,6,10,0,0.0,0,11,3,223,88,0
18,0,0.0,0.0,0.0,158,32,13,0,5,2,4,7,10,0,0.0,0,15,4,243,64,0
7,0,0.0,0.0,0.0,158,158,1,0,1,4,3,2,0,0,0.0,0,1,1,32,32,0
6,0,0.0,0.0,0.0,124,114,5,0,4,1,4,0,6,0,0.0,0,6,4,103,47,0
7,0,0.0,0.0,0.0,158,75,7,0,1,3,2,1,0,0,0.0,0,11,4,123,54,0
30,0,0.0,0.0,0.0,112,70,1,0,2,4,11,5,0,0,0.0,0,6,3,109,97,0
29,0,0.0,0.0,0.0,158,113,5,0,8,1,5,6,0,0,0.0,0,6,4,90,66,0
11,0,0.0,0.0,0.0,117,39,4,0,6,1,2,0,1,0,0.0,0,5,2,181,102,0
9,0,0.0,0.0,0.0,119,39,12,0,7,1,14,0,21,0,0.0,0,13,3,491,224,0
11,0,0.0,0.0,0.0,74,74,1,0,4,1,6,7,0,0,0.0,0,1,1,50,50,0
13,0,0.0,0.0,0.0,158,117,2,0,3,1,3,2,1,0,0.0,0,3,3,45,43,0
1,0,0.0,0.0,0.0,119,39,6,0,0,1,1,0,0,0,0.0,0,6,3,110,64,0
28,0,0.0,0.0,0.0,158,45,7,0,6,2,7,16,0,0,0.0,0,8,3,122,72,0
12,0,0.0,0.0,0.0,158,115,7,0,3,2,4,4,3,0,0.0,0,9,4,89,44,0
21,0,0.0,0.0,0.0,158,45,9,0,5,2,4,11,0,0,0.0,0,9,4,125,61,0
52,0,0.0,0.0,0.0,39,39,1,0,16,5,3,14,16,0,0.0,0,1,1,192,192,0
12,0,0.0,0.0,0.0,158,71,4,0,10,1,4,0,45,0,0.0,0,4,2,64,53,0
48,0,0.0,0.0,0.0,158,44,15,0,12,2,10,13,28,0,0.0,0,15,3,217,68,0
12,0,0.0,0.0,0.0,72,72,1,0,0,1,2,0,0,0,0.0,0,1,1,47,47,0
6,0,0.0,0.0,0.0,81,81,1,0,4,1,4,0,6,0,0.0,0,1,1,35,35,0
4,0,0.0,0.0,0.0,44,44,2,0,0,1,0,0,0,0,0.0,0,2,1,68,50,0
17,0,0.0,0.0,0.0,45,45,1,0,4,3,8,2,1,0,0.0,0,1,1,62,62,0
5,0,0.0,0.0,0.0,158,81,3,0,3,1,2,0,3,0,0.0,0,3,2,46,36,0
15,0,0.0,0.0,0.0,75,33,3,0,1,2,4,3,0,0,0.0,0,3,1,63,58,0
5,0,0.0,0.0,0.0,98,98,3,0,1,2,3,1,0,0,0.0,0,3,1,70,35,0
27,0,0.0,0.0,0.0,45,45,1,0,8,4,3,9,15,0,0.0,0,1,1,60,60,0
81,0,0.0,0.0,0.0,84,11,12,0,21,1,13,16,151,0,0.0,0,13,1,355,156,0
46,0,0.0,0.0,0.0,158,81,5,0,13,2,17,28,10,0,0.0,0,6,2,173,94,0
27,0,0.0,0.0,0.0,119,39,8,0,6,1,5,2,0,0,0.0,0,9,2,358,136,0
30,0,0.0,0.0,0.0,123,44,6,0,7,1,7,14,10,0,0.0,0,7,2,89,41,0
15,0,0.0,0.0,0.0,158,119,2,0,4,2,6,7,6,0,0.0,0,3,2,64,52,0
9,0,0.0,0.0,0.0,158,158,1,0,2,2,2,0,1,0,0.0,0,1,1,39,39,0
1,0,0.0,0.0,0.0,115,49,3,0,0,1,0,0,0,0,0.0,0,4,3,56,25,0
58,0,0.0,0.0,0.0,117,39,9,0,10,2,10,14,6,0,0.0,0,10,3,537,232,0
6,0,0.0,0.0,0.0,158,158,1,0,1,4,2,0,0,0,0.0,0,1,1,33,33,0
31,0,0.0,0.0,0.0,158,45,3,0,5,2,12,22,3,0,0.0,0,4,2,112,59,0
48,0,0.0,0.0,0.0,158,81,5,0,11,2,15,28,10,0,0.0,0,6,2,211,102,0
36,0,0.0,0.0,0.0,158,119,2,0,9,2,10,15,15,0,0.0,0,3,2,98,86,0
9,0,0.0,0.0,0.0,158,119,3,0,2,4,0,0,1,0,0.0,0,3,3,36,32,0
9,0,0.0,0.0,0.0,78,68,3,0,2,3,0,0,1,0,0.0,0,3,2,59,31,0
20,0,0.0,0.0,0.0,158,81,5,0,5,3,6,2,2,0,0.0,0,6,3,114,69,0
27,0,0.0,0.0,0.0,158,99,5,0,1,4,9,6,0,0,0.0,0,9,4,97,70,0
13,0,0.0,0.0,0.0,119,39,7,0,4,3,4,1,0,0,0.0,0,8,2,254,92,0
15,0,0.0,0.0,0.0,32,32,1,0,3,1,4,2,3,0,0.0,0,1,1,46,46,0
8,0,0.0,0.0,0.0,81,75,3,0,2,1,2,0,1,0,0.0,0,3,1,170,66,0
9,0,0.0,0.0,0.0,158,119,2,0,7,1,3,0,21,0,0.0,0,2,2,42,41,0
16,0,0.0,0.0,0.0,44,44,1,0,2,3,7,1,1,0,0.0,0,1,1,51,51,0
22,0,0.0,0.0,0.0,158,76,5,0,5,1,8,8,0,0,0.0,0,6,2,127,77,0
7,0,0.0,0.0,0.0,158,45,3,0,5,1,3,0,10,0,0.0,0,3,2,53,36,0
91,0,0.0,0.0,0.0,81,81,1,0,19,1,9,31,21,0,0.0,0,1,1,187,187,0
6,0,0.0,0.0,0.0,124,119,1,0,1,2,2,1,0,0,0.0,0,2,2,36,34,0
83,0,0.0,0.0,0.0,123,44,13,0,5,3,8,3,6,0,0.0,0,16,5,378,154,0
4,0,0.0,0.0,0.0,78,70,2,0,0,1,1,0,0,0,0.0,0,2,2,51,39,0
28,0,0.0,0.0,0.0,19,19,1,0,7,1,1,3,15,0,0.0,0,1,1,79,79,0
11,0,0.0,0.0,0.0,158,70,3,0,5,3,5,9,0,0,0.0,0,5,4,143,82,0
19,0,0.0,0.0,0.0,44,38,4,0,4,2,2,2,4,0,0.0,0,4,1,63,25,0
8,0,0.0,0.0,0.0,55,55,0,0,2,2,0,0,1,0,0.0,0,1,1,36,36,0
33,0,0.0,0.0,0.0,158,71,5,0,10,2,9,16,21,0,0.0,0,6,2,108,85,0
38,0,0.0,0.0,0.0,158,119,3,0,12,2,8,16,28,0,0.0,0,4,2,118,100,0
45,0,0.0,0.0,0.0,123,44,7,0,11,2,8,10,0,0,0.0,0,9,5,167,96,0
6,0,0.0,0.0,0.0,129,118,3,0,4,1,4,0,6,0,0.0,0,3,3,84,78,0
99,0,0.0,0.0,0.0,45,45,2,0,2,4,9,2,1,0,0.0,0,2,2,188,186,0
11,5,-1.0,2.0,17.0,69,0,6,1,9,1,5,0,36,17,0.0,0,6,2,266,90,0
42,0,0.0,0.0,0.0,81,81,1,0,10,1,10,16,0,0,0.0,0,1,1,94,94,0
36,0,0.0,0.0,0.0,75,75,1,0,14,1,4,21,6,0,0.0,0,1,1,70,70,0
3,0,0.0,0.0,0.0,75,75,2,0,0,3,1,0,0,0,0.0,0,2,1,41,33,0
16,0,0.0,0.0,0.0,111,98,1,0,3,2,2,2,0,0,0.0,0,4,3,73,44,0
11,0,0.0,0.0,0.0,158,43,7,0,9,1,8,0,36,0,0.0,0,7,3,63,45,0
7,0,0.0,0.0,0.0,81,11,2,0,4,2,4,0,6,0,0.0,0,2,1,58,47,0
17,0,0.0,0.0,0.0,111,111,1,0,5,2,8,4,10,0,0.0,0,1,1,59,59,0
48,0,0.0,0.0,0.0,158,81,6,0,11,2,15,28,10,0,0.0,0,7,2,213,101,0
12,0,0.0,0.0,0.0,82,82,1,0,3,2,3,0,3,0,0.0,0,1,1,33,33,0
9,0,0.0,0.0,0.0,45,42,2,0,7,3,5,0,21,0,0.0,0,2,2,47,45,0
56,0,0.0,0.0,0.0,158,84,7,0,14,2,3,25,0,0,0.0,0,7,3,172,92,0
14,0,0.0,0.0,0.0,32,32,1,0,3,2,4,0,1,0,0.0,0,1,1,48,48,0
9,0,0.0,0.0,0.0,118,114,2,0,2,4,0,0,1,0,0.0,0,2,2,52,43,0
8,0,0.0,0.0,0.0,78,70,2,0,6,2,2,0,15,0,0.0,0,2,2,37,31,0
7,0,0.0,0.0,0.0,158,119,2,0,5,1,2,0,10,0,0.0,0,2,2,37,36,0
59,0,0.0,0.0,0.0,118,39,15,0,19,2,14,20,0,0,0.0,0,18,4,677,250,0
1,0,0.0,0.0,0.0,76,76,1,0,0,1,0,0,0,0,0.0,0,1,1,29,29,0
45,0,0.0,0.0,0.0,158,29,4,0,11,2,16,21,10,0,0.0,0,5,2,176,75,0
22,0,0.0,0.0,0.0,119,39,5,0,6,3,8,1,8,0,0.0,0,6,2,211,138,0
6,0,0.0,0.0,0.0,75,75,1,0,1,2,1,1,0,0,0.0,0,1,1,32,32,0
8,0,0.0,0.0,0.0,158,119,2,0,6,1,3,0,15,0,0.0,0,2,2,40,39,0
5,0,0.0,0.0,0.0,44,44,2,0,3,1,1,1,0,0,0.0,0,2,1,28,18,0
24,0,0.0,0.0,0.0,158,45,8,0,5,2,4,12,0,0,0.0,0,8,3,185,75,0
26,0,0.0,0.0,0.0,117,110,2,0,3,1,3,4,3,0,0.0,0,3,2,83,55,0
3,0,0.0,0.0,0.0,98,98,2,0,1,1,1,0,0,0,0.0,0,2,1,58,29,0
38,0,0.0,0.0,0.0,119,46,7,0,7,2,12,14,0,0,0.0,0,8,4,183,77,0
7,0,0.0,0.0,0.0,158,81,3,0,5,1,4,0,10,0,0.0,0,4,2,50,38,0
46,0,0.0,0.0,0.0,158,46,5,0,16,2,10,18,55,0,0.0,0,8,3,141,99,0
10,0,0.0,0.0,0.0,92,92,1,0,5,2,5,8,0,0,0.0,0,1,1,67,67,0
8,0,0.0,0.0,0.0,45,39,2,0,2,3,2,0,1,0,0.0,0,2,1,102,68,0
11,0,0.0,0.0,0.0,129,22,11,0,9,1,3,0,36,0,0.0,0,12,5,168,103,0
6,0,0.0,0.0,0.0,19,19,1,0,4,1,2,0,6,0,0.0,0,1,1,65,65,0
12,0,0.0,0.0,0.0,110,110,0,0,3,2,2,0,3,0,0.0,0,1,1,45,45,0
25,0,0.0,0.0,0.0,158,81,3,0,7,2,8,10,10,0,0.0,0,4,2,97,69,0
34,0,0.0,0.0,0.0,119,39,12,0,8,4,7,4,9,0,0.0,0,15,4,584,172,0
127,0,0.0,0.0,0.0,45,45,2,0,2,4,9,2,1,0,0.0,0,2,2,230,228,0
11,0,0.0,0.0,0.0,119,39,9,0,3,1,1,0,0,0,0.0,0,9,3,236,144,0
9,0,0.0,0.0,0.0,158,71,3,0,7,1,3,0,21,0,0.0,0,3,2,44,40,0
4,0,0.0,0.0,0.0,129,77,2,0,1,2,2,0,0,0,0.0,0,2,1,35,28,0
3,0,0.0,0.0,0.0,69,39,2,0,0,3,3,0,0,0,0.0,0,2,1,62,60,0
18,0,0.0,0.0,0.0,158,81,3,0,5,2,7,6,3,0,0.0,0,4,2,93,66,0
14,0,0.0,0.0,0.0,158,117,2,0,5,1,3,4,4,0,0.0,0,3,3,54,50,0
10,0,0.0,0.0,0.0,158,119,2,0,8,1,3,0,28,0,0.0,0,3,2,44,41,0
6,0,0.0,0.0,0.0,170,170,1,0,4,1,1,0,6,0,0.0,0,1,1,32,32,0
3,0,0.0,0.0,0.0,81,51,2,0,0,3,3,0,0,0,0.0,0,2,1,62,60,0
14,0,0.0,0.0,0.0,56,56,1,0,3,2,5,6,1,0,0.0,0,1,1,50,50,0
18,0,0.0,0.0,0.0,105,15,6,0,4,2,4,12,1,0,0.0,0,7,2,111,48,0
8,0,0.0,0.0,0.0,141,37,3,0,1,2,7,8,0,0,0.0,0,4,1,60,37,0
20,0,0.0,0.0,0.0,170,93,4,0,5,3,6,2,2,0,0.0,0,5,3,93,59,0
7,0,0.0,0.0,0.0,57,57,1,0,5,1,5,0,10,0,0.0,0,1,1,81,81,0
37,0,0.0,0.0,0.0,51,51,1,0,10,1,5,7,8,0,0.0,0,1,1,42,42,0
25,0,0.0,0.0,0.0,44,44,1,0,6,2,9,11,6,0,0.0,0,1,1,70,70,0
16,0,0.0,0.0,0.0,170,89,6,0,3,2,7,5,3,0,0.0,0,7,4,79,45,0
67,0,0.0,0.0,0.0,170,46,7,0,6,4,7,8,6,0,0.0,0,12,6,181,94,0
17,0,0.0,0.0,0.0,124,122,1,0,4,2,10,1,0,0,0.0,0,2,2,80,62,0
32,0,0.0,0.0,0.0,51,47,2,0,6,2,8,6,4,0,0.0,0,2,1,86,84,0
15,0,0.0,0.0,0.0,141,130,5,0,5,1,9,4,8,0,0.0,0,5,4,73,63,0
17,11,3.0,7.0,13.0,141,9,5,1,3,2,7,8,0,13,0.0,0,6,2,90,42,1
17,0,0.0,0.0,0.0,105,90,2,0,4,3,8,5,3,0,0.0,0,2,1,66,62,0
15,0,0.0,0.0,0.0,170,57,5,0,4,2,2,1,6,0,0.0,0,5,3,56,33,0
4,0,0.0,0.0,0.0,170,127,2,0,2,1,0,0,1,0,0.0,0,3,2,44,31,0
18,0,0.0,0.0,0.0,44,44,1,0,5,2,4,7,10,0,0.0,0,1,1,51,51,0
40,0,0.0,0.0,0.0,51,34,4,0,10,1,8,6,26,0,0.0,0,4,2,141,86,0
14,0,0.0,0.0,0.0,90,90,1,0,1,2,2,1,0,0,0.0,0,1,1,47,47,0
9,0,0.0,0.0,0.0,170,131,2,0,2,4,0,0,1,0,0.0,0,2,2,34,32,0
17,0,0.0,0.0,0.0,141,131,2,0,5,3,6,2,1,0,0.0,0,3,2,59,56,0
9,0,0.0,0.0,0.0,125,125,1,0,2,1,3,3,1,0,0.0,0,1,1,44,44,0
3,0,0.0,0.0,0.0,87,87,1,0,0,2,1,0,0,0,0.0,0,1,1,27,27,0
27,0,0.0,0.0,0.0,170,57,5,0,5,2,5,12,0,0,0.0,0,5,3,101,71,0
8,0,0.0,0.0,0.0,170,104,6,0,1,4,3,5,0,0,0.0,0,6,3,74,41,0
27,0,0.0,0.0,0.0,56,56,1,0,6,1,6,9,0,0,0.0,0,1,1,69,69,0
52,0,0.0,0.0,0.0,60,51,2,0,15,4,3,10,48,0,0.0,0,2,1,198,194,0
11,0,0.0,0.0,0.0,143,57,5,0,3,2,4,7,0,0,0.0,0,5,3,70,48,0
12,0,0.0,0.0,0.0,31,31,1,0,4,1,3,0,6,0,0.0,0,1,1,50,50,0
40,0,0.0,0.0,0.0,132,126,3,0,11,1,11,10,0,0,0.0,0,3,3,110,59,0
18,0,0.0,0.0,0.0,131,51,4,0,5,3,5,1,4,0,0.0,0,5,2,169,110,0
13,0,0.0,0.0,0.0,170,93,5,0,3,2,4,1,1,0,0.0,0,5,3,54,39,0
19,0,0.0,0.0,0.0,153,131,4,0,3,2,4,4,3,0,0.0,0,4,2,147,68,0
9,0,0.0,0.0,0.0,170,96,4,0,2,1,5,3,1,0,0.0,0,4,2,50,31,0
25,0,0.0,0.0,0.0,87,47,2,0,5,2,7,15,0,0,0.0,0,2,1,80,75,0
7,0,0.0,0.0,0.0,170,131,2,0,5,1,2,0,10,0,0.0,0,2,2,37,36,0
5,0,0.0,0.0,0.0,93,93,1,0,3,1,4,0,3,0,0.0,0,1,1,58,58,0
4,0,0.0,0.0,0.0,81,81,1,0,0,1,1,0,0,0,0.0,0,1,1,39,39,0
25,0,0.0,0.0,0.0,170,93,3,0,7,2,8,10,10,0,0.0,0,4,2,101,69,0
1,29,29.0,29.0,14.0,9,9,1,1,0,1,1,0,0,14,0.0,0,1,1,29,29,0
26,0,0.0,0.0,0.0,170,97,3,0,8,2,7,12,10,0,0.0,0,4,2,94,68,0
23,0,0.0,0.0,0.0,170,44,6,0,3,1,4,16,1,0,0.0,0,7,4,82,59,0
10,0,0.0,0.0,0.0,56,55,2,0,7,2,6,0,21,0,0.0,0,2,2,48,46,0
25,0,0.0,0.0,0.0,127,82,2,0,7,2,9,4,2,0,0.0,0,2,2,63,54,0
6,0,0.0,0.0,0.0,44,44,1,0,4,1,2,0,6,0,0.0,0,1,1,35,35,0
25,0,0.0,0.0,0.0,170,57,5,0,5,2,5,15,0,0,0.0,0,5,3,87,63,0
4,0,0.0,0.0,0.0,56,56,2,0,0,1,0,0,0,0,0.0,0,2,1,53,35,0
18,0,0.0,0.0,0.0,131,51,4,0,5,3,5,1,4,0,0.0,0,5,2,169,110,0
18,0,0.0,0.0,0.0,121,117,2,0,6,1,0,5,1,0,0.0,0,2,1,67,61,0
23,0,0.0,0.0,0.0,57,57,1,0,7,5,7,6,1,0,0.0,0,1,1,68,68,0
24,0,0.0,0.0,0.0,56,23,3,0,7,1,1,2,1,0,0.0,0,3,2,52,31,0
21,0,0.0,0.0,0.0,127,81,5,0,6,1,7,6,0,0,0.0,0,5,3,89,63,0
12,0,0.0,0.0,0.0,170,144,2,0,3,1,4,1,0,0,0.0,0,3,1,57,39,0
7,0,0.0,0.0,0.0,170,93,3,0,5,1,4,0,10,0,0.0,0,3,2,43,38,0
9,0,0.0,0.0,0.0,170,80,2,0,1,4,5,5,0,0,0.0,0,3,1,48,41,0
9,0,0.0,0.0,0.0,130,130,1,0,2,4,0,0,1,0,0.0,0,1,1,35,35,0
9,0,0.0,0.0,0.0,128,39,3,0,2,2,3,0,1,0,0.0,0,4,1,242,138,0
3,0,0.0,0.0,0.0,81,81,1,0,0,3,1,0,0,0,0.0,0,1,1,25,25,0
1,0,0.0,0.0,0.0,131,51,6,0,0,1,1,0,0,0,0.0,0,8,3,131,78,0
3,0,0.0,0.0,0.0,81,81,1,0,0,3,3,0,0,0,0.0,0,1,1,2,2,0
32,0,0.0,0.0,0.0,131,51,18,0,7,2,13,12,0,0,0.0,0,21,4,710,182,0
4,0,0.0,0.0,0.0,170,131,2,0,2,1,2,0,1,0,0.0,0,2,2,49,47,0
1,0,0.0,0.0,0.0,131,51,3,0,0,1,1,0,0,0,0.0,0,3,2,96,64,0
14,0,0.0,0.0,0.0,90,90,1,0,3,2,5,4,1,0,0.0,0,1,1,54,54,0
4,0,0.0,0.0,0.0,81,47,3,0,2,1,3,0,1,0,0.0,0,3,2,51,43,0
12,0,0.0,0.0,0.0,170,170,1,0,4,2,5,7,6,0,0.0,0,1,1,48,48,0
3,0,0.0,0.0,0.0,170,170,1,0,1,1,1,0,0,0,0.0,0,1,1,27,27,0
12,0,0.0,0.0,0.0,134,40,3,0,3,5,8,4,0,0,0.0,0,5,4,73,54,0
4,0,0.0,0.0,0.0,84,57,2,0,2,1,2,0,1,0,0.0,0,2,2,37,33,0
3,0,0.0,0.0,0.0,122,122,1,0,1,1,2,0,0,0,0.0,0,1,1,36,36,0
31,14,10.0,12.0,6.0,89,0,5,1,7,5,15,19,1,6,0.0,0,5,3,89,70,0
3,0,0.0,0.0,0.0,81,51,2,0,0,3,3,0,0,0,0.0,0,2,1,62,60,0
11,0,0.0,0.0,0.0,170,89,4,0,2,4,0,0,0,0,0.0,0,5,2,60,51,0
1,0,0.0,0.0,0.0,131,51,9,0,0,1,1,0,0,0,0.0,0,11,4,121,62,0
3,0,0.0,0.0,0.0,81,51,2,0,0,3,3,0,0,0,0.0,0,2,1,62,60,0
17,0,0.0,0.0,0.0,170,55,13,0,1,1,10,7,0,0,0.0,0,14,4,366,108,0
17,0,0.0,0.0,0.0,50,47,1,0,3,1,5,5,1,0,0.0,0,2,2,59,52,0
6,0,0.0,0.0,0.0,170,91,2,0,1,2,1,0,0,0,0.0,0,2,1,32,30,0
10,0,0.0,0.0,0.0,0,0,0,0,2,1,4,3,1,0,0.0,0,0,0,0,0,0
24,0,0.0,0.0,0.0,44,44,1,0,6,2,8,14,0,0,0.0,0,1,1,73,73,0
20,0,0.0,0.0,0.0,170,82,3,0,4,1,6,0,1,0,0.0,0,5,2,114,66,0
6,0,0.0,0.0,0.0,96,96,1,0,1,4,0,0,0,0,0.0,0,1,1,28,28,0
35,0,0.0,0.0,0.0,170,104,5,0,7,2,11,12,10,0,0.0,0,6,3,117,93,0
14,0,0.0,0.0,0.0,170,87,3,0,3,4,0,1,1,0,0.0,0,3,2,52,40,0
5,0,0.0,0.0,0.0,132,126,3,0,3,1,0,0,3,0,0.0,0,3,3,30,24,0
51,0,0.0,0.0,0.0,170,38,15,0,14,2,14,25,21,0,0.0,0,15,4,216,66,0
8,0,0.0,0.0,0.0,44,44,1,0,6,1,14,0,15,0,0.0,0,1,1,110,110,0
5,0,0.0,0.0,0.0,131,51,5,0,0,1,1,0,0,0,0.0,0,5,2,135,86,0
9,0,0.0,0.0,0.0,89,42,5,0,7,1,17,0,21,0,0.0,0,6,2,184,66,0
21,0,0.0,0.0,0.0,56,56,2,0,6,1,1,2,1,0,0.0,0,2,1,49,31,0
16,0,0.0,0.0,0.0,170,131,5,0,4,2,7,4,1,0,0.0,0,5,3,75,48,0
4,0,0.0,0.0,0.0,43,43,1,0,0,1,0,0,0,0,0.0,0,1,1,58,58,0
21,0,0.0,0.0,0.0,131,44,14,0,5,2,9,12,0,0,0.0,0,16,4,602,170,0
21,0,0.0,0.0,0.0,130,44,13,0,5,2,8,13,0,0,0.0,0,13,3,195,91,0
12,0,0.0,0.0,0.0,56,56,1,0,2,2,5,1,1,0,0.0,0,1,1,46,46,0
6,0,0.0,0.0,0.0,170,131,2,0,4,1,2,0,6,0,0.0,0,2,2,35,34,0
14,0,0.0,0.0,0.0,124,94,2,0,2,2,6,5,0,0,0.0,0,3,2,47,34,0
14,0,0.0,0.0,0.0,44,37,1,0,2,2,6,5,0,0,0.0,0,2,1,73,65,0
14,0,0.0,0.0,0.0,57,57,1,0,3,3,5,2,0,0,0.0,0,1,1,56,56,0
17,0,0.0,0.0,0.0,50,50,0,0,5,1,1,3,1,0,0.0,0,1,1,51,51,0
41,0,0.0,0.0,0.0,170,40,18,0,2,4,16,6,0,0,0.0,0,22,7,213,102,0
11,2,2.0,2.0,23.0,84,3,3,1,0,1,0,1,0,23,0.0,0,3,1,22,16,0
4,0,0.0,0.0,0.0,93,93,1,0,2,1,1,0,1,0,0.0,0,1,1,33,33,0
15,0,0.0,0.0,0.0,131,51,12,0,3,3,8,4,0,0,0.0,0,14,3,278,116,0
13,0,0.0,0.0,0.0,105,105,1,0,2,4,3,3,0,0,0.0,0,1,1,37,37,0
21,0,0.0,0.0,0.0,81,12,8,0,4,1,18,1,4,0,0.0,0,8,2,205,77,0
7,0,0.0,0.0,0.0,170,97,3,0,5,1,3,0,10,0,0.0,0,3,2,44,37,0
38,0,0.0,0.0,0.0,141,51,3,0,19,2,7,7,64,0,0.0,0,4,3,104,89,0
15,0,0.0,0.0,0.0,0,0,0,0,3,2,7,0,1,0,0.0,0,0,0,0,0,0
36,0,0.0,0.0,0.0,90,90,1,0,11,2,5,7,55,0,0.0,0,1,1,101,101,0
17,0,0.0,0.0,0.0,0,0,0,0,5,1,1,2,0,0,0.0,0,0,0,0,0,0
38,15,-15.0,0.0,2.0,144,9,4,1,9,2,7,18,0,2,0.0,0,4,2,146,109,0
14,0,0.0,0.0,0.0,84,83,2,0,4,1,1,4,0,0,0.0,0,2,1,47,41,0
20,0,0.0,0.0,0.0,126,55,4,0,18,1,12,0,153,0,0.0,0,4,2,244,199,0
20,0,0.0,0.0,0.0,90,90,1,0,4,1,2,0,0,0,0.0,0,1,1,55,55,0
4,0,0.0,0.0,0.0,144,131,3,0,2,1,3,0,1,0,0.0,0,3,3,90,30,0
9,0,0.0,0.0,0.0,131,51,7,0,2,2,6,3,0,0,0.0,0,7,3,259,90,0
16,4,0.0,2.0,6.0,170,0,4,1,4,5,8,6,1,6,0.0,0,8,4,89,62,0
12,0,0.0,0.0,0.0,56,56,1,0,5,1,8,9,0,0,0.0,0,1,1,67,67,0
4,0,0.0,0.0,0.0,136,126,3,0,2,1,1,0,1,0,0.0,0,4,3,55,31,0
24,0,0.0,0.0,0.0,129,129,0,0,4,2,5,0,6,0,0.0,0,1,1,59,59,0
3,0,0.0,0.0,0.0,81,51,2,0,0,3,3,0,0,0,0.0,0,2,1,64,60,0
49,0,0.0,0.0,0.0,170,47,4,0,14,2,13,25,36,0,0.0,0,7,2,175,109,0
5,0,0.0,0.0,0.0,170,93,2,0,2,3,2,0,1,0,0.0,0,2,1,32,28,0
10,0,0.0,0.0,0.0,170,80,4,0,8,1,6,0,28,0,0.0,0,4,2,62,44,0
3,0,0.0,0.0,0.0,81,51,2,0,0,3,3,0,0,0,0.0,0,2,2,90,60,0
5,0,0.0,0.0,0.0,141,89,3,0,1,2,2,1,0,0,0.0,0,3,1,41,31,0
32,0,0.0,0.0,0.0,143,64,6,0,3,4,11,5,1,0,0.0,0,9,5,132,84,0
11,0,0.0,0.0,0.0,144,12,11,0,9,1,7,0,36,0,0.0,0,11,5,553,99,0
13,0,0.0,0.0,0.0,144,110,4,0,5,2,5,2,1,0,0.0,0,4,1,57,53,0
13,0,0.0,0.0,0.0,51,51,1,0,4,2,1,0,0,0,0.0,0,1,1,84,84,0
13,0,0.0,0.0,0.0,44,37,1,0,2,2,4,6,0,0,0.0,0,2,1,55,47,1
43,0,0.0,0.0,0.0,89,44,10,0,10,2,10,18,0,0,0.0,0,10,2,147,75,0
7,0,0.0,0.0,0.0,124,124,1,0,1,2,3,1,0,0,0.0,0,1,1,34,34,0
14,0,0.0,0.0,0.0,170,131,4,0,3,2,6,6,1,0,0.0,0,5,3,72,56,0
12,0,0.0,0.0,0.0,136,129,2,0,3,2,4,1,3,0,0.0,0,3,2,45,43,0
3,0,0.0,0.0,0.0,81,51,2,0,0,3,3,0,0,0,0.0,0,2,1,62,60,0
10,0,0.0,0.0,0.0,131,51,6,0,2,3,3,0,0,0,0.0,0,6,2,131,78,0
10,0,0.0,0.0,0.0,170,55,8,0,7,2,10,9,0,0,0.0,0,9,4,248,115,0
8,0,0.0,0.0,0.0,144,89,5,0,4,1,3,0,6,0,0.0,0,6,2,110,62,0
13,0,0.0,0.0,0.0,131,51,8,0,3,1,1,0,0,0,0.0,0,10,3,193,108,0
3,0,0.0,0.0,0.0,132,131,1,0,1,1,1,0,0,0,0.0,0,2,2,30,26,0
8,0,0.0,0.0,0.0,56,56,1,0,1,1,6,2,0,0,0.0,0,1,1,45,45,0
39,0,0.0,0.0,0.0,87,63,5,0,2,4,10,8,0,0,0.0,0,5,2,109,87,0
38,0,0.0,0.0,0.0,170,126,5,0,9,2,10,16,4,0,0.0,0,6,3,115,88,0
10,0,0.0,0.0,0.0,131,51,5,0,2,3,3,0,0,0,0.0,0,5,2,132,80,0
17,0,0.0,0.0,0.0,170,131,3,0,4,3,8,2,1,0,0.0,0,4,3,66,55,0
9,0,0.0,0.0,0.0,131,51,11,0,7,1,17,0,21,0,0.0,0,13,3,547,256,0
7,0,0.0,0.0,0.0,170,93,3,0,5,1,4,0,10,0,0.0,0,4,2,44,38,0
4,0,0.0,0.0,0.0,84,84,1,0,2,1,2,0,1,0,0.0,0,1,1,29,29,0
17,0,0.0,0.0,0.0,141,131,3,0,5,3,6,2,1,0,0.0,0,4,2,59,56,0
1,0,0.0,0.0,0.0,131,51,5,0,0,1,1,0,0,0,0.0,0,7,3,109,62,0
6,0,0.0,0.0,0.0,170,131,2,0,4,1,2,0,6,0,0.0,0,2,2,35,34,0
17,0,0.0,0.0,0.0,170,124,1,0,4,3,5,6,0,0,0.0,0,2,1,77,64,0
9,0,0.0,0.0,0.0,170,127,4,0,2,4,0,0,1,0,0.0,0,4,3,59,42,0
3,0,0.0,0.0,0.0,12,12,1,0,0,4,0,0,0,0,0.0,0,1,1,29,29,0
4,0,0.0,0.0,0.0,141,89,2,0,1,2,2,0,0,0,0.0,0,2,1,35,28,0
3,0,0.0,0.0,0.0,81,51,2,0,0,3,3,0,0,0,0.0,0,2,1,62,60,0
11,0,0.0,0.0,0.0,90,90,1,0,4,1,0,0,1,0,0.0,0,1,1,45,45,0
9,0,0.0,0.0,0.0,170,131,2,0,2,4,0,0,1,0,0.0,0,2,2,34,32,0
21,0,0.0,0.0,0.0,170,58,7,0,7,2,4,6,1,0,0.0,0,8,4,94,54,0
7,0,0.0,0.0,0.0,131,51,8,0,5,1,14,0,10,0,0.0,0,10,4,362,196,0
13,0,0.0,0.0,0.0,170,93,3,0,3,1,6,3,1,0,0.0,0,4,2,207,119,0
4,0,0.0,0.0,0.0,131,51,4,0,2,1,5,0,1,0,0.0,0,4,2,178,108,0
7,0,0.0,0.0,0.0,170,131,2,0,5,1,4,0,10,0,0.0,0,2,2,39,38,0
17,0,0.0,0.0,0.0,170,131,3,0,4,3,8,2,1,0,0.0,0,4,3,66,55,0
22,0,0.0,0.0,0.0,94,94,1,0,3,3,5,3,3,0,0.0,0,1,1,58,58,0
6,0,0.0,0.0,0.0,144,58,3,0,2,1,4,0,1,0,0.0,0,4,4,41,37,0
13,0,0.0,0.0,0.0,51,51,1,0,4,2,1,0,0,0,0.0,0,1,1,78,78,0
26,0,0.0,0.0,0.0,84,84,1,0,8,1,1,3,17,0,0.0,0,1,1,69,69,0
12,0,0.0,0.0,0.0,170,62,7,0,3,2,4,3,1,0,0.0,0,7,4,75,43,0
28,0,0.0,0.0,0.0,38,38,1,0,7,2,5,10,0,0,0.0,0,1,1,59,59,0
46,0,0.0,0.0,0.0,64,57,4,0,9,2,7,10,4,0,0.0,0,4,2,191,115,0
6,0,0.0,0.0,0.0,57,57,1,0,4,1,5,0,6,0,0.0,0,1,1,40,40,0
6,0,0.0,0.0,0.0,84,57,2,0,4,1,2,0,6,0,0.0,0,2,2,18,14,0
9,0,0.0,0.0,0.0,135,90,6,0,2,2,4,4,1,0,0.0,0,6,2,95,53,0
7,0,0.0,0.0,0.0,170,131,2,0,5,1,2,0,10,0,0.0,0,2,2,37,36,0
16,0,0.0,0.0,0.0,51,51,1,0,5,2,1,0,0,0,0.0,0,1,1,92,92,0
1,0,0.0,0.0,0.0,131,51,5,0,0,1,1,0,0,0,0.0,0,5,2,93,58,0
11,0,0.0,0.0,0.0,104,104,1,0,2,1,8,8,0,0,0.0,0,1,1,52,52,0
5,0,0.0,0.0,0.0,141,141,1,0,1,2,2,0,0,0,0.0,0,1,1,35,35,0
9,0,0.0,0.0,0.0,129,129,0,0,2,3,0,0,1,0,0.0,0,1,1,37,37,0
1,0,0.0,0.0,0.0,40,40,1,0,0,1,0,0,0,0,0.0,0,1,1,27,27,0
1,30,30.0,30.0,14.0,9,9,1,1,0,1,1,0,0,14,0.0,0,1,1,30,30,0
19,0,0.0,0.0,0.0,170,138,3,0,3,2,4,1,3,0,0.0,0,3,2,111,67,0
9,0,0.0,0.0,0.0,170,131,2,0,2,4,0,0,1,0,0.0,0,2,2,34,32,0
15,0,0.0,0.0,0.0,141,141,1,0,4,1,3,1,0,0,0.0,0,1,1,45,45,0
9,0,0.0,0.0,0.0,141,37,3,0,2,2,3,3,0,0,0.0,0,4,1,59,41,0
23,0,0.0,0.0,0.0,93,93,1,0,6,2,9,12,6,0,0.0,0,1,1,71,71,0
14,0,0.0,0.0,0.0,170,129,2,0,3,1,3,2,1,0,0.0,0,2,1,46,40,0
26,0,0.0,0.0,0.0,170,93,3,0,10,2,6,6,16,0,0.0,0,3,2,98,68,0
34,0,0.0,0.0,0.0,127,82,2,0,9,2,9,5,0,0,0.0,0,2,2,78,69,0
17,0,0.0,0.0,0.0,170,131,3,0,4,3,8,2,1,0,0.0,0,4,3,66,55,0
3,0,0.0,0.0,0.0,81,51,2,0,0,3,3,0,0,0,0.0,0,2,1,62,60,0
11,0,0.0,0.0,0.0,89,89,1,0,3,1,0,6,1,0,0.0,0,1,1,47,47,0
3,0,0.0,0.0,0.0,57,51,2,0,0,5,3,0,0,0,0.0,0,2,1,90,60,0
25,0,0.0,0.0,0.0,170,131,2,0,7,2,8,10,10,0,0.0,0,3,2,82,68,1
16,0,0.0,0.0,0.0,170,47,8,0,5,2,10,6,10,0,0.0,0,11,3,223,88,0
18,0,0.0,0.0,0.0,170,44,13,0,5,2,4,7,10,0,0.0,0,15,4,243,64,0
7,0,0.0,0.0,0.0,170,170,1,0,1,4,3,2,0,0,0.0,0,1,1,32,32,0
6,0,0.0,0.0,0.0,136,126,5,0,4,1,4,0,6,0,0.0,0,6,4,103,47,0
7,0,0.0,0.0,0.0,170,87,7,0,1,3,2,1,0,0,0.0,0,11,4,123,54,0
30,0,0.0,0.0,0.0,124,82,1,0,2,4,11,5,0,0,0.0,0,6,3,109,97,0
29,0,0.0,0.0,0.0,170,125,5,0,8,1,5,6,0,0,0.0,0,6,4,90,66,0
11,0,0.0,0.0,0.0,129,51,4,0,6,1,2,0,1,0,0.0,0,5,2,181,102,0
9,0,0.0,0.0,0.0,131,51,12,0,7,1,14,0,21,0,0.0,0,13,3,491,224,0
11,0,0.0,0.0,0.0,86,86,1,0,4,1,6,7,0,0,0.0,0,1,1,50,50,0
13,0,0.0,0.0,0.0,170,129,2,0,3,1,3,2,1,0,0.0,0,3,3,45,43,0
1,0,0.0,0.0,0.0,131,51,6,0,0,1,1,0,0,0,0.0,0,6,3,110,64,0
28,0,0.0,0.0,0.0,170,57,7,0,6,2,7,16,0,0,0.0,0,8,3,122,72,0
12,0,0.0,0.0,0.0,170,127,7,0,3,2,4,4,3,0,0.0,0,9,4,89,44,0
21,0,0.0,0.0,0.0,170,57,9,0,5,2,4,11,0,0,0.0,0,9,4,125,61,0
52,0,0.0,0.0,0.0,51,51,1,0,16,5,3,14,16,0,0.0,0,1,1,192,192,0
12,0,0.0,0.0,0.0,170,83,4,0,10,1,4,0,45,0,0.0,0,4,2,64,53,0
48,0,0.0,0.0,0.0,170,56,15,0,12,2,10,13,28,0,0.0,0,15,3,217,68,0
12,0,0.0,0.0,0.0,84,84,1,0,0,1,2,0,0,0,0.0,0,1,1,47,47,0
6,0,0.0,0.0,0.0,93,93,1,0,4,1,4,0,6,0,0.0,0,1,1,35,35,0
4,0,0.0,0.0,0.0,56,56,2,0,0,1,0,0,0,0,0.0,0,2,1,68,50,0
17,0,0.0,0.0,0.0,57,57,1,0,4,3,8,2,1,0,0.0,0,1,1,62,62,0
5,0,0.0,0.0,0.0,170,93,3,0,3,1,2,0,3,0,0.0,0,3,2,46,36,0
15,0,0.0,0.0,0.0,87,45,3,0,1,2,4,3,0,0,0.0,0,3,1,63,58,0
5,0,0.0,0.0,0.0,110,110,3,0,1,2,3,1,0,0,0.0,0,3,1,70,35,0
27,0,0.0,0.0,0.0,57,57,1,0,8,4,3,9,15,0,0.0,0,1,1,60,60,0
81,0,0.0,0.0,0.0,96,23,12,0,21,1,13,16,151,0,0.0,0,13,1,355,156,0
46,0,0.0,0.0,0.0,170,93,5,0,13,2,17,28,10,0,0.0,0,6,2,173,94,0
27,0,0.0,0.0,0.0,131,51,8,0,6,1,5,2,0,0,0.0,0,9,2,358,136,0
30,0,0.0,0.0,0.0,135,56,6,0,7,1,7,14,10,0,0.0,0,7,2,89,41,0
15,0,0.0,0.0,0.0,170,131,2,0,4,2,6,7,6,0,0.0,0,3,2,64,52,0
9,0,0.0,0.0,0.0,170,170,1,0,2,2,2,0,1,0,0.0,0,1,1,39,39,0
1,0,0.0,0.0,0.0,127,61,3,0,0,1,0,0,0,0,0.0,0,4,3,56,25,0
58,0,0.0,0.0,0.0,129,51,9,0,10,2,10,14,6,0,0.0,0,10,3,537,232,0
6,0,0.0,0.0,0.0,170,170,1,0,1,4,2,0,0,0,0.0,0,1,1,33,33,0
31,0,0.0,0.0,0.0,170,57,3,0,5,2,12,22,3,0,0.0,0,4,2,112,59,0
48,0,0.0,0.0,0.0,170,93,5,0,11,2,15,28,10,0,0.0,0,6,2,211,102,0
36,0,0.0,0.0,0.0,170,131,2,0,9,2,10,15,15,0,0.0,0,3,2,98,86,0
9,0,0.0,0.0,0.0,170,131,3,0,2,4,0,0,1,0,0.0,0,3,3,36,32,0
9,0,0.0,0.0,0.0,90,80,3,0,2,3,0,0,1,0,0.0,0,3,2,59,31,0
20,0,0.0,0.0,0.0,170,93,5,0,5,3,6,2,2,0,0.0,0,6,3,114,69,0
27,0,0.0,0.0,0.0,170,111,5,0,1,4,9,6,0,0,0.0,0,9,4,97,70,0
13,0,0.0,0.0,0.0,131,51,7,0,4,3,4,1,0,0,0.0,0,8,2,254,92,0
15,0,0.0,0.0,0.0,44,44,1,0,3,1,4,2,3,0,0.0,0,1,1,46,46,0
8,0,0.0,0.0,0.0,93,87,3,0,2,1,2,0,1,0,0.0,0,3,1,170,66,0
9,0,0.0,0.0,0.0,170,131,2,0,7,1,3,0,21,0,0.0,0,2,2,42,41,0
16,0,0.0,0.0,0.0,56,56,1,0,2,3,7,1,1,0,0.0,0,1,1,51,51,0
22,0,0.0,0.0,0.0,170,88,5,0,5,1,8,8,0,0,0.0,0,6,2,127,77,0
7,0,0.0,0.0,0.0,170,57,3,0,5,1,3,0,10,0,0.0,0,3,2,53,36,0
91,0,0.0,0.0,0.0,93,93,1,0,19,1,9,31,21,0,0.0,0,1,1,187,187,0
6,0,0.0,0.0,0.0,136,131,1,0,1,2,2,1,0,0,0.0,0,2,2,36,34,0
83,0,0.0,0.0,0.0,135,56,13,0,5,3,8,3,6,0,0.0,0,16,5,378,154,0
4,0,0.0,0.0,0.0,90,82,2,0,0,1,1,0,0,0,0.0,0,2,2,51,39,0
28,0,0.0,0.0,0.0,31,31,1,0,7,1,1,3,15,0,0.0,0,1,1,79,79,0
11,0,0.0,0.0,0.0,170,82,3,0,5,3,5,9,0,0,0.0,0,5,4,143,82,0
19,0,0.0,0.0,0.0,56,50,4,0,4,2,2,2,4,0,0.0,0,4,1,63,25,0
8,0,0.0,0.0,0.0,67,67,0,0,2,2,0,0,1,0,0.0,0,1,1,36,36,0
33,0,0.0,0.0,0.0,170,83,5,0,10,2,9,16,21,0,0.0,0,6,2,108,85,0
38,0,0.0,0.0,0.0,170,131,3,0,12,2,8,16,28,0,0.0,0,4,2,118,100,0
45,0,0.0,0.0,0.0,135,56,7,0,11,2,8,10,0,0,0.0,0,9,5,167,96,0
5,31,31.0,31.0,14.0,8,8,1,1,3,2,2,0,3,14,0.0,0,1,1,31,31,0
6,0,0.0,0.0,0.0,141,130,3,0,4,1,4,0,6,0,0.0,0,3,3,84,78,0
99,0,0.0,0.0,0.0,57,57,2,0,2,4,9,2,1,0,0.0,0,2,2,188,186,0
11,0,0.0,0.0,0.0,81,12,6,0,9,1,5,0,36,0,0.0,0,6,2,266,90,0
42,0,0.0,0.0,0.0,93,93,1,0,10,1,10,16,0,0,0.0,0,1,1,94,94,0
36,0,0.0,0.0,0.0,87,87,1,0,14,1,4,21,6,0,0.0,0,1,1,70,70,0
3,0,0.0,0.0,0.0,87,87,2,0,0,3,1,0,0,0,0.0,0,2,1,41,33,0
16,0,0.0,0.0,0.0,123,110,1,0,3,2,2,2,0,0,0.0,0,4,3,73,44,0
11,0,0.0,0.0,0.0,170,55,7,0,9,1,8,0,36,0,0.0,0,7,3,63,45,0
7,0,0.0,0.0,0.0,93,23,2,0,4,2,4,0,6,0,0.0,0,2,1,58,47,0
17,0,0.0,0.0,0.0,123,123,1,0,5,2,8,4,10,0,0.0,0,1,1,59,59,0
48,0,0.0,0.0,0.0,170,93,6,0,11,2,15,28,10,0,0.0,0,7,2,213,101,0
12,0,0.0,0.0,0.0,94,94,1,0,3,2,3,0,3,0,0.0,0,1,1,33,33,0
9,5,1.0,3.0,23.0,57,3,3,1,7,3,5,0,21,23,0.0,0,3,2,52,45,0
56,0,0.0,0.0,0.0,170,96,7,0,14,2,3,25,0,0,0.0,0,7,3,172,92,0
14,0,0.0,0.0,0.0,44,44,1,0,3,2,4,0,1,0,0.0,0,1,1,48,48,0
9,0,0.0,0.0,0.0,130,126,2,0,2,4,0,0,1,0,0.0,0,2,2,52,43,0
8,0,0.0,0.0,0.0,90,82,2,0,6,2,2,0,15,0,0.0,0,2,2,37,31,0
7,0,0.0,0.0,0.0,170,131,2,0,5,1,2,0,10,0,0.0,0,2,2,37,36,0
59,0,0.0,0.0,0.0,130,51,15,0,19,2,14,20,0,0,0.0,0,18,4,677,250,0
1,0,0.0,0.0,0.0,88,88,1,0,0,1,0,0,0,0,0.0,0,1,1,29,29,0
45,0,0.0,0.0,0.0,170,41,4,0,11,2,16,21,10,0,0.0,0,5,2,176,75,0
22,0,0.0,0.0,0.0,131,51,5,0,6,3,8,1,8,0,0.0,0,6,2,211,138,0
6,0,0.0,0.0,0.0,87,87,1,0,1,2,1,1,0,0,0.0,0,1,1,32,32,0
8,0,0.0,0.0,0.0,170,131,2,0,6,1,3,0,15,0,0.0,0,2,2,40,39,0
5,0,0.0,0.0,0.0,56,56,2,0,3,1,1,1,0,0,0.0,0,2,1,28,18,0
24,0,0.0,0.0,0.0,170,57,8,0,5,2,4,12,0,0,0.0,0,8,3,185,75,0
26,0,0.0,0.0,0.0,129,122,2,0,3,1,3,4,3,0,0.0,0,3,2,83,55,0
3,4,0.0,2.0,14.0,110,9,3,1,1,1,1,0,0,14,0.0,0,3,2,62,29,0
38,0,0.0,0.0,0.0,131,58,7,0,7,2,13,14,0,0,0.0,0,8,4,183,77,0
7,0,0.0,0.0,0.0,170,93,3,0,5,1,4,0,10,0,0.0,0,4,2,50,38,0
46,0,0.0,0.0,0.0,170,58,5,0,16,2,10,18,55,0,0.0,0,8,3,141,99,0
10,0,0.0,0.0,0.0,104,104,1,0,5,2,5,8,0,0,0.0,0,1,1,67,67,0
8,0,0.0,0.0,0.0,57,51,2,0,2,3,2,0,1,0,0.0,0,2,1,102,68,0
11,0,0.0,0.0,0.0,141,34,11,0,9,1,3,0,36,0,0.0,0,12,5,168,103,0
6,0,0.0,0.0,0.0,31,31,1,0,4,1,2,0,6,0,0.0,0,1,1,65,65,0
12,0,0.0,0.0,0.0,122,122,0,0,3,2,2,0,3,0,0.0,0,1,1,45,45,0
25,0,0.0,0.0,0.0,170,93,3,0,7,2,8,10,10,0,0.0,0,4,2,97,69,0
34,0,0.0,0.0,0.0,131,51,12,0,8,4,7,4,9,0,0.0,0,15,4,584,172,0
128,4,4.0,4.0,14.0,57,8,3,1,2,4,10,2,1,14,0.0,0,3,3,234,228,0
11,0,0.0,0.0,0.0,131,51,9,0,3,1,1,0,0,0,0.0,0,9,3,236,144,0
9,0,0.0,0.0,0.0,170,83,3,0,7,1,3,0,21,0,0.0,0,3,2,44,40,0
4,0,0.0,0.0,0.0,141,89,2,0,1,2,2,0,0,0,0.0,0,2,1,35,28,0
3,0,0.0,0.0,0.0,81,51,2,0,0,3,3,0,0,0,0.0,0,2,1,62,60,0
18,0,0.0,0.0,0.0,170,93,3,0,5,2,7,6,3,0,0.0,0,4,2,93,66,0
14,0,0.0,0.0,0.0,170,129,2,0,5,1,3,4,4,0,0.0,0,3,3,54,50,0
10,0,0.0,0.0,0.0,170,131,2,0,8,1,3,0,28,0,0.0,0,3,2,44,41,0
6,0,0.0,0.0,0.0,185,185,1,0,4,1,1,0,6,0,0.0,0,1,1,32,32,0
3,0,0.0,0.0,0.0,95,65,2,0,0,3,3,0,0,0,0.0,0,2,1,62,60,0
14,0,0.0,0.0,0.0,70,70,1,0,3,2,5,6,1,0,0.0,0,1,1,50,50,0
18,0,0.0,0.0,0.0,119,29,6,0,4,2,4,12,1,0,0.0,0,7,2,111,48,0
8,0,0.0,0.0,0.0,155,52,3,0,1,2,7,8,0,0,0.0,0,4,1,60,37,0
20,0,0.0,0.0,0.0,185,108,4,0,5,3,6,2,2,0,0.0,0,5,3,93,59,0
7,0,0.0,0.0,0.0,71,71,1,0,5,1,5,0,10,0,0.0,0,1,1,81,81,0
37,0,0.0,0.0,0.0,65,65,1,0,10,1,5,7,8,0,0.0,0,1,1,42,42,0
25,0,0.0,0.0,0.0,58,58,1,0,6,2,9,11,6,0,0.0,0,1,1,70,70,0
16,0,0.0,0.0,0.0,185,104,6,0,3,2,7,5,3,0,0.0,0,7,4,79,45,0
67,0,0.0,0.0,0.0,185,61,7,0,6,4,7,8,6,0,0.0,0,12,6,181,94,0
17,0,0.0,0.0,0.0,138,137,1,0,4,2,10,1,0,0,0.0,0,2,2,80,62,0
32,0,0.0,0.0,0.0,65,61,2,0,6,2,8,6,4,0,0.0,0,2,1,86,84,0
15,0,0.0,0.0,0.0,155,144,5,0,5,1,9,4,8,0,0.0,0,5,4,73,63,0
11,13,-9.0,2.0,11.0,155,3,6,1,1,2,7,3,0,11,0.0,0,7,2,103,42,0
17,0,0.0,0.0,0.0,119,105,2,0,4,3,8,5,3,0,0.0,0,2,1,66,62,0
15,0,0.0,0.0,0.0,185,72,5,0,4,2,2,1,6,0,0.0,0,5,3,56,33,0
4,0,0.0,0.0,0.0,185,141,2,0,2,1,0,0,1,0,0.0,0,3,2,44,31,0
18,0,0.0,0.0,0.0,58,58,1,0,5,2,4,7,10,0,0.0,0,1,1,51,51,0
40,0,0.0,0.0,0.0,65,48,4,0,10,1,8,6,26,0,0.0,0,4,2,141,86,0
14,0,0.0,0.0,0.0,104,104,1,0,1,2,2,1,0,0,0.0,0,1,1,47,47,0
9,0,0.0,0.0,0.0,185,145,2,0,2,4,0,0,1,0,0.0,0,2,2,34,32,0
17,0,0.0,0.0,0.0,155,145,2,0,5,3,6,2,1,0,0.0,0,3,2,59,56,0
9,0,0.0,0.0,0.0,139,139,1,0,2,1,3,3,1,0,0.0,0,1,1,44,44,0
3,0,0.0,0.0,0.0,101,101,1,0,0,2,1,0,0,0,0.0,0,1,1,27,27,0
27,0,0.0,0.0,0.0,185,71,5,0,5,2,5,12,0,0,0.0,0,5,3,101,71,0
8,0,0.0,0.0,0.0,185,119,6,0,1,4,3,5,0,0,0.0,0,6,3,74,41,0
27,0,0.0,0.0,0.0,70,70,1,0,6,1,6,9,0,0,0.0,0,1,1,69,69,0
52,0,0.0,0.0,0.0,74,65,2,0,15,4,3,10,48,0,0.0,0,2,1,198,194,0
11,0,0.0,0.0,0.0,158,71,5,0,3,2,4,7,0,0,0.0,0,5,3,70,48,0
12,0,0.0,0.0,0.0,45,45,1,0,4,1,3,0,6,0,0.0,0,1,1,50,50,0
40,0,0.0,0.0,0.0,146,140,3,0,11,1,10,10,0,0,0.0,0,3,3,110,59,0
18,0,0.0,0.0,0.0,145,65,4,0,5,3,5,1,4,0,0.0,0,5,2,169,110,0
13,0,0.0,0.0,0.0,185,108,5,0,3,2,4,1,1,0,0.0,0,5,3,54,39,0
19,0,0.0,0.0,0.0,167,146,4,0,3,2,4,4,3,0,0.0,0,4,2,147,68,0
9,0,0.0,0.0,0.0,185,110,4,0,2,1,5,3,1,0,0.0,0,4,2,50,31,0
25,0,0.0,0.0,0.0,101,61,2,0,5,2,7,15,0,0,0.0,0,2,1,80,75,0
7,0,0.0,0.0,0.0,185,145,2,0,5,1,2,0,10,0,0.0,0,2,2,37,36,0
5,0,0.0,0.0,0.0,107,107,1,0,3,1,4,0,3,0,0.0,0,1,1,58,58,0
4,0,0.0,0.0,0.0,95,95,1,0,0,1,1,0,0,0,0.0,0,1,1,39,39,0
25,0,0.0,0.0,0.0,185,108,3,0,7,2,8,10,10,0,0.0,0,4,2,101,69,0
1,0,0.0,0.0,0.0,24,24,1,0,0,1,1,0,0,0,0.0,0,1,1,29,29,0
26,0,0.0,0.0,0.0,185,111,3,0,8,2,7,12,10,0,0.0,0,4,2,94,68,0
23,0,0.0,0.0,0.0,185,58,6,0,3,1,4,16,1,0,0.0,0,7,4,82,59,0
10,0,0.0,0.0,0.0,71,70,2,0,7,2,6,0,21,0,0.0,0,2,2,48,46,0
25,0,0.0,0.0,0.0,141,96,2,0,7,2,9,4,2,0,0.0,0,2,2,63,54,0
6,0,0.0,0.0,0.0,58,58,1,0,4,1,2,0,6,0,0.0,0,1,1,35,35,0
25,0,0.0,0.0,0.0,185,71,5,0,5,2,5,15,0,0,0.0,0,5,3,87,63,0
4,0,0.0,0.0,0.0,70,70,2,0,0,1,0,0,0,0,0.0,0,2,1,53,35,0
18,0,0.0,0.0,0.0,145,65,4,0,5,3,5,1,4,0,0.0,0,5,2,169,110,0
18,0,0.0,0.0,0.0,136,132,2,0,6,1,0,5,1,0,0.0,0,2,1,67,61,0
23,0,0.0,0.0,0.0,72,72,1,0,7,5,7,6,1,0,0.0,0,1,1,68,68,0
24,0,0.0,0.0,0.0,70,37,3,0,7,1,1,2,1,0,0.0,0,3,2,52,31,0
21,0,0.0,0.0,0.0,141,95,5,0,6,1,7,6,0,0,0.0,0,5,3,89,63,0
12,0,0.0,0.0,0.0,185,158,2,0,3,1,4,1,0,0,0.0,0,3,1,57,39,0
7,0,0.0,0.0,0.0,185,108,3,0,5,1,4,0,10,0,0.0,0,3,2,43,38,0
9,0,0.0,0.0,0.0,185,95,2,0,1,4,5,5,0,0,0.0,0,3,1,48,41,0
9,0,0.0,0.0,0.0,144,144,1,0,2,4,0,0,1,0,0.0,0,1,1,35,35,0
9,0,0.0,0.0,0.0,142,53,3,0,2,2,3,0,1,0,0.0,0,4,1,242,138,0
3,0,0.0,0.0,0.0,95,95,1,0,0,3,1,0,0,0,0.0,0,1,1,25,25,0
1,0,0.0,0.0,0.0,145,65,6,0,0,1,1,0,0,0,0.0,0,8,3,131,78,0
3,0,0.0,0.0,0.0,95,95,1,0,0,3,3,0,0,0,0.0,0,1,1,2,2,0
32,0,0.0,0.0,0.0,145,65,18,0,7,2,13,12,0,0,0.0,0,21,4,710,182,0
4,0,0.0,0.0,0.0,185,145,2,0,2,1,2,0,1,0,0.0,0,2,2,49,47,0
1,0,0.0,0.0,0.0,145,65,3,0,0,1,1,0,0,0,0.0,0,3,2,96,64,0
14,0,0.0,0.0,0.0,104,104,1,0,3,2,5,4,1,0,0.0,0,1,1,54,54,0
4,0,0.0,0.0,0.0,95,61,3,0,2,1,3,0,1,0,0.0,0,3,2,51,43,0
12,0,0.0,0.0,0.0,185,185,1,0,4,2,5,7,6,0,0.0,0,1,1,48,48,0
3,0,0.0,0.0,0.0,185,185,1,0,1,1,1,0,0,0,0.0,0,1,1,27,27,0
12,0,0.0,0.0,0.0,149,54,3,0,3,5,8,4,0,0,0.0,0,5,4,73,54,0
4,0,0.0,0.0,0.0,98,72,2,0,2,1,2,0,1,0,0.0,0,2,2,37,33,0
3,0,0.0,0.0,0.0,136,136,1,0,1,1,2,0,0,0,0.0,0,1,1,36,36,0
31,0,0.0,0.0,0.0,104,15,5,0,7,5,15,19,1,0,0.0,0,5,3,89,70,0
3,0,0.0,0.0,0.0,95,65,2,0,0,3,3,0,0,0,0.0,0,2,1,62,60,0
11,0,0.0,0.0,0.0,185,103,4,0,2,4,0,0,0,0,0.0,0,5,2,60,51,0
1,0,0.0,0.0,0.0,145,65,9,0,0,1,1,0,0,0,0.0,0,11,4,121,62,0
3,0,0.0,0.0,0.0,95,65,2,0,0,3,3,0,0,0,0.0,0,2,1,62,60,0
17,0,0.0,0.0,0.0,185,70,13,0,1,1,10,7,0,0,0.0,0,14,4,366,108,0
17,0,0.0,0.0,0.0,64,61,1,0,3,1,5,5,1,0,0.0,0,2,2,59,52,0
6,0,0.0,0.0,0.0,185,105,2,0,1,2,1,0,0,0,0.0,0,2,1,32,30,0
10,0,0.0,0.0,0.0,0,0,0,0,2,1,4,3,1,0,0.0,0,0,0,0,0,0
24,0,0.0,0.0,0.0,58,58,1,0,6,2,8,14,0,0,0.0,0,1,1,73,73,0
20,0,0.0,0.0,0.0,185,96,3,0,4,1,6,0,1,0,0.0,0,5,2,114,66,0
6,0,0.0,0.0,0.0,111,111,1,0,1,4,0,0,0,0,0.0,0,1,1,28,28,0
35,0,0.0,0.0,0.0,185,119,5,0,7,2,11,12,10,0,0.0,0,6,3,117,93,0
14,0,0.0,0.0,0.0,185,101,3,0,3,4,0,1,1,0,0.0,0,3,2,52,40,0
5,0,0.0,0.0,0.0,146,140,3,0,3,1,0,0,3,0,0.0,0,3,3,30,24,0
51,0,0.0,0.0,0.0,185,53,15,0,14,2,14,25,21,0,0.0,0,15,4,216,66,0
8,0,0.0,0.0,0.0,58,58,1,0,6,1,14,0,15,0,0.0,0,1,1,110,110,0
5,0,0.0,0.0,0.0,145,65,5,0,0,1,1,0,0,0,0.0,0,5,2,135,86,0
9,0,0.0,0.0,0.0,104,56,5,0,7,1,17,0,21,0,0.0,0,6,2,184,66,0
21,0,0.0,0.0,0.0,70,70,2,0,6,1,1,2,1,0,0.0,0,2,1,49,31,0
16,0,0.0,0.0,0.0,185,145,5,0,4,2,7,4,1,0,0.0,0,5,3,75,48,0
4,0,0.0,0.0,0.0,57,57,1,0,0,1,0,0,0,0,0.0,0,1,1,58,58,0
21,0,0.0,0.0,0.0,145,58,14,0,5,2,9,12,0,0,0.0,0,16,4,602,170,0
21,0,0.0,0.0,0.0,145,58,13,0,5,2,8,13,0,0,0.0,0,13,3,195,91,0
12,0,0.0,0.0,0.0,70,70,1,0,2,2,5,1,1,0,0.0,0,1,1,46,46,0
6,0,0.0,0.0,0.0,185,145,2,0,4,1,2,0,6,0,0.0,0,2,2,35,34,0
14,0,0.0,0.0,0.0,138,108,2,0,2,2,6,5,0,0,0.0,0,3,2,47,34,0
14,0,0.0,0.0,0.0,58,52,1,0,2,2,6,5,0,0,0.0,0,2,1,73,65,0
14,0,0.0,0.0,0.0,72,72,1,0,3,3,5,2,0,0,0.0,0,1,1,56,56,0
17,0,0.0,0.0,0.0,64,64,0,0,5,1,1,3,1,0,0.0,0,1,1,51,51,0
41,0,0.0,0.0,0.0,185,54,18,0,2,4,16,6,0,0,0.0,0,22,7,213,102,0
11,0,0.0,0.0,0.0,98,17,3,0,0,1,0,1,0,0,0.0,0,3,1,22,16,0
4,0,0.0,0.0,0.0,107,107,1,0,2,1,1,0,1,0,0.0,0,1,1,33,33,0
15,0,0.0,0.0,0.0,145,65,12,0,3,3,8,4,0,0,0.0,0,14,3,278,116,0
13,0,0.0,0.0,0.0,119,119,1,0,2,4,3,3,0,0,0.0,0,1,1,37,37,0
21,0,0.0,0.0,0.0,95,27,8,0,4,1,18,1,4,0,0.0,0,8,2,205,77,0
7,0,0.0,0.0,0.0,185,111,3,0,5,1,3,0,10,0,0.0,0,3,2,44,37,0
38,0,0.0,0.0,0.0,155,65,3,0,19,2,7,7,64,0,0.0,0,4,3,104,89,0
15,0,0.0,0.0,0.0,0,0,0,0,3,2,7,0,1,0,0.0,0,0,0,0,0,0
36,0,0.0,0.0,0.0,105,105,1,0,11,2,5,7,55,0,0.0,0,1,1,101,101,0
17,0,0.0,0.0,0.0,0,0,0,0,5,1,1,2,0,0,0.0,0,0,0,0,0,0
38,0,0.0,0.0,0.0,158,24,4,0,9,2,7,18,0,0,0.0,0,4,2,146,109,0
14,0,0.0,0.0,0.0,98,97,2,0,4,1,1,4,0,0,0.0,0,2,1,47,41,0
20,0,0.0,0.0,0.0,141,70,4,0,18,1,12,0,153,0,0.0,0,4,2,244,199,1
20,0,0.0,0.0,0.0,105,105,1,0,4,1,2,0,0,0,0.0,0,1,1,55,55,0
4,0,0.0,0.0,0.0,158,146,3,0,2,1,3,0,1,0,0.0,0,3,3,90,30,0
9,0,0.0,0.0,0.0,145,65,7,0,2,2,6,3,0,0,0.0,0,7,3,259,90,0
16,0,0.0,0.0,0.0,185,15,4,0,4,5,8,6,1,0,0.0,0,8,4,89,62,0
12,0,0.0,0.0,0.0,70,70,1,0,5,1,8,9,0,0,0.0,0,1,1,67,67,0
4,0,0.0,0.0,0.0,150,141,3,0,2,1,1,0,1,0,0.0,0,4,3,55,31,0
24,0,0.0,0.0,0.0,144,144,0,0,4,2,5,0,6,0,0.0,0,1,1,59,59,0
3,0,0.0,0.0,0.0,95,65,2,0,0,3,3,0,0,0,0.0,0,2,1,64,60,0
49,0,0.0,0.0,0.0,185,61,4,0,14,2,13,25,36,0,0.0,0,7,2,175,109,1
5,0,0.0,0.0,0.0,185,108,2,0,2,3,2,0,1,0,0.0,0,2,1,32,28,0
10,0,0.0,0.0,0.0,185,95,4,0,8,1,6,0,28,0,0.0,0,4,2,62,44,0
3,0,0.0,0.0,0.0,95,65,2,0,0,3,3,0,0,0,0.0,0,2,2,90,60,0
5,0,0.0,0.0,0.0,155,104,3,0,1,2,2,1,0,0,0.0,0,3,1,41,31,0
32,0,0.0,0.0,0.0,157,78,6,0,3,4,11,5,1,0,0.0,0,9,5,132,84,0
11,0,0.0,0.0,0.0,158,27,11,0,9,1,7,0,36,0,0.0,0,11,5,553,99,0
13,0,0.0,0.0,0.0,158,125,4,0,5,2,5,2,1,0,0.0,0,4,1,57,53,0
13,0,0.0,0.0,0.0,65,65,1,0,4,2,1,0,0,0,0.0,0,1,1,84,84,0
24,25,23.0,24.0,11.0,58,3,2,1,2,2,10,13,0,11,0.0,0,3,1,80,47,0
43,0,0.0,0.0,0.0,104,58,10,0,10,2,10,18,0,0,0.0,0,10,2,147,75,0
7,0,0.0,0.0,0.0,138,138,1,0,1,2,3,1,0,0,0.0,0,1,1,34,34,0
14,0,0.0,0.0,0.0,185,145,4,0,3,2,6,6,1,0,0.0,0,5,3,72,56,0
12,0,0.0,0.0,0.0,150,144,2,0,3,2,4,1,3,0,0.0,0,3,2,45,43,0
3,0,0.0,0.0,0.0,95,65,2,0,0,3,3,0,0,0,0.0,0,2,1,62,60,0
10,0,0.0,0.0,0.0,145,65,6,0,2,3,3,0,0,0,0.0,0,6,2,131,78,0
10,0,0.0,0.0,0.0,185,70,8,0,7,2,10,9,0,0,0.0,0,9,4,248,115,0
8,0,0.0,0.0,0.0,158,103,5,0,4,1,3,0,6,0,0.0,0,6,2,110,62,0
13,0,0.0,0.0,0.0,145,65,8,0,3,1,1,0,0,0,0.0,0,10,3,193,108,0
3,0,0.0,0.0,0.0,146,146,1,0,1,1,1,0,0,0,0.0,0,2,2,30,26,0
8,0,0.0,0.0,0.0,70,70,1,0,1,1,6,2,0,0,0.0,0,1,1,45,45,0
39,0,0.0,0.0,0.0,101,78,5,0,2,4,10,8,0,0,0.0,0,5,2,109,87,0
38,0,0.0,0.0,0.0,185,141,5,0,9,2,10,16,4,0,0.0,0,6,3,115,88,0
10,0,0.0,0.0,0.0,145,65,5,0,2,3,3,0,0,0,0.0,0,5,2,132,80,0
17,0,0.0,0.0,0.0,185,145,3,0,4,3,8,2,1,0,0.0,0,4,3,66,55,0
9,0,0.0,0.0,0.0,145,65,11,0,7,1,17,0,21,0,0.0,0,13,3,547,256,0
7,0,0.0,0.0,0.0,185,108,3,0,5,1,4,0,10,0,0.0,0,4,2,44,38,0
4,0,0.0,0.0,0.0,98,98,1,0,2,1,2,0,1,0,0.0,0,1,1,29,29,0
17,0,0.0,0.0,0.0,155,145,3,0,5,3,6,2,1,0,0.0,0,4,2,59,56,0
1,0,0.0,0.0,0.0,145,65,5,0,0,1,1,0,0,0,0.0,0,7,3,109,62,0
6,0,0.0,0.0,0.0,185,145,2,0,4,1,2,0,6,0,0.0,0,2,2,35,34,0
17,0,0.0,0.0,0.0,185,138,1,0,4,3,5,6,0,0,0.0,0,2,1,77,64,0
9,0,0.0,0.0,0.0,185,141,4,0,2,4,0,0,1,0,0.0,0,4,3,59,42,0
3,0,0.0,0.0,0.0,27,27,1,0,0,4,0,0,0,0,0.0,0,1,1,29,29,0
4,0,0.0,0.0,0.0,155,104,2,0,1,2,2,0,0,0,0.0,0,2,1,35,28,0
3,0,0.0,0.0,0.0,95,65,2,0,0,3,3,0,0,0,0.0,0,2,1,62,60,0
11,0,0.0,0.0,0.0,105,105,1,0,4,1,0,0,1,0,0.0,0,1,1,45,45,0
9,0,0.0,0.0,0.0,185,145,2,0,2,4,0,0,1,0,0.0,0,2,2,34,32,0
21,0,0.0,0.0,0.0,185,73,7,0,7,2,4,6,1,0,0.0,0,8,4,94,54,0
7,0,0.0,0.0,0.0,145,65,8,0,5,1,14,0,10,0,0.0,0,10,4,362,196,0
13,0,0.0,0.0,0.0,185,108,3,0,3,1,6,3,1,0,0.0,0,4,2,207,119,0
4,0,0.0,0.0,0.0,145,65,4,0,2,1,5,0,1,0,0.0,0,4,2,178,108,0
7,0,0.0,0.0,0.0,185,145,2,0,5,1,4,0,10,0,0.0,0,2,2,39,38,0
17,0,0.0,0.0,0.0,185,145,3,0,4,3,8,2,1,0,0.0,0,4,3,66,55,0
22,0,0.0,0.0,0.0,108,108,1,0,3,3,5,3,3,0,0.0,0,1,1,58,58,0
6,0,0.0,0.0,0.0,158,72,3,0,2,1,4,0,1,0,0.0,0,4,4,41,37,0
13,0,0.0,0.0,0.0,65,65,1,0,4,2,1,0,0,0,0.0,0,1,1,78,78,0
26,0,0.0,0.0,0.0,98,98,1,0,8,1,1,3,17,0,0.0,0,1,1,69,69,0
12,0,0.0,0.0,0.0,185,77,7,0,3,2,4,3,1,0,0.0,0,7,4,75,43,0
28,0,0.0,0.0,0.0,53,53,1,0,7,2,5,10,0,0,0.0,0,1,1,59,59,0
46,0,0.0,0.0,0.0,78,71,4,0,9,2,7,10,4,0,0.0,0,4,2,191,115,0
6,0,0.0,0.0,0.0,71,71,1,0,4,1,5,0,6,0,0.0,0,1,1,40,40,0
6,0,0.0,0.0,0.0,98,72,2,0,4,1,2,0,6,0,0.0,0,2,2,18,14,0
9,0,0.0,0.0,0.0,149,105,6,0,2,2,4,4,1,0,0.0,0,6,2,95,53,0
7,0,0.0,0.0,0.0,185,145,2,0,5,1,2,0,10,0,0.0,0,2,2,37,36,0
16,0,0.0,0.0,0.0,65,65,1,0,5,2,1,0,0,0,0.0,0,1,1,92,92,0
1,0,0.0,0.0,0.0,145,65,5,0,0,1,1,0,0,0,0.0,0,5,2,93,58,0
11,0,0.0,0.0,0.0,119,119,1,0,2,1,8,8,0,0,0.0,0,1,1,52,52,0
5,0,0.0,0.0,0.0,155,155,1,0,1,2,2,0,0,0,0.0,0,1,1,35,35,0
9,0,0.0,0.0,0.0,143,143,0,0,2,3,0,0,1,0,0.0,0,1,1,37,37,0
1,0,0.0,0.0,0.0,54,54,1,0,0,1,0,0,0,0,0.0,0,1,1,27,27,0
1,0,0.0,0.0,0.0,24,24,1,0,0,1,1,0,0,0,0.0,0,1,1,30,30,0
19,0,0.0,0.0,0.0,185,153,3,0,3,2,4,1,3,0,0.0,0,3,2,111,67,0
9,0,0.0,0.0,0.0,185,145,2,0,2,4,0,0,1,0,0.0,0,2,2,34,32,0
15,0,0.0,0.0,0.0,155,155,1,0,4,1,3,1,0,0,0.0,0,1,1,45,45,0
9,0,0.0,0.0,0.0,155,52,3,0,2,2,3,3,0,0,0.0,0,4,1,59,41,0
23,0,0.0,0.0,0.0,108,108,1,0,6,2,9,12,6,0,0.0,0,1,1,71,71,0
14,0,0.0,0.0,0.0,185,144,2,0,3,1,3,2,1,0,0.0,0,2,1,46,40,0
26,0,0.0,0.0,0.0,185,108,3,0,10,2,6,6,16,0,0.0,0,3,2,98,68,0
34,0,0.0,0.0,0.0,141,96,2,0,9,2,9,5,0,0,0.0,0,2,2,78,69,0
17,0,0.0,0.0,0.0,185,145,3,0,4,3,8,2,1,0,0.0,0,4,3,66,55,0
3,0,0.0,0.0,0.0,95,65,2,0,0,3,3,0,0,0,0.0,0,2,1,62,60,0
11,0,0.0,0.0,0.0,104,104,1,0,3,1,0,6,1,0,0.0,0,1,1,47,47,0
3,0,0.0,0.0,0.0,71,65,2,0,0,5,3,0,0,0,0.0,0,2,1,90,60,0
25,0,0.0,0.0,0.0,185,145,2,0,7,2,8,10,10,0,0.0,0,3,2,82,68,1
16,0,0.0,0.0,0.0,185,61,8,0,5,2,10,6,10,0,0.0,0,11,3,223,88,0
18,0,0.0,0.0,0.0,185,58,13,0,5,2,4,7,10,0,0.0,0,15,4,243,64,0
7,0,0.0,0.0,0.0,185,185,1,0,1,4,3,2,0,0,0.0,0,1,1,32,32,0
6,0,0.0,0.0,0.0,150,141,5,0,4,1,4,0,6,0,0.0,0,6,4,103,47,0
7,0,0.0,0.0,0.0,185,101,7,0,1,3,2,1,0,0,0.0,0,11,4,123,54,0
30,0,0.0,0.0,0.0,138,96,1,0,2,4,11,5,0,0,0.0,0,6,3,109,97,0
29,0,0.0,0.0,0.0,185,139,5,0,8,1,5,6,0,0,0.0,0,6,4,90,66,0
11,0,0.0,0.0,0.0,143,65,4,0,6,1,2,0,1,0,0.0,0,5,2,181,102,0
9,0,0.0,0.0,0.0,145,65,12,0,7,1,14,0,21,0,0.0,0,13,3,491,224,0
11,0,0.0,0.0,0.0,100,100,1,0,4,1,6,7,0,0,0.0,0,1,1,50,50,0
13,0,0.0,0.0,0.0,185,143,2,0,3,1,3,2,1,0,0.0,0,3,3,45,43,0
1,0,0.0,0.0,0.0,145,65,6,0,0,1,1,0,0,0,0.0,0,6,3,110,64,0
28,0,0.0,0.0,0.0,185,71,7,0,6,2,7,16,0,0,0.0,0,8,3,122,72,0
12,0,0.0,0.0,0.0,185,141,7,0,3,2,4,4,3,0,0.0,0,9,4,89,44,0
21,0,0.0,0.0,0.0,185,71,9,0,5,2,4,11,0,0,0.0,0,9,4,125,61,0
52,0,0.0,0.0,0.0,65,65,1,0,16,5,3,14,16,0,0.0,0,1,1,192,192,0
12,0,0.0,0.0,0.0,185,97,4,0,10,1,4,0,45,0,0.0,0,4,2,64,53,0
48,0,0.0,0.0,0.0,185,70,15,0,12,2,10,13,28,0,0.0,0,15,3,217,68,0
12,0,0.0,0.0,0.0,98,98,1,0,0,1,2,0,0,0,0.0,0,1,1,47,47,0
6,0,0.0,0.0,0.0,108,108,1,0,4,1,4,0,6,0,0.0,0,1,1,35,35,0
4,0,0.0,0.0,0.0,70,70,2,0,0,1,0,0,0,0,0.0,0,2,1,68,50,0
17,0,0.0,0.0,0.0,71,71,1,0,4,3,8,2,1,0,0.0,0,1,1,62,62,0
5,0,0.0,0.0,0.0,185,108,3,0,3,1,2,0,3,0,0.0,0,3,2,46,36,0
15,0,0.0,0.0,0.0,101,59,3,0,1,2,4,3,0,0,0.0,0,3,1,63,58,0
5,0,0.0,0.0,0.0,125,125,3,0,1,2,3,1,0,0,0.0,0,3,1,70,35,0
27,0,0.0,0.0,0.0,72,72,1,0,8,4,3,9,15,0,0.0,0,1,1,60,60,0
81,0,0.0,0.0,0.0,111,37,12,0,21,1,13,16,151,0,0.0,0,13,1,355,156,0
46,0,0.0,0.0,0.0,185,108,5,0,13,2,17,28,10,0,0.0,0,6,2,173,94,0
27,0,0.0,0.0,0.0,145,65,8,0,6,1,5,2,0,0,0.0,0,9,2,358,136,0
30,0,0.0,0.0,0.0,150,71,6,0,7,1,7,14,10,0,0.0,0,7,2,89,41,0
15,0,0.0,0.0,0.0,185,145,2,0,4,2,6,7,6,0,0.0,0,3,2,64,52,0
9,0,0.0,0.0,0.0,185,185,1,0,2,2,2,0,1,0,0.0,0,1,1,39,39,0
1,0,0.0,0.0,0.0,141,75,3,0,0,1,0,0,0,0,0.0,0,4,3,56,25,0
58,0,0.0,0.0,0.0,144,65,9,0,10,2,10,14,6,0,0.0,0,10,3,537,232,0
6,0,0.0,0.0,0.0,185,185,1,0,1,4,2,0,0,0,0.0,0,1,1,33,33,0
31,0,0.0,0.0,0.0,185,71,3,0,5,2,12,22,3,0,0.0,0,4,2,112,59,0
48,0,0.0,0.0,0.0,185,108,5,0,11,2,15,28,10,0,0.0,0,6,2,211,102,0
36,0,0.0,0.0,0.0,185,145,2,0,9,2,10,15,15,0,0.0,0,3,2,98,86,0
9,0,0.0,0.0,0.0,185,145,3,0,2,4,0,0,1,0,0.0,0,3,3,36,32,0
9,0,0.0,0.0,0.0,104,95,3,0,2,3,0,0,1,0,0.0,0,3,2,59,31,0
20,0,0.0,0.0,0.0,185,108,5,0,5,3,6,2,2,0,0.0,0,6,3,114,69,0
27,0,0.0,0.0,0.0,185,126,5,0,1,4,9,6,0,0,0.0,0,9,4,97,70,0
13,0,0.0,0.0,0.0,145,65,7,0,4,3,4,1,0,0,0.0,0,8,2,254,92,0
15,0,0.0,0.0,0.0,58,58,1,0,3,1,4,2,3,0,0.0,0,1,1,46,46,0
8,0,0.0,0.0,0.0,107,101,3,0,2,1,2,0,1,0,0.0,0,3,1,170,66,0
9,0,0.0,0.0,0.0,185,145,2,0,7,1,3,0,21,0,0.0,0,2,2,42,41,0
16,0,0.0,0.0,0.0,70,70,1,0,2,3,7,1,1,0,0.0,0,1,1,51,51,0
22,0,0.0,0.0,0.0,185,102,5,0,5,1,8,8,0,0,0.0,0,6,2,127,77,0
7,0,0.0,0.0,0.0,185,71,3,0,5,1,3,0,10,0,0.0,0,3,2,53,36,0
91,0,0.0,0.0,0.0,108,108,1,0,19,1,9,31,21,0,0.0,0,1,1,187,187,0
6,0,0.0,0.0,0.0,150,145,1,0,1,2,2,1,0,0,0.0,0,2,2,36,34,0
83,0,0.0,0.0,0.0,150,71,13,0,5,3,8,3,6,0,0.0,0,16,5,378,154,0
4,0,0.0,0.0,0.0,105,96,2,0,0,1,1,0,0,0,0.0,0,2,2,51,39,0
28,0,0.0,0.0,0.0,45,45,1,0,7,1,1,3,15,0,0.0,0,1,1,79,79,0
11,0,0.0,0.0,0.0,185,96,3,0,5,3,5,9,0,0,0.0,0,5,4,143,82,0
19,0,0.0,0.0,0.0,70,65,4,0,4,2,2,2,4,0,0.0,0,4,1,63,25,0
8,0,0.0,0.0,0.0,82,82,0,0,2,2,0,0,1,0,0.0,0,1,1,36,36,0
33,0,0.0,0.0,0.0,185,97,5,0,10,2,9,16,21,0,0.0,0,6,2,108,85,0
38,0,0.0,0.0,0.0,185,145,3,0,12,2,8,16,28,0,0.0,0,4,2,118,100,0
45,0,0.0,0.0,0.0,150,71,7,0,11,2,8,10,0,0,0.0,0,9,5,167,96,0
5,0,0.0,0.0,0.0,22,22,1,0,3,2,2,0,3,0,0.0,0,1,1,31,31,0
6,0,0.0,0.0,0.0,155,144,3,0,4,1,4,0,6,0,0.0,0,3,3,84,78,0
99,0,0.0,0.0,0.0,71,71,2,0,2,4,9,2,1,0,0.0,0,2,2,188,186,0
11,0,0.0,0.0,0.0,95,27,6,0,9,1,5,0,36,0,0.0,0,6,2,266,90,0
42,0,0.0,0.0,0.0,107,107,1,0,10,1,10,16,0,0,0.0,0,1,1,94,94,0
36,0,0.0,0.0,0.0,101,101,1,0,14,1,4,21,6,0,0.0,0,1,1,70,70,0
3,0,0.0,0.0,0.0,101,101,2,0,0,3,1,0,0,0,0.0,0,2,1,41,33,0
16,0,0.0,0.0,0.0,137,125,1,0,3,2,2,2,0,0,0.0,0,4,3,73,44,0
11,0,0.0,0.0,0.0,185,70,7,0,9,1,8,0,36,0,0.0,0,7,3,63,45,0
7,0,0.0,0.0,0.0,108,37,2,0,4,2,4,0,6,0,0.0,0,2,1,58,47,0
17,0,0.0,0.0,0.0,137,137,1,0,5,2,8,4,10,0,0.0,0,1,1,59,59,0
48,0,0.0,0.0,0.0,185,108,6,0,11,2,15,28,10,0,0.0,0,7,2,213,101,0
12,0,0.0,0.0,0.0,108,108,1,0,3,2,3,0,3,0,0.0,0,1,1,33,33,0
9,0,0.0,0.0,0.0,71,17,3,0,7,3,5,0,21,0,0.0,0,3,2,52,45,0
56,0,0.0,0.0,0.0,185,110,7,0,14,2,3,25,0,0,0.0,0,7,3,172,92,0
14,0,0.0,0.0,0.0,58,58,1,0,3,2,4,0,1,0,0.0,0,1,1,48,48,0
9,0,0.0,0.0,0.0,145,141,2,0,2,4,0,0,1,0,0.0,0,2,2,52,43,0
8,0,0.0,0.0,0.0,105,96,2,0,6,2,2,0,15,0,0.0,0,2,2,37,31,0
7,0,0.0,0.0,0.0,185,145,2,0,5,1,2,0,10,0,0.0,0,2,2,37,36,0
59,0,0.0,0.0,0.0,145,65,15,0,19,2,14,20,0,0,0.0,0,18,4,677,250,0
1,0,0.0,0.0,0.0,103,103,1,0,0,1,0,0,0,0,0.0,0,1,1,29,29,0
45,0,0.0,0.0,0.0,185,56,4,0,11,2,16,21,10,0,0.0,0,5,2,176,75,0
22,0,0.0,0.0,0.0,145,65,5,0,6,3,8,1,8,0,0.0,0,6,2,211,138,0
6,0,0.0,0.0,0.0,101,101,1,0,1,2,1,1,0,0,0.0,0,1,1,32,32,0
8,0,0.0,0.0,0.0,185,145,2,0,6,1,3,0,15,0,0.0,0,2,2,40,39,0
5,0,0.0,0.0,0.0,70,70,2,0,3,1,1,1,0,0,0.0,0,2,1,28,18,0
24,0,0.0,0.0,0.0,185,71,8,0,5,2,4,12,0,0,0.0,0,8,3,185,75,0
26,0,0.0,0.0,0.0,144,137,2,0,3,1,3,4,3,0,0.0,0,3,2,83,55,0
3,0,0.0,0.0,0.0,125,24,3,0,1,1,1,0,0,0,0.0,0,3,2,62,29,0
38,0,0.0,0.0,0.0,146,72,7,0,7,2,13,14,0,0,0.0,0,8,4,183,77,1
7,0,0.0,0.0,0.0,185,108,3,0,5,1,4,0,10,0,0.0,0,4,2,50,38,0
46,0,0.0,0.0,0.0,185,73,5,0,16,2,10,18,55,0,0.0,0,8,3,141,99,0
10,0,0.0,0.0,0.0,119,119,1,0,5,2,5,8,0,0,0.0,0,1,1,67,67,0
8,0,0.0,0.0,0.0,71,65,2,0,2,3,2,0,1,0,0.0,0,2,1,102,68,0
11,0,0.0,0.0,0.0,155,48,11,0,9,1,3,0,36,0,0.0,0,12,5,168,103,0
6,0,0.0,0.0,0.0,45,45,1,0,4,1,2,0,6,0,0.0,0,1,1,65,65,0
12,0,0.0,0.0,0.0,137,137,0,0,3,2,2,0,3,0,0.0,0,1,1,45,45,0
25,0,0.0,0.0,0.0,185,108,3,0,7,2,8,10,10,0,0.0,0,4,2,97,69,0
34,0,0.0,0.0,0.0,145,65,12,0,8,4,7,4,9,0,0.0,0,15,4,584,172,0
128,0,0.0,0.0,0.0,71,22,3,0,2,4,10,2,1,0,0.0,0,3,3,234,228,0
11,0,0.0,0.0,0.0,145,65,9,0,3,1,1,0,0,0,0.0,0,9,3,236,144,0
9,0,0.0,0.0,0.0,185,97,3,0,7,1,3,0,21,0,0.0,0,3,2,44,40,0
4,0,0.0,0.0,0.0,155,104,2,0,1,2,2,0,0,0,0.0,0,2,1,35,28,0
3,0,0.0,0.0,0.0,95,65,2,0,0,3,3,0,0,0,0.0,0,2,1,62,60,0
18,0,0.0,0.0,0.0,185,108,3,0,5,2,7,6,3,0,0.0,0,4,2,93,66,0
14,0,0.0,0.0,0.0,185,143,2,0,5,1,3,4,4,0,0.0,0,3,3,54,50,0
10,0,0.0,0.0,0.0,185,145,2,0,8,1,3,0,28,0,0.0,0,3,2,44,41,1
6,0,0.0,0.0,0.0,195,195,1,0,4,1,1,0,6,0,0.0,0,1,1,32,32,0
3,0,0.0,0.0,0.0,106,75,2,0,0,3,3,0,0,0,0.0,0,2,1,62,60,0
14,0,0.0,0.0,0.0,80,80,1,0,3,2,5,6,1,0,0.0,0,1,1,50,50,0
18,0,0.0,0.0,0.0,129,39,6,0,4,2,4,12,1,0,0.0,0,7,2,111,48,0
8,0,0.0,0.0,0.0,165,62,3,0,1,2,7,8,0,0,0.0,0,4,1,60,37,0
20,0,0.0,0.0,0.0,195,118,4,0,5,3,6,2,2,0,0.0,0,5,3,93,59,0
7,0,0.0,0.0,0.0,81,81,1,0,5,1,5,0,10,0,0.0,0,1,1,81,81,0
16,0,0.0,0.0,0.0,0,0,0,0,4,1,1,1,0,0,0.0,0,0,0,0,0,0
37,0,0.0,0.0,0.0,75,75,1,0,10,1,5,7,8,0,0.0,0,1,1,42,42,0
25,0,0.0,0.0,0.0,69,69,1,0,6,2,9,11,6,0,0.0,0,1,1,70,70,0
16,0,0.0,0.0,0.0,195,114,6,0,3,2,7,5,3,0,0.0,0,7,4,79,45,0
67,0,0.0,0.0,0.0,195,71,7,0,6,4,7,8,6,0,0.0,0,12,6,181,94,1
17,0,0.0,0.0,0.0,148,147,1,0,4,2,10,1,0,0,0.0,0,2,2,80,62,0
32,0,0.0,0.0,0.0,75,72,2,0,6,2,8,6,4,0,0.0,0,2,1,86,84,0
15,0,0.0,0.0,0.0,165,154,5,0,5,1,9,4,8,0,0.0,0,5,4,73,63,0
11,0,0.0,0.0,0.0,165,13,6,0,1,2,7,3,0,0,0.0,0,7,2,103,42,0
17,0,0.0,0.0,0.0,129,115,2,0,4,3,8,5,3,0,0.0,0,2,1,66,62,0
15,0,0.0,0.0,0.0,195,82,5,0,4,2,2,1,6,0,0.0,0,5,3,56,33,0
4,0,0.0,0.0,0.0,195,151,2,0,2,1,0,0,1,0,0.0,0,3,2,44,31,0
18,0,0.0,0.0,0.0,68,68,1,0,5,2,4,7,10,0,0.0,0,1,1,51,51,0
40,0,0.0,0.0,0.0,75,58,4,0,10,1,8,6,26,0,0.0,0,4,2,141,86,0
14,0,0.0,0.0,0.0,114,114,1,0,1,2,2,1,0,0,0.0,0,1,1,47,47,0
9,0,0.0,0.0,0.0,195,156,2,0,2,4,0,0,1,0,0.0,0,2,2,34,32,0
17,0,0.0,0.0,0.0,165,155,2,0,5,3,6,2,1,0,0.0,0,3,2,59,56,0
9,0,0.0,0.0,0.0,150,150,1,0,2,1,3,3,1,0,0.0,0,1,1,44,44,0
3,0,0.0,0.0,0.0,112,112,1,0,0,2,1,0,0,0,0.0,0,1,1,27,27,0
27,0,0.0,0.0,0.0,195,81,5,0,5,2,5,12,0,0,0.0,0,5,3,101,71,0
8,0,0.0,0.0,0.0,195,129,6,0,1,4,3,5,0,0,0.0,0,6,3,74,41,0
27,0,0.0,0.0,0.0,80,80,1,0,6,1,6,9,0,0,0.0,0,1,1,69,69,0
52,0,0.0,0.0,0.0,85,75,2,0,15,4,3,10,48,0,0.0,0,2,1,198,194,0
11,0,0.0,0.0,0.0,168,81,5,0,3,2,4,7,0,0,0.0,0,5,3,70,48,0
12,0,0.0,0.0,0.0,55,55,1,0,4,1,3,0,6,0,0.0,0,1,1,50,50,0
40,0,0.0,0.0,0.0,156,150,3,0,11,1,10,10,0,0,0.0,0,3,3,110,59,0
18,0,0.0,0.0,0.0,155,75,4,0,5,3,5,1,4,0,0.0,0,5,2,169,110,0
13,0,0.0,0.0,0.0,195,118,5,0,3,2,4,1,1,0,0.0,0,5,3,54,39,0
19,0,0.0,0.0,0.0,177,156,4,0,3,2,4,4,3,0,0.0,0,4,2,147,68,0
9,0,0.0,0.0,0.0,195,121,4,0,2,1,5,3,1,0,0.0,0,4,2,50,31,0
25,0,0.0,0.0,0.0,112,72,2,0,5,2,7,15,0,0,0.0,0,2,1,80,75,0
7,0,0.0,0.0,0.0,195,155,2,0,5,1,2,0,10,0,0.0,0,2,2,37,36,0
5,0,0.0,0.0,0.0,117,117,1,0,3,1,4,0,3,0,0.0,0,1,1,58,58,0
4,0,0.0,0.0,0.0,106,106,1,0,0,1,1,0,0,0,0.0,0,1,1,39,39,0
25,0,0.0,0.0,0.0,195,118,3,0,7,2,8,10,10,0,0.0,0,4,2,101,69,0
1,0,0.0,0.0,0.0,34,34,1,0,0,1,1,0,0,0,0.0,0,1,1,29,29,0
26,0,0.0,0.0,0.0,195,121,3,0,8,2,7,12,10,0,0.0,0,4,2,94,68,0
23,0,0.0,0.0,0.0,195,69,6,0,3,1,4,16,1,0,0.0,0,7,4,82,59,0
10,0,0.0,0.0,0.0,81,80,2,0,7,2,6,0,21,0,0.0,0,2,2,48,46,0
25,0,0.0,0.0,0.0,151,106,2,0,7,2,9,4,2,0,0.0,0,2,2,63,54,0
6,0,0.0,0.0,0.0,69,69,1,0,4,1,2,0,6,0,0.0,0,1,1,35,35,0
25,0,0.0,0.0,0.0,195,81,5,0,5,2,5,15,0,0,0.0,0,5,3,87,63,0
4,0,0.0,0.0,0.0,80,80,2,0,0,1,0,0,0,0,0.0,0,2,1,53,35,0
18,0,0.0,0.0,0.0,155,75,4,0,5,3,5,1,4,0,0.0,0,5,2,169,110,0
18,0,0.0,0.0,0.0,146,142,2,0,6,1,0,5,1,0,0.0,0,2,1,67,61,0
23,0,0.0,0.0,0.0,82,82,1,0,7,5,7,6,1,0,0.0,0,1,1,68,68,0
24,0,0.0,0.0,0.0,80,48,3,0,7,1,1,2,1,0,0.0,0,3,2,52,31,0
21,0,0.0,0.0,0.0,152,106,5,0,6,1,7,6,0,0,0.0,0,5,3,89,63,1
12,0,0.0,0.0,0.0,195,168,2,0,3,1,4,1,0,0,0.0,0,3,1,57,39,0
7,0,0.0,0.0,0.0,195,118,3,0,5,1,4,0,10,0,0.0,0,3,2,43,38,0
9,0,0.0,0.0,0.0,195,105,2,0,1,4,5,5,0,0,0.0,0,3,1,48,41,0
9,0,0.0,0.0,0.0,154,154,1,0,2,4,0,0,1,0,0.0,0,1,1,35,35,0
9,0,0.0,0.0,0.0,153,64,3,0,2,2,3,0,1,0,0.0,0,4,1,242,138,0
3,0,0.0,0.0,0.0,106,106,1,0,0,3,1,0,0,0,0.0,0,1,1,25,25,0
1,0,0.0,0.0,0.0,155,75,6,0,0,1,1,0,0,0,0.0,0,8,3,131,78,0
3,0,0.0,0.0,0.0,106,106,1,0,0,3,3,0,0,0,0.0,0,1,1,2,2,0
32,0,0.0,0.0,0.0,156,75,18,0,7,2,13,12,0,0,0.0,0,21,4,710,182,0
4,0,0.0,0.0,0.0,195,155,2,0,2,1,2,0,1,0,0.0,0,2,2,49,47,0
1,0,0.0,0.0,0.0,155,75,3,0,0,1,1,0,0,0,0.0,0,3,2,96,64,0
14,0,0.0,0.0,0.0,114,114,1,0,3,2,5,4,1,0,0.0,0,1,1,54,54,0
4,0,0.0,0.0,0.0,105,72,3,0,2,1,3,0,1,0,0.0,0,3,2,51,43,0
12,0,0.0,0.0,0.0,195,195,1,0,4,2,5,7,6,0,0.0,0,1,1,48,48,0
3,0,0.0,0.0,0.0,195,195,1,0,1,1,1,0,0,0,0.0,0,1,1,27,27,0
12,0,0.0,0.0,0.0,159,65,3,0,3,5,8,4,0,0,0.0,0,5,4,73,54,0
4,0,0.0,0.0,0.0,108,82,2,0,2,1,2,0,1,0,0.0,0,2,2,37,33,0
3,0,0.0,0.0,0.0,147,147,1,0,1,1,2,0,0,0,0.0,0,1,1,36,36,0
31,0,0.0,0.0,0.0,114,25,5,0,7,5,15,19,1,0,0.0,0,5,3,89,70,0
3,0,0.0,0.0,0.0,106,75,2,0,0,3,3,0,0,0,0.0,0,2,1,62,60,0
11,0,0.0,0.0,0.0,195,113,4,0,2,4,0,0,0,0,0.0,0,5,2,60,51,0
1,0,0.0,0.0,0.0,155,75,9,0,0,1,1,0,0,0,0.0,0,11,4,121,62,0
3,0,0.0,0.0,0.0,106,75,2,0,0,3,3,0,0,0,0.0,0,2,1,62,60,0
17,0,0.0,0.0,0.0,195,80,13,0,1,1,10,7,0,0,0.0,0,14,4,366,108,0
17,0,0.0,0.0,0.0,74,72,1,0,3,1,5,5,1,0,0.0,0,2,2,59,52,0
6,0,0.0,0.0,0.0,195,115,2,0,1,2,1,0,0,0,0.0,0,2,1,32,30,0
10,0,0.0,0.0,0.0,0,0,0,0,2,1,4,3,1,0,0.0,0,0,0,0,0,0
24,0,0.0,0.0,0.0,69,69,1,0,6,2,8,14,0,0,0.0,0,1,1,73,73,0
20,0,0.0,0.0,0.0,195,107,3,0,4,1,6,0,1,0,0.0,0,5,2,114,66,0
6,0,0.0,0.0,0.0,121,121,1,0,1,4,0,0,0,0,0.0,0,1,1,28,28,0
35,0,0.0,0.0,0.0,195,129,5,0,7,2,11,12,10,0,0.0,0,6,3,117,93,0
14,0,0.0,0.0,0.0,195,112,3,0,3,4,0,1,1,0,0.0,0,3,2,52,40,0
5,0,0.0,0.0,0.0,156,150,3,0,3,1,0,0,3,0,0.0,0,3,3,30,24,0
51,0,0.0,0.0,0.0,195,63,15,0,14,2,14,25,21,0,0.0,0,15,4,216,66,0
8,0,0.0,0.0,0.0,69,69,1,0,6,1,14,0,15,0,0.0,0,1,1,110,110,0
5,0,0.0,0.0,0.0,155,75,5,0,0,1,1,0,0,0,0.0,0,5,2,135,86,0
9,0,0.0,0.0,0.0,114,66,5,0,7,1,17,0,21,0,0.0,0,6,2,184,66,0
21,0,0.0,0.0,0.0,80,80,2,0,6,1,1,2,1,0,0.0,0,2,1,49,31,0
16,0,0.0,0.0,0.0,195,155,5,0,4,2,7,4,1,0,0.0,0,5,3,75,48,0
4,0,0.0,0.0,0.0,67,67,1,0,0,1,0,0,0,0,0.0,0,1,1,58,58,0
21,0,0.0,0.0,0.0,155,69,14,0,5,2,9,12,0,0,0.0,0,16,4,602,170,0
21,0,0.0,0.0,0.0,155,69,13,0,5,2,8,13,0,0,0.0,0,13,3,195,91,0
12,3,-3.0,0.0,7.0,80,3,2,1,2,2,5,1,1,7,0.0,0,2,2,49,46,0
6,0,0.0,0.0,0.0,195,155,2,0,4,1,2,0,6,0,0.0,0,2,2,35,34,0
14,0,0.0,0.0,0.0,148,118,2,0,2,2,6,5,0,0,0.0,0,3,2,47,34,0
14,0,0.0,0.0,0.0,69,62,1,0,2,2,6,5,0,0,0.0,0,2,1,73,65,0
14,0,0.0,0.0,0.0,82,82,1,0,3,3,5,2,0,0,0.0,0,1,1,56,56,0
17,0,0.0,0.0,0.0,74,74,0,0,5,1,1,3,1,0,0.0,0,1,1,51,51,0
41,0,0.0,0.0,0.0,195,65,18,0,2,4,16,6,0,0,0.0,0,22,7,213,102,0
11,0,0.0,0.0,0.0,108,27,3,0,0,1,0,1,0,0,0.0,0,3,1,22,16,0
4,0,0.0,0.0,0.0,117,117,1,0,2,1,1,0,1,0,0.0,0,1,1,33,33,0
15,0,0.0,0.0,0.0,155,75,12,0,3,3,8,4,0,0,0.0,0,14,3,278,116,0
13,0,0.0,0.0,0.0,130,130,1,0,2,4,3,3,0,0,0.0,0,1,1,37,37,0
21,0,0.0,0.0,0.0,105,37,8,0,4,1,18,1,4,0,0.0,0,8,2,205,77,0
7,0,0.0,0.0,0.0,195,121,3,0,5,1,3,0,10,0,0.0,0,3,2,44,37,0
38,0,0.0,0.0,0.0,165,76,3,0,19,2,7,7,64,0,0.0,0,4,3,104,89,0
15,0,0.0,0.0,0.0,0,0,0,0,3,2,7,0,1,0,0.0,0,0,0,0,0,0
36,0,0.0,0.0,0.0,115,115,1,0,11,2,5,7,55,0,0.0,0,1,1,101,101,0
17,0,0.0,0.0,0.0,0,0,0,0,5,1,1,2,0,0,0.0,0,0,0,0,0,0
38,0,0.0,0.0,0.0,168,34,4,0,9,2,7,18,0,0,0.0,0,4,2,146,109,0
14,0,0.0,0.0,0.0,108,108,2,0,4,1,1,4,0,0,0.0,0,2,1,47,41,0
19,15,-15.0,0.0,3.0,151,9,5,1,17,1,11,0,136,3,0.0,0,5,2,259,199,0
20,0,0.0,0.0,0.0,115,115,1,0,4,1,2,0,0,0,0.0,0,1,1,55,55,0
4,0,0.0,0.0,0.0,168,156,3,0,2,1,3,0,1,0,0.0,0,3,3,90,30,0
9,0,0.0,0.0,0.0,156,75,7,0,2,2,6,3,0,0,0.0,0,7,3,259,90,0
16,0,0.0,0.0,0.0,195,25,4,0,4,5,8,6,1,0,0.0,0,8,4,89,62,0
12,9,-3.0,3.0,7.0,80,3,2,1,5,1,8,9,0,7,0.0,0,2,2,76,67,0
4,0,0.0,0.0,0.0,160,151,3,0,2,1,1,0,1,0,0.0,0,4,3,55,31,0
24,0,0.0,0.0,0.0,154,154,0,0,4,2,5,0,6,0,0.0,0,1,1,59,59,0
3,0,0.0,0.0,0.0,106,75,2,0,0,3,3,0,0,0,0.0,0,2,1,64,60,0
5,0,0.0,0.0,0.0,195,118,2,0,2,3,2,0,1,0,0.0,0,2,1,32,28,0
10,0,0.0,0.0,0.0,195,105,4,0,8,1,6,0,28,0,0.0,0,4,2,62,44,0
3,0,0.0,0.0,0.0,105,75,2,0,0,3,3,0,0,0,0.0,0,2,2,90,60,0
5,0,0.0,0.0,0.0,165,114,3,0,1,2,2,1,0,0,0.0,0,3,1,41,31,0
32,0,0.0,0.0,0.0,167,88,6,0,3,4,11,5,1,0,0.0,0,9,5,132,84,0
11,0,0.0,0.0,0.0,168,37,11,0,9,1,7,0,36,0,0.0,0,11,5,553,99,0
13,0,0.0,0.0,0.0,168,135,4,0,5,2,5,2,1,0,0.0,0,4,1,57,53,0
13,0,0.0,0.0,0.0,75,75,1,0,4,2,1,0,0,0,0.0,0,1,1,84,84,0
24,0,0.0,0.0,0.0,69,13,2,0,2,2,10,13,0,0,0.0,0,3,1,80,47,0
43,0,0.0,0.0,0.0,114,68,10,0,10,2,10,18,0,0,0.0,0,10,2,147,75,0
7,0,0.0,0.0,0.0,148,148,1,0,1,2,3,1,0,0,0.0,0,1,1,34,34,0
14,0,0.0,0.0,0.0,195,155,4,0,3,2,6,6,1,0,0.0,0,5,3,72,56,0
12,0,0.0,0.0,0.0,160,154,2,0,3,2,4,1,3,0,0.0,0,3,2,45,43,0
3,0,0.0,0.0,0.0,106,75,2,0,0,3,3,0,0,0,0.0,0,2,1,62,60,0
10,0,0.0,0.0,0.0,155,75,6,0,2,3,3,0,0,0,0.0,0,6,2,131,78,0
10,0,0.0,0.0,0.0,195,80,8,0,7,2,10,9,0,0,0.0,0,9,4,248,115,0
61,2,0.0,1.0,14.0,82,5,2,1,5,3,21,18,0,14,0.0,0,2,2,161,159,0
8,0,0.0,0.0,0.0,168,113,5,0,4,1,3,0,6,0,0.0,0,6,2,110,62,0
13,0,0.0,0.0,0.0,155,75,8,0,3,1,1,0,0,0,0.0,0,10,3,193,108,0
3,0,0.0,0.0,0.0,156,156,1,0,1,1,1,0,0,0,0.0,0,2,2,30,26,0
8,0,0.0,0.0,0.0,80,80,1,0,1,1,6,2,0,0,0.0,0,1,1,45,45,0
39,0,0.0,0.0,0.0,112,88,5,0,2,4,10,8,0,0,0.0,0,5,2,109,87,0
38,0,0.0,0.0,0.0,195,151,5,0,9,2,10,16,4,0,0.0,0,6,3,115,88,0
10,0,0.0,0.0,0.0,155,75,5,0,2,3,3,0,0,0,0.0,0,5,2,132,80,0
17,0,0.0,0.0,0.0,195,155,3,0,4,3,8,2,1,0,0.0,0,4,3,66,55,0
9,0,0.0,0.0,0.0,155,75,11,0,7,1,17,0,21,0,0.0,0,13,3,547,256,0
7,0,0.0,0.0,0.0,195,118,3,0,5,1,4,0,10,0,0.0,0,4,2,44,38,0
4,0,0.0,0.0,0.0,108,108,1,0,2,1,2,0,1,0,0.0,0,1,1,29,29,0
17,0,0.0,0.0,0.0,165,155,3,0,5,3,6,2,1,0,0.0,0,4,2,59,56,0
1,0,0.0,0.0,0.0,155,75,5,0,0,1,1,0,0,0,0.0,0,7,3,109,62,0
6,0,0.0,0.0,0.0,195,155,2,0,4,1,2,0,6,0,0.0,0,2,2,35,34,0
17,0,0.0,0.0,0.0,195,148,1,0,4,3,5,6,0,0,0.0,0,2,1,77,64,0
9,0,0.0,0.0,0.0,195,151,4,0,2,4,0,0,1,0,0.0,0,4,3,59,42,0
3,0,0.0,0.0,0.0,37,37,1,0,0,4,0,0,0,0,0.0,0,1,1,29,29,0
4,0,0.0,0.0,0.0,165,114,2,0,1,2,2,0,0,0,0.0,0,2,1,35,28,0
3,0,0.0,0.0,0.0,106,75,2,0,0,3,3,0,0,0,0.0,0,2,1,62,60,0
11,0,0.0,0.0,0.0,115,115,1,0,4,1,0,0,1,0,0.0,0,1,1,45,45,0
9,0,0.0,0.0,0.0,195,156,2,0,2,4,0,0,1,0,0.0,0,2,2,34,32,0
21,0,0.0,0.0,0.0,195,83,7,0,7,2,4,6,1,0,0.0,0,8,4,94,54,0
7,0,0.0,0.0,0.0,155,75,8,0,5,1,14,0,10,0,0.0,0,10,4,362,196,0
13,0,0.0,0.0,0.0,195,118,3,0,3,1,6,3,1,0,0.0,0,4,2,207,119,0
4,0,0.0,0.0,0.0,155,75,4,0,2,1,5,0,1,0,0.0,0,4,2,178,108,0
7,0,0.0,0.0,0.0,195,155,2,0,5,1,4,0,10,0,0.0,0,2,2,39,38,0
17,0,0.0,0.0,0.0,195,155,3,0,4,3,8,2,1,0,0.0,0,4,3,66,55,0
22,0,0.0,0.0,0.0,118,118,1,0,3,3,5,3,3,0,0.0,0,1,1,58,58,0
6,0,0.0,0.0,0.0,168,83,3,0,2,1,4,0,1,0,0.0,0,4,4,41,37,0
13,0,0.0,0.0,0.0,75,75,1,0,4,2,1,0,0,0,0.0,0,1,1,78,78,0
26,0,0.0,0.0,0.0,108,108,1,0,8,1,1,3,17,0,0.0,0,1,1,69,69,0
15,0,0.0,0.0,0.0,139,82,1,0,1,2,6,0,0,0,0.0,0,7,3,147,52,0
12,0,0.0,0.0,0.0,195,87,7,0,3,2,4,3,1,0,0.0,0,7,4,75,43,0
28,0,0.0,0.0,0.0,63,63,1,0,7,2,5,10,0,0,0.0,0,1,1,59,59,0
46,0,0.0,0.0,0.0,88,81,4,0,9,2,7,10,4,0,0.0,0,4,2,191,115,0
6,0,0.0,0.0,0.0,81,81,1,0,4,1,5,0,6,0,0.0,0,1,1,40,40,0
6,0,0.0,0.0,0.0,108,82,2,0,4,1,2,0,6,0,0.0,0,2,2,18,14,0
9,0,0.0,0.0,0.0,160,115,6,0,2,2,4,4,1,0,0.0,0,6,2,95,53,0
7,0,0.0,0.0,0.0,195,155,2,0,5,1,2,0,10,0,0.0,0,2,2,37,36,0
16,0,0.0,0.0,0.0,75,75,1,0,5,2,1,0,0,0,0.0,0,1,1,92,92,0
1,0,0.0,0.0,0.0,155,75,5,0,0,1,1,0,0,0,0.0,0,5,2,93,58,0
11,0,0.0,0.0,0.0,129,129,1,0,2,1,8,8,0,0,0.0,0,1,1,52,52,0
5,0,0.0,0.0,0.0,165,165,1,0,1,2,2,0,0,0,0.0,0,1,1,35,35,0
9,0,0.0,0.0,0.0,153,153,0,0,2,3,0,0,1,0,0.0,0,1,1,37,37,0
1,0,0.0,0.0,0.0,65,65,1,0,0,1,0,0,0,0,0.0,0,1,1,27,27,0
1,0,0.0,0.0,0.0,34,34,1,0,0,1,1,0,0,0,0.0,0,1,1,30,30,0
19,0,0.0,0.0,0.0,195,163,3,0,3,2,4,1,3,0,0.0,0,3,2,111,67,0
9,0,0.0,0.0,0.0,195,156,2,0,2,4,0,0,1,0,0.0,0,2,2,34,32,0
15,0,0.0,0.0,0.0,165,165,1,0,4,1,3,1,0,0,0.0,0,1,1,45,45,0
9,0,0.0,0.0,0.0,165,62,3,0,2,2,3,3,0,0,0.0,0,4,1,59,41,0
23,0,0.0,0.0,0.0,118,118,1,0,6,2,9,12,6,0,0.0,0,1,1,71,71,0
14,0,0.0,0.0,0.0,195,154,2,0,3,1,3,2,1,0,0.0,0,2,1,46,40,0
26,0,0.0,0.0,0.0,195,118,3,0,10,2,6,6,16,0,0.0,0,3,2,98,68,0
34,0,0.0,0.0,0.0,151,106,2,0,9,2,9,5,0,0,0.0,0,2,2,78,69,0
17,0,0.0,0.0,0.0,195,155,3,0,4,3,8,2,1,0,0.0,0,4,3,66,55,0
3,0,0.0,0.0,0.0,106,75,2,0,0,3,3,0,0,0,0.0,0,2,1,62,60,0
11,0,0.0,0.0,0.0,114,114,1,0,3,1,0,6,1,0,0.0,0,1,1,47,47,0
3,0,0.0,0.0,0.0,81,75,2,0,0,5,3,0,0,0,0.0,0,2,1,90,60,0
25,0,0.0,0.0,0.0,195,155,2,0,7,2,8,10,10,0,0.0,0,3,2,82,68,1
16,0,0.0,0.0,0.0,195,72,8,0,5,2,10,6,10,0,0.0,0,11,3,223,88,0
18,0,0.0,0.0,0.0,195,68,13,0,5,2,4,7,10,0,0.0,0,15,4,243,64,0
7,0,0.0,0.0,0.0,195,195,1,0,1,4,3,2,0,0,0.0,0,1,1,32,32,0
6,0,0.0,0.0,0.0,160,151,5,0,4,1,4,0,6,0,0.0,0,6,4,103,47,0
7,0,0.0,0.0,0.0,195,111,7,0,1,3,2,1,0,0,0.0,0,11,4,123,54,0
30,0,0.0,0.0,0.0,148,107,1,0,2,4,11,5,0,0,0.0,0,6,3,109,97,0
29,0,0.0,0.0,0.0,195,149,5,0,8,1,5,6,0,0,0.0,0,6,4,90,66,0
11,0,0.0,0.0,0.0,154,75,4,0,6,1,2,0,1,0,0.0,0,5,2,181,102,0
9,0,0.0,0.0,0.0,155,75,12,0,7,1,14,0,21,0,0.0,0,13,3,491,224,0
11,0,0.0,0.0,0.0,110,110,1,0,4,1,6,7,0,0,0.0,0,1,1,50,50,0
13,0,0.0,0.0,0.0,195,154,2,0,3,1,3,2,1,0,0.0,0,3,3,45,43,0
1,0,0.0,0.0,0.0,155,75,6,0,0,1,1,0,0,0,0.0,0,6,3,110,64,0
28,0,0.0,0.0,0.0,195,81,7,0,6,2,7,16,0,0,0.0,0,8,3,122,72,0
12,0,0.0,0.0,0.0,195,151,7,0,3,2,4,4,3,0,0.0,0,9,4,89,44,0
21,0,0.0,0.0,0.0,195,81,9,0,5,2,4,11,0,0,0.0,0,9,4,125,61,0
52,0,0.0,0.0,0.0,75,75,1,0,16,5,3,14,16,0,0.0,0,1,1,192,192,0
12,0,0.0,0.0,0.0,195,108,4,0,10,1,4,0,45,0,0.0,0,4,2,64,53,0
48,0,0.0,0.0,0.0,195,80,15,0,12,2,10,13,28,0,0.0,0,15,3,217,68,0
12,0,0.0,0.0,0.0,108,108,1,0,0,1,2,0,0,0,0.0,0,1,1,47,47,0
6,0,0.0,0.0,0.0,118,118,1,0,4,1,4,0,6,0,0.0,0,1,1,35,35,0
4,0,0.0,0.0,0.0,80,80,2,0,0,1,0,0,0,0,0.0,0,2,1,68,50,0
17,0,0.0,0.0,0.0,81,81,1,0,4,3,8,2,1,0,0.0,0,1,1,62,62,0
5,0,0.0,0.0,0.0,195,118,3,0,3,1,2,0,3,0,0.0,0,3,2,46,36,0
15,0,0.0,0.0,0.0,112,69,3,0,1,2,4,3,0,0,0.0,0,3,1,63,58,0
5,0,0.0,0.0,0.0,135,135,3,0,1,2,3,1,0,0,0.0,0,3,1,70,35,0
27,0,0.0,0.0,0.0,82,82,1,0,8,4,3,9,15,0,0.0,0,1,1,60,60,0
81,0,0.0,0.0,0.0,121,48,12,0,21,1,13,16,151,0,0.0,0,13,1,355,156,0
46,0,0.0,0.0,0.0,195,118,5,0,13,2,17,28,10,0,0.0,0,6,2,173,94,0
27,0,0.0,0.0,0.0,155,75,8,0,6,1,5,2,0,0,0.0,0,9,2,358,136,0
30,0,0.0,0.0,0.0,160,81,6,0,7,1,7,14,10,0,0.0,0,7,2,89,41,0
15,0,0.0,0.0,0.0,195,155,2,0,4,2,6,7,6,0,0.0,0,3,2,64,52,0
9,0,0.0,0.0,0.0,195,195,1,0,2,2,2,0,1,0,0.0,0,1,1,39,39,0
1,0,0.0,0.0,0.0,151,85,3,0,0,1,0,0,0,0,0.0,0,4,3,56,25,0
58,0,0.0,0.0,0.0,154,75,9,0,10,2,10,14,6,0,0.0,0,10,3,537,232,0
6,0,0.0,0.0,0.0,195,195,1,0,1,4,2,0,0,0,0.0,0,1,1,33,33,0
31,0,0.0,0.0,0.0,195,81,3,0,5,2,12,22,3,0,0.0,0,4,2,112,59,0
48,0,0.0,0.0,0.0,195,118,5,0,11,2,15,28,10,0,0.0,0,6,2,211,102,0
36,0,0.0,0.0,0.0,195,155,2,0,9,2,10,15,15,0,0.0,0,3,2,98,86,0
9,0,0.0,0.0,0.0,195,156,3,0,2,4,0,0,1,0,0.0,0,3,3,36,32,0
9,0,0.0,0.0,0.0,114,105,3,0,2,3,0,0,1,0,0.0,0,3,2,59,31,0
20,0,0.0,0.0,0.0,195,118,5,0,5,3,6,2,2,0,0.0,0,6,3,114,69,0
27,0,0.0,0.0,0.0,195,136,5,0,1,4,9,6,0,0,0.0,0,9,4,97,70,0
13,0,0.0,0.0,0.0,155,75,7,0,4,3,4,1,0,0,0.0,0,8,2,254,92,0
15,0,0.0,0.0,0.0,69,69,1,0,3,1,4,2,3,0,0.0,0,1,1,46,46,0
8,0,0.0,0.0,0.0,117,111,3,0,2,1,2,0,1,0,0.0,0,3,1,170,66,0
16,15,1.0,8.0,7.0,80,3,2,1,2,3,7,1,1,7,0.0,0,2,2,66,51,0
22,0,0.0,0.0,0.0,195,112,5,0,5,1,8,8,0,0,0.0,0,6,2,127,77,0
7,0,0.0,0.0,0.0,195,81,3,0,5,1,3,0,10,0,0.0,0,3,2,53,36,0
91,0,0.0,0.0,0.0,118,118,1,0,19,1,9,31,21,0,0.0,0,1,1,187,187,0
6,0,0.0,0.0,0.0,160,155,1,0,1,2,2,1,0,0,0.0,0,2,2,36,34,0
83,0,0.0,0.0,0.0,160,81,13,0,5,3,8,3,6,0,0.0,0,16,5,378,154,0
4,0,0.0,0.0,0.0,115,106,2,0,0,1,1,0,0,0,0.0,0,2,2,51,39,0
28,0,0.0,0.0,0.0,55,55,1,0,7,1,1,3,15,0,0.0,0,1,1,79,79,0
11,0,0.0,0.0,0.0,195,107,3,0,5,3,5,9,0,0,0.0,0,5,4,143,82,0
19,0,0.0,0.0,0.0,80,75,4,0,4,2,2,2,4,0,0.0,0,4,1,63,25,0
8,0,0.0,0.0,0.0,92,92,0,0,2,2,0,0,1,0,0.0,0,1,1,36,36,0
33,0,0.0,0.0,0.0,195,108,5,0,10,2,9,16,21,0,0.0,0,6,2,108,85,0
45,0,0.0,0.0,0.0,160,81,7,0,11,2,8,10,0,0,0.0,0,9,5,167,96,0
5,0,0.0,0.0,0.0,33,33,1,0,3,2,2,0,3,0,0.0,0,1,1,31,31,0
6,0,0.0,0.0,0.0,165,154,3,0,4,1,4,0,6,0,0.0,0,3,3,84,78,0
99,0,0.0,0.0,0.0,82,81,2,0,2,4,9,2,1,0,0.0,0,2,2,188,186,0
11,0,0.0,0.0,0.0,105,37,6,0,9,1,5,0,36,0,0.0,0,6,2,266,90,0
42,0,0.0,0.0,0.0,117,117,1,0,10,1,10,16,0,0,0.0,0,1,1,94,94,0
97,20,2.0,11.0,14.0,195,5,19,1,4,6,18,7,6,14,0.0,0,26,8,462,179,0
36,0,0.0,0.0,0.0,111,111,1,0,14,1,4,21,6,0,0.0,0,1,1,70,70,0
3,0,0.0,0.0,0.0,112,111,2,0,0,3,1,0,0,0,0.0,0,2,1,41,33,0
16,0,0.0,0.0,0.0,147,135,1,0,3,2,2,2,0,0,0.0,0,4,3,73,44,0
11,0,0.0,0.0,0.0,195,80,7,0,9,1,8,0,36,0,0.0,0,7,3,63,45,0
7,0,0.0,0.0,0.0,118,48,2,0,4,2,4,0,6,0,0.0,0,2,1,58,47,0
17,0,0.0,0.0,0.0,148,148,1,0,5,2,8,4,10,0,0.0,0,1,1,59,59,0
48,0,0.0,0.0,0.0,195,118,6,0,11,2,15,28,10,0,0.0,0,7,2,213,101,0
12,0,0.0,0.0,0.0,118,118,1,0,3,2,3,0,3,0,0.0,0,1,1,33,33,0
9,0,0.0,0.0,0.0,81,27,3,0,7,3,5,0,21,0,0.0,0,3,2,52,45,0
56,0,0.0,0.0,0.0,195,121,7,0,14,2,3,25,0,0,0.0,0,7,3,172,92,0
14,0,0.0,0.0,0.0,69,69,1,0,3,2,4,0,1,0,0.0,0,1,1,48,48,0
9,0,0.0,0.0,0.0,155,151,2,0,2,4,0,0,1,0,0.0,0,2,2,52,43,0
8,0,0.0,0.0,0.0,115,106,2,0,6,2,2,0,15,0,0.0,0,2,2,37,31,0
7,0,0.0,0.0,0.0,195,155,2,0,5,1,2,0,10,0,0.0,0,2,2,37,36,0
59,0,0.0,0.0,0.0,155,75,15,0,19,2,14,20,0,0,0.0,0,18,4,677,250,0
1,0,0.0,0.0,0.0,113,113,1,0,0,1,0,0,0,0,0.0,0,1,1,29,29,0
45,0,0.0,0.0,0.0,195,66,4,0,11,2,16,21,10,0,0.0,0,5,2,176,75,0
22,0,0.0,0.0,0.0,155,75,5,0,6,3,8,1,8,0,0.0,0,6,2,211,138,0
6,0,0.0,0.0,0.0,112,112,1,0,1,2,1,1,0,0,0.0,0,1,1,32,32,0
8,0,0.0,0.0,0.0,195,155,2,0,6,1,3,0,15,0,0.0,0,2,2,40,39,0
5,0,0.0,0.0,0.0,80,80,2,0,3,1,1,1,0,0,0.0,0,2,1,28,18,0
24,0,0.0,0.0,0.0,195,81,8,0,5,2,4,12,0,0,0.0,0,8,3,185,75,0
26,0,0.0,0.0,0.0,154,147,2,0,3,1,3,4,3,0,0.0,0,3,2,83,55,0
3,0,0.0,0.0,0.0,135,34,3,0,1,1,1,0,0,0,0.0,0,3,2,62,29,0
38,0,0.0,0.0,0.0,156,83,7,0,7,2,13,14,0,0,0.0,0,8,4,183,77,1
7,0,0.0,0.0,0.0,195,118,3,0,5,1,4,0,10,0,0.0,0,4,2,50,38,0
46,0,0.0,0.0,0.0,195,83,5,0,16,2,10,18,55,0,0.0,0,8,3,141,99,0
10,0,0.0,0.0,0.0,129,129,1,0,5,2,5,8,0,0,0.0,0,1,1,67,67,0
8,0,0.0,0.0,0.0,81,75,2,0,2,3,2,0,1,0,0.0,0,2,1,102,68,0
11,0,0.0,0.0,0.0,165,58,11,0,9,1,3,0,36,0,0.0,0,12,5,168,103,1
6,0,0.0,0.0,0.0,55,55,1,0,4,1,2,0,6,0,0.0,0,1,1,65,65,0
12,0,0.0,0.0,0.0,147,147,0,0,3,2,2,0,3,0,0.0,0,1,1,45,45,0
25,0,0.0,0.0,0.0,195,118,3,0,7,2,8,10,10,0,0.0,0,4,2,97,69,0
34,0,0.0,0.0,0.0,155,75,12,0,8,4,7,4,9,0,0.0,0,15,4,584,172,0
128,0,0.0,0.0,0.0,82,33,3,0,2,4,10,2,1,0,0.0,0,3,3,234,228,0
11,0,0.0,0.0,0.0,155,75,9,0,3,1,1,0,0,0,0.0,0,9,3,236,144,0
9,0,0.0,0.0,0.0,195,108,3,0,7,1,3,0,21,0,0.0,0,3,2,44,40,0
4,0,0.0,0.0,0.0,165,114,2,0,1,2,2,0,0,0,0.0,0,2,1,35,28,0
3,0,0.0,0.0,0.0,106,75,2,0,0,3,3,0,0,0,0.0,0,2,1,62,60,0
18,0,0.0,0.0,0.0,195,118,3,0,5,2,7,6,3,0,0.0,0,4,2,93,66,0
14,0,0.0,0.0,0.0,195,154,2,0,5,1,3,4,4,0,0.0,0,3,3,54,50,0
